Description,AvgMonthlySales,AvgDailySales,SalesStdDev,SafetyStock,LeadTimeDemand,ReorderPoint,AnnualDemand,EOQ
 4 PURPLE FLOCK DINNER CANDLES,11.67,0.389,16.98,19,5.45,24.0,140.04,84.0
 50'S CHRISTMAS GIFT BAG LARGE,377.0,12.566666666666666,394.45,443,175.93,619.0,4524.0,476.0
 DOLLY GIRL BEAKER,399.67,13.322333333333335,359.48,404,186.51,591.0,4796.04,490.0
 I LOVE LONDON MINI BACKPACK,90.0,3.0,63.57,71,42.0,113.0,1080.0,232.0
 I LOVE LONDON MINI RUCKSACK,1.0,0.03333333333333333,,0,0.47,0.0,12.0,24.0
 NINE DRAWER OFFICE TIDY,18.33,0.611,9.5,11,8.55,20.0,219.95999999999998,105.0
 OVAL WALL MIRROR DIAMANTE ,10.08,0.336,8.73,10,4.7,15.0,120.96000000000001,78.0
 RED SPOT GIFT BAG LARGE,340.0,11.333333333333334,292.55,329,158.67,488.0,4080.0,452.0
 SET 2 TEA TOWELS I LOVE LONDON ,375.29,12.509666666666668,319.95,360,175.14,535.0,4503.4800000000005,475.0
 SPACEBOY BABY GIFT SET,45.0,1.5,36.33,41,21.0,62.0,540.0,164.0
 TOADSTOOL BEDSIDE LIGHT ,2.0,0.06666666666666667,,0,0.93,1.0,24.0,35.0
 TRELLIS COAT RACK,54.25,1.8083333333333333,48.5,55,25.32,80.0,651.0,180.0
10 COLOUR SPACEBOY PEN,482.08,16.069333333333333,226.31,254,224.97,479.0,5784.96,538.0
12 COLOURED PARTY BALLOONS,162.31,5.410333333333333,85.89,97,75.74,173.0,1947.72,312.0
12 DAISY PEGS IN WOOD BOX,29.73,0.991,30.88,35,13.87,49.0,356.76,134.0
12 EGG HOUSE PAINTED WOOD,8.54,0.2846666666666666,5.59,6,3.99,10.0,102.47999999999999,72.0
12 HANGING EGGS HAND PAINTED,21.0,0.7,15.56,17,9.8,27.0,252.0,112.0
12 IVORY ROSE PEG PLACE SETTINGS,74.9,2.496666666666667,51.19,58,34.95,93.0,898.8000000000001,212.0
12 MESSAGE CARDS WITH ENVELOPES,125.23,4.174333333333333,53.26,60,58.44,118.0,1502.76,274.0
12 PENCIL SMALL TUBE WOODLAND,333.92,11.130666666666666,355.5,399,155.83,555.0,4007.04,448.0
12 PENCILS SMALL TUBE RED RETROSPOT,640.0,21.333333333333332,430.36,484,298.67,783.0,7680.0,620.0
12 PENCILS SMALL TUBE SKULL,518.0,17.266666666666666,313.4,352,241.73,594.0,6216.0,557.0
12 PENCILS TALL TUBE POSY,346.27,11.542333333333334,447.56,503,161.59,665.0,4155.24,456.0
12 PENCILS TALL TUBE RED RETROSPOT,204.0,6.8,131.05,147,95.2,242.0,2448.0,350.0
12 PENCILS TALL TUBE SKULLS,155.31,5.1770000000000005,160.19,180,72.48,252.0,1863.72,305.0
12 PENCILS TALL TUBE WOODLAND,142.38,4.7459999999999996,104.69,118,66.44,184.0,1708.56,292.0
12 PINK HEN+CHICKS IN BASKET,10.25,0.3416666666666667,10.75,12,4.78,17.0,123.0,78.0
12 PINK ROSE PEG PLACE SETTINGS,35.67,1.189,45.42,51,16.65,68.0,428.04,146.0
12 RED ROSE PEG PLACE SETTINGS,30.77,1.0256666666666667,23.92,27,14.36,41.0,369.24,136.0
15 PINK FLUFFY CHICKS IN BOX,2.5,0.08333333333333333,2.38,3,1.17,4.0,30.0,39.0
15CM CHRISTMAS GLASS BALL 20 LIGHTS,140.67,4.688999999999999,203.96,229,65.65,295.0,1688.04,291.0
16 PC CUTLERY SET PANTRY DESIGN,4.0,0.13333333333333333,,0,1.87,2.0,48.0,49.0
16 PIECE CUTLERY SET PANTRY DESIGN,23.33,0.7776666666666666,23.33,26,10.89,37.0,279.96,118.0
18PC WOODEN CUTLERY SET DISPOSABLE,100.6,3.353333333333333,136.89,154,46.95,201.0,1207.1999999999998,246.0
2 DAISIES HAIR COMB,6.0,0.2,,0,2.8,3.0,72.0,60.0
2 PICTURE BOOK EGGS EASTER BUNNY,31.6,1.0533333333333335,24.01,27,14.75,42.0,379.20000000000005,138.0
2 PICTURE BOOK EGGS EASTER CHICKS,32.2,1.0733333333333335,31.64,36,15.03,51.0,386.40000000000003,139.0
2 PICTURE BOOK EGGS EASTER DUCKS,23.0,0.7666666666666667,14.37,16,10.73,27.0,276.0,117.0
20 DOLLY PEGS RETROSPOT,197.33,6.577666666666667,195.48,220,92.09,312.0,2367.96,344.0
200 BENDY SKULL STRAWS,53.17,1.7723333333333333,76.7,86,24.81,111.0,638.04,179.0
200 RED + WHITE BENDY STRAWS,58.54,1.9513333333333334,36.18,41,27.32,68.0,702.48,187.0
3 BIRDS CANVAS SCREEN,1.0,0.03333333333333333,0.0,0,0.47,0.0,12.0,24.0
3 BLACK CATS W HEARTS BLANK CARD,12.0,0.4,8.49,10,5.6,16.0,144.0,85.0
3 DRAWER ANTIQUE WHITE WOOD CABINET,143.0,4.766666666666667,101.71,114,66.73,181.0,1716.0,293.0
3 GARDENIA MORRIS BOXED CANDLES,44.73,1.4909999999999999,98.25,110,20.87,131.0,536.76,164.0
3 HEARTS HANGING DECORATION RUSTIC,241.25,8.041666666666666,293.63,330,112.58,443.0,2895.0,380.0
3 HOOK HANGER MAGIC GARDEN,161.7,5.39,94.68,106,75.46,181.0,1940.3999999999999,311.0
3 HOOK PHOTO SHELF ANTIQUE WHITE,132.54,4.418,123.72,139,61.85,201.0,1590.48,282.0
3 PIECE SPACEBOY COOKIE CUTTER SET,193.38,6.446,123.69,139,90.24,229.0,2320.56,341.0
3 PINK HEN+CHICKS IN BASKET,3.0,0.1,1.63,2,1.4,3.0,36.0,42.0
3 RAFFIA RIBBONS 50'S CHRISTMAS ,448.0,14.933333333333334,269.55,303,209.07,512.0,5376.0,518.0
3 RAFFIA RIBBONS VINTAGE CHRISTMAS,169.75,5.658333333333333,129.62,146,79.22,225.0,2037.0,319.0
3 ROSE MORRIS BOXED CANDLES,107.2,3.5733333333333333,182.82,205,50.03,255.0,1286.4,254.0
3 STRIPEY MICE FELTCRAFT,224.85,7.495,96.96,109,104.93,214.0,2698.2,367.0
3 TIER CAKE TIN GREEN AND CREAM,28.0,0.9333333333333333,19.43,22,13.07,35.0,336.0,130.0
3 TIER CAKE TIN RED AND CREAM,54.33,1.811,44.39,50,25.35,75.0,651.96,181.0
3 TIER SWEETHEART GARDEN SHELF,4.58,0.15266666666666667,3.06,3,2.14,5.0,54.96,52.0
3 TRADITIONAL COOKIE CUTTERS  SET,81.0,2.7,89.1,100,37.8,138.0,972.0,220.0
3 TRADITIONAl BISCUIT CUTTERS  SET,88.92,2.964,40.77,46,41.5,88.0,1067.04,231.0
3 WHITE CHOC MORRIS BOXED CANDLES,98.22,3.274,149.36,168,45.84,214.0,1178.6399999999999,243.0
3 WICK CHRISTMAS BRIAR CANDLE ,2.0,0.06666666666666667,,0,0.93,1.0,24.0,35.0
36 DOILIES DOLLY GIRL,75.42,2.5140000000000002,63.12,71,35.2,106.0,905.04,213.0
36 DOILIES VINTAGE CHRISTMAS,858.83,28.627666666666666,859.58,966,400.79,1367.0,10305.960000000001,718.0
36 FOIL HEART CAKE CASES,154.08,5.136,91.64,103,71.9,175.0,1848.96,304.0
36 FOIL STAR CAKE CASES ,77.31,2.577,71.52,80,36.08,116.0,927.72,215.0
36 PENCILS TUBE POSY,5.4,0.18000000000000002,3.21,4,2.52,7.0,64.80000000000001,57.0
36 PENCILS TUBE RED RETROSPOT,271.0,9.033333333333333,174.84,196,126.47,322.0,3252.0,403.0
36 PENCILS TUBE SKULLS,125.46,4.1819999999999995,89.85,101,58.55,160.0,1505.52,274.0
36 PENCILS TUBE WOODLAND,145.18,4.839333333333333,101.59,114,67.75,182.0,1742.16,295.0
3D CHRISTMAS STAMPS STICKERS ,153.57,5.119,133.27,150,71.67,222.0,1842.84,304.0
3D DOG PICTURE PLAYING CARDS,24.42,0.8140000000000001,22.83,26,11.4,37.0,293.04,121.0
3D HEARTS  HONEYCOMB PAPER GARLAND,32.67,1.089,22.92,26,15.25,41.0,392.04,140.0
3D SHEET OF CAT STICKERS,18.0,0.6,15.86,18,8.4,26.0,216.0,104.0
3D SHEET OF DOG STICKERS,22.67,0.7556666666666667,14.8,17,10.58,28.0,272.04,117.0
3D TRADITIONAL CHRISTMAS STICKERS,210.14,7.004666666666666,186.74,210,98.07,308.0,2521.68,355.0
3D VINTAGE CHRISTMAS STICKERS ,217.43,7.2476666666666665,203.74,229,101.47,330.0,2609.16,361.0
4 BLUE DINNER CANDLES SILVER FLOCK,7.82,0.26066666666666666,5.84,7,3.65,11.0,93.84,68.0
4 BURGUNDY WINE DINNER CANDLES,6.88,0.22933333333333333,8.77,10,3.21,13.0,82.56,64.0
4 IVORY DINNER CANDLES SILVER FLOCK,34.85,1.1616666666666666,32.08,36,16.26,52.0,418.20000000000005,145.0
4 LAVENDER BOTANICAL DINNER CANDLES,76.36,2.5453333333333332,135.93,153,35.63,189.0,916.3199999999999,214.0
4 LILY  BOTANICAL DINNER CANDLES,39.42,1.314,52.59,59,18.4,77.0,473.04,154.0
4 PEAR BOTANICAL DINNER CANDLES,68.64,2.288,130.89,147,32.03,179.0,823.6800000000001,203.0
4 PINK DINNER CANDLE SILVER FLOCK,11.45,0.38166666666666665,14.86,17,5.34,22.0,137.39999999999998,83.0
4 PINK FLOCK CHRISTMAS BALLS,7.4,0.24666666666666667,8.5,10,3.45,13.0,88.80000000000001,67.0
4 ROSE PINK DINNER CANDLES,15.33,0.511,14.73,17,7.15,24.0,183.96,96.0
4 SKY BLUE DINNER CANDLES,8.29,0.2763333333333333,3.77,4,3.87,8.0,99.47999999999999,71.0
4 TRADITIONAL SPINNING TOPS,345.46,11.515333333333333,185.42,208,161.21,369.0,4145.5199999999995,455.0
4 VANILLA BOTANICAL CANDLES,75.0,2.5,140.77,158,35.0,193.0,900.0,212.0
4 WILDFLOWER BOTANICAL CANDLES,30.3,1.01,38.13,43,14.14,57.0,363.6,135.0
5 HOOK HANGER MAGIC TOADSTOOL,210.33,7.011,226.0,254,98.15,352.0,2523.96,355.0
5 HOOK HANGER RED MAGIC TOADSTOOL,254.58,8.486,359.45,404,118.8,523.0,3054.96,391.0
5 STRAND GLASS NECKLACE AMBER,1.0,0.03333333333333333,0.0,0,0.47,0.0,12.0,24.0
5 STRAND GLASS NECKLACE AMETHYST,2.0,0.06666666666666667,,0,0.93,1.0,24.0,35.0
5 STRAND GLASS NECKLACE BLACK,2.67,0.089,1.15,1,1.25,2.0,32.04,40.0
5 STRAND GLASS NECKLACE CRYSTAL,3.4,0.11333333333333333,1.95,2,1.59,4.0,40.8,45.0
50'S CHRISTMAS PAPER GIFT BAG,265.4,8.846666666666666,256.91,289,123.85,413.0,3184.7999999999997,399.0
50CM METAL STRING WITH  7 CLIPS,22.2,0.74,47.17,53,10.36,63.0,266.4,115.0
6 CHOCOLATE LOVE HEART T-LIGHTS,78.31,2.6103333333333336,94.93,107,36.54,144.0,939.72,217.0
6 EGG HOUSE PAINTED WOOD,19.85,0.6616666666666667,10.39,12,9.26,21.0,238.20000000000002,109.0
6 GIFT TAGS 50'S CHRISTMAS ,669.2,22.30666666666667,503.18,565,312.29,877.0,8030.400000000001,634.0
6 GIFT TAGS VINTAGE CHRISTMAS ,747.0,24.9,467.11,525,348.6,874.0,8964.0,669.0
6 RIBBONS ELEGANT CHRISTMAS ,173.89,5.796333333333333,179.75,202,81.15,283.0,2086.68,323.0
6 RIBBONS EMPIRE  ,79.62,2.6540000000000004,81.15,91,37.16,128.0,955.44,219.0
6 RIBBONS RUSTIC CHARM,661.92,22.064,284.68,320,308.9,629.0,7943.039999999999,630.0
6 RIBBONS SHIMMERING PINKS ,83.42,2.780666666666667,106.12,119,38.93,158.0,1001.04,224.0
6 ROCKET BALLOONS ,136.0,4.533333333333333,72.32,81,63.47,144.0,1632.0,286.0
60 CAKE CASES DOLLY GIRL DESIGN,557.46,18.582,259.21,291,260.15,551.0,6689.52,578.0
60 CAKE CASES VINTAGE CHRISTMAS,1473.5,49.11666666666667,1556.65,1749,687.63,2437.0,17682.0,940.0
60 GOLD AND SILVER FAIRY CAKE CASES,1.0,0.03333333333333333,0.0,0,0.47,0.0,12.0,24.0
60 TEATIME FAIRY CAKE CASES,1360.69,45.35633333333333,625.84,703,634.99,1338.0,16328.28,904.0
6PC WOOD PLATE SET DISPOSABLE,81.0,2.7,154.74,174,37.8,212.0,972.0,220.0
70'S ALPHABET WALL ART,75.0,2.5,103.24,116,35.0,151.0,900.0,212.0
72 CAKE CASES VINTAGE CHRISTMAS,24.0,0.8,,0,11.2,11.0,288.0,120.0
72 SWEETHEART FAIRY CAKE CASES,1005.38,33.51266666666667,482.78,543,469.18,1012.0,12064.56,777.0
75 BLACK PETIT FOUR CASES,9.5,0.31666666666666665,7.37,8,4.43,12.0,114.0,75.0
75 GREEN FAIRY CAKE CASES,3.5,0.11666666666666667,2.73,3,1.63,5.0,42.0,46.0
75 GREEN PETIT FOUR CASES,23.46,0.782,16.07,18,10.95,29.0,281.52,119.0
A PRETTY THANK YOU CARD,219.0,7.3,173.95,195,102.2,297.0,2628.0,362.0
A4 WALL TIDY BLUE OFFICE,22.8,0.76,23.34,26,10.64,37.0,273.6,117.0
A4 WALL TIDY RED FLOWERS,4.33,0.14433333333333334,3.51,4,2.02,6.0,51.96,51.0
ABC TREASURE BOOK BOX ,209.0,6.966666666666667,160.75,181,97.53,279.0,2508.0,354.0
ABSTRACT CIRCLE JOURNAL ,9.0,0.3,11.19,13,4.2,17.0,108.0,73.0
ABSTRACT CIRCLES POCKET BOOK,12.38,0.4126666666666667,8.66,10,5.78,16.0,148.56,86.0
ABSTRACT CIRCLES SKETCHBOOK ,9.85,0.3283333333333333,4.72,5,4.6,10.0,118.19999999999999,77.0
ACRYLIC GEOMETRIC LAMP,2.4,0.08,0.55,1,1.12,2.0,28.799999999999997,38.0
"ACRYLIC HANGING JEWEL,BLUE",67.0,2.2333333333333334,40.96,46,31.27,77.0,804.0,200.0
"ACRYLIC HANGING JEWEL,PINK",31.67,1.0556666666666668,16.26,18,14.78,33.0,380.04,138.0
"ACRYLIC JEWEL ANGEL,PINK",78.0,2.6,,0,36.4,36.0,936.0,216.0
"ACRYLIC JEWEL ICICLE, BLUE",10.33,0.3443333333333333,12.1,14,4.82,19.0,123.96000000000001,79.0
"ACRYLIC JEWEL ICICLE, PINK",52.8,1.76,48.82,55,24.64,80.0,633.5999999999999,178.0
"ACRYLIC JEWEL SNOWFLAKE, PINK",54.0,1.8,56.24,63,25.2,88.0,648.0,180.0
"ACRYLIC JEWEL SNOWFLAKE,PINK",6.0,0.2,,0,2.8,3.0,72.0,60.0
ADULT APRON APPLE DELIGHT,36.0,1.2,19.99,22,16.8,39.0,432.0,147.0
ADVENT CALENDAR GINGHAM SACK,92.89,3.0963333333333334,121.16,136,43.35,179.0,1114.68,236.0
AFGHAN SLIPPER SOCK PAIR,73.0,2.433333333333333,158.02,178,34.07,212.0,876.0,209.0
AGED GLASS SILVER T-LIGHT HOLDER,776.0,25.866666666666667,403.5,453,362.13,815.0,9312.0,682.0
AIRLINE BAG VINTAGE JET SET BROWN,19.46,0.6486666666666667,13.77,15,9.08,24.0,233.52,108.0
AIRLINE BAG VINTAGE JET SET RED,34.46,1.1486666666666667,21.2,24,16.08,40.0,413.52,144.0
AIRLINE BAG VINTAGE JET SET WHITE,14.85,0.495,9.99,11,6.93,18.0,178.2,94.0
AIRLINE BAG VINTAGE TOKYO 78,63.85,2.1283333333333334,33.44,38,29.8,68.0,766.2,196.0
AIRLINE BAG VINTAGE WORLD CHAMPION ,17.0,0.5666666666666667,12.68,14,7.93,22.0,204.0,101.0
"AIRLINE LOUNGE,METAL SIGN",38.23,1.2743333333333333,14.29,16,17.84,34.0,458.76,151.0
ALARM CLOCK BAKELIKE CHOCOLATE,136.62,4.554,79.44,89,63.76,153.0,1639.44,286.0
ALARM CLOCK BAKELIKE GREEN,470.08,15.669333333333332,226.56,255,219.37,474.0,5640.96,531.0
ALARM CLOCK BAKELIKE IVORY,209.85,6.995,140.43,158,97.93,256.0,2518.2,355.0
ALARM CLOCK BAKELIKE ORANGE,198.36,6.612,114.53,129,92.57,222.0,2380.32,345.0
ALARM CLOCK BAKELIKE PINK,390.31,13.010333333333334,296.08,333,182.14,515.0,4683.72,484.0
ALARM CLOCK BAKELIKE RED ,555.46,18.515333333333334,299.25,336,259.21,595.0,6665.52,577.0
ALPHABET HEARTS STICKER SHEET,33.73,1.1243333333333332,32.85,37,15.74,53.0,404.76,142.0
ALPHABET STENCIL CRAFT,205.62,6.854,274.27,308,95.96,404.0,2467.44,351.0
ALUMINIUM HEART,10.0,0.3333333333333333,6.93,8,4.67,13.0,120.0,77.0
ALUMINIUM STAMPED HEART,86.11,2.8703333333333334,48.62,55,40.18,95.0,1033.32,227.0
AMBER BERTIE GLASS BEAD BAG CHARM,1.0,0.03333333333333333,,0,0.47,0.0,12.0,24.0
AMBER CHUNKY BEAD BRACELET W STRAP,2.67,0.089,2.08,2,1.25,3.0,32.04,40.0
AMBER CHUNKY GLASS+BEAD NECKLACE,2.0,0.06666666666666667,1.73,2,0.93,3.0,24.0,35.0
AMBER DIAMANTE EXPANDABLE RING,5.5,0.18333333333333332,4.8,5,2.57,8.0,66.0,57.0
AMBER DROP EARRINGS W LONG BEADS,6.67,0.22233333333333333,9.81,11,3.11,14.0,80.03999999999999,63.0
AMBER FINE BEAD NECKLACE W TASSEL,1.5,0.05,0.71,1,0.7,2.0,18.0,30.0
AMBER GLASS TASSLE BAG CHARM,8.0,0.26666666666666666,,0,3.73,4.0,96.0,69.0
AMBER GLASS/SHELL/PEARL NECKLACE,1.0,0.03333333333333333,,0,0.47,0.0,12.0,24.0
AMBER GLASS/SILVER BRACELET,2.0,0.06666666666666667,1.0,1,0.93,2.0,24.0,35.0
AMETHYST CHUNKY BEAD BRACELET W STR,2.62,0.08733333333333333,2.2,2,1.22,3.0,31.44,40.0
AMETHYST DIAMANTE EXPANDABLE RING,4.33,0.14433333333333334,2.89,3,2.02,5.0,51.96,51.0
AMETHYST HOOP EARRING FLORAL LEAF,2.5,0.08333333333333333,0.71,1,1.17,2.0,30.0,39.0
ANGEL DECORATION 3 BUTTONS ,441.5,14.716666666666667,394.44,443,206.03,649.0,5298.0,515.0
ANGEL DECORATION PAINTED ZINC ,105.83,3.5276666666666667,100.31,113,49.39,162.0,1269.96,252.0
ANGEL DECORATION STARS ON DRESS,273.22,9.107333333333335,263.88,297,127.5,424.0,3278.6400000000003,405.0
ANGEL DECORATION WITH LACE PADDED,106.0,3.533333333333333,38.18,43,49.47,92.0,1272.0,252.0
ANIMAL STICKERS,136.38,4.546,90.34,102,63.64,166.0,1636.56,286.0
ANIMALS AND NATURE WALL ART,133.5,4.45,163.34,184,62.3,246.0,1602.0,283.0
ANT COPPER LIME BOUDICCA BRACELET,5.0,0.16666666666666666,4.33,5,2.33,7.0,60.0,55.0
ANT COPPER PINK BOUDICCA BRACELET,4.43,0.14766666666666667,2.88,3,2.07,5.0,53.16,52.0
ANT COPPER RED BOUDICCA BRACELET,1.5,0.05,0.84,1,0.7,2.0,18.0,30.0
ANT COPPER TURQ BOUDICCA BRACELET,5.62,0.18733333333333332,3.96,4,2.62,7.0,67.44,58.0
ANT SILVER FUSCHIA BOUDICCA RING,2.8,0.09333333333333332,0.84,1,1.31,2.0,33.599999999999994,41.0
ANT SILVER LIME GREEN BOUDICCA RING,3.86,0.12866666666666665,3.8,4,1.8,6.0,46.32,48.0
ANT SILVER PURPLE BOUDICCA RING,3.33,0.111,0.58,1,1.55,3.0,39.96,45.0
ANT SILVER TURQUOISE BOUDICCA RING,6.0,0.2,,0,2.8,3.0,72.0,60.0
ANT WHITE WIRE HEART SPIRAL,22.0,0.7333333333333333,16.3,18,10.27,28.0,264.0,115.0
ANTIQUE ALL GLASS CANDLESTICK,51.55,1.7183333333333333,39.64,45,24.06,69.0,618.5999999999999,176.0
ANTIQUE CREAM CUTLERY CUPBOARD,1.75,0.058333333333333334,0.89,1,0.82,2.0,21.0,32.0
ANTIQUE CREAM CUTLERY SHELF ,3.11,0.10366666666666666,1.36,2,1.45,3.0,37.32,43.0
ANTIQUE GLASS DRESSING TABLE POT,126.38,4.212666666666666,65.36,73,58.98,132.0,1516.56,275.0
ANTIQUE GLASS HEART DECORATION ,49.33,1.6443333333333332,96.9,109,23.02,132.0,591.96,172.0
ANTIQUE GLASS PEDESTAL BOWL,68.46,2.2819999999999996,34.29,39,31.95,71.0,821.52,203.0
ANTIQUE GLASS PLACE SETTING,24.4,0.8133333333333332,11.7,13,11.39,24.0,292.79999999999995,121.0
ANTIQUE HEART SHELF UNIT,89.0,2.966666666666667,62.27,70,41.53,112.0,1068.0,231.0
ANTIQUE IVORY WIRE BOWL SMALL,16.17,0.539,17.66,20,7.55,28.0,194.04000000000002,98.0
ANTIQUE MID BLUE FLOWER EARRINGS,2.0,0.06666666666666667,0.0,0,0.93,1.0,24.0,35.0
ANTIQUE OLIVE GREEN FLOWER EARRINGS,1.67,0.05566666666666666,0.58,1,0.78,2.0,20.04,32.0
ANTIQUE OPAL WHITE FLOWER EARRINGS,1.0,0.03333333333333333,0.0,0,0.47,0.0,12.0,24.0
ANTIQUE RASPBERRY FLOWER EARRINGS,2.0,0.06666666666666667,,0,0.93,1.0,24.0,35.0
ANTIQUE SILVER BAUBLE LAMP  ,53.43,1.781,50.54,57,24.93,82.0,641.16,179.0
ANTIQUE SILVER T-LIGHT GLASS,1297.3,43.24333333333333,705.12,792,605.41,1397.0,15567.599999999999,882.0
ANTIQUE SILVER TEA GLASS ENGRAVED,636.38,21.212666666666667,394.01,443,296.98,740.0,7636.5599999999995,618.0
ANTIQUE SILVER TEA GLASS ETCHED,700.0,23.333333333333332,467.63,525,326.67,852.0,8400.0,648.0
ANTIQUE TALL SWIRLGLASS TRINKET POT,58.85,1.9616666666666667,48.79,55,27.46,82.0,706.2,188.0
APOTHECARY MEASURING JAR,10.67,0.3556666666666667,3.88,4,4.98,9.0,128.04,80.0
APPLE BATH SPONGE,91.83,3.061,88.12,99,42.85,142.0,1101.96,235.0
APRON APPLE DELIGHT,29.78,0.9926666666666667,19.72,22,13.9,36.0,357.36,134.0
APRON MODERN VINTAGE COTTON,63.29,2.1096666666666666,75.47,85,29.54,115.0,759.48,195.0
AQUA BERTIE GLASS BEAD BAG CHARM,6.33,0.211,5.51,6,2.95,9.0,75.96000000000001,62.0
AREA PATROLLED METAL SIGN,330.0,11.0,140.37,158,154.0,312.0,3960.0,445.0
ARMY CAMO BOOKCOVER TAPE,4.25,0.14166666666666666,0.5,1,1.98,3.0,51.0,50.0
"ART LIGHTS,FUNK MONKEY",29.58,0.986,23.75,27,13.8,41.0,354.96,133.0
ASS COL CIRCLE MOBILE ,79.0,2.6333333333333333,173.12,195,36.87,232.0,948.0,218.0
ASS COL LARGE SAND FROG P'WEIGHT,13.5,0.45,6.36,7,6.3,13.0,162.0,90.0
ASS COL SMALL SAND GECKO P'WEIGHT,14.5,0.48333333333333334,3.54,4,6.77,11.0,174.0,93.0
ASS COLOUR GLOWING TIARAS,28.0,0.9333333333333333,39.32,44,13.07,57.0,336.0,130.0
ASS DES PHONE SPONGE CRAFT STICKER,85.17,2.839,79.93,90,39.75,130.0,1022.04,226.0
ASS FLORAL PRINT MULTI SCREWDRIVER,229.5,7.65,182.19,205,107.1,312.0,2754.0,371.0
ASS FLORAL PRINT SPIRIT LEVEL ,8.0,0.26666666666666666,12.63,14,3.73,18.0,96.0,69.0
ASSORTED BOTTLE TOP  MAGNETS ,225.23,7.507666666666666,137.16,154,105.11,259.0,2702.7599999999998,368.0
ASSORTED CAKES FRIDGE MAGNETS,9.17,0.30566666666666664,6.01,7,4.28,11.0,110.03999999999999,74.0
ASSORTED CHEESE FRIDGE MAGNETS,27.17,0.9056666666666667,23.45,26,12.68,39.0,326.04,128.0
ASSORTED CIRCULAR MOBILE,58.64,1.9546666666666668,140.54,158,27.37,185.0,703.6800000000001,188.0
ASSORTED COLOUR BIRD ORNAMENT,2720.15,90.67166666666667,1501.63,1687,1269.4,2956.0,32641.800000000003,1278.0
ASSORTED COLOUR LIZARD SUCTION HOOK,75.0,2.5,59.54,67,35.0,102.0,900.0,212.0
ASSORTED COLOUR METAL CAT ,11.5,0.38333333333333336,9.25,10,5.37,15.0,138.0,83.0
ASSORTED COLOUR MINI CASES,132.23,4.407666666666667,71.12,80,61.71,142.0,1586.7599999999998,282.0
ASSORTED COLOUR SILK GLASSES CASE,3.0,0.1,,0,1.4,1.0,36.0,42.0
ASSORTED COLOUR SUCTION CUP HOOK,22.44,0.748,20.73,23,10.47,33.0,269.28000000000003,116.0
ASSORTED COLOUR T-LIGHT HOLDER,258.54,8.618,492.97,554,120.65,675.0,3102.4800000000005,394.0
ASSORTED COLOURED CIRCLE MOBILE ,16.25,0.5416666666666666,21.23,24,7.58,32.0,195.0,99.0
ASSORTED COLOURS SILK FAN,1682.77,56.092333333333336,1305.53,1467,785.29,2252.0,20193.239999999998,1005.0
ASSORTED CREEPY CRAWLIES,216.58,7.219333333333334,131.91,148,101.07,249.0,2598.96,360.0
ASSORTED EASTER DECORATIONS  BELLS,70.5,2.35,98.32,110,32.9,143.0,846.0,206.0
ASSORTED EASTER GIFT TAGS,165.14,5.504666666666666,162.69,183,77.07,260.0,1981.6799999999998,315.0
ASSORTED FARMYARD ANIMALS IN BUCKET,21.5,0.7166666666666667,17.69,20,10.03,30.0,258.0,114.0
"ASSORTED FLOWER COLOUR ""LEIS""",792.08,26.40266666666667,525.69,591,369.64,961.0,9504.960000000001,689.0
ASSORTED INCENSE PACK,366.55,12.218333333333334,446.7,502,171.06,673.0,4398.6,469.0
ASSORTED LAQUERED INCENSE HOLDERS,359.43,11.981,610.52,686,167.73,854.0,4313.16,464.0
ASSORTED MINI MADRAS NOTEBOOK,118.5,3.95,193.54,217,55.3,272.0,1422.0,267.0
ASSORTED MONKEY SUCTION CUP HOOK,42.69,1.4229999999999998,47.96,54,19.92,74.0,512.28,160.0
ASSORTED SANSKRIT MINI NOTEBOOK,21.8,0.7266666666666667,14.7,17,10.17,27.0,261.6,114.0
ASSORTED SHAPES PHOTO CLIP SILVER ,44.88,1.496,100.73,113,20.94,134.0,538.5600000000001,164.0
ASSORTED TUTTI FRUTTI  FOB NOTEBOOK,45.08,1.5026666666666666,48.16,54,21.04,75.0,540.96,164.0
ASSORTED TUTTI FRUTTI BRACELET,219.7,7.323333333333333,130.37,147,102.53,250.0,2636.3999999999996,363.0
ASSORTED TUTTI FRUTTI HEART BOX,19.55,0.6516666666666667,17.9,20,9.12,29.0,234.60000000000002,108.0
ASSORTED TUTTI FRUTTI KEYRING BALL,137.75,4.591666666666667,215.91,243,64.28,307.0,1653.0,287.0
ASSORTED TUTTI FRUTTI LARGE PURSE,14.62,0.4873333333333333,12.37,14,6.82,21.0,175.44,94.0
ASSORTED TUTTI FRUTTI MIRROR,40.83,1.361,31.05,35,19.05,54.0,489.96,157.0
ASSORTED TUTTI FRUTTI NOTEBOOK,23.5,0.7833333333333333,20.71,23,10.97,34.0,282.0,119.0
ASSORTED TUTTI FRUTTI PEN,222.91,7.4303333333333335,274.89,309,104.02,413.0,2674.92,366.0
ASSORTED TUTTI FRUTTI SMALL PURSE,59.45,1.9816666666666667,65.91,74,27.74,102.0,713.4000000000001,189.0
ASSTD COL BUTTERFLY/CRYSTAL W/CHIME,75.83,2.5276666666666667,77.66,87,35.39,122.0,909.96,213.0
ASSTD DESIGN 3D PAPER STICKERS,105.64,3.521333333333333,162.31,182,49.3,231.0,1267.68,252.0
ASSTD DESIGN RACING CAR PEN,96.31,3.2103333333333333,124.89,140,44.94,185.0,1155.72,240.0
ASSTD FRUIT+FLOWERS FRIDGE MAGNETS,204.0,6.8,280.0,315,95.2,410.0,2448.0,350.0
ASSTD MULTICOLOUR CIRCLES MUG,125.0,4.166666666666667,93.95,106,58.33,164.0,1500.0,274.0
ASSTD RASTA KEY-CHAINS,4.5,0.15,4.95,6,2.1,8.0,54.0,52.0
BABUSHKA LIGHTS STRING OF 10,35.92,1.1973333333333334,22.88,26,16.76,43.0,431.04,147.0
BABY BOOM RIBBONS ,37.4,1.2466666666666666,27.95,31,17.45,48.0,448.79999999999995,150.0
BABY MOUSE RED GINGHAM DRESS,10.43,0.3476666666666667,13.96,16,4.87,21.0,125.16,79.0
BAG 125g SWIRLY MARBLES,713.23,23.774333333333335,541.71,609,332.84,942.0,8558.76,654.0
BAG 250g SWIRLY MARBLES,384.92,12.830666666666668,198.89,224,179.63,404.0,4619.04,481.0
BAG 500g SWIRLY MARBLES,105.92,3.530666666666667,210.17,236,49.43,285.0,1271.04,252.0
BAG OF SILVER STONES,11.5,0.38333333333333336,15.09,17,5.37,22.0,138.0,83.0
BAKING MOULD CHOCOLATE CUP CAKES,12.0,0.4,,0,5.6,6.0,144.0,85.0
BAKING MOULD CHOCOLATE CUPCAKES,70.54,2.3513333333333337,70.89,80,32.92,113.0,846.48,206.0
BAKING MOULD CUPCAKE CHOCOLATE,12.0,0.4,,0,5.6,6.0,144.0,85.0
BAKING MOULD EASTER EGG MILK CHOC,87.6,2.92,133.44,150,40.88,191.0,1051.1999999999998,229.0
BAKING MOULD EASTER EGG WHITE CHOC,62.22,2.074,83.7,94,29.04,123.0,746.64,193.0
BAKING MOULD HEART MILK CHOCOLATE,80.08,2.6693333333333333,72.93,82,37.37,119.0,960.96,219.0
BAKING MOULD HEART WHITE CHOCOLATE,61.08,2.036,92.28,104,28.5,132.0,732.96,191.0
BAKING MOULD ROSE MILK CHOCOLATE,51.77,1.7256666666666667,47.27,53,24.16,77.0,621.24,176.0
BAKING MOULD ROSE WHITE CHOCOLATE,23.45,0.7816666666666666,32.23,36,10.94,47.0,281.4,119.0
BAKING MOULD TOFFEE CUP  CHOCOLATE,6.0,0.2,,0,2.8,3.0,72.0,60.0
BAKING MOULD TOFFEE CUP CHOCOLATE,66.62,2.220666666666667,79.33,89,31.09,120.0,799.44,200.0
BAKING SET 9 PIECE RETROSPOT ,369.0,12.3,293.59,330,172.2,502.0,4428.0,471.0
BAKING SET SPACEBOY DESIGN,165.62,5.520666666666667,156.03,175,77.29,252.0,1987.44,315.0
BALLOON ART MAKE YOUR OWN FLOWERS,69.23,2.307666666666667,159.16,179,32.31,211.0,830.76,204.0
BALLOON PUMP WITH 10 BALLOONS,59.92,1.9973333333333334,40.57,46,27.96,74.0,719.04,190.0
BALLOON WATER BOMB PACK OF 35,453.62,15.120666666666667,742.2,834,211.69,1046.0,5443.4400000000005,522.0
BALLOONS  WRITING SET ,58.46,1.9486666666666668,51.16,57,27.28,84.0,701.52,187.0
BANK ACCOUNT  GREETING  CARD ,53.0,1.7666666666666666,29.17,33,24.73,58.0,636.0,178.0
BANQUET BIRTHDAY  CARD  ,120.92,4.030666666666667,64.34,72,56.43,128.0,1451.04,269.0
BAROQUE BUTTERFLY EARRINGS BLACK,1.0,0.03333333333333333,0.0,0,0.47,0.0,12.0,24.0
BAROQUE BUTTERFLY EARRINGS CRYSTAL,1.0,0.03333333333333333,,0,0.47,0.0,12.0,24.0
BASKET OF FLOWERS SEWING KIT,64.58,2.1526666666666667,89.26,100,30.14,130.0,774.96,197.0
BASKET OF TOADSTOOLS,101.69,3.3896666666666664,147.53,166,47.46,213.0,1220.28,247.0
BATH BUILDING BLOCK WORD,60.92,2.030666666666667,27.27,31,28.43,59.0,731.04,191.0
BATHROOM HOOK,35.0,1.1666666666666667,27.14,30,16.33,46.0,420.0,145.0
BATHROOM METAL SIGN,423.46,14.115333333333332,147.94,166,197.61,364.0,5081.5199999999995,504.0
BATHROOM METAL SIGN ,47.11,1.5703333333333334,69.26,78,21.98,100.0,565.3199999999999,168.0
BATHROOM SCALES FOOTPRINTS IN SAND,6.38,0.21266666666666667,5.29,6,2.98,9.0,76.56,62.0
BATHROOM SCALES RUBBER DUCKS,4.56,0.152,4.61,5,2.13,7.0,54.72,52.0
"BATHROOM SCALES, TROPICAL BEACH",2.29,0.07633333333333334,0.95,1,1.07,2.0,27.48,37.0
BATHROOM SET LOVE HEART DESIGN,11.33,0.37766666666666665,9.35,11,5.29,16.0,135.96,82.0
BEACH HUT DESIGN BLACKBOARD,6.8,0.22666666666666666,3.03,3,3.17,6.0,81.6,64.0
BEACH HUT KEY CABINET,5.25,0.175,3.86,4,2.45,6.0,63.0,56.0
BEACH HUT MIRROR,12.25,0.4083333333333333,19.31,22,5.72,28.0,147.0,86.0
BEACH HUT SHELF W 3 DRAWERS,8.75,0.2916666666666667,7.76,9,4.08,13.0,105.0,72.0
BEADED CHANDELIER T-LIGHT HOLDER,74.88,2.496,117.2,132,34.94,167.0,898.56,212.0
BEADED CRYSTAL HEART BLUE  LARGE,47.9,1.5966666666666667,63.33,71,22.35,93.0,574.8,170.0
BEADED CRYSTAL HEART BLUE ON STICK,12.17,0.4056666666666667,9.7,11,5.68,17.0,146.04,85.0
BEADED CRYSTAL HEART BLUE SMALL,11.0,0.36666666666666664,10.95,12,5.13,17.0,132.0,81.0
BEADED CRYSTAL HEART GREEN LARGE,74.18,2.472666666666667,94.43,106,34.62,141.0,890.1600000000001,211.0
BEADED CRYSTAL HEART GREEN ON STICK,23.67,0.789,24.1,27,11.05,38.0,284.04,119.0
BEADED CRYSTAL HEART GREEN SMALL,12.62,0.42066666666666663,13.65,15,5.89,21.0,151.44,87.0
BEADED CRYSTAL HEART PINK LARGE,42.46,1.4153333333333333,78.48,88,19.81,108.0,509.52,160.0
BEADED CRYSTAL HEART PINK ON STICK,16.43,0.5476666666666666,15.9,18,7.67,26.0,197.16,99.0
BEADED CRYSTAL HEART PINK SMALL,13.83,0.461,14.6,16,6.45,22.0,165.96,91.0
BEADED LOVE HEART JEWELLERY SET,10.0,0.3333333333333333,,0,4.67,5.0,120.0,77.0
BEADED PEARL HEART WHITE LARGE,19.25,0.6416666666666667,22.07,25,8.98,34.0,231.0,107.0
BEADED PEARL HEART WHITE ON STICK,58.62,1.954,60.84,68,27.36,95.0,703.4399999999999,188.0
BELL HEART ANTIQUE GOLD,12.0,0.4,,0,5.6,6.0,144.0,85.0
BELL HEART DECORATION,63.0,2.1,78.0,88,29.4,117.0,756.0,194.0
BELLE JARDINIERE CUSHION COVER,174.0,5.8,84.86,95,81.2,176.0,2088.0,323.0
BEST DAD CANDLE LETTERS,6.2,0.20666666666666667,3.11,3,2.89,6.0,74.4,61.0
BEWARE OF THE CAT METAL SIGN ,309.77,10.325666666666667,145.72,164,144.56,309.0,3717.24,431.0
BICYCLE PUNCTURE REPAIR KIT ,865.5,28.85,395.27,444,403.9,848.0,10386.0,721.0
BICYCLE SAFTEY WALL ART,229.0,7.633333333333334,250.32,281,106.87,388.0,2748.0,371.0
BIG DOUGHNUT FRIDGE MAGNETS,97.38,3.246,83.76,94,45.44,139.0,1168.56,242.0
BIG POLKADOT MUG,6.0,0.2,,0,2.8,3.0,72.0,60.0
BILI NUT AND WOOD NECKLACE,12.0,0.4,12.0,13,5.6,19.0,144.0,85.0
BINGO SET,119.46,3.9819999999999998,107.6,121,55.75,177.0,1433.52,268.0
BIRD BOX CHRISTMAS TREE DECORATION,22.0,0.7333333333333333,,0,10.27,10.0,264.0,115.0
BIRD DECORATION GREEN POLKADOT,43.33,1.4443333333333332,56.05,63,20.22,83.0,519.96,161.0
BIRD DECORATION RED RETROSPOT,63.33,2.1109999999999998,48.0,54,29.55,84.0,759.96,195.0
BIRD HOUSE HOT WATER BOTTLE,51.5,1.7166666666666666,65.8,74,24.03,98.0,618.0,176.0
BIRD ON BRANCH CANVAS SCREEN,11.0,0.36666666666666664,,0,5.13,5.0,132.0,81.0
BIRDCAGE DECORATION TEALIGHT HOLDER,50.0,1.6666666666666667,34.96,39,23.33,62.0,600.0,173.0
BIRDHOUSE DECORATION MAGIC GARDEN,47.27,1.5756666666666668,60.73,68,22.06,90.0,567.24,168.0
BIRDHOUSE GARDEN MARKER ,109.0,3.6333333333333333,154.04,173,50.87,224.0,1308.0,256.0
BIRDS MOBILE VINTAGE DESIGN,14.08,0.4693333333333333,10.6,12,6.57,19.0,168.96,92.0
BIRTHDAY BANNER TAPE,24.0,0.8,,0,11.2,11.0,288.0,120.0
BIRTHDAY BANQUET GIFT WRAP,81.25,2.7083333333333335,61.35,69,37.92,107.0,975.0,221.0
"BIRTHDAY CARD, RETRO SPOT",142.15,4.738333333333333,66.77,75,66.34,141.0,1705.8000000000002,292.0
BIRTHDAY PARTY CORDON BARRIER TAPE,33.54,1.1179999999999999,26.83,30,15.65,46.0,402.48,142.0
BISCUIT TIN 50'S CHRISTMAS,294.29,9.809666666666667,240.0,270,137.34,407.0,3531.4800000000005,420.0
BISCUIT TIN VINTAGE CHRISTMAS,233.57,7.785666666666667,164.08,184,109.0,293.0,2802.84,374.0
BISCUIT TIN VINTAGE GREEN,36.17,1.2056666666666667,30.0,34,16.88,51.0,434.04,147.0
BISCUIT TIN VINTAGE LEAF,12.0,0.4,0.0,0,5.6,6.0,144.0,85.0
BISCUIT TIN VINTAGE RED,47.67,1.589,30.11,34,22.25,56.0,572.04,169.0
BISCUITS SMALL BOWL LIGHT BLUE,115.44,3.848,112.2,126,53.87,180.0,1385.28,263.0
BLACK 3 BEAD DROP EARRINGS,6.0,0.2,,0,2.8,3.0,72.0,60.0
BLACK AND WHITE CAT BOWL,113.08,3.7693333333333334,271.55,305,52.77,358.0,1356.96,260.0
BLACK AND WHITE DOG BOWL,119.4,3.98,226.75,255,55.72,311.0,1432.8000000000002,268.0
BLACK BAROQUE CARRIAGE CLOCK,3.4,0.11333333333333333,2.79,3,1.59,5.0,40.8,45.0
BLACK BAROQUE WALL CLOCK ,4.89,0.16299999999999998,7.62,9,2.28,11.0,58.67999999999999,54.0
BLACK BIRD GARDEN DESIGN MUG,13.12,0.4373333333333333,11.53,13,6.12,19.0,157.44,89.0
BLACK CANDELABRA T-LIGHT HOLDER,63.09,2.103,87.52,98,29.44,127.0,757.08,195.0
BLACK CHAMPAGNE GLASS,168.56,5.618666666666667,150.12,169,78.66,248.0,2022.72,318.0
BLACK CHERRY LIGHTS,8.0,0.26666666666666666,,0,3.73,4.0,96.0,69.0
BLACK CHRISTMAS FLOCK DROPLET ,24.0,0.8,,0,11.2,11.0,288.0,120.0
BLACK CHRISTMAS TREE 120CM,34.83,1.161,33.13,37,16.25,53.0,417.96,145.0
BLACK CHRISTMAS TREE 60CM,92.33,3.0776666666666666,119.02,134,43.09,177.0,1107.96,235.0
BLACK CHUNKY BEAD BRACELET W STRAP,2.2,0.07333333333333333,1.3,1,1.03,2.0,26.400000000000002,36.0
BLACK CRYSTAL DROP EARRINGS,3.5,0.11666666666666667,3.54,4,1.63,6.0,42.0,46.0
BLACK DIAMANTE EXPANDABLE RING,7.0,0.23333333333333334,4.58,5,3.27,8.0,84.0,65.0
BLACK DIAMOND CLUSTER NECKLACE,2.0,0.06666666666666667,,0,0.93,1.0,24.0,35.0
BLACK DINER WALL CLOCK,6.62,0.22066666666666668,4.1,5,3.09,8.0,79.44,63.0
BLACK DROP CRYSTAL NECKLACE,6.0,0.2,0.0,0,2.8,3.0,72.0,60.0
BLACK DROP EARRINGS W LONG BEADS,1.0,0.03333333333333333,,0,0.47,0.0,12.0,24.0
BLACK EAR MUFF HEADPHONES,6.17,0.20566666666666666,9.64,11,2.88,14.0,74.03999999999999,61.0
BLACK ENAMEL FLOWER RING,9.14,0.3046666666666667,7.36,8,4.27,12.0,109.68,74.0
BLACK ENCHANTED FOREST PLACEMAT,45.0,1.5,48.37,54,21.0,75.0,540.0,164.0
BLACK FEATHER CHRISTMAS DECORATION,19.2,0.64,19.59,22,8.96,31.0,230.39999999999998,107.0
BLACK FINE BEAD NECKLACE W TASSEL,1.0,0.03333333333333333,,0,0.47,0.0,12.0,24.0
BLACK FLOWER CANDLE PLATE,3.5,0.11666666666666667,3.54,4,1.63,6.0,42.0,46.0
BLACK GEMSTONE BRACELET,1.5,0.05,0.71,1,0.7,2.0,18.0,30.0
BLACK GEMSTONE NECKLACE 45CM,2.0,0.06666666666666667,0.0,0,0.93,1.0,24.0,35.0
BLACK GLASS BRACELET W HEART CHARMS,3.0,0.1,,0,1.4,1.0,36.0,42.0
BLACK GRAND BAROQUE PHOTO FRAME,12.0,0.4,14.17,16,5.6,22.0,144.0,85.0
BLACK HEART CARD HOLDER,372.62,12.420666666666667,553.65,622,173.89,796.0,4471.4400000000005,473.0
BLACK KITCHEN SCALES,38.77,1.2923333333333333,22.16,25,18.09,43.0,465.24,153.0
BLACK LOVE BIRD CANDLE,20.1,0.67,30.81,35,9.38,44.0,241.20000000000002,110.0
BLACK LOVE BIRD T-LIGHT HOLDER,18.12,0.604,37.68,42,8.46,50.0,217.44,104.0
BLACK MEDIUM GLASS CAKE STAND,4.75,0.15833333333333333,4.27,5,2.22,7.0,57.0,53.0
BLACK MINI TAPE MEASURE ,14.36,0.47866666666666663,30.2,34,6.7,41.0,172.32,93.0
BLACK ORANGE SQUEEZER,12.55,0.41833333333333333,9.74,11,5.86,17.0,150.60000000000002,87.0
BLACK PHOTO ALBUM ,15.0,0.5,,0,7.0,7.0,180.0,95.0
BLACK PIRATE TREASURE CHEST,36.42,1.214,45.6,51,17.0,68.0,437.04,148.0
BLACK RECORD COVER FRAME,877.38,29.246,668.7,751,409.44,1160.0,10528.56,726.0
BLACK SIL'T SQU CANDLE PLATE ,8.0,0.26666666666666666,5.66,6,3.73,10.0,96.0,69.0
BLACK SILOUETTE CANDLE PLATE,11.42,0.38066666666666665,6.39,7,5.33,12.0,137.04,83.0
BLACK SMALL GLASS CAKE STAND,15.25,0.5083333333333333,18.41,21,7.12,28.0,183.0,96.0
BLACK SQUARE TABLE CLOCK,19.0,0.6333333333333333,16.84,19,8.87,28.0,228.0,107.0
BLACK STITCHED WALL CLOCK,77.44,2.5813333333333333,78.48,88,36.14,124.0,929.28,216.0
BLACK SWEETHEART BRACELET,6.09,0.20299999999999999,3.96,4,2.84,7.0,73.08,60.0
BLACK TEA TOWEL CLASSIC DESIGN,53.38,1.7793333333333334,40.48,45,24.91,70.0,640.5600000000001,179.0
"BLACK TEA,COFFEE,SUGAR JARS",34.69,1.1563333333333332,27.42,31,16.19,47.0,416.28,144.0
BLACK VINT ART DEC CRYSTAL BRACELET,1.0,0.03333333333333333,,0,0.47,0.0,12.0,24.0
BLACK VINT ART DEC CRYSTAL NECKLACE,1.6,0.05333333333333334,0.55,1,0.75,2.0,19.200000000000003,31.0
BLACK VINTAGE  CRYSTAL EARRINGS,2.2,0.07333333333333333,1.3,1,1.03,2.0,26.400000000000002,36.0
BLACK WINE GLASS,209.0,6.966666666666667,361.92,407,97.53,505.0,2508.0,354.0
BLACK+WHITE NECKLACE W TASSEL,3.25,0.10833333333333334,2.63,3,1.52,5.0,39.0,44.0
BLACK/BLUE POLKADOT UMBRELLA,87.15,2.9050000000000002,65.24,73,40.67,114.0,1045.8000000000002,229.0
BLACK/WHITE GLASS/SILVER BRACELET,2.33,0.07766666666666668,1.53,2,1.09,3.0,27.96,37.0
BLACKCHRISTMAS TREE 30CM,1.0,0.03333333333333333,,0,0.47,0.0,12.0,24.0
BLING KEY RING STAND,3.0,0.1,2.83,3,1.4,4.0,36.0,42.0
BLOND DOLL DOORSTOP,14.38,0.47933333333333333,11.45,13,6.71,20.0,172.56,93.0
BLOSSOM  IMAGES NOTEBOOK SET,45.27,1.5090000000000001,45.96,52,21.13,73.0,543.24,165.0
BLOSSOM IMAGES GIFT WRAP SET,68.27,2.2756666666666665,24.34,27,31.86,59.0,819.24,202.0
BLOSSOM IMAGES SCRAP BOOK SET,1.0,0.03333333333333333,,0,0.47,0.0,12.0,24.0
BLUE  DIAMANTE PEN IN GIFT BOX,7.62,0.254,12.03,14,3.56,18.0,91.44,68.0
BLUE  TILE HOOK,9.44,0.31466666666666665,8.34,9,4.41,13.0,113.28,75.0
BLUE  VOILE LAMPSHADE,10.75,0.35833333333333334,16.73,19,5.02,24.0,129.0,80.0
BLUE & WHITE BREAKFAST TRAY,12.17,0.4056666666666667,13.04,15,5.68,21.0,146.04,85.0
BLUE 3 PIECE POLKADOT CUTLERY SET,234.0,7.8,251.36,282,109.2,391.0,2808.0,375.0
BLUE BIRDHOUSE DECORATION,31.33,1.0443333333333333,37.67,42,14.62,57.0,375.96,137.0
BLUE BLOSSOM HAIR CLIP,12.8,0.4266666666666667,8.23,9,5.97,15.0,153.60000000000002,88.0
BLUE BREAKFAST CUP AND SAUCER ,1.33,0.044333333333333336,0.58,1,0.62,2.0,15.96,28.0
BLUE BUNNY EASTER EGG BASKET,78.5,2.6166666666666667,92.63,104,36.63,141.0,942.0,217.0
BLUE CALCULATOR RULER,35.54,1.1846666666666665,67.79,76,16.59,93.0,426.48,146.0
BLUE CAT BISCUIT BARREL PINK HEART,14.25,0.475,10.9,12,6.65,19.0,171.0,92.0
BLUE CHARLIE+LOLA PERSONAL DOORSIGN,88.73,2.957666666666667,76.67,86,41.41,127.0,1064.76,231.0
BLUE CHECK BAG W HANDLE 34X20CM,8.5,0.2833333333333333,7.78,9,3.97,13.0,102.0,71.0
BLUE CHENILLE SHAGGY CUSHION COVER ,6.14,0.20466666666666666,6.34,7,2.87,10.0,73.67999999999999,61.0
BLUE CIRCLES DESIGN MONKEY DOLL,7.0,0.23333333333333334,5.57,6,3.27,9.0,84.0,65.0
BLUE CIRCLES DESIGN TEDDY,5.2,0.17333333333333334,4.8,5,2.43,7.0,62.400000000000006,56.0
BLUE CLIMBING HYDRANGA ART FLOWER,19.0,0.6333333333333333,24.04,27,8.87,36.0,228.0,107.0
BLUE COAT RACK PARIS FASHION,32.92,1.0973333333333335,34.51,39,15.36,54.0,395.04,141.0
BLUE CRUSOE CHECK LAMPSHADE,4.5,0.15,4.95,6,2.1,8.0,54.0,52.0
BLUE CUSHION COVER WITH FLOWER,7.25,0.24166666666666667,5.74,6,3.38,9.0,87.0,66.0
BLUE DAISY MOBILE,21.5,0.7166666666666667,22.9,26,10.03,36.0,258.0,114.0
BLUE DELPHINIUM ARTIFICIAL FLOWER,19.8,0.66,17.44,20,9.24,29.0,237.60000000000002,109.0
BLUE DINER WALL CLOCK,69.77,2.3256666666666663,32.35,36,32.56,69.0,837.24,205.0
BLUE DISCO HANDBAG,4.43,0.14766666666666667,3.95,4,2.07,6.0,53.16,52.0
BLUE DRAGONFLY HELICOPTER,5.88,0.196,5.41,6,2.74,9.0,70.56,59.0
BLUE DRAWER KNOB ACRYLIC EDWARDIAN,121.08,4.036,72.2,81,56.5,138.0,1452.96,270.0
BLUE EASTER EGG HUNT START POST,4.5,0.15,0.71,1,2.1,3.0,54.0,52.0
BLUE EGG  SPOON,132.15,4.405,87.15,98,61.67,160.0,1585.8000000000002,282.0
BLUE FELT EASTER EGG BASKET,87.5,2.9166666666666665,38.34,43,40.83,84.0,1050.0,229.0
BLUE FELT HANGING HEART WITH FLOWER,6.0,0.2,,0,2.8,3.0,72.0,60.0
BLUE FLOCK CUSHION COVER ,3.0,0.1,1.41,2,1.4,3.0,36.0,42.0
BLUE FLOCK GLASS CANDLEHOLDER,80.5,2.683333333333333,108.17,122,37.57,160.0,966.0,220.0
BLUE FLOWER DES PURSE,11.0,0.36666666666666664,12.52,14,5.13,19.0,132.0,81.0
BLUE FLY SWAT,11.25,0.375,14.42,16,5.25,21.0,135.0,82.0
BLUE GEISHA GIRL ,3.33,0.111,2.25,3,1.55,5.0,39.96,45.0
BLUE GIANT GARDEN THERMOMETER,38.82,1.294,29.67,33,18.12,51.0,465.84000000000003,153.0
BLUE GINGHAM ROSE CUSHION COVER,2.0,0.06666666666666667,,0,0.93,1.0,24.0,35.0
BLUE GLASS CHUNKY CHARM BRACELET,2.25,0.075,0.5,1,1.05,2.0,27.0,37.0
BLUE GLASS GEMS IN BAG,47.44,1.5813333333333333,41.79,47,22.14,69.0,569.28,169.0
BLUE GREEN EMBROIDERY COSMETIC BAG,1.5,0.05,0.71,1,0.7,2.0,18.0,30.0
BLUE HANGING GINGHAM EASTER HEN,10.67,0.3556666666666667,5.03,6,4.98,11.0,128.04,80.0
BLUE HAPPY BIRTHDAY BUNTING,150.0,5.0,104.25,117,70.0,187.0,1800.0,300.0
BLUE HARMONICA IN BOX ,571.85,19.061666666666667,318.01,357,266.86,624.0,6862.200000000001,586.0
BLUE HEART COMPACT MIRROR,15.62,0.5206666666666666,16.19,18,7.29,25.0,187.44,97.0
BLUE HOLE PUNCH,2.6,0.08666666666666667,2.51,3,1.21,4.0,31.200000000000003,39.0
BLUE JUICY FRUIT PHOTO FRAME,6.83,0.22766666666666666,5.73,6,3.19,9.0,81.96000000000001,64.0
BLUE KNITTED EGG COSY,37.5,1.25,38.59,43,17.5,60.0,450.0,150.0
BLUE KNITTED HEN ,30.33,1.011,41.53,47,14.15,61.0,363.96,135.0
BLUE LEAVES AND BEADS PHONE CHARM,1.0,0.03333333333333333,,0,0.47,0.0,12.0,24.0
BLUE MONTE CARLO HANDBAG,24.0,0.8,,0,11.2,11.0,288.0,120.0
BLUE MURANO TWIST BRACELET,4.0,0.13333333333333333,3.67,4,1.87,6.0,48.0,49.0
BLUE MURANO TWIST NECKLACE,2.0,0.06666666666666667,0.0,0,0.93,1.0,24.0,35.0
BLUE NETTING STORAGE HANGER,1.6,0.05333333333333334,0.89,1,0.75,2.0,19.200000000000003,31.0
BLUE NEW BAROQUE CANDLESTICK CANDLE,48.78,1.6260000000000001,28.49,32,22.76,55.0,585.36,171.0
BLUE NEW BAROQUE FLOCK CANDLESTICK,1.0,0.03333333333333333,,0,0.47,0.0,12.0,24.0
BLUE ORGANDY ROUND LAMPSHADE W BEA,4.0,0.13333333333333333,4.36,5,1.87,7.0,48.0,49.0
BLUE OWL SOFT TOY,44.45,1.4816666666666667,34.79,39,20.74,60.0,533.4000000000001,163.0
BLUE PADDED SOFT MOBILE,1.0,0.03333333333333333,,0,0.47,0.0,12.0,24.0
BLUE PAINTED KASHMIRI CHAIR,3.0,0.1,,0,1.4,1.0,36.0,42.0
BLUE PAISLEY JOURNAL ,16.69,0.5563333333333333,13.05,15,7.79,23.0,200.28000000000003,100.0
BLUE PAISLEY NOTEBOOK,5.6,0.18666666666666665,4.86,5,2.61,8.0,67.19999999999999,58.0
BLUE PAISLEY POCKET BOOK,26.55,0.885,20.8,23,12.39,35.0,318.6,126.0
BLUE PAISLEY SKETCHBOOK,8.46,0.28200000000000003,4.29,5,3.95,9.0,101.52000000000001,71.0
BLUE PAISLEY TISSUE BOX,60.73,2.0243333333333333,57.95,65,28.34,93.0,728.76,191.0
BLUE PAPER PARASOL ,34.11,1.137,34.04,38,15.92,54.0,409.32,143.0
BLUE PARTY BAGS ,111.62,3.720666666666667,69.87,79,52.09,131.0,1339.44,259.0
BLUE PATCH PURSE PINK HEART,55.33,1.8443333333333334,46.65,52,25.82,78.0,663.96,182.0
BLUE POLKADOT BEAKER ,351.5,11.716666666666667,232.23,261,164.03,425.0,4218.0,459.0
BLUE POLKADOT BOWL,209.92,6.997333333333333,117.73,132,97.96,230.0,2519.04,355.0
BLUE POLKADOT COFFEE MUG,341.17,11.372333333333334,387.38,435,159.21,594.0,4094.04,452.0
BLUE POLKADOT CUP,242.77,8.092333333333334,200.45,225,113.29,338.0,2913.2400000000002,382.0
BLUE POLKADOT EGG CUP ,203.2,6.7733333333333325,307.98,346,94.83,441.0,2438.3999999999996,349.0
BLUE POLKADOT GARDEN PARASOL,14.8,0.49333333333333335,17.81,20,6.91,27.0,177.60000000000002,94.0
BLUE POLKADOT KIDS BAG,19.0,0.6333333333333333,22.46,25,8.87,34.0,228.0,107.0
BLUE POLKADOT LUGGAGE TAG ,12.5,0.4166666666666667,12.38,14,5.83,20.0,150.0,87.0
BLUE POLKADOT PASSPORT COVER,17.77,0.5923333333333333,22.46,25,8.29,33.0,213.24,103.0
BLUE POLKADOT PLATE ,193.73,6.457666666666666,131.37,148,90.41,238.0,2324.7599999999998,341.0
BLUE POLKADOT PUDDING BOWL,14.5,0.48333333333333334,2.12,2,6.77,9.0,174.0,93.0
BLUE POLKADOT PURSE ,3.0,0.1,2.65,3,1.4,4.0,36.0,42.0
BLUE POLKADOT WASHING UP GLOVES,30.58,1.0193333333333332,15.25,17,14.27,31.0,366.96,135.0
BLUE POLKADOT WRAP,532.69,17.756333333333334,218.04,245,248.59,494.0,6392.280000000001,565.0
BLUE POT PLANT CANDLE ,21.92,0.7306666666666667,27.77,31,10.23,41.0,263.04,115.0
BLUE PUDDING SPOON,84.17,2.8056666666666668,63.56,71,39.28,110.0,1010.04,225.0
BLUE REFECTORY CLOCK ,23.14,0.7713333333333333,13.53,15,10.8,26.0,277.68,118.0
BLUE RETRO KITCHEN WALL CLOCK,17.5,0.5833333333333334,4.95,6,8.17,14.0,210.0,102.0
BLUE ROSE FABRIC MIRROR,40.9,1.3633333333333333,49.1,55,19.09,74.0,490.79999999999995,157.0
BLUE ROSE PATCH PURSE PINK BUTTERFL,10.67,0.3556666666666667,4.51,5,4.98,10.0,128.04,80.0
BLUE ROUND COMPACT MIRROR,22.0,0.7333333333333333,21.98,25,10.27,35.0,264.0,115.0
BLUE SAVANNAH PICNIC HAMPER FOR 2,9.86,0.32866666666666666,14.17,16,4.6,21.0,118.32,77.0
BLUE SCANDINAVIAN PAISLEY WRAP,83.33,2.7776666666666667,34.27,39,38.89,78.0,999.96,224.0
BLUE SCOTTIE DOG W FLOWER PATTERN,13.4,0.44666666666666666,19.48,22,6.25,28.0,160.8,90.0
BLUE SHARK HELICOPTER,2.0,0.06666666666666667,,0,0.93,1.0,24.0,35.0
BLUE SPOT CERAMIC DRAWER KNOB,308.0,10.266666666666667,138.61,156,143.73,300.0,3696.0,430.0
BLUE SQUARE COMPACT MIRROR,10.2,0.33999999999999997,5.89,7,4.76,12.0,122.39999999999999,78.0
BLUE STONES ON WIRE FOR CANDLE,40.4,1.3466666666666667,43.3,49,18.85,68.0,484.79999999999995,156.0
BLUE STRIPE CERAMIC DRAWER KNOB,382.23,12.741000000000001,169.8,191,178.37,369.0,4586.76,479.0
BLUE STRIPES SHOULDER BAG,4.5,0.15,0.71,1,2.1,3.0,54.0,52.0
BLUE SWEETHEART BRACELET,10.0,0.3333333333333333,11.31,13,4.67,18.0,120.0,77.0
BLUE TABLE RUN FLOWER,6.43,0.21433333333333332,8.42,9,3.0,12.0,77.16,62.0
BLUE TEA TOWEL CLASSIC DESIGN,56.0,1.8666666666666667,54.98,62,26.13,88.0,672.0,183.0
BLUE TEATIME PRINT BOWL ,10.0,0.3333333333333333,,0,4.67,5.0,120.0,77.0
BLUE TILED TRAY,2.0,0.06666666666666667,2.0,2,0.93,3.0,24.0,35.0
BLUE TRAVEL FIRST AID KIT,6.8,0.22666666666666666,8.29,9,3.17,12.0,81.6,64.0
BLUE TV TRAY TABLE ,15.2,0.5066666666666666,15.97,18,7.09,25.0,182.39999999999998,95.0
BLUE VICTORIAN FABRIC OVAL BOX,73.73,2.457666666666667,109.95,124,34.41,158.0,884.76,210.0
BLUE VINTAGE SPOT BEAKER,700.14,23.338,710.97,799,326.73,1126.0,8401.68,648.0
BLUE WHITE PLASTIC RINGS LAMPSHADE,2.8,0.09333333333333332,2.05,2,1.31,3.0,33.599999999999994,41.0
BLUE WIRE SPIRAL CANDLE HOLDER,2.75,0.09166666666666666,1.5,2,1.28,3.0,33.0,41.0
BLUE/CREAM STRIPE CUSHION COVER ,47.85,1.595,28.55,32,22.33,54.0,574.2,169.0
BLUE/GREEN SHELL NECKLACE W PENDANT,1.0,0.03333333333333333,,0,0.47,0.0,12.0,24.0
BLUE/NAT SHELL NECKLACE W PENDANT,1.0,0.03333333333333333,,0,0.47,0.0,12.0,24.0
BLUE/YELLOW CERAMIC CANDLE HOLDER,4.0,0.13333333333333333,,0,1.87,2.0,48.0,49.0
BLUE/YELLOW FLOWER DESIGN BIG MUG,3.88,0.12933333333333333,3.0,3,1.81,5.0,46.56,48.0
BOHEMIAN COLLAGE STATIONERY SET,39.25,1.3083333333333333,38.84,44,18.32,62.0,471.0,153.0
BOOM BOX SPEAKER BOYS,13.54,0.4513333333333333,18.46,21,6.32,27.0,162.48,90.0
BOOM BOX SPEAKER GIRLS,37.46,1.2486666666666666,50.82,57,17.48,74.0,449.52,150.0
BOOZE & WOMEN GREETING CARD ,38.08,1.2693333333333332,25.15,28,17.77,46.0,456.96,151.0
BOTANICAL GARDENS WALL CLOCK ,86.33,2.877666666666667,81.0,91,40.29,131.0,1035.96,228.0
BOTANICAL LAVENDER BIRTHDAY CARD,27.92,0.9306666666666668,15.09,17,13.03,30.0,335.04,129.0
BOTANICAL LAVENDER GIFT WRAP ,52.78,1.7593333333333334,26.35,30,24.63,55.0,633.36,178.0
BOTANICAL LILY GIFT WRAP,50.0,1.6666666666666667,55.9,63,23.33,86.0,600.0,173.0
BOTANICAL LILY GREETING CARD,32.82,1.094,12.04,14,15.32,29.0,393.84000000000003,140.0
BOTANICAL ROSE GIFT WRAP,65.91,2.197,40.73,46,30.76,77.0,790.92,199.0
BOTANICAL ROSE GREETING CARD,48.0,1.6,27.71,31,22.4,53.0,576.0,170.0
BOTTLE BAG RETROSPOT ,79.85,2.6616666666666666,100.16,113,37.26,150.0,958.1999999999999,219.0
BOUDOIR SQUARE TISSUE BOX,150.54,5.018,229.4,258,70.25,328.0,1806.48,301.0
BOX OF 24 COCKTAIL PARASOLS,523.69,17.456333333333337,175.87,198,244.39,442.0,6284.280000000001,561.0
BOX OF 6 ASSORTED COLOUR TEASPOONS,22.69,0.7563333333333334,16.58,19,10.59,30.0,272.28000000000003,117.0
BOX OF 6 CHRISTMAS CAKE DECORATIONS,570.67,19.022333333333332,248.55,279,266.31,545.0,6848.039999999999,585.0
BOX OF 6 MINI 50'S CRACKERS,589.83,19.661,490.69,551,275.25,826.0,7077.960000000001,595.0
BOX OF 6 MINI VINTAGE CRACKERS,607.83,20.261000000000003,459.3,516,283.65,800.0,7293.960000000001,604.0
BOX OF 9 PEBBLE CANDLES,37.75,1.2583333333333333,30.79,35,17.62,53.0,453.0,150.0
BOX OF VINTAGE ALPHABET BLOCKS,99.62,3.320666666666667,82.53,93,46.49,139.0,1195.44,244.0
BOX OF VINTAGE JIGSAW BLOCKS ,70.77,2.359,49.03,55,33.03,88.0,849.24,206.0
BOX/12 CHICK & EGG IN BASKET,40.67,1.3556666666666668,31.53,35,18.98,54.0,488.04,156.0
BOYS ALPHABET IRON ON PATCHES,312.0,10.4,48.0,54,145.6,200.0,3744.0,433.0
BOYS VINTAGE TIN SEASIDE BUCKET,92.77,3.0923333333333334,77.04,87,43.29,130.0,1113.24,236.0
BREAD BIN DINER STYLE IVORY,70.58,2.3526666666666665,45.87,52,32.94,85.0,846.96,206.0
BREAD BIN DINER STYLE MINT,33.78,1.1260000000000001,24.8,28,15.76,44.0,405.36,142.0
BREAD BIN DINER STYLE PINK,27.45,0.9149999999999999,14.92,17,12.81,30.0,329.4,128.0
BREAD BIN DINER STYLE RED ,48.15,1.605,23.85,27,22.47,49.0,577.8,170.0
"BREAD BIN, DINER STYLE, IVORY",4.0,0.13333333333333333,,0,1.87,2.0,48.0,49.0
"BREAD BIN, DINER STYLE, MINT",4.0,0.13333333333333333,,0,1.87,2.0,48.0,49.0
BRIGHT BLUES RIBBONS ,53.9,1.7966666666666666,43.35,49,25.15,74.0,646.8,180.0
BROCADE RING PURSE ,1766.38,58.879333333333335,1062.4,1194,824.31,2018.0,21196.56,1029.0
BROCANTE COAT RACK,29.29,0.9763333333333333,29.85,34,13.67,48.0,351.48,133.0
BROCANTE SHELF WITH HOOKS,14.09,0.4696666666666667,10.69,12,6.58,19.0,169.07999999999998,92.0
BROWN  PIRATE TREASURE CHEST ,20.0,0.6666666666666666,28.12,32,9.33,41.0,240.0,110.0
BROWN CHECK CAT DOORSTOP ,21.18,0.706,12.38,14,9.88,24.0,254.16,113.0
BROWN KUKUI COCONUT SEED NECKLACE,18.5,0.6166666666666667,23.04,26,8.63,35.0,222.0,105.0
BUBBLEGUM RING ASSORTED,1698.71,56.623666666666665,747.84,840,792.73,1633.0,20384.52,1010.0
BUFFALO BILL TREASURE BOOK BOX,185.5,6.183333333333334,164.55,185,86.57,272.0,2226.0,334.0
BUFFALO BILL WALL ART ,123.0,4.1,156.98,176,57.4,233.0,1476.0,272.0
BULL DOG BOTTLE OPENER,77.8,2.5933333333333333,44.4,50,36.31,86.0,933.5999999999999,216.0
BULL DOG BOTTLE TOP WALL CLOCK,18.5,0.6166666666666667,8.55,10,8.63,19.0,222.0,105.0
BUNDLE OF 3 ALPHABET EXERCISE BOOKS,410.75,13.691666666666666,116.55,131,191.68,323.0,4929.0,496.0
BUNDLE OF 3 RETRO EXERCISE BOOKS,60.0,2.0,,0,28.0,28.0,720.0,190.0
BUNDLE OF 3 RETRO NOTE BOOKS,264.5,8.816666666666666,109.61,123,123.43,246.0,3174.0,398.0
BUNDLE OF 3 SCHOOL EXERCISE BOOKS  ,209.75,6.991666666666666,116.0,130,97.88,228.0,2517.0,355.0
BUNNY DECORATION MAGIC GARDEN,80.83,2.6943333333333332,76.07,85,37.72,123.0,969.96,220.0
BUNNY EGG BOX,45.75,1.525,29.75,33,21.35,54.0,549.0,166.0
BUNNY EGG GARLAND,82.6,2.753333333333333,66.26,74,38.55,113.0,991.1999999999999,223.0
BUNNY WOODEN PAINTED WITH BIRD ,71.0,2.3666666666666667,69.14,78,33.13,111.0,852.0,206.0
BUNNY WOODEN PAINTED WITH FLOWER ,41.25,1.375,40.6,46,19.25,65.0,495.0,157.0
"BUNTING , SPOTTY ",73.0,2.433333333333333,94.75,106,34.07,140.0,876.0,209.0
BUTTERFLIES STICKERS,47.73,1.591,18.91,21,22.27,43.0,572.76,169.0
BUTTERFLY CROCHET FOOD COVER,11.18,0.37266666666666665,8.67,10,5.22,15.0,134.16,82.0
BUTTERFLY CUSHION COVER,8.0,0.26666666666666666,,0,3.73,4.0,96.0,69.0
BUTTERFLY HAIR BAND,5.33,0.17766666666666667,4.04,5,2.49,7.0,63.96,57.0
BUTTON BOX ,82.46,2.7486666666666664,103.29,116,38.48,154.0,989.52,222.0
BUTTONS AND STRIPES NOTEBOOK ,2.6,0.08666666666666667,2.07,2,1.21,3.0,31.200000000000003,39.0
Bank Charges,1.5,0.05,0.76,1,0.7,2.0,18.0,30.0
CABIN BAG VINTAGE PAISLEY,8.0,0.26666666666666666,7.07,8,3.73,12.0,96.0,69.0
CABIN BAG VINTAGE RETROSPOT,16.0,0.5333333333333333,20.19,23,7.47,30.0,192.0,98.0
CACTI T-LIGHT CANDLES,434.75,14.491666666666667,142.59,160,202.88,363.0,5217.0,511.0
CAKE PLATE LOVEBIRD PINK,26.25,0.875,36.42,41,12.25,53.0,315.0,125.0
CAKE PLATE LOVEBIRD WHITE,63.38,2.1126666666666667,74.43,84,29.58,114.0,760.5600000000001,195.0
CAKE SHOP  STICKER SHEET,9.5,0.31666666666666665,5.32,6,4.43,10.0,114.0,75.0
CAKE STAND 3 TIER MAGIC GARDEN,25.67,0.8556666666666667,16.69,19,11.98,31.0,308.04,124.0
CAKE STAND LACE WHITE,1.0,0.03333333333333333,,0,0.47,0.0,12.0,24.0
CAKE STAND LOVEBIRD 2 TIER PINK,9.54,0.31799999999999995,9.81,11,4.45,15.0,114.47999999999999,76.0
CAKE STAND LOVEBIRD 2 TIER WHITE,17.83,0.5943333333333333,22.28,25,8.32,33.0,213.95999999999998,103.0
CAKE STAND VICTORIAN FILIGREE LARGE,4.0,0.13333333333333333,2.83,3,1.87,5.0,48.0,49.0
CAKE STAND VICTORIAN FILIGREE MED,9.25,0.30833333333333335,8.4,9,4.32,13.0,111.0,74.0
CAKE STAND VICTORIAN FILIGREE SMALL,25.75,0.8583333333333333,26.48,30,12.02,42.0,309.0,124.0
CAKE STAND WHITE TWO TIER LACE,25.38,0.846,23.1,26,11.84,38.0,304.56,123.0
CAKES AND BOWS GIFT  TAPE,78.23,2.607666666666667,108.86,122,36.51,159.0,938.76,217.0
CAKES AND RABBITS DESIGN FLANNEL ,7.12,0.23733333333333334,6.06,7,3.32,10.0,85.44,65.0
"CAKESTAND, 3 TIER, LOVEHEART",2.0,0.06666666666666667,,0,0.93,1.0,24.0,35.0
CALENDAR FAMILY FAVOURITES,15.3,0.51,13.13,15,7.14,22.0,183.60000000000002,96.0
CALENDAR IN SEASON DESIGN,36.77,1.2256666666666667,35.69,40,17.16,57.0,441.24,149.0
CALENDAR PAPER CUT DESIGN,147.33,4.9110000000000005,79.84,90,68.75,159.0,1767.96,297.0
CAMOUFLAGE DESIGN TEDDY,163.0,5.433333333333334,119.82,135,76.07,211.0,1956.0,313.0
CAMOUFLAGE EAR MUFF HEADPHONES,4.44,0.14800000000000002,5.25,6,2.07,8.0,53.28,52.0
CAMOUFLAGE LED TORCH,202.15,6.738333333333333,153.34,172,94.34,266.0,2425.8,348.0
CAMPHOR WOOD PORTOBELLO MUSHROOM,13.36,0.4453333333333333,11.16,13,6.23,19.0,160.32,90.0
CANDLE HOLDER SILVER MADELINE,27.57,0.919,13.95,16,12.87,29.0,330.84000000000003,129.0
CANDLE PLATE LACE WHITE,9.5,0.31666666666666665,10.61,12,4.43,16.0,114.0,75.0
CANDLEHOLDER PINK HANGING HEART,186.0,6.2,75.65,85,86.8,172.0,2232.0,334.0
CANDY HEART HANGING DECORATION,115.0,3.8333333333333335,164.76,185,53.67,239.0,1380.0,263.0
CANDY SHOP  STICKER SHEET,19.44,0.648,19.46,22,9.07,31.0,233.28000000000003,108.0
CANDY SPOT BUNNY,3.5,0.11666666666666667,1.29,1,1.63,3.0,42.0,46.0
CANDY SPOT CUSHION COVER,8.0,0.26666666666666666,2.45,3,3.73,7.0,96.0,69.0
CANDY SPOT EGG WARMER HARE,75.17,2.505666666666667,139.1,156,35.08,191.0,902.04,212.0
CANDY SPOT EGG WARMER RABBIT,55.78,1.8593333333333333,62.47,70,26.03,96.0,669.36,183.0
CANDY SPOT HAND BAG,20.89,0.6963333333333334,24.49,28,9.75,38.0,250.68,112.0
CANDY SPOT HEART DECORATION,9.0,0.3,8.34,9,4.2,13.0,108.0,73.0
CANDY SPOT TEA COSY,27.0,0.9,,0,12.6,13.0,324.0,127.0
CANNABIS LEAF BEAD CURTAIN,18.0,0.6,8.49,10,8.4,18.0,216.0,104.0
CANNISTER VINTAGE LEAF DESIGN,12.0,0.4,,0,5.6,6.0,144.0,85.0
CAPIZ CHANDELIER,1.0,0.03333333333333333,,0,0.47,0.0,12.0,24.0
CARAVAN SQUARE TISSUE BOX,108.08,3.6026666666666665,132.08,148,50.44,198.0,1296.96,255.0
CARD BILLBOARD FONT,387.54,12.918000000000001,144.43,162,180.85,343.0,4650.4800000000005,482.0
CARD BIRTHDAY COWBOY,259.0,8.633333333333333,168.89,190,120.87,311.0,3108.0,394.0
CARD CAT AND TREE ,120.0,4.0,58.79,66,56.0,122.0,1440.0,268.0
CARD CHRISTMAS VILLAGE,395.25,13.175,414.93,466,184.45,650.0,4743.0,487.0
CARD CIRCUS PARADE,237.54,7.918,82.44,93,110.85,204.0,2850.48,378.0
CARD DOG AND BALL ,97.5,3.25,39.13,44,45.5,90.0,1170.0,242.0
CARD DOLLY GIRL ,359.92,11.997333333333334,245.27,276,167.96,444.0,4319.04,465.0
CARD GINGHAM ROSE ,206.0,6.866666666666666,131.67,148,96.13,244.0,2472.0,352.0
CARD HOLDER GINGHAM HEART,60.5,2.0166666666666666,45.53,51,28.23,79.0,726.0,191.0
CARD HOLDER LOVE BIRD LARGE ,73.33,2.4443333333333332,69.72,78,34.22,112.0,879.96,210.0
CARD HOLDER LOVE BIRD SMALL,80.0,2.6666666666666665,95.98,108,37.33,145.0,960.0,219.0
CARD I LOVE LONDON ,254.54,8.484666666666666,168.77,190,118.79,309.0,3054.48,391.0
CARD MOTORBIKE SANTA,429.75,14.325,440.32,495,200.55,696.0,5157.0,508.0
CARD PARTY GAMES ,121.62,4.054,48.1,54,56.76,111.0,1459.44,270.0
CARD PSYCHEDELIC APPLES,139.23,4.641,68.61,77,64.97,142.0,1670.7599999999998,289.0
CARD SUKI BIRTHDAY,142.92,4.763999999999999,73.72,83,66.7,150.0,1715.04,293.0
CARD WEDDING DAY,136.91,4.563666666666666,67.18,75,63.89,139.0,1642.92,287.0
CARDHOLDER GINGHAM CHRISTMAS TREE,53.43,1.781,58.36,66,24.93,91.0,641.16,179.0
CARDHOLDER GINGHAM STAR,40.38,1.346,42.62,48,18.84,67.0,484.56000000000006,156.0
CARDHOLDER HOLLY WREATH METAL,72.29,2.409666666666667,63.43,71,33.74,105.0,867.48,208.0
CARNIVAL BRACELET,5.0,0.16666666666666666,3.46,4,2.33,6.0,60.0,55.0
CAROUSEL DESIGN WASHBAG,5.78,0.19266666666666668,2.39,3,2.7,6.0,69.36,59.0
CAROUSEL PONIES BABY BIB,8.25,0.275,13.18,15,3.85,19.0,99.0,70.0
CARRIAGE,10.31,0.3436666666666667,5.59,6,4.81,11.0,123.72,79.0
CARROT CHARLIE+LOLA COASTER SET,35.5,1.1833333333333333,25.33,28,16.57,45.0,426.0,146.0
CARTOON  PENCIL SHARPENERS,313.33,10.444333333333333,358.36,403,146.22,549.0,3759.96,434.0
CAST IRON HOOK GARDEN FORK,102.6,3.42,138.23,155,47.88,203.0,1231.1999999999998,248.0
CAST IRON HOOK GARDEN TROWEL,75.0,2.5,107.0,120,35.0,155.0,900.0,212.0
CAT AND BIRD WALL ART,270.0,9.0,,0,126.0,126.0,3240.0,402.0
CAT BOWL VINTAGE CREAM,33.15,1.105,15.87,18,15.47,33.0,397.79999999999995,141.0
CAT WITH SUNGLASSES BLANK CARD,5.0,0.16666666666666666,,0,2.33,2.0,60.0,55.0
CD WALL TIDY BLUE OFFICE,48.0,1.6,0.0,0,22.4,22.0,576.0,170.0
CD WALL TIDY RED FLOWERS,32.0,1.0666666666666667,22.09,25,14.93,40.0,384.0,139.0
CERAMIC BIRDHOUSE CRESTED TIT SMALL,24.0,0.8,14.8,17,11.2,28.0,288.0,120.0
CERAMIC BOWL WITH LOVE HEART DESIGN,50.82,1.694,36.07,41,23.72,65.0,609.84,175.0
CERAMIC BOWL WITH STRAWBERRY DESIGN,41.85,1.395,52.62,59,19.53,79.0,502.20000000000005,158.0
CERAMIC CAKE BOWL + HANGING CAKES,51.38,1.7126666666666668,33.47,38,23.98,62.0,616.5600000000001,176.0
CERAMIC CAKE DESIGN SPOTTED MUG,108.0,3.6,72.06,81,50.4,131.0,1296.0,255.0
CERAMIC CAKE DESIGN SPOTTED PLATE,58.23,1.9409999999999998,32.15,36,27.17,63.0,698.76,187.0
CERAMIC CAKE STAND + HANGING CAKES,43.23,1.4409999999999998,28.26,32,20.17,52.0,518.76,161.0
CERAMIC CHERRY CAKE MONEY BANK,157.85,5.261666666666667,139.66,157,73.66,231.0,1894.1999999999998,308.0
CERAMIC HEART FAIRY CAKE MONEY BANK,135.15,4.505,83.19,93,63.07,156.0,1621.8000000000002,285.0
CERAMIC LOVE HEART MONEY BANK,72.1,2.4033333333333333,107.47,121,33.65,155.0,865.1999999999999,208.0
CERAMIC PIRATE CHEST MONEY BANK,61.54,2.0513333333333335,31.78,36,28.72,65.0,738.48,192.0
CERAMIC PLATE STRAWBERRY DESIGN,44.46,1.482,44.96,51,20.75,72.0,533.52,163.0
CERAMIC STRAWBERRY CAKE MONEY BANK,302.08,10.069333333333333,181.88,204,140.97,345.0,3624.96,426.0
CERAMIC STRAWBERRY DESIGN MUG,134.54,4.484666666666667,123.72,139,62.79,202.0,1614.48,284.0
CERAMIC STRAWBERRY MONEY BOX,73.09,2.4363333333333332,134.71,151,34.11,185.0,877.08,209.0
CERAMIC STRAWBERRY TRINKET TRAY,6.11,0.2036666666666667,3.98,4,2.85,7.0,73.32000000000001,61.0
CHALKBOARD KITCHEN ORGANISER,6.0,0.2,,0,2.8,3.0,72.0,60.0
CHAMBRE HOOK,30.75,1.025,23.66,27,14.35,41.0,369.0,136.0
CHAMPAGNE TRAY BLANK CARD,4.0,0.13333333333333333,1.41,2,1.87,4.0,48.0,49.0
CHARLIE & LOLA WASTEPAPER BIN BLUE,59.73,1.9909999999999999,33.73,38,27.87,66.0,716.76,189.0
CHARLIE & LOLA WASTEPAPER BIN FLORA,75.15,2.5050000000000003,41.33,46,35.07,81.0,901.8000000000001,212.0
CHARLIE + LOLA BISCUITS TINS,91.0,3.033333333333333,114.88,129,42.47,171.0,1092.0,234.0
CHARLIE + LOLA RED HOT WATER BOTTLE,50.31,1.677,80.62,91,23.48,114.0,603.72,174.0
CHARLIE AND LOLA CHARLOTTE BAG,14.33,0.4776666666666667,12.5,14,6.69,21.0,171.96,93.0
CHARLIE AND LOLA FIGURES TINS,175.5,5.85,149.43,168,81.9,250.0,2106.0,324.0
CHARLIE AND LOLA TABLE TINS,85.5,2.85,95.17,107,39.9,147.0,1026.0,226.0
CHARLIE LOLA BLUE HOT WATER BOTTLE ,11.75,0.39166666666666666,9.5,11,5.48,16.0,141.0,84.0
CHARLIE+LOLA MY ROOM DOOR SIGN,32.91,1.097,33.33,37,15.36,52.0,394.91999999999996,141.0
CHARLIE+LOLA PINK HOT WATER BOTTLE,44.9,1.4966666666666666,39.45,44,20.95,65.0,538.8,164.0
CHARLIE+LOLA RED HOT WATER BOTTLE ,24.86,0.8286666666666667,29.71,33,11.6,45.0,298.32,122.0
"CHARLIE+LOLA""EXTREMELY BUSY"" SIGN",55.18,1.8393333333333333,63.17,71,25.75,97.0,662.16,182.0
CHARLOTTE BAG ALPHABET  DESIGN,133.33,4.444333333333334,102.63,115,62.22,177.0,1599.96,283.0
CHARLOTTE BAG APPLES DESIGN,782.11,26.070333333333334,369.44,415,364.98,780.0,9385.32,685.0
CHARLOTTE BAG DOLLY GIRL DESIGN,391.15,13.038333333333332,180.9,203,182.54,386.0,4693.799999999999,484.0
CHARLOTTE BAG PINK POLKADOT,562.0,18.733333333333334,270.47,304,262.27,566.0,6744.0,581.0
CHARLOTTE BAG SUKI DESIGN,690.38,23.012666666666668,170.03,191,322.18,513.0,8284.56,644.0
CHARLOTTE BAG VINTAGE ALPHABET ,528.0,17.6,235.74,265,246.4,511.0,6336.0,563.0
CHERRY BLOSSOM  DECORATIVE FLASK,26.08,0.8693333333333333,15.39,17,12.17,29.0,312.96,125.0
CHERRY BLOSSOM CANVAS ART PICTURE,10.25,0.3416666666666667,13.52,15,4.78,20.0,123.0,78.0
CHERRY BLOSSOM DECORATIVE FLASK,36.4,1.2133333333333334,21.92,25,16.99,42.0,436.79999999999995,148.0
CHERRY BLOSSOM LUGGAGE TAG,8.25,0.275,5.5,6,3.85,10.0,99.0,70.0
CHERRY BLOSSOM PASSPORT COVER,11.17,0.37233333333333335,14.75,17,5.21,22.0,134.04,82.0
CHERRY BLOSSOM PURSE,1.0,0.03333333333333333,,0,0.47,0.0,12.0,24.0
CHERRY BLOSSOM TABLE CLOCK ,3.0,0.1,1.41,2,1.4,3.0,36.0,42.0
CHERRY CROCHET FOOD COVER,16.54,0.5513333333333333,14.23,16,7.72,24.0,198.48,100.0
CHERUB HEART DECORATION GOLD,102.71,3.4236666666666666,101.6,114,47.93,162.0,1232.52,248.0
CHERUB HEART DECORATION SILVER ,185.29,6.176333333333333,198.56,223,86.47,309.0,2223.48,333.0
CHEST 7 DRAWER MA CAMPAGNE,3.09,0.103,2.07,2,1.44,3.0,37.08,43.0
CHEST NATURAL WOOD 20 DRAWERS,2.4,0.08,1.96,2,1.12,3.0,28.799999999999997,38.0
CHEST OF DRAWERS GINGHAM HEART ,11.23,0.37433333333333335,9.32,10,5.24,15.0,134.76,82.0
CHICK GREY HOT WATER BOTTLE,119.62,3.9873333333333334,155.56,175,55.82,231.0,1435.44,268.0
CHILDREN'S APRON DOLLY GIRL ,152.46,5.082,69.58,78,71.15,149.0,1829.52,302.0
CHILDREN'S CIRCUS PARADE MUG,91.69,3.0563333333333333,45.86,52,42.79,95.0,1100.28,235.0
CHILDREN'S SPACEBOY MUG,130.08,4.336,72.3,81,60.7,142.0,1560.96,279.0
CHILDRENS APRON APPLES DESIGN,169.31,5.643666666666666,85.58,96,79.01,175.0,2031.72,319.0
CHILDRENS APRON SPACEBOY DESIGN,272.54,9.084666666666667,148.71,167,127.19,294.0,3270.4800000000005,404.0
CHILDRENS CUTLERY CIRCUS PARADE,107.0,3.566666666666667,53.3,60,49.93,110.0,1284.0,253.0
CHILDRENS CUTLERY DOLLY GIRL ,180.89,6.0296666666666665,105.11,118,84.42,202.0,2170.68,329.0
CHILDRENS CUTLERY POLKADOT BLUE,229.45,7.6483333333333325,208.95,235,107.08,342.0,2753.3999999999996,371.0
CHILDRENS CUTLERY POLKADOT GREEN ,153.45,5.114999999999999,75.24,85,71.61,157.0,1841.3999999999999,303.0
CHILDRENS CUTLERY POLKADOT PINK,320.91,10.697000000000001,234.9,264,149.76,414.0,3850.92,439.0
CHILDRENS CUTLERY RETROSPOT RED ,226.55,7.551666666666667,130.54,147,105.72,253.0,2718.6000000000004,369.0
CHILDRENS CUTLERY SPACEBOY ,220.22,7.3406666666666665,102.82,116,102.77,219.0,2642.64,363.0
CHILDRENS DOLLY GIRL MUG,117.15,3.9050000000000002,88.66,100,54.67,155.0,1405.8000000000002,265.0
CHILDRENS GARDEN GLOVES BLUE,98.67,3.289,45.3,51,46.05,97.0,1184.04,243.0
CHILDRENS GARDEN GLOVES PINK,91.6,3.0533333333333332,57.73,65,42.75,108.0,1099.1999999999998,234.0
CHILDRENS SPACEBOY MUG,24.0,0.8,,0,11.2,11.0,288.0,120.0
CHILDRENS TOY COOKING UTENSIL SET,170.0,5.666666666666667,92.79,104,79.33,183.0,2040.0,319.0
CHILDS BREAKFAST SET CIRCUS PARADE,43.46,1.4486666666666668,20.32,23,20.28,43.0,521.52,161.0
CHILDS BREAKFAST SET DOLLY GIRL ,50.54,1.6846666666666665,33.77,38,23.59,62.0,606.48,174.0
CHILDS BREAKFAST SET SPACEBOY ,56.23,1.8743333333333332,27.19,31,26.24,57.0,674.76,184.0
CHILDS GARDEN BRUSH BLUE,55.5,1.85,28.45,32,25.9,58.0,666.0,182.0
CHILDS GARDEN BRUSH PINK,52.86,1.762,26.67,30,24.67,55.0,634.3199999999999,178.0
CHILDS GARDEN FORK BLUE ,71.0,2.3666666666666667,79.22,89,33.13,122.0,852.0,206.0
CHILDS GARDEN FORK PINK,64.92,2.164,59.66,67,30.3,97.0,779.04,197.0
CHILDS GARDEN RAKE BLUE,17.1,0.5700000000000001,17.82,20,7.98,28.0,205.20000000000002,101.0
CHILDS GARDEN RAKE PINK,14.31,0.47700000000000004,14.24,16,6.68,23.0,171.72,93.0
CHILDS GARDEN SPADE BLUE,21.75,0.725,19.94,22,10.15,32.0,261.0,114.0
CHILDS GARDEN SPADE PINK,19.75,0.6583333333333333,18.65,21,9.22,30.0,237.0,109.0
CHILDS GARDEN TROWEL BLUE ,117.5,3.9166666666666665,68.33,77,54.83,132.0,1410.0,266.0
CHILDS GARDEN TROWEL PINK,101.17,3.372333333333333,88.02,99,47.21,146.0,1214.04,246.0
CHILLI LIGHTS,742.31,24.743666666666666,544.66,612,346.41,958.0,8907.72,667.0
CHINESE DRAGON PAPER LANTERNS,552.4,18.413333333333334,622.53,700,257.79,958.0,6628.799999999999,576.0
CHOC TRUFFLE GOLD TRINKET POT ,29.92,0.9973333333333334,18.09,20,13.96,34.0,359.04,134.0
CHOCOLATE 1 WICK MORRIS BOX CANDLE,32.73,1.091,42.63,48,15.27,63.0,392.76,140.0
CHOCOLATE 3 WICK MORRIS BOX CANDLE,79.71,2.6569999999999996,148.28,167,37.2,204.0,956.52,219.0
CHOCOLATE BOX RIBBONS ,121.54,4.051333333333334,73.18,82,56.72,139.0,1458.48,270.0
CHOCOLATE CALCULATOR,60.38,2.0126666666666666,35.89,40,28.18,68.0,724.5600000000001,190.0
CHOCOLATE HOT WATER BOTTLE,396.92,13.230666666666668,444.97,500,185.23,685.0,4763.04,488.0
CHOCOLATE THIS WAY METAL SIGN,279.62,9.320666666666666,140.24,158,130.49,288.0,3355.44,410.0
CHRISTMAS CARD SCREEN PRINT ,148.5,4.95,165.53,186,69.3,255.0,1782.0,298.0
CHRISTMAS CARD SINGING ANGEL,53.14,1.7713333333333334,19.42,22,24.8,47.0,637.6800000000001,179.0
CHRISTMAS CARD STACK OF PRESENTS,136.0,4.533333333333333,158.23,178,63.47,241.0,1632.0,286.0
CHRISTMAS CRAFT HEART STOCKING ,30.0,1.0,,0,14.0,14.0,360.0,134.0
CHRISTMAS CRAFT LITTLE FRIENDS,385.33,12.844333333333333,427.98,481,179.82,661.0,4623.96,481.0
CHRISTMAS CRAFT TREE TOP ANGEL,306.0,10.2,320.21,360,142.8,503.0,3672.0,428.0
CHRISTMAS CRAFT WHITE FAIRY ,439.0,14.633333333333333,444.56,500,204.87,705.0,5268.0,513.0
CHRISTMAS DECOUPAGE CANDLE,455.25,15.175,588.09,661,212.45,873.0,5463.0,523.0
"CHRISTMAS GARLAND STARS,TREES",14.29,0.47633333333333333,13.0,15,6.67,22.0,171.48,93.0
CHRISTMAS GINGHAM HEART,276.0,9.2,357.8,402,128.8,531.0,3312.0,407.0
CHRISTMAS GINGHAM STAR,227.67,7.5889999999999995,234.12,263,106.25,369.0,2732.04,370.0
CHRISTMAS GINGHAM TREE,193.78,6.459333333333333,210.96,237,90.43,327.0,2325.36,341.0
CHRISTMAS HANGING HEART WITH BELL,109.5,3.65,127.99,144,51.1,195.0,1314.0,256.0
CHRISTMAS HANGING SNOWFLAKE,121.5,4.05,126.42,142,56.7,199.0,1458.0,270.0
CHRISTMAS HANGING STAR WITH BELL,589.44,19.648000000000003,983.76,1105,275.07,1380.0,7073.280000000001,595.0
CHRISTMAS HANGING TREE WITH BELL,206.56,6.8853333333333335,308.08,346,96.39,442.0,2478.7200000000003,352.0
CHRISTMAS LIGHTS 10 REINDEER,174.67,5.822333333333333,224.28,252,81.51,334.0,2096.04,324.0
CHRISTMAS LIGHTS 10 SANTAS ,96.83,3.2276666666666665,58.15,65,45.19,110.0,1161.96,241.0
CHRISTMAS LIGHTS 10 VINTAGE BAUBLES,128.0,4.266666666666667,183.52,206,59.73,266.0,1536.0,277.0
CHRISTMAS METAL POSTCARD WITH BELLS,338.0,11.266666666666667,503.57,566,157.73,724.0,4056.0,450.0
CHRISTMAS METAL TAGS ASSORTED ,286.3,9.543333333333333,294.76,331,133.61,465.0,3435.6000000000004,414.0
CHRISTMAS MUSICAL ZINC HEART ,35.0,1.1666666666666667,,0,16.33,16.0,420.0,145.0
CHRISTMAS MUSICAL ZINC STAR,248.17,8.272333333333332,281.55,316,115.81,432.0,2978.04,386.0
CHRISTMAS MUSICAL ZINC TREE,135.83,4.527666666666667,149.89,168,63.39,231.0,1629.96,285.0
CHRISTMAS PUDDING TRINKET POT ,805.0,26.833333333333332,1018.73,1145,375.67,1521.0,9660.0,695.0
CHRISTMAS RETROSPOT ANGEL WOOD,319.71,10.657,287.71,323,149.2,472.0,3836.5199999999995,438.0
CHRISTMAS RETROSPOT HEART WOOD,110.0,3.6666666666666665,,0,51.33,51.0,1320.0,257.0
CHRISTMAS RETROSPOT STAR WOOD,220.0,7.333333333333333,154.1,173,102.67,276.0,2640.0,363.0
CHRISTMAS RETROSPOT TREE WOOD,185.0,6.166666666666667,144.03,162,86.33,248.0,2220.0,333.0
CHRISTMAS STAR WISH LIST CHALKBOARD,470.0,15.666666666666666,350.13,393,219.33,612.0,5640.0,531.0
CHRISTMAS TABLE CANDLE SILVER SPIKE,16.0,0.5333333333333333,,0,7.47,7.0,192.0,98.0
CHRISTMAS TABLE SILVER CANDLE SPIKE,267.67,8.922333333333334,240.11,270,124.91,395.0,3212.04,401.0
CHRISTMAS TOILET ROLL,397.0,13.233333333333333,535.22,601,185.27,786.0,4764.0,488.0
CHRISTMAS TREE DECORATION WITH BELL,114.25,3.808333333333333,75.99,85,53.32,138.0,1371.0,262.0
CHRISTMAS TREE HANGING GOLD,129.33,4.311000000000001,114.41,129,60.35,189.0,1551.96,279.0
CHRISTMAS TREE HANGING SILVER ,124.5,4.15,102.1,115,58.1,173.0,1494.0,273.0
CHRISTMAS TREE HEART DECORATION,166.67,5.555666666666666,125.39,141,77.78,219.0,2000.04,316.0
CHRISTMAS TREE PAINTED ZINC ,456.6,15.22,366.06,411,213.08,624.0,5479.200000000001,523.0
CHRISTMAS TREE STAR DECORATION,189.67,6.322333333333333,134.73,151,88.51,240.0,2276.04,337.0
CHRISTMAS TREE T-LIGHT HOLDER,8.5,0.2833333333333333,5.51,6,3.97,10.0,102.0,71.0
CHRYSANTHEMUM  JOURNAL,7.1,0.23666666666666666,6.44,7,3.31,10.0,85.19999999999999,65.0
CHRYSANTHEMUM NOTEBOOK,8.64,0.28800000000000003,9.5,11,4.03,15.0,103.68,72.0
CHRYSANTHEMUM POCKET BOOK ,5.82,0.194,6.93,8,2.72,11.0,69.84,59.0
CHRYSANTHEMUM SKETCHBOOK ,7.38,0.246,3.43,4,3.44,7.0,88.56,67.0
CHUNKY SILVER NECKLACE PASTEL FLOWE,2.62,0.08733333333333333,1.77,2,1.22,3.0,31.44,40.0
CINAMMON & ORANGE WREATH,14.43,0.481,12.23,14,6.73,21.0,173.16,93.0
CINAMMON SET OF 9 T-LIGHTS,61.38,2.0460000000000003,57.73,65,28.64,94.0,736.5600000000001,192.0
CINDERELLA CHANDELIER ,27.5,0.9166666666666666,41.83,47,12.83,60.0,330.0,128.0
CINNAMON SCENTED VOTIVE CANDLE,105.33,3.511,88.37,99,49.15,148.0,1263.96,251.0
CIRCUS PARADE BABY GIFT SET,28.5,0.95,29.64,33,13.3,46.0,342.0,131.0
CIRCUS PARADE CHILDRENS EGG CUP ,80.54,2.6846666666666668,53.77,60,37.59,98.0,966.48,220.0
CIRCUS PARADE LUNCH BOX ,259.62,8.654,144.16,162,121.16,283.0,3115.44,395.0
CITRONELLA CANDLE FLOWERPOT,58.42,1.9473333333333334,58.37,66,27.26,93.0,701.04,187.0
CITRONELLA CANDLE GARDEN POT,83.46,2.7819999999999996,89.25,100,38.95,139.0,1001.52,224.0
CITRUS GARLAND FELT FLOWERS ,15.0,0.5,10.74,12,7.0,19.0,180.0,95.0
CLAM SHELL LARGE,1.67,0.05566666666666666,1.15,1,0.78,2.0,20.04,32.0
CLAM SHELL SMALL ,18.73,0.6243333333333333,11.41,13,8.74,22.0,224.76,106.0
CLASSIC BICYCLE CLIPS ,795.5,26.516666666666666,408.0,458,371.23,829.0,9546.0,691.0
CLASSIC CAFE SUGAR DISPENSER,329.25,10.975,129.64,146,153.65,300.0,3951.0,444.0
CLASSIC CHROME BICYCLE BELL ,818.0,27.266666666666666,565.19,635,381.73,1017.0,9816.0,701.0
CLASSIC CROME BICYCLE BELL ,60.0,2.0,,0,28.0,28.0,720.0,190.0
CLASSIC DIAMANTE EARRINGS JET,6.0,0.2,,0,2.8,3.0,72.0,60.0
CLASSIC DIAMANTE NECKLACE JET,2.0,0.06666666666666667,,0,0.93,1.0,24.0,35.0
CLASSIC FRENCH STYLE BASKET BROWN,24.67,0.8223333333333334,21.08,24,11.51,36.0,296.04,122.0
CLASSIC FRENCH STYLE BASKET GREEN ,36.78,1.226,54.9,62,17.16,79.0,441.36,149.0
CLASSIC FRENCH STYLE BASKET NATURAL,45.55,1.5183333333333333,43.97,49,21.26,70.0,546.5999999999999,165.0
CLASSIC GLASS COOKIE JAR,166.75,5.558333333333334,102.84,116,77.82,194.0,2001.0,316.0
CLASSIC GLASS SWEET JAR,29.75,0.9916666666666667,32.52,37,13.88,51.0,357.0,134.0
CLASSIC METAL BIRDCAGE PLANT HOLDER,71.38,2.3793333333333333,32.14,36,33.31,69.0,856.56,207.0
CLASSIC SUGAR DISPENSER,108.0,3.6,67.88,76,50.4,126.0,1296.0,255.0
CLASSIC WHITE FRAME,11.0,0.36666666666666664,9.38,11,5.13,16.0,132.0,81.0
CLASSICAL ROSE CANDLESTAND,46.75,1.5583333333333333,21.69,24,21.82,46.0,561.0,167.0
CLASSICAL ROSE SMALL VASE,34.5,1.15,15.0,17,16.1,33.0,414.0,144.0
CLASSICAL ROSE TABLE LAMP,3.0,0.1,1.41,2,1.4,3.0,36.0,42.0
CLEAR ACRYLIC FACETED BANGLE,10.0,0.3333333333333333,3.27,4,4.67,9.0,120.0,77.0
CLEAR CRYSTAL STAR PHONE CHARM,9.4,0.31333333333333335,13.5,15,4.39,19.0,112.80000000000001,75.0
CLEAR DRAWER KNOB ACRYLIC EDWARDIAN,442.54,14.751333333333333,148.79,167,206.52,374.0,5310.4800000000005,515.0
CLEAR LOVE BIRD T-LIGHT HOLDER,9.5,0.31666666666666665,5.74,6,4.43,10.0,114.0,75.0
CLEAR MILKSHAKE GLASS,18.0,0.6,11.31,13,8.4,21.0,216.0,104.0
CLEAR STATIONERY BOX SET ,3.0,0.1,1.41,2,1.4,3.0,36.0,42.0
CLOCK MAGNET MUM'S KITCHEN,30.4,1.0133333333333332,44.38,50,14.19,64.0,364.79999999999995,135.0
CLOTHES PEGS RETROSPOT PACK 24 ,647.54,21.584666666666667,248.41,279,302.19,581.0,7770.48,623.0
COCKLE SHELL DISH,24.08,0.8026666666666666,38.51,43,11.24,54.0,288.96,120.0
COCKTAIL SWORDS 50 PIECES,128.57,4.285666666666667,82.74,93,60.0,153.0,1542.84,278.0
COFFEE MUG APPLES DESIGN,213.08,7.102666666666667,149.28,168,99.44,267.0,2556.96,358.0
COFFEE MUG BLUE PAISLEY DESIGN,62.0,2.066666666666667,127.48,143,28.93,172.0,744.0,193.0
COFFEE MUG CAT + BIRD DESIGN,162.92,5.430666666666666,121.51,137,76.03,213.0,1955.04,313.0
COFFEE MUG DOG + BALL DESIGN,111.54,3.7180000000000004,123.79,139,52.05,191.0,1338.48,259.0
COFFEE MUG PEARS  DESIGN,176.0,5.866666666666666,136.32,153,82.13,235.0,2112.0,325.0
COFFEE MUG PINK PAISLEY DESIGN,52.62,1.754,79.24,89,24.56,114.0,631.4399999999999,178.0
COFFEE SCENT PILLAR CANDLE,22.46,0.7486666666666667,18.62,21,10.48,31.0,269.52,116.0
COLOUR GLASS T-LIGHT HOLDER HANGING,1200.85,40.02833333333333,770.91,866,560.4,1426.0,14410.199999999999,849.0
COLOUR GLASS. STAR T-LIGHT HOLDER,514.09,17.136333333333333,363.91,409,239.91,649.0,6169.08,555.0
COLOURED GLASS STAR T-LIGHT HOLDER,498.5,16.616666666666667,30.41,34,232.63,267.0,5982.0,547.0
COLOURFUL FLOWER FRUIT BOWL,2.29,0.07633333333333334,1.6,2,1.07,3.0,27.48,37.0
COLOURING PENCILS BROWN TUBE,332.46,11.081999999999999,269.87,303,155.15,458.0,3989.5199999999995,447.0
COLUMBIAN  CUBE CANDLE ,14.0,0.4666666666666667,20.03,23,6.53,30.0,168.0,92.0
COLUMBIAN CANDLE RECTANGLE,16.0,0.5333333333333333,29.72,33,7.47,40.0,192.0,98.0
COLUMBIAN CANDLE ROUND,33.67,1.1223333333333334,27.73,31,15.71,47.0,404.04,142.0
COLUMBIAN CANDLE ROUND ,16.8,0.56,21.23,24,7.84,32.0,201.60000000000002,100.0
COLUMBIAN CUBE CANDLE,4.67,0.15566666666666668,5.28,6,2.18,8.0,56.04,53.0
CONDIMENT TRAY 4 BOWLS AND 4 SPOONS,2.83,0.09433333333333334,2.99,3,1.32,4.0,33.96,41.0
CONGRATULATIONS BUNTING,4.33,0.14433333333333334,4.16,5,2.02,7.0,51.96,51.0
COOK WITH WINE METAL SIGN ,850.75,28.358333333333334,470.52,529,397.02,926.0,10209.0,714.0
COOKING SET RETROSPOT,13.2,0.44,14.31,16,6.16,22.0,158.39999999999998,89.0
COPPER AND BRASS BAG CHARM,2.0,0.06666666666666667,1.41,2,0.93,3.0,24.0,35.0
COPPER/OLIVE GREEN FLOWER NECKLACE,1.5,0.05,0.58,1,0.7,2.0,18.0,30.0
CORDIAL GLASS JUG,6.2,0.20666666666666667,5.67,6,2.89,9.0,74.4,61.0
CORDIAL JUG,3.0,0.1,1.41,2,1.4,3.0,36.0,42.0
CORONA MEXICAN TRAY,143.0,4.766666666666667,,0,66.73,67.0,1716.0,293.0
COSMETIC BAG VINTAGE ROSE PAISLEY,27.31,0.9103333333333333,32.99,37,12.74,50.0,327.71999999999997,128.0
COSY HOUR CIGAR BOX MATCHES ,98.92,3.2973333333333334,139.23,156,46.16,202.0,1187.04,244.0
COSY HOUR GIANT TUBE MATCHES,98.5,3.283333333333333,72.83,82,45.97,128.0,1182.0,243.0
COSY SLIPPER SHOES LARGE GREEN,16.38,0.5459999999999999,21.27,24,7.64,32.0,196.56,99.0
COSY SLIPPER SHOES SMALL  RED ,5.62,0.18733333333333332,9.15,10,2.62,13.0,67.44,58.0
COSY SLIPPER SHOES SMALL GREEN,15.89,0.5296666666666667,9.88,11,7.42,18.0,190.68,98.0
COTE D'AZURE NECKLACE,1.5,0.05,0.71,1,0.7,2.0,18.0,30.0
COTTON APRON PANTRY DESIGN,55.18,1.8393333333333333,42.18,47,25.75,73.0,662.16,182.0
COWBOYS AND INDIANS BIRTHDAY CARD ,275.46,9.181999999999999,111.66,125,128.55,254.0,3305.5199999999995,407.0
CRACKED GLAZE EARRINGS BROWN,1.0,0.03333333333333333,,0,0.47,0.0,12.0,24.0
CRACKED GLAZE EARRINGS RED,1.0,0.03333333333333333,,0,0.47,0.0,12.0,24.0
CRACKED GLAZE NECKLACE IVORY,3.0,0.1,0.0,0,1.4,1.0,36.0,42.0
CRACKED GLAZE NECKLACE RED,3.0,0.1,0.0,0,1.4,1.0,36.0,42.0
CRAZY DAISY HEART DECORATION,11.92,0.3973333333333333,9.43,11,5.56,17.0,143.04,85.0
CREAM AND PINK FLOWERS PONY ,2.75,0.09166666666666666,2.36,3,1.28,4.0,33.0,41.0
CREAM BUNNY EASTER EGG BASKET,12.5,0.4166666666666667,0.71,1,5.83,7.0,150.0,87.0
CREAM CLIMBING HYDRANGA ART FLOWER,15.0,0.5,12.73,14,7.0,21.0,180.0,95.0
CREAM CUPID HEARTS COAT HANGER,147.54,4.918,105.36,118,68.85,187.0,1770.48,298.0
CREAM DELPHINIUM ARTIFICIAL FLOWER,10.0,0.3333333333333333,7.33,8,4.67,13.0,120.0,77.0
CREAM FELT EASTER EGG BASKET,229.0,7.633333333333334,157.31,177,106.87,284.0,2748.0,371.0
CREAM HANGING HEART T-LIGHT HOLDER,57.0,1.9,,0,26.6,27.0,684.0,185.0
CREAM HEART CARD HOLDER,630.38,21.012666666666668,548.96,617,294.18,911.0,7564.5599999999995,615.0
CREAM SLICE FLANNEL CHOCOLATE SPOT ,19.3,0.6433333333333333,25.05,28,9.01,37.0,231.60000000000002,108.0
CREAM SLICE FLANNEL PINK SPOT ,70.0,2.3333333333333335,76.97,86,32.67,119.0,840.0,205.0
CREAM SWEETHEART EGG HOLDER,75.0,2.5,54.56,61,35.0,96.0,900.0,212.0
CREAM SWEETHEART LETTER RACK,102.5,3.4166666666666665,125.16,141,47.83,189.0,1230.0,248.0
CREAM SWEETHEART MINI CHEST,131.15,4.371666666666667,69.45,78,61.2,139.0,1573.8000000000002,281.0
CREAM SWEETHEART WALL CABINET,3.5,0.11666666666666667,3.54,4,1.63,6.0,42.0,46.0
CREAM WALL PLANTER HEART SHAPED,32.08,1.0693333333333332,25.51,29,14.97,44.0,384.96,139.0
CROCHET BEAR RED/BLUE  KEYRING,5.0,0.16666666666666666,4.58,5,2.33,7.0,60.0,55.0
CROCHET DOG KEYRING,1.0,0.03333333333333333,,0,0.47,0.0,12.0,24.0
CROCHET LILAC/RED BEAR KEYRING,1.0,0.03333333333333333,,0,0.47,0.0,12.0,24.0
CROCHET ROSE DES CLOTHES HANGER,5.0,0.16666666666666666,,0,2.33,2.0,60.0,55.0
CROCHET ROSE PURSE WITH SUEDE BACK,7.78,0.25933333333333336,3.93,4,3.63,8.0,93.36,68.0
CROCHET WHITE RABBIT KEYRING ,10.33,0.3443333333333333,12.1,14,4.82,19.0,123.96000000000001,79.0
CRYSTAL CHANDELIER T-LIGHT HOLDER,3.0,0.1,,0,1.4,1.0,36.0,42.0
CRYSTAL CZECH CROSS PHONE CHARM,9.5,0.31666666666666665,3.54,4,4.43,8.0,114.0,75.0
CRYSTAL DIAMANTE EXPANDABLE RING,8.0,0.26666666666666666,2.83,3,3.73,7.0,96.0,69.0
CRYSTAL DIAMANTE STAR BROOCH,4.33,0.14433333333333334,2.52,3,2.02,5.0,51.96,51.0
CRYSTAL FROG PHONE CHARM,14.17,0.4723333333333333,22.78,26,6.61,33.0,170.04,92.0
CRYSTAL HOOP EARRING FLORAL LEAF,3.0,0.1,4.0,4,1.4,5.0,36.0,42.0
CRYSTAL PAIR HEART HAIR SLIDES,3.6,0.12000000000000001,2.07,2,1.68,4.0,43.2,46.0
CRYSTAL SEA HORSE PHONE CHARM,22.5,0.75,33.37,37,10.5,48.0,270.0,116.0
CRYSTAL STILETTO PHONE CHARM,12.0,0.4,0.0,0,5.6,6.0,144.0,85.0
CRYSTAL STUD EARRINGS ASSORTED COL ,102.0,3.4,89.4,100,47.6,148.0,1224.0,247.0
CRYSTAL STUD EARRINGS CLEAR DISPLAY,81.0,2.7,68.15,77,37.8,115.0,972.0,220.0
CUBIC MUG FLOCK BLUE ON BROWN,21.17,0.7056666666666668,26.53,30,9.88,40.0,254.04000000000002,113.0
CUBIC MUG FLOCK PINK ON BROWN,14.44,0.48133333333333334,10.15,11,6.74,18.0,173.28,93.0
CUBIC MUG PINK POLKADOT,122.25,4.075,134.43,151,57.05,208.0,1467.0,271.0
CUPBOARD 3 DRAWER MA CAMPAGNE,11.15,0.3716666666666667,4.88,5,5.2,10.0,133.8,82.0
CUPCAKE LACE PAPER SET 6,178.54,5.951333333333333,112.2,126,83.32,209.0,2142.48,327.0
CUPID DESIGN SCENTED CANDLES,18.91,0.6303333333333333,20.72,23,8.82,32.0,226.92000000000002,107.0
CUPID SCENTED CANDLE IN GLASS,5.5,0.18333333333333332,4.95,6,2.57,9.0,66.0,57.0
CURIO CABINET LINEN AND LACE ,12.0,0.4,7.21,8,5.6,14.0,144.0,85.0
CURIOUS  IMAGES NOTEBOOK SET,25.86,0.862,19.52,22,12.07,34.0,310.32,125.0
CURIOUS IMAGES GIFT WRAP SET,49.75,1.6583333333333334,38.26,43,23.22,66.0,597.0,173.0
CURIOUS IMAGES SCRAP BOOK SET,3.0,0.1,,0,1.4,1.0,36.0,42.0
CUSHION COVER PINK UNION JACK,9.82,0.32733333333333337,7.03,8,4.58,13.0,117.84,77.0
CUT GLASS HEXAGON T-LIGHT HOLDER,106.0,3.533333333333333,223.09,251,49.47,300.0,1272.0,252.0
CUT GLASS T-LIGHT HOLDER OCTAGON,27.0,0.9,29.12,33,12.6,46.0,324.0,127.0
CUTE BIRD CEATURE SCREEN,11.0,0.36666666666666664,12.73,14,5.13,19.0,132.0,81.0
CUTE CATS TAPE,81.25,2.7083333333333335,108.1,121,37.92,159.0,975.0,221.0
CUTE RABBIT CEATURE SCREEN ,5.5,0.18333333333333332,4.95,6,2.57,9.0,66.0,57.0
DAIRY MAID  PUDDING BOWL,5.0,0.16666666666666666,,0,2.33,2.0,60.0,55.0
DAIRY MAID LARGE MILK JUG,25.15,0.8383333333333333,12.59,14,11.74,26.0,301.79999999999995,123.0
DAIRY MAID STRIPE MUG,158.92,5.297333333333333,134.36,151,74.16,225.0,1907.04,309.0
DAIRY MAID TOASTRACK,58.15,1.9383333333333332,54.59,61,27.14,88.0,697.8,187.0
DAIRY MAID TRADITIONAL TEAPOT ,14.92,0.49733333333333335,5.7,6,6.96,13.0,179.04,95.0
DAISIES  HONEYCOMB GARLAND ,34.92,1.1640000000000001,25.6,29,16.3,45.0,419.04,145.0
DAISY FOLKART HEART DECORATION,10.67,0.3556666666666667,13.14,15,4.98,20.0,128.04,80.0
DAISY GARDEN MARKER,82.92,2.7640000000000002,149.95,169,38.7,208.0,995.04,223.0
DAISY HAIR BAND,9.2,0.30666666666666664,5.63,6,4.29,10.0,110.39999999999999,74.0
DAISY HAIR COMB,6.0,0.2,,0,2.8,3.0,72.0,60.0
DAISY JOURNAL ,7.33,0.24433333333333335,4.56,5,3.42,8.0,87.96000000000001,66.0
DAISY NOTEBOOK ,6.4,0.21333333333333335,6.2,7,2.99,10.0,76.80000000000001,62.0
DAISY SKETCHBOOK ,5.92,0.19733333333333333,7.2,8,2.76,11.0,71.03999999999999,60.0
DANISH ROSE BEDSIDE CABINET,1.86,0.062000000000000006,0.9,1,0.87,2.0,22.32,33.0
DANISH ROSE DECORATIVE PLATE,73.15,2.4383333333333335,99.72,112,34.14,146.0,877.8000000000001,209.0
DANISH ROSE DELUXE COASTER,72.85,2.4283333333333332,91.3,103,34.0,137.0,874.1999999999999,209.0
DANISH ROSE FOLDING CHAIR,37.33,1.2443333333333333,52.88,59,17.42,76.0,447.96,150.0
DANISH ROSE PHOTO FRAME,129.45,4.3149999999999995,127.1,143,60.41,203.0,1553.3999999999999,279.0
DANISH ROSE ROUND SEWING BOX,67.58,2.252666666666667,107.73,121,31.54,153.0,810.96,201.0
DANISH ROSE TRINKET TRAYS,23.73,0.791,34.8,39,11.07,50.0,284.76,119.0
DANISH ROSE UMBRELLA STAND,1.0,0.03333333333333333,0.0,0,0.47,0.0,12.0,24.0
DARK BIRD HOUSE TREE DECORATION,208.5,6.95,217.61,245,97.3,342.0,2502.0,354.0
DECORATION  BUTTERFLY  MAGIC GARDEN,64.14,2.138,63.45,71,29.93,101.0,769.6800000000001,196.0
DECORATION  PINK CHICK MAGIC GARDEN,54.71,1.8236666666666668,57.29,64,25.53,90.0,656.52,181.0
"DECORATION , WOBBLY CHICKEN, METAL ",57.25,1.9083333333333334,48.77,55,26.72,82.0,687.0,185.0
"DECORATION , WOBBLY RABBIT , METAL ",59.6,1.9866666666666668,51.68,58,27.81,86.0,715.2,189.0
"DECORATION HEN ON NEST, HANGING",39.0,1.3,,0,18.2,18.0,468.0,153.0
DECORATION SITTING BUNNY,190.71,6.357,139.11,156,89.0,245.0,2288.52,338.0
DECORATION WHITE CHICK MAGIC GARDEN,80.62,2.6873333333333336,96.24,108,37.62,146.0,967.44,220.0
DECORATION WOBBLY CHICKEN,65.12,2.170666666666667,59.37,67,30.39,97.0,781.44,198.0
DECORATION WOBBLY RABBIT METAL ,94.12,3.1373333333333333,73.43,83,43.92,127.0,1129.44,238.0
DECORATIVE CATS BATHROOM BOTTLE,69.58,2.3193333333333332,91.63,103,32.47,135.0,834.96,204.0
DECORATIVE FLORE BATHROOM BOTTLE,28.3,0.9433333333333334,18.6,21,13.21,34.0,339.6,130.0
DECORATIVE HANGING SHELVING UNIT,2.0,0.06666666666666667,1.0,1,0.93,2.0,24.0,35.0
DECORATIVE PLANT POT WITH FRIEZE,5.83,0.19433333333333333,4.11,5,2.72,8.0,69.96000000000001,59.0
DECORATIVE ROSE BATHROOM BOTTLE,76.67,2.5556666666666668,114.45,129,35.78,165.0,920.04,214.0
DECORATIVE VINTAGE COFFEE  BOX,15.67,0.5223333333333333,13.5,15,7.31,22.0,188.04,97.0
DECORATIVE WICKER HEART LARGE,342.4,11.413333333333332,141.97,160,159.79,320.0,4108.799999999999,453.0
DECORATIVE WICKER HEART MEDIUM,352.2,11.74,241.12,271,164.36,435.0,4226.4,460.0
DECORATIVE WICKER HEART SMALL,298.4,9.946666666666665,159.4,179,139.25,318.0,3580.7999999999997,423.0
"DECOUPAGE,GREETING CARD,",42.0,1.4,21.27,24,19.6,44.0,504.0,159.0
DECROTIVEVINTAGE COFFEE GRINDER BOX,10.0,0.3333333333333333,,0,4.67,5.0,120.0,77.0
DELUXE SEWING KIT ,81.38,2.7126666666666663,71.81,81,37.98,119.0,976.56,221.0
DENIM PATCH PURSE PINK BUTTERFLY,15.56,0.5186666666666667,8.43,9,7.26,16.0,186.72,97.0
DIAMANTE BOW BROOCH BLACK COLOUR,4.0,0.13333333333333333,4.24,5,1.87,7.0,48.0,49.0
DIAMANTE BOW BROOCH GREEN COLOUR,3.0,0.1,2.77,3,1.4,4.0,36.0,42.0
DIAMANTE BOW BROOCH RED COLOUR,4.5,0.15,6.19,7,2.1,9.0,54.0,52.0
DIAMANTE HAIR GRIP PACK/2 BLACK DIA,3.0,0.1,2.65,3,1.4,4.0,36.0,42.0
DIAMANTE HAIR GRIP PACK/2 CRYSTAL,6.0,0.2,,0,2.8,3.0,72.0,60.0
DIAMANTE HAIR GRIP PACK/2 LT ROSE,3.0,0.1,2.65,3,1.4,4.0,36.0,42.0
DIAMANTE HAIR GRIP PACK/2 MONTANA,2.67,0.089,2.89,3,1.25,4.0,32.04,40.0
DIAMANTE HAIR GRIP PACK/2 PERIDOT,6.0,0.2,,0,2.8,3.0,72.0,60.0
DIAMANTE HAIR GRIP PACK/2 RUBY,3.33,0.111,2.52,3,1.55,5.0,39.96,45.0
"DIAMANTE HEART SHAPED WALL MIRROR, ",22.25,0.7416666666666667,52.97,60,10.38,70.0,267.0,116.0
DIAMANTE NECKLACE,2.0,0.06666666666666667,,0,0.93,1.0,24.0,35.0
DIAMANTE NECKLACE BLACK ,2.0,0.06666666666666667,,0,0.93,1.0,24.0,35.0
DIAMANTE NECKLACE GREEN,1.5,0.05,0.71,1,0.7,2.0,18.0,30.0
DIAMANTE NECKLACE PURPLE,1.75,0.058333333333333334,0.5,1,0.82,2.0,21.0,32.0
DIAMANTE RING ASSORTED IN BOX.,168.0,5.6,152.55,171,78.4,249.0,2016.0,317.0
DIAMOND LAS VEGAS NECKLACE 45CM,2.5,0.08333333333333333,0.71,1,1.17,2.0,30.0,39.0
DINOSAUR HEIGHT CHART STICKER SET,13.75,0.4583333333333333,11.76,13,6.42,19.0,165.0,91.0
DINOSAUR KEYRINGS ASSORTED,587.45,19.581666666666667,240.69,270,274.14,544.0,7049.400000000001,594.0
DINOSAUR LUNCH BOX WITH CUTLERY,94.38,3.146,85.85,96,44.04,140.0,1132.56,238.0
DINOSAUR PARTY BAG + STICKER SET,52.62,1.754,41.95,47,24.56,72.0,631.4399999999999,178.0
DINOSAURS  WRITING SET ,45.31,1.5103333333333333,50.07,56,21.14,77.0,543.72,165.0
DISCO BALL CHRISTMAS DECORATION,978.0,32.6,1281.37,1440,456.4,1896.0,11736.0,766.0
DISCO BALL ROTATOR BATTERY OPERATED,18.77,0.6256666666666667,13.85,16,8.76,25.0,225.24,106.0
DO NOT TOUCH MY STUFF DOOR HANGER ,106.91,3.5636666666666668,124.94,140,49.89,190.0,1282.92,253.0
DOCTOR'S BAG SOFT TOY,13.38,0.446,14.48,16,6.24,22.0,160.56,90.0
DOG AND BALL WALL ART,252.0,8.4,,0,117.6,118.0,3024.0,389.0
DOG BOWL CHASING BALL DESIGN,103.15,3.4383333333333335,225.54,253,48.14,301.0,1237.8000000000002,249.0
DOG BOWL VINTAGE CREAM,27.23,0.9076666666666667,9.18,10,12.71,23.0,326.76,128.0
DOG LICENCE WALL ART,204.0,6.8,254.56,286,95.2,381.0,2448.0,350.0
DOG TOY WITH PINK CROCHET SKIRT,13.83,0.461,9.93,11,6.45,17.0,165.96,91.0
DOGGY RUBBER,19.3,0.6433333333333333,15.52,17,9.01,26.0,231.60000000000002,108.0
DOILEY BISCUIT TIN,30.0,1.0,48.0,54,14.0,68.0,360.0,134.0
DOILEY STORAGE TIN,180.33,6.011,210.91,237,84.15,321.0,2163.96,329.0
DOILY THANK YOU CARD,363.5,12.116666666666667,174.66,196,169.63,366.0,4362.0,467.0
DOLLCRAFT BOY JEAN-PAUL ,27.33,0.9109999999999999,38.7,43,12.75,56.0,327.96,128.0
DOLLCRAFT GIRL AMELIE,12.0,0.4,10.58,12,5.6,18.0,144.0,85.0
DOLLCRAFT GIRL AMELIE KIT,22.0,0.7333333333333333,29.46,33,10.27,43.0,264.0,115.0
DOLLCRAFT GIRL NICOLE,22.67,0.7556666666666667,32.33,36,10.58,47.0,272.04,117.0
DOLLY CABINET 2 DRAWERS ,11.0,0.36666666666666664,5.2,6,5.13,11.0,132.0,81.0
DOLLY CABINET 3 DRAWERS ,17.0,0.5666666666666667,11.36,13,7.93,21.0,204.0,101.0
DOLLY GIRL BABY GIFT SET,42.1,1.4033333333333333,34.35,39,19.65,59.0,505.20000000000005,159.0
DOLLY GIRL CHILDRENS BOWL,221.86,7.395333333333334,129.34,145,103.53,249.0,2662.32,365.0
DOLLY GIRL CHILDRENS CUP,221.29,7.376333333333333,128.4,144,103.27,247.0,2655.48,364.0
DOLLY GIRL CHILDRENS EGG CUP,69.62,2.320666666666667,61.55,69,32.49,101.0,835.44,204.0
DOLLY GIRL LUNCH BOX,872.0,29.066666666666666,433.61,487,406.93,894.0,10464.0,723.0
DOLLY GIRL MINI BACKPACK,179.25,5.975,124.47,140,83.65,224.0,2151.0,328.0
DOLLY GIRL MINI RUCKSACK,4.0,0.13333333333333333,0.0,0,1.87,2.0,48.0,49.0
DOLLY GIRL WALL ART,159.0,5.3,216.37,243,74.2,317.0,1908.0,309.0
DOLLY HONEYCOMB GARLAND,49.89,1.663,72.27,81,23.28,104.0,598.6800000000001,173.0
DOLLY MIXTURE CHILDREN'S UMBRELLA,19.62,0.654,17.56,20,9.16,29.0,235.44,108.0
DOLPHIN WINDMILL,1.0,0.03333333333333333,,0,0.47,0.0,12.0,24.0
DONKEY TAIL GAME ,13.5,0.45,15.0,17,6.3,23.0,162.0,90.0
DOOR HANGER  MUM + DADS ROOM,14.38,0.47933333333333333,13.94,16,6.71,23.0,172.56,93.0
DOORKNOB CERAMIC IVORY,36.0,1.2,,0,16.8,17.0,432.0,147.0
DOORKNOB CRACKED GLAZE BLUE,81.0,2.7,97.58,110,37.8,148.0,972.0,220.0
DOORKNOB CRACKED GLAZE GREEN,6.0,0.2,0.0,0,2.8,3.0,72.0,60.0
DOORKNOB CRACKED GLAZE IVORY,60.0,2.0,78.0,88,28.0,116.0,720.0,190.0
DOORKNOB CRACKED GLAZE PINK,6.0,0.2,0.0,0,2.8,3.0,72.0,60.0
DOORMAT 3 SMILEY CATS,85.15,2.8383333333333334,135.43,152,39.74,192.0,1021.8000000000001,226.0
DOORMAT AIRMAIL ,55.54,1.8513333333333333,53.93,61,25.92,87.0,666.48,183.0
DOORMAT BLACK FLOCK ,137.46,4.582,178.0,200,64.15,264.0,1649.52,287.0
DOORMAT CHRISTMAS VILLAGE,94.67,3.155666666666667,204.47,230,44.18,274.0,1136.04,238.0
DOORMAT ENGLISH ROSE ,151.92,5.063999999999999,125.51,141,70.9,212.0,1823.04,302.0
DOORMAT FAIRY CAKE,263.77,8.792333333333334,283.65,319,123.09,442.0,3165.24,398.0
DOORMAT FANCY FONT HOME SWEET HOME,237.54,7.918,197.53,222,110.85,333.0,2850.48,378.0
DOORMAT HEARTS,251.62,8.387333333333334,218.08,245,117.42,362.0,3019.44,389.0
DOORMAT HOME SWEET HOME BLUE ,122.85,4.095,144.74,163,57.33,220.0,1474.1999999999998,271.0
DOORMAT I LOVE LONDON,25.15,0.8383333333333333,32.6,37,11.74,49.0,301.79999999999995,123.0
DOORMAT KEEP CALM AND COME IN,593.56,19.78533333333333,478.33,538,276.99,815.0,7122.719999999999,597.0
DOORMAT MERRY CHRISTMAS RED ,102.33,3.411,114.18,128,47.75,176.0,1227.96,248.0
DOORMAT MULTICOLOUR STRIPE,109.15,3.6383333333333336,130.4,147,50.94,198.0,1309.8000000000002,256.0
DOORMAT NEIGHBOURHOOD WITCH ,19.46,0.6486666666666667,31.06,35,9.08,44.0,233.52,108.0
DOORMAT NEW ENGLAND,286.23,9.541,228.93,257,133.57,391.0,3434.76,414.0
DOORMAT PEACE ON EARTH BLUE,100.0,3.3333333333333335,236.65,266,46.67,313.0,1200.0,245.0
DOORMAT RED RETROSPOT,300.08,10.002666666666666,194.33,218,140.04,358.0,3600.96,424.0
DOORMAT RESPECTABLE HOUSE,56.15,1.8716666666666666,79.64,89,26.2,115.0,673.8,184.0
DOORMAT SPOTTY HOME SWEET HOME,127.85,4.261666666666667,77.79,87,59.66,147.0,1534.1999999999998,277.0
DOORMAT TOPIARY,67.69,2.256333333333333,90.27,101,31.59,133.0,812.28,202.0
DOORMAT UNION FLAG,278.85,9.295,202.03,227,130.13,357.0,3346.2000000000003,409.0
DOORMAT UNION JACK GUNS AND ROSES,89.15,2.9716666666666667,136.11,153,41.6,195.0,1069.8000000000002,231.0
DOORMAT VINTAGE LEAF,108.2,3.606666666666667,54.56,61,50.49,111.0,1298.4,255.0
DOORMAT VINTAGE LEAVES DESIGN ,106.5,3.55,139.69,157,49.7,207.0,1278.0,253.0
DOORMAT WELCOME PUPPIES,156.0,5.2,194.25,218,72.8,291.0,1872.0,306.0
DOORMAT WELCOME SUNRISE,28.67,0.9556666666666668,35.02,39,13.38,52.0,344.04,131.0
DOORMAT WELCOME TO OUR HOME,106.0,3.533333333333333,89.97,101,49.47,150.0,1272.0,252.0
DOORSTOP FOOTBALL DESIGN,12.27,0.409,15.27,17,5.73,23.0,147.24,86.0
DOORSTOP RACING CAR DESIGN,14.75,0.49166666666666664,14.2,16,6.88,23.0,177.0,94.0
DOORSTOP RETROSPOT HEART,116.62,3.8873333333333333,211.27,237,54.42,291.0,1399.44,265.0
DOTCOM POSTAGE,3.2,0.10666666666666667,2.05,2,1.49,3.0,38.400000000000006,44.0
DOTCOMGIFTSHOP TEA TOWEL,12.0,0.4,,0,5.6,6.0,144.0,85.0
DOUBLE CERAMIC PARLOUR HOOK,5.5,0.18333333333333332,3.0,3,2.57,6.0,66.0,57.0
DOUGHNUT LIP GLOSS ,966.2,32.20666666666667,505.45,568,450.89,1019.0,11594.400000000001,761.0
DOVE DECORATION PAINTED ZINC ,207.55,6.918333333333334,347.63,391,96.86,488.0,2490.6000000000004,353.0
DRAGONS BLOOD INCENSE,34.9,1.1633333333333333,12.78,14,16.29,30.0,418.79999999999995,145.0
DRAWER KNOB CERAMIC BLACK,135.29,4.509666666666666,88.28,99,63.14,162.0,1623.48,285.0
DRAWER KNOB CERAMIC IVORY,293.29,9.776333333333334,100.69,113,136.87,250.0,3519.4800000000005,419.0
DRAWER KNOB CERAMIC RED,97.86,3.262,77.22,87,45.67,133.0,1174.32,242.0
DRAWER KNOB CRACKLE GLAZE BLUE,180.83,6.027666666666667,134.09,151,84.39,235.0,2169.96,329.0
DRAWER KNOB CRACKLE GLAZE GREEN,181.71,6.057,87.16,98,84.8,183.0,2180.52,330.0
DRAWER KNOB CRACKLE GLAZE IVORY,347.33,11.577666666666666,202.23,227,162.09,389.0,4167.96,457.0
DRAWER KNOB CRACKLE GLAZE PINK,176.29,5.876333333333333,92.51,104,82.27,186.0,2115.48,325.0
DRAWER KNOB VINTAGE GLASS BALL,45.29,1.5096666666666667,29.73,33,21.14,54.0,543.48,165.0
DRAWER KNOB VINTAGE GLASS HEXAGON,41.0,1.3666666666666667,31.22,35,19.13,54.0,492.0,157.0
DRAWER KNOB VINTAGE GLASS STAR,72.0,2.4,42.71,48,33.6,82.0,864.0,208.0
DROP DIAMANTE EARRINGS BLACK DIAMON,3.5,0.11666666666666667,3.54,4,1.63,6.0,42.0,46.0
DROP DIAMANTE EARRINGS CRYSTAL,4.33,0.14433333333333334,2.89,3,2.02,5.0,51.96,51.0
DROP DIAMANTE EARRINGS GREEN,6.0,0.2,,0,2.8,3.0,72.0,60.0
DROP DIAMANTE EARRINGS PURPLE,3.4,0.11333333333333333,2.88,3,1.59,5.0,40.8,45.0
DROP EARRINGS W FLOWER & LEAF,1.5,0.05,0.71,1,0.7,2.0,18.0,30.0
DUSTY PINK CHRISTMAS TREE 30CM,1.0,0.03333333333333333,,0,0.47,0.0,12.0,24.0
DUSTY PINK CHRISTMAS TREE 60CM,9.0,0.3,,0,4.2,4.0,108.0,73.0
EASTER BUNNY GARLAND OF FLOWERS,131.25,4.375,197.94,222,61.25,283.0,1575.0,281.0
EASTER BUNNY HANGING GARLAND,13.5,0.45,9.04,10,6.3,16.0,162.0,90.0
EASTER BUNNY WITH BASKET ON BACK,21.0,0.7,14.98,17,9.8,27.0,252.0,112.0
EASTER BUNNY WREATH,7.0,0.23333333333333334,5.1,6,3.27,9.0,84.0,65.0
EASTER CRAFT 4 CHICKS ,165.36,5.5120000000000005,264.64,297,77.17,374.0,1984.3200000000002,315.0
EASTER CRAFT IVY WREATH WITH CHICK,1.0,0.03333333333333333,,0,0.47,0.0,12.0,24.0
EASTER DECORATION EGG BUNNY ,69.0,2.3,61.66,69,32.2,101.0,828.0,203.0
EASTER DECORATION HANGING BUNNY,155.08,5.169333333333333,205.52,231,72.37,303.0,1860.96,305.0
EASTER DECORATION NATURAL CHICK,51.4,1.7133333333333334,54.57,61,23.99,85.0,616.8,176.0
EASTER DECORATION SITTING BUNNY,100.6,3.353333333333333,88.02,99,46.95,146.0,1207.1999999999998,246.0
EASTER TIN BUCKET,101.25,3.375,94.37,106,47.25,153.0,1215.0,246.0
EASTER TIN BUNNY BOUQUET,104.55,3.485,98.47,111,48.79,160.0,1254.6,250.0
EASTER TIN CHICKS IN GARDEN,58.4,1.9466666666666665,34.49,39,27.25,66.0,700.8,187.0
EASTER TIN CHICKS PINK DAISY,81.0,2.7,90.11,101,37.8,139.0,972.0,220.0
EASTER TIN KEEPSAKE,154.43,5.147666666666667,130.83,147,72.07,219.0,1853.16,304.0
EASTER TREE YELLOW BIRDS,18.17,0.6056666666666667,16.13,18,8.48,26.0,218.04000000000002,104.0
EAU DE NIL LOVE BIRD CANDLE,30.55,1.0183333333333333,55.31,62,14.26,76.0,366.6,135.0
EAU DE NILE HEART SHAPE PHOTO FRAME,33.89,1.1296666666666666,49.86,56,15.82,72.0,406.68,143.0
EAU DE NILE JEWELLED PHOTOFRAME,22.85,0.7616666666666667,61.97,70,10.66,81.0,274.20000000000005,117.0
EAU DE NILE JEWELLED T-LIGHT HOLDER,10.71,0.35700000000000004,9.5,11,5.0,16.0,128.52,80.0
ECONOMY HOLIDAY PURSE,1.33,0.044333333333333336,0.58,1,0.62,2.0,15.96,28.0
ECONOMY LUGGAGE TAG,7.92,0.264,5.3,6,3.7,10.0,95.03999999999999,69.0
EDWARDIAN DROP EARRINGS JET BLACK,2.0,0.06666666666666667,1.41,2,0.93,3.0,24.0,35.0
EDWARDIAN HEART PHOTO FRAME,18.38,0.6126666666666666,10.98,12,8.58,21.0,220.56,105.0
EDWARDIAN PARASOL BLACK,213.77,7.125666666666667,151.34,170,99.76,270.0,2565.2400000000002,358.0
EDWARDIAN PARASOL NATURAL,294.31,9.810333333333334,169.21,190,137.34,327.0,3531.7200000000003,420.0
EDWARDIAN PARASOL PINK,59.15,1.9716666666666667,36.81,41,27.6,69.0,709.8,188.0
EDWARDIAN PARASOL RED,125.38,4.179333333333333,68.18,77,58.51,136.0,1504.56,274.0
EDWARDIAN PHOTO FRAME,9.89,0.32966666666666666,6.33,7,4.62,12.0,118.68,77.0
EGG CUP HENRIETTA HEN CREAM ,193.33,6.444333333333334,51.08,57,90.22,147.0,2319.96,341.0
EGG CUP HENRIETTA HEN PINK,62.33,2.0776666666666666,55.14,62,29.09,91.0,747.96,193.0
EGG CUP MILKMAID HEIDI,262.0,8.733333333333333,94.18,106,122.27,228.0,3144.0,396.0
EGG CUP MILKMAID HELGA ,116.0,3.8666666666666667,81.91,92,54.13,146.0,1392.0,264.0
EGG CUP MILKMAID INGRID,195.67,6.522333333333333,177.0,199,91.31,290.0,2348.04,343.0
EGG CUP NATURAL CHICKEN,64.69,2.1563333333333334,69.5,78,30.19,108.0,776.28,197.0
EGG FRYING PAN BLUE ,21.43,0.7143333333333334,13.73,15,10.0,25.0,257.15999999999997,113.0
EGG FRYING PAN IVORY ,51.29,1.7096666666666667,36.05,41,23.94,65.0,615.48,175.0
EGG FRYING PAN MINT ,24.14,0.8046666666666666,17.65,20,11.27,31.0,289.68,120.0
EGG FRYING PAN PINK ,28.57,0.9523333333333334,20.16,23,13.33,36.0,342.84000000000003,131.0
EGG FRYING PAN RED ,57.86,1.9286666666666668,26.43,30,27.0,57.0,694.3199999999999,186.0
EIGHT PIECE CREEPY CRAWLIE SET,3.0,0.1,2.83,3,1.4,4.0,36.0,42.0
EIGHT PIECE DINOSAUR SET,23.25,0.775,20.81,23,10.85,34.0,279.0,118.0
EIGHT PIECE SNAKE  SET,24.15,0.8049999999999999,22.57,25,11.27,36.0,289.79999999999995,120.0
ELEPHANT BIRTHDAY CARD ,218.4,7.28,178.1,200,101.92,302.0,2620.8,362.0
ELEPHANT CARNIVAL POUFFE,3.8,0.12666666666666665,2.2,2,1.77,4.0,45.599999999999994,48.0
ELEPHANT CLIP W SUCTION CUP,4.0,0.13333333333333333,4.08,5,1.87,7.0,48.0,49.0
"ELEPHANT, BIRTHDAY CARD, ",234.89,7.829666666666666,77.0,87,109.62,197.0,2818.68,375.0
ELVIS WALLHANGING / CURTAIN,16.0,0.5333333333333333,12.17,14,7.47,21.0,192.0,98.0
EMBOSSED GLASS TEALIGHT HOLDER,183.15,6.105,112.72,127,85.47,212.0,2197.8,331.0
EMBOSSED HEART TRINKET BOX,56.25,1.875,42.84,48,26.25,74.0,675.0,184.0
EMBROIDERED RIBBON REEL CLAIRE,73.0,2.433333333333333,72.02,81,34.07,115.0,876.0,209.0
EMBROIDERED RIBBON REEL DAISY ,139.5,4.65,173.12,195,65.1,260.0,1674.0,289.0
EMBROIDERED RIBBON REEL EMILY ,131.5,4.383333333333334,129.29,145,61.37,206.0,1578.0,281.0
EMBROIDERED RIBBON REEL RACHEL ,89.5,2.9833333333333334,126.03,142,41.77,184.0,1074.0,232.0
EMBROIDERED RIBBON REEL REBECCA ,78.0,2.6,93.13,105,36.4,141.0,936.0,216.0
EMBROIDERED RIBBON REEL ROSIE,121.25,4.041666666666667,167.77,189,56.58,246.0,1455.0,270.0
EMBROIDERED RIBBON REEL RUBY ,41.5,1.3833333333333333,43.47,49,19.37,68.0,498.0,158.0
EMBROIDERED RIBBON REEL SALLY ,114.5,3.816666666666667,103.95,117,53.43,170.0,1374.0,262.0
EMBROIDERED RIBBON REEL SOPHIE  ,73.0,2.433333333333333,95.73,108,34.07,142.0,876.0,209.0
EMBROIDERED RIBBON REEL SUSIE ,139.0,4.633333333333334,178.38,200,64.87,265.0,1668.0,289.0
EMERGENCY FIRST AID TIN ,68.46,2.2819999999999996,43.33,49,31.95,81.0,821.52,203.0
EMPIRE BIRTHDAY CARD,87.92,2.9306666666666668,37.97,43,41.03,84.0,1055.04,230.0
EMPIRE DESIGN ROSETTE,423.6,14.120000000000001,1252.67,1408,197.68,1606.0,5083.200000000001,504.0
EMPIRE GIFT WRAP,261.54,8.718,142.75,160,122.05,282.0,3138.4800000000005,396.0
EMPIRE TISSUE BOX,149.62,4.987333333333334,202.92,228,69.82,298.0,1795.44,300.0
EMPIRE UNION JACK TV DINNER TRAY,62.38,2.0793333333333335,170.49,192,29.11,221.0,748.5600000000001,193.0
ENAMEL BLUE RIM BISCUIT BIN,14.83,0.49433333333333335,12.09,14,6.92,21.0,177.96,94.0
ENAMEL BLUE RIM COFFEE CONTAINER,18.38,0.6126666666666666,19.7,22,8.58,31.0,220.56,105.0
ENAMEL BLUE RIM TEA CONTAINER,8.0,0.26666666666666666,,0,3.73,4.0,96.0,69.0
ENAMEL BOWL PANTRY,12.0,0.4,0.0,0,5.6,6.0,144.0,85.0
ENAMEL BREAD BIN CREAM,54.85,1.8283333333333334,19.54,22,25.6,48.0,658.2,181.0
ENAMEL COLANDER CREAM,33.38,1.1126666666666667,15.81,18,15.58,34.0,400.56000000000006,142.0
ENAMEL DINNER PLATE PANTRY,12.0,0.4,,0,5.6,6.0,144.0,85.0
ENAMEL FIRE BUCKET CREAM,17.0,0.5666666666666667,8.53,10,7.93,18.0,204.0,101.0
ENAMEL FLOWER JUG CREAM,166.25,5.541666666666667,100.02,112,77.58,190.0,1995.0,316.0
ENAMEL JUG PANTRY,4.0,0.13333333333333333,0.0,0,1.87,2.0,48.0,49.0
ENAMEL MEASURING JUG CREAM,91.77,3.0589999999999997,51.47,58,42.83,101.0,1101.24,235.0
ENAMEL MUG PANTRY,12.0,0.4,,0,5.6,6.0,144.0,85.0
ENAMEL PINK COFFEE CONTAINER,54.82,1.8273333333333333,45.5,51,25.58,77.0,657.84,181.0
ENAMEL PINK TEA CONTAINER,55.57,1.8523333333333334,55.84,63,25.93,89.0,666.84,183.0
ENAMEL WASH BOWL CREAM,50.77,1.6923333333333335,23.39,26,23.69,50.0,609.24,175.0
ENAMEL WATERING CAN CREAM,41.85,1.395,27.76,31,19.53,51.0,502.20000000000005,158.0
ENCHANTED BIRD COATHANGER 5 HOOK,59.62,1.9873333333333332,29.24,33,27.82,61.0,715.4399999999999,189.0
ENCHANTED BIRD PLANT CAGE,25.86,0.862,19.72,22,12.07,34.0,310.32,125.0
ENGLISH ROSE GARDEN SECATEURS,163.17,5.438999999999999,168.34,189,76.15,265.0,1958.04,313.0
ENGLISH ROSE HOT WATER BOTTLE,109.46,3.6486666666666663,130.36,146,51.08,197.0,1313.52,256.0
ENGLISH ROSE METAL WASTE BIN,3.33,0.111,1.97,2,1.55,4.0,39.96,45.0
ENGLISH ROSE NOTEBOOK A6 SIZE,132.67,4.422333333333333,209.19,235,61.91,297.0,1592.04,282.0
ENGLISH ROSE NOTEBOOK A7 SIZE,209.92,6.997333333333333,118.18,133,97.96,231.0,2519.04,355.0
ENGLISH ROSE SCENTED HANGING FLOWER,47.0,1.5666666666666667,78.99,89,21.93,111.0,564.0,168.0
ENGLISH ROSE SCENTED HANGING HEART,4.0,0.13333333333333333,,0,1.87,2.0,48.0,49.0
ENGLISH ROSE SMALL SCENTED FLOWER,15.23,0.5076666666666667,16.04,18,7.11,25.0,182.76,96.0
ENGLISH ROSE SPIRIT LEVEL ,72.92,2.4306666666666668,90.87,102,34.03,136.0,875.04,209.0
ENVELOPE 50 BLOSSOM IMAGES,86.09,2.869666666666667,61.96,70,40.18,110.0,1033.08,227.0
ENVELOPE 50 CURIOUS IMAGES,10.0,0.3333333333333333,8.03,9,4.67,14.0,120.0,77.0
ENVELOPE 50 ROMANTIC IMAGES,3.0,0.1,0.0,0,1.4,1.0,36.0,42.0
ESSENTIAL BALM 3.5g TIN IN ENVELOPE,732.0,24.4,1306.56,1468,341.6,1810.0,8784.0,663.0
ETCHED GLASS COASTER,139.64,4.6546666666666665,167.77,189,65.17,254.0,1675.6799999999998,289.0
EUCALYPTUS & PINECONE  WREATH,44.43,1.481,50.83,57,20.73,78.0,533.16,163.0
FAIRY CAKE BIRTHDAY CANDLE SET,32.92,1.0973333333333335,17.64,20,15.36,35.0,395.04,141.0
FAIRY CAKE DESIGN UMBRELLA,34.25,1.1416666666666666,26.83,30,15.98,46.0,411.0,143.0
FAIRY CAKE FLANNEL ASSORTED COLOUR,775.54,25.851333333333333,1245.28,1399,361.92,1761.0,9306.48,682.0
FAIRY CAKE NOTEBOOK A5 SIZE,23.0,0.7666666666666667,31.11,35,10.73,46.0,276.0,117.0
FAIRY CAKES NOTEBOOK A6 SIZE,97.85,3.2616666666666663,79.63,89,45.66,135.0,1174.1999999999998,242.0
FAIRY CAKES NOTEBOOK A7 SIZE,129.54,4.318,130.61,147,60.45,207.0,1554.48,279.0
FAIRY DREAMS INCENSE ,78.85,2.628333333333333,45.47,51,36.8,88.0,946.1999999999999,218.0
FAIRY SOAP SOAP HOLDER,29.0,0.9666666666666667,20.14,23,13.53,37.0,348.0,132.0
FAIRY TALE COTTAGE NIGHT LIGHT,228.25,7.608333333333333,140.76,158,106.52,265.0,2739.0,370.0
FAIRY TALE COTTAGE NIGHTLIGHT,201.6,6.72,286.05,321,94.08,415.0,2419.2,348.0
FAMILY ALBUM WHITE PICTURE FRAME,82.69,2.756333333333333,47.42,53,38.59,92.0,992.28,223.0
FAMILY PHOTO FRAME CORNICE,64.38,2.146,45.99,52,30.04,82.0,772.56,197.0
FAN BLACK FRAME ,17.88,0.596,29.5,33,8.34,41.0,214.56,104.0
"FANCY FONT BIRTHDAY CARD, ",364.62,12.154,167.25,188,170.16,358.0,4375.4400000000005,468.0
FANCY FONTS BIRTHDAY WRAP,661.54,22.051333333333332,459.58,516,308.72,825.0,7938.48,630.0
FANNY'S REST STOPMETAL SIGN,70.17,2.339,40.8,46,32.75,79.0,842.04,205.0
FAUX FUR CHOCOLATE THROW,6.0,0.2,5.46,6,2.8,9.0,72.0,60.0
FAWN AND MUSHROOM GREETING CARD,36.0,1.2,41.57,47,16.8,64.0,432.0,147.0
FAWN BLUE HOT WATER BOTTLE,225.0,7.5,208.11,234,105.0,339.0,2700.0,367.0
"FEATHER PEN,COAL BLACK",189.38,6.312666666666667,213.92,240,88.38,328.0,2272.56,337.0
"FEATHER PEN,HOT PINK",278.54,9.284666666666668,286.71,322,129.99,452.0,3342.4800000000005,409.0
"FEATHER PEN,LIGHT PINK",148.92,4.9639999999999995,127.2,143,69.5,212.0,1787.04,299.0
FELT EGG COSY BLUE RABBIT ,45.56,1.5186666666666668,57.32,64,21.26,85.0,546.72,165.0
FELT EGG COSY CHICKEN,77.0,2.566666666666667,91.35,103,35.93,139.0,924.0,215.0
FELT EGG COSY LADYBIRD ,42.67,1.4223333333333334,39.72,45,19.91,65.0,512.04,160.0
FELT EGG COSY WHITE RABBIT ,52.0,1.7333333333333334,71.85,81,24.27,105.0,624.0,177.0
FELT FARM ANIMAL CHICKEN,52.4,1.7466666666666666,51.88,58,24.45,82.0,628.8,177.0
FELT FARM ANIMAL HEN,76.8,2.56,87.41,98,35.84,134.0,921.5999999999999,215.0
FELT FARM ANIMAL RABBIT,103.14,3.438,108.98,122,48.13,170.0,1237.68,249.0
FELT FARM ANIMAL SHEEP,47.17,1.5723333333333334,51.25,58,22.01,80.0,566.04,168.0
FELT FARM ANIMAL WHITE BUNNY ,278.6,9.286666666666667,249.0,280,130.01,410.0,3343.2000000000003,409.0
FELT TOADSTOOL  SMALL,41.69,1.3896666666666666,37.96,43,19.46,62.0,500.28,158.0
FELT TOADSTOOL LARGE,49.5,1.65,65.93,74,23.1,97.0,594.0,172.0
FELTCRAFT 6 FLOWER FRIENDS,490.83,16.361,437.1,491,229.05,720.0,5889.96,543.0
FELTCRAFT BOY JEAN-PAUL KIT,35.4,1.18,18.03,20,16.52,37.0,424.79999999999995,146.0
FELTCRAFT BUTTERFLY HEARTS,471.31,15.710333333333333,579.26,651,219.94,871.0,5655.72,532.0
FELTCRAFT CHRISTMAS FAIRY,158.0,5.266666666666667,176.37,198,73.73,272.0,1896.0,308.0
FELTCRAFT CUSHION BUTTERFLY,245.27,8.175666666666666,129.55,146,114.46,260.0,2943.2400000000002,384.0
FELTCRAFT CUSHION OWL,252.62,8.420666666666667,217.0,244,117.89,362.0,3031.44,389.0
FELTCRAFT CUSHION RABBIT,251.5,8.383333333333333,166.72,187,117.37,304.0,3018.0,388.0
FELTCRAFT DOLL EMILY,100.08,3.336,61.19,69,46.7,116.0,1200.96,245.0
FELTCRAFT DOLL MARIA,32.33,1.0776666666666666,18.3,21,15.09,36.0,387.96,139.0
FELTCRAFT DOLL MOLLY,343.77,11.459,650.02,730,160.43,890.0,4125.24,454.0
FELTCRAFT DOLL ROSIE,137.75,4.591666666666667,65.83,74,64.28,138.0,1653.0,287.0
FELTCRAFT GIRL AMELIE KIT,98.7,3.29,57.98,65,46.06,111.0,1184.4,243.0
FELTCRAFT GIRL NICOLE KIT,64.6,2.1533333333333333,37.9,43,30.15,73.0,775.1999999999999,197.0
FELTCRAFT HAIRBAND PINK AND BLUE,61.23,2.041,36.94,42,28.57,71.0,734.76,192.0
FELTCRAFT HAIRBAND PINK AND PURPLE,64.15,2.1383333333333336,58.26,65,29.94,95.0,769.8000000000001,196.0
FELTCRAFT HAIRBAND RED AND BLUE,65.0,2.1666666666666665,58.15,65,30.33,95.0,780.0,197.0
FELTCRAFT HAIRBANDS PINK AND WHITE ,62.92,2.0973333333333333,40.92,46,29.36,75.0,755.04,194.0
FELTCRAFT PRINCESS CHARLOTTE DOLL,171.0,5.7,100.28,113,79.8,193.0,2052.0,320.0
FELTCRAFT PRINCESS LOLA DOLL,151.08,5.0360000000000005,90.77,102,70.5,172.0,1812.96,301.0
FELTCRAFT PRINCESS OLIVIA DOLL,116.46,3.8819999999999997,102.71,115,54.35,169.0,1397.52,264.0
FENG SHUI PILLAR CANDLE,255.15,8.505,352.36,396,119.07,515.0,3061.8,391.0
FILIGREE DIAMANTE EARRINGS,2.0,0.06666666666666667,0.82,1,0.93,2.0,24.0,35.0
FILIGREE HEART BIRD WHITE ,174.62,5.820666666666667,110.57,124,81.49,205.0,2095.44,324.0
FILIGREE HEART BUTTERFLY WHITE ,199.0,6.633333333333334,124.2,140,92.87,233.0,2388.0,346.0
FILIGREE HEART DAISY WHITE,149.88,4.9959999999999996,104.56,117,69.94,187.0,1798.56,300.0
FILIGRIS HEART WITH BUTTERFLY,290.85,9.695,162.87,183,135.73,319.0,3490.2000000000003,418.0
FINE SILVER NECKLACE W PASTEL FLOWE,4.33,0.14433333333333334,4.04,5,2.02,7.0,51.96,51.0
FINE WICKER HEART ,278.67,9.289,202.01,227,130.05,357.0,3344.04,409.0
FIRE POLISHED GLASS BRACELET BLACK,1.0,0.03333333333333333,,0,0.47,0.0,12.0,24.0
FIRE POLISHED GLASS BRACELET GREEN,7.0,0.23333333333333334,7.07,8,3.27,11.0,84.0,65.0
FIRE POLISHED GLASS BRACELET MONTAN,6.0,0.2,,0,2.8,3.0,72.0,60.0
FIRE POLISHED GLASS BRACELET RED,6.0,0.2,,0,2.8,3.0,72.0,60.0
FIRE POLISHED GLASS NECKL BRONZE,3.0,0.1,,0,1.4,1.0,36.0,42.0
FIRE POLISHED GLASS NECKL GOLD,1.0,0.03333333333333333,,0,0.47,0.0,12.0,24.0
FIRST AID TIN,86.85,2.895,50.27,56,40.53,97.0,1042.1999999999998,228.0
FIRST CLASS HOLIDAY PURSE ,3.67,0.12233333333333334,3.06,3,1.71,5.0,44.04,47.0
FIRST CLASS LUGGAGE TAG ,8.08,0.2693333333333333,5.88,7,3.77,11.0,96.96000000000001,70.0
FIRST CLASS PASSPORT COVER ,6.6,0.22,3.95,4,3.08,7.0,79.19999999999999,63.0
FIVE CATS HANGING DECORATION,15.64,0.5213333333333333,9.11,10,7.3,17.0,187.68,97.0
FIVE HEART HANGING DECORATION,30.46,1.0153333333333334,16.67,19,14.21,33.0,365.52,135.0
FLAG OF ST GEORGE ,3.83,0.12766666666666668,4.17,5,1.79,7.0,45.96,48.0
FLAG OF ST GEORGE CAR FLAG,25.0,0.8333333333333334,,0,11.67,12.0,300.0,122.0
FLAG OF ST GEORGE CHAIR,7.4,0.24666666666666667,5.55,6,3.45,9.0,88.80000000000001,67.0
FLAMES SUNGLASSES PINK LENSES,9.4,0.31333333333333335,9.32,10,4.39,14.0,112.80000000000001,75.0
FLOOR CUSHION ELEPHANT CARNIVAL,6.0,0.2,8.63,10,2.8,13.0,72.0,60.0
FLOOR LAMP SHADE WOOD BASE,4.0,0.13333333333333333,2.67,3,1.87,5.0,48.0,49.0
FLORAL BATHROOM SET,2.62,0.08733333333333333,2.13,2,1.22,3.0,31.44,40.0
FLORAL BLUE MONSTER,1.25,0.041666666666666664,0.5,1,0.58,2.0,15.0,27.0
FLORAL FOLK STATIONERY SET,105.08,3.502666666666667,115.99,130,49.04,179.0,1260.96,251.0
FLORAL PINK MONSTER,6.0,0.2,4.65,5,2.8,8.0,72.0,60.0
FLORAL SOFT CAR TOY,5.33,0.17766666666666667,4.59,5,2.49,7.0,63.96,57.0
FLOWER BLUE CLOCK WITH SUCKER,58.5,1.95,77.07,87,27.3,114.0,702.0,187.0
FLOWER BURST SILVER RING CRYSTAL,2.5,0.08333333333333333,2.38,3,1.17,4.0,30.0,39.0
FLOWER FAIRY 5 DRAWER LINERS,12.0,0.4,8.69,10,5.6,16.0,144.0,85.0
FLOWER FAIRY 5 SUMMER DRAW LINERS,6.0,0.2,,0,2.8,3.0,72.0,60.0
FLOWER FAIRY INCENSE BOUQUET,20.33,0.6776666666666666,29.19,33,9.49,42.0,243.95999999999998,110.0
"FLOWER FAIRY,5 SUMMER B'DRAW LINERS",15.0,0.5,9.64,11,7.0,18.0,180.0,95.0
FLOWER GARLAND NECKLACE RED,2.0,0.06666666666666667,1.0,1,0.93,2.0,24.0,35.0
"FLOWER GLASS GARLAND NECKL.36""BLACK",2.75,0.09166666666666666,1.26,1,1.28,2.0,33.0,41.0
"FLOWER GLASS GARLAND NECKL.36""BLUE",3.0,0.1,0.0,0,1.4,1.0,36.0,42.0
"FLOWER GLASS GARLAND NECKL.36""GREEN",2.0,0.06666666666666667,1.41,2,0.93,3.0,24.0,35.0
"FLOWER GLASS GARLD NECKL36""AMETHYST",1.75,0.058333333333333334,1.5,2,0.82,3.0,21.0,32.0
"FLOWER GLASS GARLD NECKL36""TURQUOIS",4.0,0.13333333333333333,,0,1.87,2.0,48.0,49.0
FLOWER PURPLE CLOCK W/SUCKER,1.67,0.05566666666666666,1.15,1,0.78,2.0,20.04,32.0
FLOWER PURPLE CLOCK WITH SUCKER,16.0,0.5333333333333333,,0,7.47,7.0,192.0,98.0
FLOWER SHOP DESIGN MUG,1.0,0.03333333333333333,,0,0.47,0.0,12.0,24.0
FLOWER VINE RAFFIA FOOD COVER,26.0,0.8666666666666667,13.8,16,12.13,28.0,312.0,125.0
FLOWERS  STICKERS,19.18,0.6393333333333333,14.15,16,8.95,25.0,230.16,107.0
FLOWERS CHANDELIER T-LIGHT HOLDER,108.25,3.6083333333333334,217.76,245,50.52,296.0,1299.0,255.0
FLOWERS HANDBAG blue and orange,49.0,1.6333333333333333,,0,22.87,23.0,588.0,171.0
FLOWERS TILE COASTER,99.0,3.3,122.82,138,46.2,184.0,1188.0,244.0
FLOWERS TILE HOOK,11.4,0.38,10.09,11,5.32,16.0,136.8,83.0
FLUTED ANTIQUE CANDLE HOLDER,177.92,5.930666666666666,200.2,225,83.03,308.0,2135.04,327.0
FLYING PIG WATERING CAN,14.38,0.47933333333333333,14.46,16,6.71,23.0,172.56,93.0
FOLDING BUTTERFLY MIRROR HOT PINK ,229.88,7.6626666666666665,129.71,146,107.28,253.0,2758.56,371.0
FOLDING BUTTERFLY MIRROR IVORY ,91.88,3.0626666666666664,59.51,67,42.88,110.0,1102.56,235.0
FOLDING BUTTERFLY MIRROR RED  ,156.5,5.216666666666667,120.95,136,73.03,209.0,1878.0,306.0
FOLDING CAMPING SCISSOR W/KNIF & S,10.0,0.3333333333333333,3.46,4,4.67,9.0,120.0,77.0
FOLDING MIRROR HOT PINK ,78.0,2.6,93.34,105,36.4,141.0,936.0,216.0
FOLDING MIRROR IVORY ,18.0,0.6,,0,8.4,8.0,216.0,104.0
FOLDING MIRROR RED  ,18.0,0.6,,0,8.4,8.0,216.0,104.0
FOLDING SHOE TIDY,1.5,0.05,0.71,1,0.7,2.0,18.0,30.0
FOLDING UMBRELLA BLACKBLUE POLKADOT,10.0,0.3333333333333333,6.94,8,4.67,13.0,120.0,77.0
FOLDING UMBRELLA CHOCOLATE POLKADOT,7.91,0.26366666666666666,4.37,5,3.69,9.0,94.92,69.0
FOLDING UMBRELLA CREAM POLKADOT,13.9,0.4633333333333333,12.5,14,6.49,20.0,166.8,91.0
FOLDING UMBRELLA PINKWHITE POLKADOT,7.64,0.25466666666666665,6.58,7,3.57,11.0,91.67999999999999,68.0
FOLDING UMBRELLA RED/WHITE POLKADOT,17.62,0.5873333333333334,11.44,13,8.22,21.0,211.44,103.0
FOLDING UMBRELLA WHITE/RED POLKADOT,7.82,0.26066666666666666,11.34,13,3.65,17.0,93.84,68.0
"FOLK ART GREETING CARD,pack/12",3.29,0.10966666666666666,3.9,4,1.54,6.0,39.480000000000004,44.0
FOLK ART METAL HEART T-LIGHT HOLDER,20.71,0.6903333333333334,9.27,10,9.66,20.0,248.52,111.0
FOLK ART METAL STAR T-LIGHT HOLDER,42.33,1.411,32.16,36,19.75,56.0,507.96,159.0
FOLK FELT HANGING MULTICOL GARLAND,5.6,0.18666666666666665,1.67,2,2.61,5.0,67.19999999999999,58.0
FOLKART CHRISTMAS TREE T-LIGHT HOLD,13.5,0.45,2.12,2,6.3,8.0,162.0,90.0
FOLKART CLIP ON STARS,156.0,5.2,104.8,118,72.8,191.0,1872.0,306.0
FOLKART HEART NAPKIN RINGS,18.1,0.6033333333333334,20.73,23,8.45,31.0,217.20000000000002,104.0
FOLKART STAR CHRISTMAS DECORATIONS,377.12,12.570666666666666,593.89,667,175.99,843.0,4525.4400000000005,476.0
FOLKART ZINC HEART CHRISTMAS DEC,207.08,6.902666666666667,136.77,154,96.64,251.0,2484.96,352.0
FOLKART ZINC STAR CHRISTMAS DEC,12.0,0.4,,0,5.6,6.0,144.0,85.0
FOOD CONTAINER SET 3 LOVE HEART ,145.38,4.846,89.91,101,67.84,169.0,1744.56,295.0
"FOOD COVER WITH BEADS , SET 2 SIZES",3.0,0.1,,0,1.4,1.0,36.0,42.0
FOOD COVER WITH BEADS SET 2 ,140.0,4.666666666666667,159.45,179,65.33,244.0,1680.0,290.0
FOOD/DRINK SPONGE STICKERS,113.09,3.7696666666666667,109.0,122,52.78,175.0,1357.08,260.0
FOOT STOOL HOME SWEET HOME ,144.67,4.822333333333333,21.94,25,67.51,93.0,1736.04,295.0
FORKED CACTUS CANDLE,9.2,0.30666666666666664,10.5,12,4.29,16.0,110.39999999999999,74.0
FOUR HOOK  WHITE LOVEBIRDS,109.38,3.646,67.06,75,51.04,126.0,1312.56,256.0
FOUR RABBIT EASTER DECORATIONS,16.75,0.5583333333333333,3.5,4,7.82,12.0,201.0,100.0
FRAPPUCINO SCARF KNITTING KIT,28.0,0.9333333333333333,27.6,31,13.07,44.0,336.0,130.0
FREESTYLE CANVAS ART PICTURE,5.86,0.19533333333333333,10.27,12,2.73,15.0,70.32000000000001,59.0
FRENCH BATHROOM SIGN BLUE METAL,106.31,3.5436666666666667,77.67,87,49.61,137.0,1275.72,253.0
FRENCH BLUE METAL DOOR SIGN 0,41.77,1.3923333333333334,21.66,24,19.49,43.0,501.24,158.0
FRENCH BLUE METAL DOOR SIGN 1,80.0,2.6666666666666665,38.08,43,37.33,80.0,960.0,219.0
FRENCH BLUE METAL DOOR SIGN 2,67.23,2.241,34.39,39,31.37,70.0,806.76,201.0
FRENCH BLUE METAL DOOR SIGN 3,57.77,1.9256666666666669,29.41,33,26.96,60.0,693.24,186.0
FRENCH BLUE METAL DOOR SIGN 4,49.77,1.659,30.44,34,23.23,57.0,597.24,173.0
FRENCH BLUE METAL DOOR SIGN 5,57.31,1.9103333333333334,28.79,32,26.74,59.0,687.72,185.0
FRENCH BLUE METAL DOOR SIGN 6,48.23,1.6076666666666666,26.91,30,22.51,53.0,578.76,170.0
FRENCH BLUE METAL DOOR SIGN 7,47.54,1.5846666666666667,21.71,24,22.19,46.0,570.48,169.0
FRENCH BLUE METAL DOOR SIGN 8,44.23,1.4743333333333333,23.71,27,20.64,48.0,530.76,163.0
FRENCH BLUE METAL DOOR SIGN 9,35.69,1.1896666666666667,21.46,24,16.66,41.0,428.28,146.0
FRENCH BLUE METAL DOOR SIGN No,66.08,2.2026666666666666,65.46,74,30.84,105.0,792.96,199.0
FRENCH CARRIAGE LANTERN,16.5,0.55,10.28,12,7.7,20.0,198.0,99.0
FRENCH CHATEAU LARGE FRUIT BOWL ,5.0,0.16666666666666666,1.41,2,2.33,4.0,60.0,55.0
FRENCH CHATEAU LARGE PLATTER ,17.5,0.5833333333333334,19.07,21,8.17,29.0,210.0,102.0
FRENCH CHATEAU OVAL PLATTER,7.5,0.25,7.78,9,3.5,12.0,90.0,67.0
FRENCH CHATEAU SMALL FRUITBOWL,12.0,0.4,1.41,2,5.6,8.0,144.0,85.0
FRENCH ENAMEL CANDLEHOLDER,119.15,3.9716666666666667,78.97,89,55.6,145.0,1429.8000000000002,267.0
FRENCH ENAMEL POT W LID,45.92,1.5306666666666666,55.21,62,21.43,83.0,551.04,166.0
FRENCH ENAMEL UTENSIL HOLDER,18.5,0.6166666666666667,13.44,15,8.63,24.0,222.0,105.0
FRENCH ENAMEL WATER BASIN,22.31,0.7436666666666666,25.82,29,10.41,39.0,267.71999999999997,116.0
FRENCH FLORAL CUSHION COVER ,60.5,2.0166666666666666,66.14,74,28.23,102.0,726.0,191.0
FRENCH GARDEN SIGN BLUE METAL,59.38,1.9793333333333334,31.79,36,27.71,64.0,712.5600000000001,189.0
FRENCH KITCHEN SIGN BLUE METAL,90.46,3.015333333333333,74.49,84,42.21,126.0,1085.52,233.0
FRENCH LATTICE CUSHION COVER ,56.57,1.8856666666666666,21.24,24,26.4,50.0,678.84,184.0
FRENCH LAUNDRY SIGN BLUE METAL,70.69,2.356333333333333,79.17,89,32.99,122.0,848.28,206.0
FRENCH LAVENDER SCENT HEART,81.25,2.7083333333333335,133.74,150,37.92,188.0,975.0,221.0
FRENCH PAISLEY CUSHION COVER,28.33,0.9443333333333332,11.27,13,13.22,26.0,339.96,130.0
FRENCH PAISLEY CUSHION COVER ,45.2,1.5066666666666668,34.77,39,21.09,60.0,542.4000000000001,165.0
FRENCH STYLE EMBOSSED HEART CABINET,2.3,0.07666666666666666,1.42,2,1.07,3.0,27.599999999999998,37.0
FRENCH STYLE STORAGE JAR BONBONS,334.0,11.133333333333333,297.28,334,155.87,490.0,4008.0,448.0
FRENCH STYLE STORAGE JAR CAFE ,247.75,8.258333333333333,245.82,276,115.62,392.0,2973.0,386.0
FRENCH STYLE STORAGE JAR JAM,40.38,1.346,32.41,36,18.84,55.0,484.56000000000006,156.0
FRENCH TOILET SIGN BLUE METAL,98.0,3.2666666666666666,64.18,72,45.73,118.0,1176.0,242.0
FRENCH WC SIGN BLUE METAL,134.92,4.497333333333333,30.39,34,62.96,97.0,1619.04,285.0
FRESHWATER PEARL BRACELET GOLD,1.5,0.05,0.71,1,0.7,2.0,18.0,30.0
FRIDGE MAGNETS LA VIE EN ROSE,91.38,3.046,57.4,65,42.64,108.0,1096.56,234.0
FRIDGE MAGNETS LES ENFANTS ASSORTED,98.54,3.284666666666667,65.43,74,45.99,120.0,1182.48,243.0
FRIDGE MAGNETS US DINER ASSORTED,114.0,3.8,44.17,50,53.2,103.0,1368.0,262.0
FROG CANDLE,7.62,0.254,6.21,7,3.56,11.0,91.44,68.0
FROG KING WATERING CAN,9.0,0.3,,0,4.2,4.0,108.0,73.0
FROG SOCK PUPPET,3.75,0.125,1.71,2,1.75,4.0,45.0,47.0
FROSTED WHITE BASE ,22.9,0.7633333333333333,23.28,26,10.69,37.0,274.79999999999995,117.0
FRUIT SALAD BAG CHARM,5.33,0.17766666666666667,5.77,6,2.49,8.0,63.96,57.0
FRUIT TREE AND BIRDS WALL PLAQUE,2.83,0.09433333333333334,2.56,3,1.32,4.0,33.96,41.0
FRYING PAN BLUE POLKADOT,8.31,0.277,8.85,10,3.88,14.0,99.72,71.0
FRYING PAN PINK POLKADOT,25.08,0.836,20.62,23,11.7,35.0,300.96,123.0
FRYING PAN RED POLKADOT ,1.0,0.03333333333333333,,0,0.47,0.0,12.0,24.0
FRYING PAN RED RETROSPOT,29.46,0.982,22.22,25,13.75,39.0,353.52,133.0
FRYING PAN UNION FLAG,92.31,3.077,48.7,55,43.08,98.0,1107.72,235.0
FULL ENGLISH BREAKFAST PLATE,106.38,3.546,84.73,95,49.64,145.0,1276.56,253.0
FUNKY DIVA PEN,640.62,21.354,303.49,341,298.96,640.0,7687.4400000000005,620.0
FUNKY FLOWER PICNIC BAG FOR 4,1.0,0.03333333333333333,0.0,0,0.47,0.0,12.0,24.0
FUNKY MONKEY CUSHION COVER,24.12,0.804,12.93,15,11.26,26.0,289.44,120.0
FUNKY MONKEY GIFT BAG MEDIUM,32.9,1.0966666666666667,14.96,17,15.35,32.0,394.79999999999995,140.0
FUNKY MONKEY MUG,1.0,0.03333333333333333,,0,0.47,0.0,12.0,24.0
FUNKY WASHING UP GLOVES ASSORTED,74.85,2.4949999999999997,36.41,41,34.93,76.0,898.1999999999999,212.0
FUSCHIA FLOWER PURSE WITH BEADS,26.5,0.8833333333333333,23.24,26,12.37,38.0,318.0,126.0
FUSCHIA RETRO BAR STOOL,3.5,0.11666666666666667,5.0,6,1.63,8.0,42.0,46.0
FUSCHIA TABLE RUN FLOWER ,6.75,0.225,5.62,6,3.15,9.0,81.0,64.0
FUSCHIA VOILE POINTY SHOE DEC,12.12,0.40399999999999997,14.87,17,5.66,23.0,145.44,85.0
GAOLERS KEYS DECORATIVE GARDEN ,71.46,2.3819999999999997,30.55,34,33.35,67.0,857.52,207.0
GARAGE KEY FOB,122.17,4.072333333333334,41.8,47,57.01,104.0,1466.04,271.0
GARDEN METAL SIGN ,26.25,0.875,13.38,15,12.25,27.0,315.0,125.0
GARDEN PATH JOURNAL,19.82,0.6606666666666666,28.8,32,9.25,41.0,237.84,109.0
GARDEN PATH NOTEBOOK ,3.75,0.125,1.26,1,1.75,3.0,45.0,47.0
GARDEN PATH POCKET BOOK,8.62,0.28733333333333333,5.13,6,4.02,10.0,103.44,72.0
GARDEN PATH SKETCHBOOK,8.69,0.28966666666666663,7.22,8,4.06,12.0,104.28,72.0
GARDENERS KNEELING PAD CUP OF TEA ,787.88,26.262666666666668,288.55,324,367.68,692.0,9454.56,688.0
GARDENERS KNEELING PAD KEEP CALM ,967.5,32.25,529.76,595,451.5,1046.0,11610.0,762.0
GARDENIA 1 WICK MORRIS BOXED CANDLE,19.18,0.6393333333333333,24.66,28,8.95,37.0,230.16,107.0
GARDENIA 3 WICK MORRIS BOXED CANDLE,26.3,0.8766666666666667,45.58,51,12.27,63.0,315.6,126.0
GARLAND WITH HEARTS AND BELLS,18.17,0.6056666666666667,23.06,26,8.48,34.0,218.04000000000002,104.0
GARLAND WITH STARS AND BELLS,31.25,1.0416666666666667,28.61,32,14.58,47.0,375.0,137.0
GARLAND WOODEN HAPPY EASTER,149.0,4.966666666666667,244.63,275,69.53,345.0,1788.0,299.0
"GARLAND, MAGIC GARDEN 1.8M",12.0,0.4,,0,5.6,6.0,144.0,85.0
"GARLAND, VINTAGE BELLS",46.0,1.5333333333333334,2.83,3,21.47,24.0,552.0,166.0
GEMSTONE CHANDELIER T-LIGHT HOLDER,19.5,0.65,20.29,23,9.1,32.0,234.0,108.0
GENTLEMAN SHIRT REPAIR KIT ,153.23,5.107666666666666,126.78,142,71.51,214.0,1838.7599999999998,303.0
GEORGIAN TRINKET BOX,15.78,0.526,12.64,14,7.36,21.0,189.35999999999999,97.0
GIANT 50'S CHRISTMAS CRACKER,439.17,14.639000000000001,260.01,292,204.95,497.0,5270.04,513.0
GIANT MEDINA STAMPED METAL BOWL ,2.0,0.06666666666666667,,0,0.93,1.0,24.0,35.0
GIFT BAG BIRTHDAY,58.54,1.9513333333333334,52.55,59,27.32,86.0,702.48,187.0
GIFT BAG LARGE 50'S CHRISTMAS,12.0,0.4,0.0,0,5.6,6.0,144.0,85.0
GIFT BAG LARGE SPOT ,32.0,1.0666666666666667,18.33,21,14.93,36.0,384.0,139.0
GIFT BAG LARGE VINTAGE CHRISTMAS,49.33,1.6443333333333332,34.02,38,23.02,61.0,591.96,172.0
GIFT BAG PSYCHEDELIC APPLES,64.15,2.1383333333333336,37.8,42,29.94,72.0,769.8000000000001,196.0
GIN & TONIC DIET GREETING CARD ,247.46,8.248666666666667,95.59,107,115.48,222.0,2969.52,385.0
GIN + TONIC DIET METAL SIGN,959.92,31.997333333333334,758.59,852,447.96,1300.0,11519.039999999999,759.0
GIN AND TONIC DIET METAL SIGN,237.0,7.9,35.36,40,110.6,151.0,2844.0,377.0
GIN AND TONIC MUG,219.38,7.312666666666667,256.68,288,102.38,390.0,2632.56,363.0
GINGERBREAD MAN COOKIE CUTTER,600.33,20.011000000000003,243.9,274,280.15,554.0,7203.960000000001,600.0
GINGHAM BABUSHKA DOORSTOP,21.0,0.7,31.09,35,9.8,45.0,252.0,112.0
GINGHAM HEART  DOORSTOP RED,55.54,1.8513333333333333,73.85,83,25.92,109.0,666.48,183.0
GINGHAM HEART DECORATION,542.18,18.072666666666667,736.25,827,253.02,1080.0,6506.16,570.0
GINGHAM OVEN GLOVE RED HEART ,1.5,0.05,0.71,1,0.7,2.0,18.0,30.0
GINGHAM RECIPE BOOK BOX,103.25,3.441666666666667,64.58,73,48.18,121.0,1239.0,249.0
GINGHAM ROSE WRAP,260.71,8.690333333333333,142.05,160,121.66,282.0,3128.5199999999995,396.0
GIRAFFE WOODEN RULER,337.27,11.242333333333333,269.42,303,157.39,460.0,4047.24,450.0
GIRLS ALPHABET IRON ON PATCHES ,1386.67,46.22233333333334,1460.74,1642,647.11,2289.0,16640.04,912.0
GIRLS VINTAGE TIN SEASIDE BUCKET,87.77,2.9256666666666664,68.33,77,40.96,118.0,1053.24,229.0
GIRLY PINK TOOL SET,5.0,0.16666666666666666,,0,2.33,2.0,60.0,55.0
GLAMOROUS  MUG,97.62,3.254,126.5,142,45.56,188.0,1171.44,242.0
GLASS  BEURRE DISH,96.62,3.220666666666667,33.79,38,45.09,83.0,1159.44,241.0
GLASS  SONGBIRD STORAGE JAR,23.57,0.7856666666666666,12.26,14,11.0,25.0,282.84000000000003,119.0
GLASS AND BEADS BRACELET IVORY,6.0,0.2,,0,2.8,3.0,72.0,60.0
GLASS AND PAINTED BEADS BRACELET OL,6.0,0.2,,0,2.8,3.0,72.0,60.0
GLASS AND PAINTED BEADS BRACELET TO,6.0,0.2,,0,2.8,3.0,72.0,60.0
GLASS APOTHECARY BOTTLE ELIXIR,114.29,3.8096666666666668,63.5,71,53.34,124.0,1371.48,262.0
GLASS APOTHECARY BOTTLE PERFUME,145.29,4.843,74.89,84,67.8,152.0,1743.48,295.0
GLASS APOTHECARY BOTTLE TONIC,123.71,4.123666666666667,61.49,69,57.73,127.0,1484.52,272.0
GLASS BEAD HOOP EARRINGS AMETHYST,4.0,0.13333333333333333,,0,1.87,2.0,48.0,49.0
GLASS BEAD HOOP EARRINGS BLACK,4.0,0.13333333333333333,,0,1.87,2.0,48.0,49.0
GLASS BEAD HOOP NECKLACE AMETHYST,1.0,0.03333333333333333,0.0,0,0.47,0.0,12.0,24.0
GLASS BEAD HOOP NECKLACE BLACK,2.0,0.06666666666666667,,0,0.93,1.0,24.0,35.0
GLASS BEAD HOOP NECKLACE GREEN,1.5,0.05,0.71,1,0.7,2.0,18.0,30.0
GLASS BEAD HOOP NECKLACE MONTANA,1.0,0.03333333333333333,0.0,0,0.47,0.0,12.0,24.0
GLASS BELL JAR LARGE,2.0,0.06666666666666667,,0,0.93,1.0,24.0,35.0
GLASS BELL JAR SMALL,4.0,0.13333333333333333,,0,1.87,2.0,48.0,49.0
GLASS BON BON JAR,267.0,8.9,158.97,179,124.6,304.0,3204.0,400.0
GLASS BONNE JAM JAR,16.86,0.5619999999999999,14.01,16,7.87,24.0,202.32,101.0
GLASS CAKE COVER AND PLATE,2.0,0.06666666666666667,,0,0.93,1.0,24.0,35.0
GLASS CHALICE BLUE SMALL ,136.0,4.533333333333333,233.34,262,63.47,325.0,1632.0,286.0
GLASS CHALICE GREEN  LARGE ,62.0,2.066666666666667,52.85,59,28.93,88.0,744.0,193.0
GLASS CHALICE GREEN  SMALL ,29.4,0.98,33.08,37,13.72,51.0,352.79999999999995,133.0
GLASS CLOCHE LARGE,54.83,1.8276666666666666,50.16,56,25.59,82.0,657.96,181.0
GLASS CLOCHE SMALL,62.75,2.091666666666667,27.31,31,29.28,60.0,753.0,194.0
GLASS HEART T-LIGHT HOLDER ,218.69,7.289666666666666,87.29,98,102.06,200.0,2624.2799999999997,362.0
GLASS JAR DAISY FRESH COTTON WOOL,41.46,1.3820000000000001,32.81,37,19.35,56.0,497.52,158.0
GLASS JAR DIGESTIVE BISCUITS,39.92,1.3306666666666667,26.19,29,18.63,48.0,479.04,155.0
GLASS JAR ENGLISH CONFECTIONERY,68.15,2.271666666666667,40.61,46,31.8,78.0,817.8000000000001,202.0
GLASS JAR KINGS CHOICE,12.46,0.4153333333333334,7.73,9,5.81,15.0,149.52,86.0
GLASS JAR MARMALADE ,34.92,1.1640000000000001,44.38,50,16.3,66.0,419.04,145.0
GLASS JAR PEACOCK BATH SALTS,26.85,0.895,31.49,35,12.53,48.0,322.20000000000005,127.0
GLASS SONGBIRD STORAGE JAR,3.67,0.12233333333333334,3.79,4,1.71,6.0,44.04,47.0
GLASS SPHERE CANDLE STAND MEDIUM,12.0,0.4,8.4,9,5.6,15.0,144.0,85.0
GLASS STAR FROSTED T-LIGHT HOLDER,38.31,1.2770000000000001,55.15,62,17.88,80.0,459.72,152.0
GLASS TWIST BON BON JAR,9.86,0.32866666666666666,7.34,8,4.6,13.0,118.32,77.0
GLITTER BUTTERFLY CLIPS,77.85,2.5949999999999998,39.58,44,36.33,80.0,934.1999999999999,216.0
GLITTER CHRISTMAS HEART ,264.0,8.8,,0,123.2,123.0,3168.0,398.0
GLITTER CHRISTMAS STAR ,352.14,11.738,513.47,577,164.33,741.0,4225.68,460.0
GLITTER CHRISTMAS TREE,181.6,6.053333333333333,187.57,211,84.75,296.0,2179.2,330.0
GLITTER CHRISTMAS TREE WITH BELLS,123.0,4.1,156.51,176,57.4,233.0,1476.0,272.0
GLITTER HANGING BUTTERFLY STRING,97.31,3.243666666666667,96.63,109,45.41,154.0,1167.72,242.0
GLITTER HEART DECORATION,243.5,8.116666666666667,401.16,451,113.63,565.0,2922.0,382.0
GLITTER HEART GARLAND WITH BELLS ,32.33,1.0776666666666666,44.52,50,15.09,65.0,387.96,139.0
GLITTER SNOW PEAR TREE DECORATION,18.0,0.6,,0,8.4,8.0,216.0,104.0
GLITTER STAR GARLAND WITH BELLS ,37.17,1.239,41.1,46,17.35,63.0,446.04,149.0
GLOW IN DARK DOLPHINS,12.9,0.43,13.69,15,6.02,21.0,154.8,88.0
GOLD APERITIF GLASS,88.0,2.933333333333333,,0,41.07,41.0,1056.0,230.0
GOLD COSMETIC BAG PINK STAR,2.0,0.06666666666666667,,0,0.93,1.0,24.0,35.0
GOLD DIAMANTE STAR BROOCH,2.0,0.06666666666666667,1.0,1,0.93,2.0,24.0,35.0
GOLD EAR MUFF HEADPHONES,3.2,0.10666666666666667,2.94,3,1.49,4.0,38.400000000000006,44.0
GOLD FABRIC MIRROR,23.17,0.7723333333333334,28.92,32,10.81,43.0,278.04,118.0
GOLD FISHING GNOME,4.7,0.15666666666666668,4.19,5,2.19,7.0,56.400000000000006,53.0
GOLD FLOWER CUSHION COVER ,8.0,0.26666666666666666,,0,3.73,4.0,96.0,69.0
GOLD M PEARL  ORBIT NECKLACE,1.6,0.05333333333333334,0.89,1,0.75,2.0,19.200000000000003,31.0
GOLD M.O.P ORBIT BRACELET,1.0,0.03333333333333333,0.0,0,0.47,0.0,12.0,24.0
GOLD M.O.P ORBIT DROP EARRINGS,2.0,0.06666666666666667,1.41,2,0.93,3.0,24.0,35.0
GOLD M.O.P. ORBIT NECKLACE,2.0,0.06666666666666667,,0,0.93,1.0,24.0,35.0
GOLD MINI TAPE MEASURE ,70.62,2.354,172.01,193,32.96,226.0,847.44,206.0
GOLD MUG BONE CHINA TREE OF LIFE,121.5,4.05,101.75,114,56.7,171.0,1458.0,270.0
GOLD PHOTO FRAME,16.9,0.5633333333333332,20.57,23,7.89,31.0,202.79999999999998,101.0
GOLD PRINT PAPER BAG,19.0,0.6333333333333333,,0,8.87,9.0,228.0,107.0
GOLD SCROLL GLASS T-LIGHT HOLDER,16.0,0.5333333333333333,13.27,15,7.47,22.0,192.0,98.0
GOLD STANDING GNOME,11.62,0.3873333333333333,11.78,13,5.42,18.0,139.44,83.0
GOLD TEDDY BEAR,6.0,0.2,5.66,6,2.8,9.0,72.0,60.0
GOLD WASHBAG,4.0,0.13333333333333333,4.24,5,1.87,7.0,48.0,49.0
GOLD WINE GOBLET,54.67,1.8223333333333334,48.06,54,25.51,80.0,656.04,181.0
GOLD/AMBER DROP EARRINGS W LEAF,6.0,0.2,,0,2.8,3.0,72.0,60.0
GOLD/M.O.P PENDANT ORBIT NECKLACE,1.5,0.05,0.55,1,0.7,2.0,18.0,30.0
GOLDIE LOOKING MIRROR,3.2,0.10666666666666667,2.59,3,1.49,4.0,38.400000000000006,44.0
GRAND CHOCOLATECANDLE,446.23,14.874333333333334,290.23,326,208.24,534.0,5354.76,517.0
GRASS HOPPER WOODEN WALL CLOCK ,32.5,1.0833333333333333,60.63,68,15.17,83.0,390.0,140.0
GREEN  DIAMANTE PEN IN GIFT BOX,1.8,0.060000000000000005,1.1,1,0.84,2.0,21.6,33.0
GREEN 3 PIECE POLKADOT CUTLERY SET,209.25,6.975,189.33,213,97.65,311.0,2511.0,354.0
GREEN BIRDHOUSE DECORATION,35.36,1.1786666666666668,36.82,41,16.5,58.0,424.32,146.0
GREEN BITTY LIGHT CHAIN,19.83,0.6609999999999999,30.89,35,9.25,44.0,237.95999999999998,109.0
GREEN CAT FLORAL CUSHION COVER ,3.33,0.111,2.08,2,1.55,4.0,39.96,45.0
GREEN CHRISTMAS TREE CARD HOLDER,131.44,4.381333333333333,207.11,233,61.34,294.0,1577.28,281.0
GREEN CHRISTMAS TREE STRING 20LIGHT,6.83,0.22766666666666666,10.5,12,3.19,15.0,81.96000000000001,64.0
GREEN DRAWER KNOB ACRYLIC EDWARDIAN,142.46,4.748666666666667,72.6,82,66.48,148.0,1709.52,292.0
GREEN DROP EARRINGS W BEAD CLUSTER,4.0,0.13333333333333333,,0,1.87,2.0,48.0,49.0
GREEN EASTER EGG HUNT START POST,8.67,0.289,2.08,2,4.05,6.0,104.03999999999999,72.0
GREEN ENAMEL FLOWER HAIR TIE,3.5,0.11666666666666667,3.54,4,1.63,6.0,42.0,46.0
GREEN ENAMEL FLOWER RING,9.2,0.30666666666666664,9.91,11,4.29,15.0,110.39999999999999,74.0
GREEN ENAMEL+GLASS HAIR COMB,21.0,0.7,25.12,28,9.8,38.0,252.0,112.0
GREEN FERN JOURNAL ,10.08,0.336,10.4,12,4.7,17.0,120.96000000000001,78.0
GREEN FERN NOTEBOOK,5.78,0.19266666666666668,4.06,5,2.7,8.0,69.36,59.0
GREEN FERN POCKET BOOK,7.88,0.26266666666666666,5.41,6,3.68,10.0,94.56,69.0
GREEN FERN SKETCHBOOK ,8.42,0.2806666666666667,4.36,5,3.93,9.0,101.03999999999999,71.0
GREEN GEISHA GIRL ,3.33,0.111,2.25,3,1.55,5.0,39.96,45.0
GREEN GIANT GARDEN THERMOMETER,39.5,1.3166666666666667,18.35,21,18.43,39.0,474.0,154.0
GREEN GLASS TASSLE BAG CHARM,3.4,0.11333333333333333,2.7,3,1.59,5.0,40.8,45.0
GREEN GOOSE FEATHER CHRISTMAS TREE ,23.86,0.7953333333333333,28.98,33,11.13,44.0,286.32,120.0
GREEN GOOSE FEATHER TREE 60CM,27.5,0.9166666666666666,17.87,20,12.83,33.0,330.0,128.0
GREEN HEART COMPACT MIRROR,33.83,1.1276666666666666,19.33,22,15.79,38.0,405.96,142.0
GREEN HEART OF GLASS BRACELET,2.6,0.08666666666666667,1.14,1,1.21,2.0,31.200000000000003,39.0
GREEN JUICY FRUIT PHOTO FRAME,8.4,0.28,9.34,10,3.92,14.0,100.80000000000001,71.0
GREEN METAL BOX ARMY SUPPLIES,54.75,1.825,36.04,40,25.55,66.0,657.0,181.0
GREEN METAL BOX TOP SECRET,8.0,0.26666666666666666,5.66,6,3.73,10.0,96.0,69.0
GREEN METAL SWINGING BUNNY,75.5,2.5166666666666666,62.45,70,35.23,105.0,906.0,213.0
GREEN MURANO TWIST BRACELET,4.43,0.14766666666666667,2.7,3,2.07,5.0,53.16,52.0
GREEN MURANO TWIST NECKLACE,1.75,0.058333333333333334,0.96,1,0.82,2.0,21.0,32.0
GREEN PAIR HEART HAIR SLIDES,4.0,0.13333333333333333,0.0,0,1.87,2.0,48.0,49.0
GREEN PENDANT TRIPLE SHELL NECKLACE,2.0,0.06666666666666667,1.41,2,0.93,3.0,24.0,35.0
GREEN PEONY CUSHION COVER,3.8,0.12666666666666665,1.79,2,1.77,4.0,45.599999999999994,48.0
GREEN POLKADOT BOWL,105.62,3.5206666666666666,55.29,62,49.29,111.0,1267.44,252.0
GREEN POLKADOT PLATE ,78.0,2.6,52.71,59,36.4,95.0,936.0,216.0
GREEN POP ART MAO CUSHION COVER ,6.0,0.2,0.0,0,2.8,3.0,72.0,60.0
GREEN REGENCY TEACUP AND SAUCER,494.62,16.487333333333332,141.63,159,230.82,390.0,5935.4400000000005,545.0
GREEN ROSE WASHBAG,12.42,0.414,4.85,5,5.8,11.0,149.04,86.0
GREEN ROUND COMPACT MIRROR,25.2,0.84,16.66,19,11.76,31.0,302.4,123.0
GREEN SQUARE COMPACT MIRROR,15.62,0.5206666666666666,15.2,17,7.29,24.0,187.44,97.0
GREEN SWEETHEART BRACELET,8.44,0.2813333333333333,8.31,9,3.94,13.0,101.28,71.0
GREEN VINTAGE EARRINGS ,3.67,0.12233333333333334,1.53,2,1.71,4.0,44.04,47.0
GREEN VINTAGE SPOT BEAKER,643.57,21.452333333333335,743.81,836,300.33,1136.0,7722.84,621.0
GREEN WIRE STANDING CANDLE HOLDER,4.25,0.14166666666666666,2.43,3,1.98,5.0,51.0,50.0
GREEN WITH METAL BAG CHARM,3.0,0.1,,0,1.4,1.0,36.0,42.0
GREEN/BLUE CERAMIC CANDLE HOLDER,8.0,0.26666666666666666,,0,3.73,4.0,96.0,69.0
GREEN/BLUE FLOWER DESIGN BIG MUG,3.83,0.12766666666666668,2.71,3,1.79,5.0,45.96,48.0
"GREETING CARD, OVERCROWDED POOL.",22.5,0.75,11.89,13,10.5,24.0,270.0,116.0
"GREETING CARD, STICKY GORDON",17.44,0.5813333333333334,13.41,15,8.14,23.0,209.28000000000003,102.0
"GREETING CARD, TWO SISTERS.",12.0,0.4,0.0,0,5.6,6.0,144.0,85.0
"GREETING CARD,SQUARE, DOUGHNUTS",22.86,0.762,13.86,16,10.67,27.0,274.32,117.0
GREY ACRYLIC FACETED BANGLE,13.0,0.43333333333333335,15.56,17,6.07,23.0,156.0,88.0
GREY FLORAL FELTCRAFT SHOULDER BAG,42.83,1.4276666666666666,33.24,37,19.99,57.0,513.96,160.0
GREY HEART HOT WATER BOTTLE,242.77,8.092333333333334,244.93,275,113.29,388.0,2913.2400000000002,382.0
GROOVY CACTUS INFLATABLE,41.57,1.3856666666666666,32.41,36,19.4,55.0,498.84000000000003,158.0
GROW A FLYTRAP OR SUNFLOWER IN TIN,1226.15,40.87166666666667,1088.11,1223,572.2,1795.0,14713.800000000001,858.0
GROW YOUR OWN BASIL IN ENAMEL MUG,76.46,2.5486666666666666,37.57,42,35.68,78.0,917.52,214.0
GROW YOUR OWN FLOWERS SET OF 3,26.55,0.885,55.41,62,12.39,74.0,318.6,126.0
GROW YOUR OWN HERBS SET OF 3,17.0,0.5666666666666667,10.36,12,7.93,20.0,204.0,101.0
GROW YOUR OWN PLANT IN A CAN ,152.6,5.086666666666667,138.73,156,71.21,227.0,1831.1999999999998,303.0
GUMBALL COAT RACK,591.38,19.712666666666667,252.51,284,275.98,560.0,7096.5599999999995,596.0
GUMBALL MAGAZINE RACK,41.0,1.3666666666666667,21.13,24,19.13,43.0,492.0,157.0
GUMBALL MONOCHROME COAT RACK,92.6,3.0866666666666664,35.22,40,43.21,83.0,1111.1999999999998,236.0
GYMKHANA TREASURE BOOK BOX,163.4,5.446666666666667,151.94,171,76.25,247.0,1960.8000000000002,313.0
GYMKHANNA TREASURE BOOK BOX,30.0,1.0,38.85,44,14.0,58.0,360.0,134.0
HAIRCLIPS FORTIES FABRIC ASSORTED,103.54,3.4513333333333334,159.07,179,48.32,227.0,1242.48,249.0
HALL CABINET WITH 3 DRAWERS,25.0,0.8333333333333334,41.57,47,11.67,59.0,300.0,122.0
HAND OPEN SHAPE DECO.WHITE,92.0,3.066666666666667,,0,42.93,43.0,1104.0,235.0
HAND OPEN SHAPE GOLD,15.7,0.5233333333333333,16.63,19,7.33,26.0,188.39999999999998,97.0
HAND OVER THE CHOCOLATE   SIGN ,628.0,20.933333333333334,285.93,321,293.07,614.0,7536.0,614.0
HAND PAINTED HANGING EASTER EGG,11.0,0.36666666666666664,12.73,14,5.13,19.0,132.0,81.0
HAND TOWEL PALE BLUE W FLOWERS,42.4,1.4133333333333333,62.68,70,19.79,90.0,508.79999999999995,159.0
HAND TOWEL PINK FLOWER AND DAISY,39.8,1.3266666666666667,59.12,66,18.57,85.0,477.59999999999997,155.0
HAND WARMER BABUSHKA DESIGN,356.38,11.879333333333333,919.55,1033,166.31,1199.0,4276.5599999999995,462.0
HAND WARMER BIRD DESIGN,666.78,22.226,654.68,736,311.16,1047.0,8001.36,633.0
HAND WARMER OWL DESIGN,676.25,22.541666666666668,879.37,988,315.58,1304.0,8115.0,637.0
HAND WARMER RED LOVE HEART,752.4,25.08,527.95,593,351.12,944.0,9028.8,672.0
HAND WARMER RED POLKA DOT,120.0,4.0,,0,56.0,56.0,1440.0,268.0
HAND WARMER RED RETROSPOT,534.25,17.808333333333334,493.34,554,249.32,803.0,6411.0,566.0
HAND WARMER SCOTTY DOG DESIGN,611.8,20.39333333333333,729.29,820,285.51,1106.0,7341.599999999999,606.0
HAND WARMER UNION JACK,527.33,17.57766666666667,532.66,599,246.09,845.0,6327.960000000001,562.0
HANGING  BUTTERFLY T-LIGHT HOLDER,440.67,14.689,199.26,224,205.65,430.0,5288.04,514.0
HANGING BAUBLE T-LIGHT HOLDER LARGE,5.0,0.16666666666666666,4.74,5,2.33,7.0,60.0,55.0
HANGING BAUBLE T-LIGHT HOLDER SMALL,25.9,0.8633333333333333,45.05,51,12.09,63.0,310.79999999999995,125.0
HANGING BUTTERFLY  EGG,4.5,0.15,2.12,2,2.1,4.0,54.0,52.0
HANGING CHICK  YELLOW DECORATION,90.67,3.0223333333333335,140.28,158,42.31,200.0,1088.04,233.0
HANGING CHICK CREAM DECORATION,113.0,3.7666666666666666,128.4,144,52.73,197.0,1356.0,260.0
HANGING CHICK GREEN DECORATION,74.64,2.488,74.59,84,34.83,119.0,895.6800000000001,212.0
HANGING CLEAR MINI BOTTLE,342.0,11.4,239.63,269,159.6,429.0,4104.0,453.0
HANGING ENGRAVED METAL HEART,30.78,1.026,23.78,27,14.36,41.0,369.36,136.0
HANGING FAIRY CAKE DECORATION,65.82,2.194,79.65,90,30.72,121.0,789.8399999999999,199.0
HANGING GLASS ETCHED TEALIGHT,43.67,1.4556666666666667,66.12,74,20.38,94.0,524.04,162.0
HANGING HEART BASKET,3.67,0.12233333333333334,3.79,4,1.71,6.0,44.04,47.0
HANGING HEART BONHEUR,147.75,4.925,73.03,82,68.95,151.0,1773.0,298.0
HANGING HEART JAR T-LIGHT HOLDER,844.62,28.154,444.35,499,394.16,893.0,10135.44,712.0
HANGING HEART MIRROR DECORATION ,151.46,5.048666666666667,59.42,67,70.68,138.0,1817.52,301.0
HANGING HEART WITH BELL,411.3,13.71,635.28,714,191.94,906.0,4935.6,497.0
HANGING HEART ZINC T-LIGHT HOLDER,651.54,21.718,303.71,341,304.05,645.0,7818.48,625.0
HANGING HEN ON NEST DECORATION,66.25,2.2083333333333335,72.63,82,30.92,113.0,795.0,199.0
HANGING JAM JAR T-LIGHT HOLDER,1052.8,35.093333333333334,555.66,624,491.31,1115.0,12633.599999999999,795.0
HANGING JAM JAR T-LIGHT HOLDERS,482.6,16.086666666666666,438.72,493,225.21,718.0,5791.200000000001,538.0
HANGING MEDINA LANTERN SMALL,13.8,0.46,9.6,11,6.44,17.0,165.60000000000002,91.0
HANGING METAL CHICKEN DECORATION,21.0,0.7,36.9,41,9.8,51.0,252.0,112.0
HANGING METAL HEART LANTERN,246.15,8.205,93.92,106,114.87,221.0,2953.8,384.0
HANGING METAL RABBIT DECORATION,64.71,2.1569999999999996,79.09,89,30.2,119.0,776.52,197.0
HANGING METAL STAR LANTERN,151.15,5.038333333333333,123.68,139,70.54,210.0,1813.8000000000002,301.0
HANGING MINI COLOURED BOTTLES,674.0,22.466666666666665,402.09,452,314.53,767.0,8088.0,636.0
HANGING PHOTO CLIP ROPE LADDER,53.23,1.7743333333333333,40.31,45,24.84,70.0,638.76,179.0
HANGING QUILTED PATCHWORK APPLES,243.0,8.1,235.33,264,113.4,377.0,2916.0,382.0
HANGING RIDGE GLASS T-LIGHT HOLDER,18.0,0.6,8.49,10,8.4,18.0,216.0,104.0
HANGING SPRING FLOWER EGG LARGE,150.17,5.0056666666666665,127.74,144,70.08,214.0,1802.04,300.0
HANGING SPRING FLOWER EGG SMALL,105.73,3.5243333333333333,78.54,88,49.34,137.0,1268.76,252.0
HANGING WOOD AND FELT BUTTERFLY ,51.82,1.7273333333333334,49.91,56,24.18,80.0,621.84,176.0
HANGING WOOD AND FELT FLOWER,156.33,5.211,205.71,231,72.95,304.0,1875.96,306.0
HANGING WOOD AND FELT HEART,33.33,1.111,28.31,32,15.55,48.0,399.96,141.0
HAPPY BIRTHDAY CARD STRIPEY TEDDY,6.5,0.21666666666666667,7.78,9,3.03,12.0,78.0,62.0
HAPPY BIRTHDAY CARD TEDDY/CAKE,5.0,0.16666666666666666,,0,2.33,2.0,60.0,55.0
HAPPY EASTER HANGING DECORATION,23.44,0.7813333333333333,28.52,32,10.94,43.0,281.28000000000003,119.0
HAPPY STENCIL CRAFT,214.23,7.141,115.71,130,99.97,230.0,2570.7599999999998,359.0
HARDMAN MUG 3 ASSORTED,10.67,0.3556666666666667,14.17,16,4.98,21.0,128.04,80.0
HAWAIIAN GRASS SKIRT ,29.0,0.9666666666666667,34.82,39,13.53,53.0,348.0,132.0
HEADS AND TAILS SPORTING FUN,156.08,5.202666666666667,154.66,174,72.84,247.0,1872.96,306.0
HEART BEADED TRELLIS DECORATION,27.11,0.9036666666666666,20.18,23,12.65,36.0,325.32,128.0
HEART BUTTONS JEWELLERY BOX,3.5,0.11666666666666667,0.71,1,1.63,3.0,42.0,46.0
HEART CALCULATOR,78.23,2.607666666666667,83.1,93,36.51,130.0,938.76,217.0
HEART DECORATION PAINTED ZINC ,155.69,5.189666666666667,108.01,121,72.66,194.0,1868.28,306.0
HEART DECORATION RUSTIC HANGING ,345.25,11.508333333333333,362.33,407,161.12,568.0,4143.0,455.0
HEART DECORATION WITH PEARLS ,144.23,4.807666666666666,68.72,77,67.31,144.0,1730.7599999999998,294.0
HEART FILIGREE DOVE  SMALL,418.38,13.946,210.86,237,195.24,432.0,5020.5599999999995,501.0
HEART FILIGREE DOVE LARGE,210.54,7.018,124.58,140,98.25,238.0,2526.48,355.0
HEART GARLAND RUSTIC PADDED,9.64,0.32133333333333336,6.27,7,4.5,12.0,115.68,76.0
HEART IVORY TRELLIS LARGE,235.0,7.833333333333333,98.51,111,109.67,221.0,2820.0,375.0
HEART IVORY TRELLIS SMALL,297.15,9.905,162.44,183,138.67,322.0,3565.7999999999997,422.0
HEART MINI PORTRAIT FRAME,170.0,5.666666666666667,110.01,124,79.33,203.0,2040.0,319.0
HEART MIRROR ANTIQUE WHITE,175.5,5.85,20.51,23,81.9,105.0,2106.0,324.0
HEART OF WICKER LARGE,737.77,24.592333333333332,582.35,654,344.29,998.0,8853.24,665.0
HEART OF WICKER SMALL,1290.38,43.01266666666667,831.21,934,602.18,1536.0,15484.560000000001,880.0
HEART SHAPE WIRELESS DOORBELL,37.17,1.239,59.86,67,17.35,84.0,446.04,149.0
HEART SHAPED HOLLY WREATH,117.75,3.925,139.51,157,54.95,212.0,1413.0,266.0
HEART SHAPED MIRROR,5.0,0.16666666666666666,,0,2.33,2.0,60.0,55.0
HEART STRING MEMO HOLDER HANGING,56.91,1.8969999999999998,99.26,112,26.56,139.0,682.92,185.0
HEART T-LIGHT HOLDER,71.0,2.3666666666666667,1.41,2,33.13,35.0,852.0,206.0
HEART T-LIGHT HOLDER ,15.0,0.5,15.17,17,7.0,24.0,180.0,95.0
HEART T-LIGHT HOLDER WILLIE WINKIE,132.57,4.419,84.31,95,61.87,157.0,1590.84,282.0
HEART TRELLIS TRIPLE T-LIGHT HOLDER,39.33,1.311,29.28,33,18.35,51.0,471.96,154.0
HEART TRELLISTRIPLE T-LIGHT HOLDER,28.0,0.9333333333333333,28.28,32,13.07,45.0,336.0,130.0
HEART WOODEN CHRISTMAS DECORATION,265.5,8.85,280.68,315,123.9,439.0,3186.0,399.0
HEART WREATH DECORATION WITH BELL,309.57,10.318999999999999,172.46,194,144.47,338.0,3714.84,431.0
HEARTS  STICKERS,58.92,1.964,34.84,39,27.5,66.0,707.04,188.0
HEARTS GIFT TAPE,79.0,2.6333333333333333,162.33,182,36.87,219.0,948.0,218.0
HEARTS WRAPPING TAPE ,2.5,0.08333333333333333,2.12,2,1.17,3.0,30.0,39.0
HEAVENS SCENT FRAGRANCE OILS ASSTD,72.0,2.4,,0,33.6,34.0,864.0,208.0
HELLO SAILOR BATHROOM SET,3.5,0.11666666666666667,0.58,1,1.63,3.0,42.0,46.0
HELLO SAILOR BLUE SOAP HOLDER,14.09,0.4696666666666667,8.73,10,6.58,17.0,169.07999999999998,92.0
HEN HOUSE DECORATION,69.31,2.3103333333333333,74.19,83,32.34,115.0,831.72,204.0
HEN HOUSE W CHICK IN NEST,1.0,0.03333333333333333,,0,0.47,0.0,12.0,24.0
HEN HOUSE W CHICK STANDING,67.5,2.25,54.69,61,31.5,92.0,810.0,201.0
HEN HOUSE W FAMILY IN BARN & NEST,9.8,0.3266666666666667,13.59,15,4.57,20.0,117.60000000000001,77.0
HEN HOUSE WITH CHICK STANDING,7.0,0.23333333333333334,7.07,8,3.27,11.0,84.0,65.0
HEN PARTY CORDON BARRIER TAPE,15.0,0.5,6.36,7,7.0,14.0,180.0,95.0
HENRIETTA HEN MUG ,97.67,3.255666666666667,82.44,93,45.58,139.0,1172.04,242.0
HERB MARKER BASIL,256.08,8.536,446.2,501,119.5,620.0,3072.96,392.0
HERB MARKER CHIVES ,126.77,4.225666666666666,91.23,103,59.16,162.0,1521.24,276.0
HERB MARKER MINT,128.38,4.279333333333333,94.47,106,59.91,166.0,1540.56,278.0
HERB MARKER PARSLEY,136.62,4.554,88.84,100,63.76,164.0,1639.44,286.0
HERB MARKER ROSEMARY,142.92,4.763999999999999,94.54,106,66.7,173.0,1715.04,293.0
HERB MARKER THYME,139.92,4.664,93.7,105,65.3,170.0,1679.04,290.0
HI TEC ALPINE HAND WARMER,81.33,2.711,110.9,125,37.95,163.0,975.96,221.0
HILDA CANDY SPOT RABBIT,2.86,0.09533333333333333,1.21,1,1.33,2.0,34.32,41.0
HIPPY CHIC DECORATIVE PARASOL,25.83,0.861,40.98,46,12.05,58.0,309.96,124.0
HOLIDAY FUN LUDO,84.77,2.8256666666666663,62.92,71,39.56,111.0,1017.24,226.0
HOLLY TOP CHRISTMAS STOCKING,17.0,0.5666666666666667,,0,7.93,8.0,204.0,101.0
HOME BUILDING BLOCK WORD,204.15,6.805000000000001,73.81,83,95.27,178.0,2449.8,350.0
HOME GARLAND PAINTED ZINC ,69.42,2.314,41.9,47,32.4,79.0,833.04,204.0
HOME SMALL WOOD LETTERS,20.9,0.6966666666666667,16.39,18,9.75,28.0,250.79999999999998,112.0
HOME SWEEET HOME 3 PEG HANGER ,25.0,0.8333333333333334,,0,11.67,12.0,300.0,122.0
HOME SWEET HOME 2 DRAWER CABINET,59.25,1.975,35.75,40,27.65,68.0,711.0,189.0
HOME SWEET HOME 3 PEG HANGER ,64.0,2.1333333333333333,44.58,50,29.87,80.0,768.0,196.0
HOME SWEET HOME BLACKBOARD,242.25,8.075,105.28,118,113.05,231.0,2907.0,381.0
HOME SWEET HOME BOTTLE ,109.5,3.65,71.09,80,51.1,131.0,1314.0,256.0
HOME SWEET HOME CUSHION COVER ,192.25,6.408333333333333,111.04,125,89.72,215.0,2307.0,340.0
HOME SWEET HOME HANGING HEART,455.75,15.191666666666666,343.74,386,212.68,599.0,5469.0,523.0
HOME SWEET HOME HOOK,81.5,2.716666666666667,30.16,34,38.03,72.0,978.0,221.0
HOME SWEET HOME KEY HOLDER,108.75,3.625,86.48,97,50.75,148.0,1305.0,255.0
HOME SWEET HOME METAL SIGN ,131.85,4.395,82.93,93,61.53,155.0,1582.1999999999998,281.0
HOME SWEET HOME MUG,411.31,13.710333333333333,436.22,490,191.94,682.0,4935.72,497.0
HOMEMADE JAM SCENTED CANDLES,930.15,31.005,512.31,576,434.07,1010.0,11161.8,747.0
"HOOK, 1 HANGER ,MAGIC GARDEN",133.22,4.440666666666667,155.64,175,62.17,237.0,1598.6399999999999,283.0
HORSE & PONY WALL ART,128.0,4.266666666666667,164.05,184,59.73,244.0,1536.0,277.0
HOT BATHS METAL SIGN,493.46,16.448666666666664,372.37,418,230.28,648.0,5921.5199999999995,544.0
HOT BATHS SOAP HOLDER,36.85,1.2283333333333333,31.83,36,17.2,53.0,442.20000000000005,149.0
HOT STUFF HOT WATER BOTTLE,105.6,3.52,68.86,77,49.28,126.0,1267.1999999999998,252.0
HOT WATER BOTTLE BABUSHKA ,140.57,4.685666666666666,343.44,386,65.6,452.0,1686.84,290.0
HOT WATER BOTTLE BABUSHKA LARGE,8.0,0.26666666666666666,,0,3.73,4.0,96.0,69.0
HOT WATER BOTTLE I AM SO POORLY,228.62,7.620666666666667,256.22,288,106.69,395.0,2743.44,370.0
HOT WATER BOTTLE KEEP CALM,1067.6,35.586666666666666,782.14,879,498.21,1377.0,12811.199999999999,800.0
HOT WATER BOTTLE SEX BOMB,87.0,2.9,57.22,64,40.6,105.0,1044.0,228.0
HOT WATER BOTTLE TEA AND SYMPATHY,467.0,15.566666666666666,455.75,512,217.93,730.0,5604.0,529.0
HOUSE SHAPE PENCIL SHARPENER,242.92,8.097333333333333,251.61,283,113.36,396.0,2915.04,382.0
HOUSE WRECKING METAL SIGN ,8.5,0.2833333333333333,5.68,6,3.97,10.0,102.0,71.0
HYACINTH BULB T-LIGHT CANDLES,102.15,3.4050000000000002,122.99,138,47.67,186.0,1225.8000000000002,248.0
High Resolution Image,2.0,0.06666666666666667,1.41,2,0.93,3.0,24.0,35.0
I CAN ONLY PLEASE ONE PERSON MUG,193.86,6.462000000000001,140.1,157,90.47,247.0,2326.32,341.0
I LOVE LONDON BABY GIFT SET,20.9,0.6966666666666667,12.22,14,9.75,24.0,250.79999999999998,112.0
I LOVE LONDON BEAKER,137.83,4.594333333333334,144.73,163,64.32,227.0,1653.96,288.0
I LOVE LONDON WALL ART,6.0,0.2,0.0,0,2.8,3.0,72.0,60.0
I'M ON HOLIDAY METAL SIGN,176.46,5.882000000000001,91.92,103,82.35,185.0,2117.52,325.0
ICE CREAM BUBBLES,533.4,17.779999999999998,422.77,475,248.92,724.0,6400.799999999999,566.0
ICE CREAM DESIGN GARDEN PARASOL,24.12,0.804,29.78,33,11.26,44.0,289.44,120.0
ICE CREAM PEN LIP GLOSS ,660.7,22.023333333333333,297.67,335,308.33,643.0,7928.400000000001,630.0
ICE CREAM SUNDAE LIP GLOSS,792.0,26.4,368.71,414,369.6,784.0,9504.0,689.0
ICON MUG REVOLUTIONARY,63.73,2.1243333333333334,56.37,63,29.74,93.0,764.76,196.0
ICON PLACEMAT POP ART ELVIS,75.18,2.5060000000000002,79.84,90,35.08,125.0,902.1600000000001,212.0
IF YOU CAN'T STAND THE HEAT MUG,122.0,4.066666666666666,190.53,214,56.93,271.0,1464.0,271.0
ILLUSTRATED CAT BOWL ,104.31,3.477,251.35,282,48.68,331.0,1251.72,250.0
INCENSE BAZAAR PEACH,6.0,0.2,,0,2.8,3.0,72.0,60.0
INFLATABLE POLITICAL GLOBE ,164.6,5.486666666666666,129.45,145,76.81,222.0,1975.1999999999998,314.0
IVORY CAFE HANGING LAMP ,14.25,0.475,14.66,16,6.65,23.0,171.0,92.0
IVORY CHANDELIER T-LIGHT HOLDER,70.12,2.3373333333333335,121.81,137,32.72,170.0,841.44,205.0
IVORY DINER WALL CLOCK,109.69,3.6563333333333334,117.19,132,51.19,183.0,1316.28,257.0
IVORY EMBROIDERED QUILT ,4.6,0.15333333333333332,7.68,9,2.15,11.0,55.199999999999996,53.0
IVORY ENCHANTED FOREST PLACEMAT,32.83,1.0943333333333334,30.19,34,15.32,49.0,393.96,140.0
IVORY GIANT GARDEN THERMOMETER,94.83,3.161,30.9,35,44.25,79.0,1137.96,239.0
IVORY GOLD METAL BAG CHARM,1.67,0.05566666666666666,1.15,1,0.78,2.0,20.04,32.0
IVORY HANGING DECORATION  BIRD,78.31,2.6103333333333336,91.42,103,36.54,140.0,939.72,217.0
IVORY HANGING DECORATION  EGG,59.42,1.9806666666666668,36.32,41,27.73,69.0,713.04,189.0
IVORY HANGING DECORATION  HEART,274.15,9.138333333333332,160.67,181,127.94,309.0,3289.7999999999997,406.0
IVORY KITCHEN SCALES,137.15,4.571666666666667,67.63,76,64.0,140.0,1645.8000000000002,287.0
IVORY KNITTED MUG COSY ,53.1,1.77,64.92,73,24.78,98.0,637.2,178.0
IVORY LOVE BIRD CANDLE,38.62,1.2873333333333332,52.24,59,18.02,77.0,463.43999999999994,152.0
IVORY PANTRY HANGING LAMP ,2.0,0.06666666666666667,,0,0.93,1.0,24.0,35.0
IVORY PAPER CUP CAKE CASES ,66.77,2.2256666666666667,50.07,56,31.16,87.0,801.24,200.0
IVORY PENDANT TRIPLE SHELL NECKLACE,3.0,0.1,0.0,0,1.4,1.0,36.0,42.0
IVORY PILLAR CANDLE GOLD FLOCK,14.22,0.47400000000000003,8.03,9,6.64,16.0,170.64000000000001,92.0
IVORY PILLAR CANDLE SILVER FLOCK,35.82,1.194,56.3,63,16.72,80.0,429.84000000000003,147.0
IVORY REFECTORY CLOCK,28.86,0.962,17.84,20,13.47,33.0,346.32,132.0
IVORY RETRO KITCHEN WALL CLOCK,35.0,1.1666666666666667,7.07,8,16.33,24.0,420.0,145.0
IVORY SCULPTED RND CANDLE ,7.33,0.24433333333333335,6.15,7,3.42,10.0,87.96000000000001,66.0
IVORY SHELL HEART EARRINGS,2.0,0.06666666666666667,,0,0.93,1.0,24.0,35.0
IVORY SHELL HEART NECKLACE,3.17,0.10566666666666666,3.06,3,1.48,4.0,38.04,44.0
IVORY STRING CURTAIN WITH POLE ,20.75,0.6916666666666667,29.36,33,9.68,43.0,249.0,112.0
IVORY SWEETHEART SOAP DISH,15.44,0.5146666666666666,7.81,9,7.21,16.0,185.28,96.0
IVORY SWEETHEART WIRE LETTER RACK ,60.56,2.018666666666667,37.71,42,28.26,70.0,726.72,191.0
IVORY WICKER HEART LARGE,399.2,13.306666666666667,160.7,181,186.29,367.0,4790.4,489.0
IVORY WICKER HEART MEDIUM,406.0,13.533333333333333,251.51,283,189.47,472.0,4872.0,494.0
IVORY WICKER HEART SMALL,430.8,14.360000000000001,263.24,296,201.04,497.0,5169.6,508.0
IVORY WIRE KITCHEN ORGANISER,14.5,0.48333333333333334,23.14,26,6.77,33.0,174.0,93.0
IVORY WIRE SWEETHEART LETTER TRAY,14.11,0.4703333333333333,6.37,7,6.58,14.0,169.32,92.0
IVY HEART WREATH,4.0,0.13333333333333333,2.65,3,1.87,5.0,48.0,49.0
JADE CRYSTAL+GLASS BRACELET,1.0,0.03333333333333333,,0,0.47,0.0,12.0,24.0
JADE DROP EARRINGS W FILIGREE,3.29,0.10966666666666666,1.8,2,1.54,4.0,39.480000000000004,44.0
JAM CLOCK MAGNET,31.2,1.04,35.75,40,14.56,55.0,374.4,137.0
JAM JAR WITH BLUE LID,24.0,0.8,,0,11.2,11.0,288.0,120.0
JAM JAR WITH GREEN LID,234.38,7.812666666666667,139.09,156,109.38,265.0,2812.56,375.0
JAM JAR WITH PINK LID,283.15,9.438333333333333,181.72,204,132.14,336.0,3397.7999999999997,412.0
JAM MAKING SET PRINTED,1158.08,38.602666666666664,403.0,453,540.44,993.0,13896.96,834.0
JAM MAKING SET WITH JARS,627.0,20.9,219.1,246,292.6,539.0,7524.0,613.0
JARDIN ETCHED GLASS BUTTER DISH,1.0,0.03333333333333333,,0,0.47,0.0,12.0,24.0
JARDIN ETCHED GLASS CHEESE DISH,44.2,1.4733333333333334,51.36,58,20.63,79.0,530.4000000000001,163.0
JARDIN ETCHED GLASS FRUITBOWL,17.57,0.5856666666666667,20.27,23,8.2,31.0,210.84,103.0
JARDIN ETCHED GLASS LARGE BELL JAR,19.0,0.6333333333333333,24.04,27,8.87,36.0,228.0,107.0
JARDIN ETCHED GLASS SMALL BELL JAR,8.6,0.2866666666666667,9.63,11,4.01,15.0,103.19999999999999,72.0
JASMINE VOTIVE CANDLE,48.29,1.6096666666666666,49.64,56,22.54,79.0,579.48,170.0
JAZZ HEARTS ADDRESS BOOK,235.15,7.838333333333334,207.52,233,109.74,343.0,2821.8,376.0
JAZZ HEARTS PURSE NOTEBOOK,335.77,11.192333333333332,339.47,381,156.69,538.0,4029.24,449.0
JET BLACK LAS VEGAS BRACELET ROUND,3.0,0.1,,0,1.4,1.0,36.0,42.0
JET BLACK LAS VEGAS NECKLACE 45CM,2.0,0.06666666666666667,0.0,0,0.93,1.0,24.0,35.0
JIGSAW RABBIT AND BIRDHOUSE,41.62,1.3873333333333333,37.71,42,19.42,61.0,499.43999999999994,158.0
JIGSAW TOADSTOOLS 3 PIECE,47.92,1.5973333333333335,33.64,38,22.36,60.0,575.04,170.0
JIGSAW TREE WITH BIRDHOUSE,66.85,2.228333333333333,41.77,47,31.2,78.0,802.1999999999999,200.0
JIGSAW TREE WITH WATERING CAN,71.23,2.3743333333333334,103.87,117,33.24,150.0,854.76,207.0
JINGLE BELL HEART ANTIQUE GOLD,109.29,3.6430000000000002,93.69,105,51.0,156.0,1311.48,256.0
JINGLE BELL HEART ANTIQUE SILVER,506.71,16.890333333333334,532.25,598,236.46,834.0,6080.5199999999995,551.0
JINGLE BELL HEART DECORATION,460.88,15.362666666666666,377.13,424,215.08,639.0,5530.5599999999995,526.0
JINGLE BELLS TREE DECORATION,14.83,0.49433333333333335,16.19,18,6.92,25.0,177.96,94.0
JOY LARGE WOOD LETTERS,5.29,0.17633333333333334,5.47,6,2.47,8.0,63.480000000000004,56.0
JOY WOODEN BLOCK LETTERS,19.91,0.6636666666666666,25.7,29,9.29,38.0,238.92000000000002,109.0
JUMBO  BAG BAROQUE BLACK WHITE,984.08,32.80266666666667,400.61,450,459.24,909.0,11808.960000000001,768.0
JUMBO BAG 50'S CHRISTMAS ,1279.14,42.638000000000005,1079.55,1213,596.93,1810.0,15349.68,876.0
JUMBO BAG ALPHABET,1393.33,46.44433333333333,525.02,590,650.22,1240.0,16719.96,914.0
JUMBO BAG APPLES,1543.0,51.43333333333333,783.64,881,720.07,1601.0,18516.0,962.0
JUMBO BAG CHARLIE AND LOLA TOYS,92.2,3.0733333333333333,86.41,97,43.03,140.0,1106.4,235.0
JUMBO BAG DOILEY PATTERNS,1248.14,41.60466666666667,1072.76,1206,582.47,1788.0,14977.68,865.0
JUMBO BAG DOLLY GIRL DESIGN,238.23,7.941,154.87,174,111.17,285.0,2858.7599999999998,378.0
JUMBO BAG OWLS,951.45,31.715,439.46,494,444.01,938.0,11417.400000000001,756.0
JUMBO BAG PAISLEY PARK,1457.67,48.589000000000006,971.33,1092,680.25,1772.0,17492.04,935.0
JUMBO BAG PEARS,841.62,28.054,398.74,448,392.76,841.0,10099.44,711.0
JUMBO BAG PINK POLKADOT,1551.15,51.705000000000005,886.71,996,723.87,1720.0,18613.800000000003,965.0
JUMBO BAG PINK VINTAGE PAISLEY,760.69,25.356333333333335,350.09,393,354.99,748.0,9128.28,676.0
JUMBO BAG RED RETROSPOT,3552.38,118.41266666666667,1426.69,1603,1657.78,3261.0,42628.56,1460.0
JUMBO BAG SCANDINAVIAN BLUE PAISLEY,705.18,23.505999999999997,387.06,435,329.08,764.0,8462.16,650.0
JUMBO BAG SCANDINAVIAN PAISLEY,389.4,12.979999999999999,342.13,384,181.72,566.0,4672.799999999999,483.0
JUMBO BAG SPACEBOY DESIGN,633.54,21.118,336.85,379,295.65,675.0,7602.48,617.0
JUMBO BAG STRAWBERRY,1292.85,43.095,741.98,834,603.33,1437.0,15514.199999999999,881.0
JUMBO BAG TOYS ,349.83,11.661,252.73,284,163.25,447.0,4197.96,458.0
JUMBO BAG VINTAGE CHRISTMAS ,701.14,23.371333333333332,577.6,649,327.2,976.0,8413.68,649.0
JUMBO BAG VINTAGE DOILEY ,143.0,4.766666666666667,,0,66.73,67.0,1716.0,293.0
JUMBO BAG VINTAGE DOILY ,2127.2,70.90666666666667,914.03,1027,992.69,2020.0,25526.399999999998,1130.0
JUMBO BAG VINTAGE LEAF,1339.5,44.65,447.69,503,625.1,1128.0,16074.0,896.0
JUMBO BAG WOODLAND ANIMALS,629.77,20.99233333333333,346.82,390,293.89,684.0,7557.24,615.0
JUMBO SHOPPER VINTAGE RED PAISLEY,809.08,26.969333333333335,401.59,451,377.57,829.0,9708.960000000001,697.0
JUMBO STORAGE BAG SKULLS,438.92,14.630666666666666,256.33,288,204.83,493.0,5267.04,513.0
JUMBO STORAGE BAG SUKI,885.85,29.528333333333332,316.03,355,413.4,768.0,10630.2,729.0
JUNGLE POPSICLES ICE LOLLY HOLDERS,30.25,1.0083333333333333,30.1,34,14.12,48.0,363.0,135.0
JUNGLE POPSICLES ICE LOLLY MOULDS,83.3,2.7766666666666664,91.01,102,38.87,141.0,999.5999999999999,224.0
KEEP CALM BIRTHDAY WRAP,50.0,1.6666666666666667,,0,23.33,23.0,600.0,173.0
KEEP CALM WALL ART ,134.5,4.483333333333333,164.76,185,62.77,248.0,1614.0,284.0
KEEP OUT BOYS DOOR HANGER ,18.71,0.6236666666666667,16.44,18,8.73,27.0,224.52,106.0
KENSINGTON COFFEE SET,4.82,0.16066666666666668,3.74,4,2.25,6.0,57.84,54.0
KEY CABINET MA CAMPAGNE,14.69,0.48966666666666664,5.99,7,6.86,14.0,176.28,94.0
"KEY FOB , BACK DOOR ",134.31,4.477,49.33,55,62.68,118.0,1611.72,284.0
"KEY FOB , FRONT  DOOR ",147.31,4.910333333333333,164.26,185,68.74,254.0,1767.72,297.0
"KEY FOB , GARAGE DESIGN",234.0,7.8,256.35,288,109.2,397.0,2808.0,375.0
"KEY FOB , SHED",237.46,7.915333333333334,232.46,261,110.81,372.0,2849.52,377.0
KEY RING BASEBALL BOOT ASSORTED ,528.33,17.611,244.52,275,246.55,522.0,6339.960000000001,563.0
KEY RING BASEBALL BOOT UNION JACK,590.67,19.689,202.94,228,275.65,504.0,7088.039999999999,595.0
KIDS CUTLERY DOLLY GIRL ,9.0,0.3,7.57,9,4.2,13.0,108.0,73.0
KIDS CUTLERY SPACEBOY ,9.0,0.3,7.57,9,4.2,13.0,108.0,73.0
KIDS RAIN MAC BLUE,92.54,3.0846666666666667,59.82,67,43.19,110.0,1110.48,236.0
KIDS RAIN MAC PINK,61.46,2.0486666666666666,42.88,48,28.68,77.0,737.52,192.0
KINGS CHOICE BISCUIT TIN,24.92,0.8306666666666668,19.08,21,11.63,33.0,299.04,122.0
KINGS CHOICE GIANT TUBE MATCHES,66.45,2.2150000000000003,78.82,89,31.01,120.0,797.4000000000001,200.0
KINGS CHOICE MUG,153.85,5.128333333333333,204.8,230,71.8,302.0,1846.1999999999998,304.0
KINGS CHOICE TEA CADDY ,35.08,1.1693333333333333,30.35,34,16.37,50.0,420.96,145.0
KITCHEN FLOWER POTS WALL PLAQUE,3.22,0.10733333333333334,2.05,2,1.5,4.0,38.64,44.0
KITCHEN METAL SIGN,150.46,5.015333333333333,71.56,80,70.21,150.0,1805.52,300.0
KITTENS DESIGN FLANNEL,23.2,0.7733333333333333,19.84,22,10.83,33.0,278.4,118.0
KITTY PENCIL ERASERS,108.0,3.6,73.94,83,50.4,133.0,1296.0,255.0
KNEELING MAT HOUSEWORK  DESIGN,185.12,6.1706666666666665,108.26,122,86.39,208.0,2221.44,333.0
KNICKERBOCKERGLORY MAGNET ASSORTED ,210.6,7.02,147.12,165,98.28,263.0,2527.2,355.0
KNITTED RABBIT DOLL ,16.0,0.5333333333333333,,0,7.47,7.0,192.0,98.0
KNITTED UNION FLAG HOT WATER BOTTLE,189.92,6.330666666666667,245.12,275,88.63,364.0,2279.04,338.0
LA JARDIN BOTANIQUE CUSHION COVER,40.5,1.35,45.96,52,18.9,71.0,486.0,156.0
LA PALMIERA TILE COASTER,70.5,2.35,49.89,56,32.9,89.0,846.0,206.0
LA PALMIERA TILE HOOK,11.25,0.375,13.94,16,5.25,21.0,135.0,82.0
LA PALMIERA WALL THERMOMETER,2.5,0.08333333333333333,1.97,2,1.17,3.0,30.0,39.0
LADIES & GENTLEMEN METAL SIGN,354.45,11.815,204.43,230,165.41,395.0,4253.4,461.0
LADLE LOVE HEART PINK,19.0,0.6333333333333333,,0,8.87,9.0,228.0,107.0
LADLE LOVE HEART RED ,6.0,0.2,,0,2.8,3.0,72.0,60.0
LADS ONLY TISSUE BOX,121.38,4.046,138.68,156,56.64,213.0,1456.56,270.0
LADYBIRD + BEE RAFFIA FOOD COVER,19.83,0.6609999999999999,14.3,16,9.25,25.0,237.95999999999998,109.0
LANDMARK FRAME BAKER STREET ,115.67,3.8556666666666666,178.89,201,53.98,255.0,1388.04,263.0
LANDMARK FRAME CAMDEN TOWN ,186.0,6.2,147.0,165,86.8,252.0,2232.0,334.0
LANDMARK FRAME COVENT GARDEN ,146.0,4.866666666666666,204.27,230,68.13,298.0,1752.0,296.0
LANDMARK FRAME LONDON BRIDGE ,137.67,4.5889999999999995,197.53,222,64.25,286.0,1652.04,287.0
LANDMARK FRAME NOTTING HILL ,140.67,4.688999999999999,204.28,230,65.65,296.0,1688.04,291.0
LANDMARK FRAME OXFORD STREET,140.33,4.677666666666667,203.86,229,65.49,294.0,1683.96,290.0
LANTERN CREAM GAZEBO ,93.38,3.1126666666666667,41.26,46,43.58,90.0,1120.56,237.0
LARGE  TALL CAMPHOR WOOD TOADSTOOL ,3.67,0.12233333333333334,1.8,2,1.71,4.0,44.04,47.0
LARGE ANTIQUE WHITE PHOTO FRAME,63.62,2.1206666666666667,61.05,69,29.69,99.0,763.4399999999999,195.0
LARGE APOTHECARY MEASURING JAR ,8.33,0.2776666666666667,5.89,7,3.89,11.0,99.96000000000001,71.0
LARGE BLACK DIAMANTE HAIRSLIDE,4.0,0.13333333333333333,,0,1.87,2.0,48.0,49.0
LARGE BLUE PROVENCAL CERAMIC BALL,7.33,0.24433333333333335,3.93,4,3.42,7.0,87.96000000000001,66.0
LARGE BONNE JAM JAR  T-LIGHT HOLDER,42.33,1.411,41.44,47,19.75,67.0,507.96,159.0
LARGE CAKE STAND  HANGING STRAWBERY,43.46,1.4486666666666668,57.97,65,20.28,85.0,521.52,161.0
LARGE CAKE STAND HANGING HEARTS,38.83,1.2943333333333333,35.61,40,18.12,58.0,465.96,153.0
LARGE CAKE TOWEL CHOCOLATE SPOTS,69.17,2.3056666666666668,99.33,112,32.28,144.0,830.04,204.0
LARGE CAKE TOWEL PINK SPOTS,70.45,2.3483333333333336,108.15,122,32.88,155.0,845.4000000000001,206.0
"LARGE CAKE TOWEL, CHOCOLATE SPOTS",7.0,0.23333333333333334,,0,3.27,3.0,84.0,65.0
LARGE CAMPHOR WOOD FIELD MUSHROOM ,2.67,0.089,1.32,1,1.25,2.0,32.04,40.0
LARGE CERAMIC TOP STORAGE JAR,369.25,12.308333333333334,124.14,140,172.32,312.0,4431.0,471.0
LARGE CHINESE STYLE SCISSOR,97.92,3.2640000000000002,77.0,87,45.7,133.0,1175.04,242.0
LARGE CIRCULAR MIRROR MOBILE,568.42,18.947333333333333,406.89,457,265.26,722.0,6821.039999999999,584.0
LARGE CRYSTAL DIAMANTE HAIRSLIDE,2.0,0.06666666666666667,1.73,2,0.93,3.0,24.0,35.0
LARGE DECO JEWELLERY STAND,35.29,1.1763333333333332,23.91,27,16.47,43.0,423.48,146.0
LARGE HANGING IVORY & RED WOOD BIRD,71.15,2.371666666666667,60.18,68,33.2,101.0,853.8000000000001,207.0
LARGE HEART MEASURING SPOONS,130.69,4.356333333333334,81.89,92,60.99,153.0,1568.28,280.0
LARGE IVORY HEART WALL ORGANISER,84.33,2.811,90.6,102,39.35,141.0,1011.96,225.0
LARGE JEWELLERY STAND,10.0,0.3333333333333333,,0,4.67,5.0,120.0,77.0
LARGE MEDINA STAMPED METAL BOWL ,13.62,0.45399999999999996,13.03,15,6.36,21.0,163.44,90.0
LARGE MINT DIAMANTE HAIRSLIDE,4.0,0.13333333333333333,3.56,4,1.87,6.0,48.0,49.0
LARGE PARLOUR FRAME,27.0,0.9,,0,12.6,13.0,324.0,127.0
LARGE PARLOUR PICTURE FRAME,26.0,0.8666666666666667,7.81,9,12.13,21.0,312.0,125.0
LARGE PINK GLASS SUNDAE DISH,141.33,4.711,111.56,125,65.95,191.0,1695.96,291.0
LARGE POPCORN HOLDER ,291.0,9.7,372.53,419,135.8,555.0,3492.0,418.0
LARGE PURPLE BABUSHKA NOTEBOOK  ,86.31,2.8770000000000002,136.55,153,40.28,193.0,1035.72,228.0
LARGE RED BABUSHKA NOTEBOOK ,77.62,2.5873333333333335,90.72,102,36.22,138.0,931.44,216.0
LARGE RED RETROSPOT WINDMILL,158.33,5.277666666666667,241.36,271,73.89,345.0,1899.96,308.0
LARGE ROUND WICKER PLATTER ,14.85,0.495,17.11,19,6.93,26.0,178.2,94.0
LARGE SKULL WINDMILL,11.14,0.37133333333333335,9.44,11,5.2,16.0,133.68,82.0
LARGE STRIPES CHOCOLATE GIFT BAG,55.38,1.846,62.76,71,25.84,97.0,664.5600000000001,182.0
LARGE TORTILLA DESIGN RED BOWL,16.0,0.5333333333333333,22.2,25,7.47,32.0,192.0,98.0
LARGE WHITE HEART OF WICKER,415.43,13.847666666666667,243.78,274,193.87,468.0,4985.16,499.0
LARGE WHITE HONEYCOMB PAPER BELL  ,35.82,1.194,28.49,32,16.72,49.0,429.84000000000003,147.0
LARGE WHITE/PINK ROSE ART FLOWER,51.43,1.7143333333333333,37.54,42,24.0,66.0,617.16,176.0
LARGE YELLOW BABUSHKA NOTEBOOK ,42.62,1.4206666666666665,44.79,50,19.89,70.0,511.43999999999994,160.0
LARGE ZINC GLASS CANDLEHOLDER,4.5,0.15,2.38,3,2.1,5.0,54.0,52.0
LARGE ZINC HEART WALL ORGANISER,177.33,5.9110000000000005,198.72,223,82.75,306.0,2127.96,326.0
LASER CUT MULTI STRAND NECKLACE,1.0,0.03333333333333333,,0,0.47,0.0,12.0,24.0
LAUNDRY 15C METAL SIGN,214.69,7.156333333333333,134.12,151,100.19,251.0,2576.2799999999997,359.0
LAUREL HEART ANTIQUE GOLD,74.0,2.466666666666667,84.21,95,34.53,130.0,888.0,211.0
LAUREL HEART ANTIQUE SILVER,184.29,6.143,138.66,156,86.0,242.0,2211.48,333.0
LAUREL STAR ANTIQUE GOLD,74.4,2.48,58.89,66,34.72,101.0,892.8000000000001,211.0
LAUREL STAR ANTIQUE SILVER ,57.71,1.9236666666666666,53.36,60,26.93,87.0,692.52,186.0
LAVENDER INCENSE 40 CONES IN TIN,13.62,0.45399999999999996,16.27,18,6.36,24.0,163.44,90.0
LAVENDER INCENSE IN TIN,28.67,0.9556666666666668,27.86,31,13.38,44.0,344.04,131.0
LAVENDER SCENT CAKE CANDLE,60.0,2.0,48.33,54,28.0,82.0,720.0,190.0
LAVENDER SCENTED FABRIC HEART,104.0,3.466666666666667,42.24,47,48.53,96.0,1248.0,250.0
LAVENDER TOILETTE BOTTLE,133.5,4.45,104.49,117,62.3,179.0,1602.0,283.0
LAZER CUT NECKLACE W PASTEL BEADS,11.4,0.38,22.7,26,5.32,31.0,136.8,83.0
LE GRAND TRAY CHIC SET,21.0,0.7,9.81,11,9.8,21.0,252.0,112.0
LE JARDIN BOTANIQUE CUSHION COVER,131.75,4.391666666666667,84.09,94,61.48,155.0,1581.0,281.0
LEAVES MAGNETIC  SHOPPING LIST,24.0,0.8,,0,11.2,11.0,288.0,120.0
LED TEA LIGHTS,99.33,3.311,113.67,128,46.35,174.0,1191.96,244.0
LETS GO SHOPPING COTTON TOTE BAG,14.75,0.49166666666666664,7.25,8,6.88,15.0,177.0,94.0
"LETTER ""A"" BLING KEY RING",7.88,0.26266666666666666,8.49,10,3.68,14.0,94.56,69.0
"LETTER ""B"" BLING KEY RING",6.5,0.21666666666666667,7.78,9,3.03,12.0,78.0,62.0
"LETTER ""C"" BLING KEY RING",10.4,0.3466666666666667,11.15,13,4.85,18.0,124.80000000000001,79.0
"LETTER ""D"" BLING KEY RING",6.5,0.21666666666666667,8.92,10,3.03,13.0,78.0,62.0
"LETTER ""E"" BLING KEY RING",10.25,0.3416666666666667,9.98,11,4.78,16.0,123.0,78.0
"LETTER ""F"" BLING KEY RING",13.0,0.43333333333333335,,0,6.07,6.0,156.0,88.0
"LETTER ""G"" BLING KEY RING",6.8,0.22666666666666666,10.4,12,3.17,15.0,81.6,64.0
"LETTER ""H"" BLING KEY RING",7.33,0.24433333333333335,5.51,6,3.42,9.0,87.96000000000001,66.0
"LETTER ""I"" BLING KEY RING",12.5,0.4166666666666667,0.71,1,5.83,7.0,150.0,87.0
"LETTER ""J"" BLING KEY RING",5.75,0.19166666666666668,4.5,5,2.68,8.0,69.0,59.0
"LETTER ""K"" BLING KEY RING",6.71,0.22366666666666665,8.24,9,3.13,12.0,80.52,63.0
"LETTER ""L"" BLING KEY RING",12.75,0.425,16.28,18,5.95,24.0,153.0,87.0
"LETTER ""M"" BLING KEY RING",6.75,0.225,4.57,5,3.15,8.0,81.0,64.0
"LETTER ""N"" BLING KEY RING",4.5,0.15,5.69,6,2.1,8.0,54.0,52.0
"LETTER ""O"" BLING KEY RING",12.0,0.4,,0,5.6,6.0,144.0,85.0
"LETTER ""P"" BLING KEY RING",7.0,0.23333333333333334,12.0,13,3.27,16.0,84.0,65.0
"LETTER ""R"" BLING KEY RING",5.0,0.16666666666666666,6.93,8,2.33,10.0,60.0,55.0
"LETTER ""S"" BLING KEY RING",13.33,0.44433333333333336,11.06,12,6.22,18.0,159.96,89.0
"LETTER ""T"" BLING KEY RING",12.0,0.4,,0,5.6,6.0,144.0,85.0
"LETTER ""U"" BLING KEY RING",12.0,0.4,,0,5.6,6.0,144.0,85.0
"LETTER ""V"" BLING KEY RING",4.67,0.15566666666666668,6.35,7,2.18,9.0,56.04,53.0
"LETTER ""W"" BLING KEY RING",12.0,0.4,,0,5.6,6.0,144.0,85.0
"LETTER ""Y"" BLING KEY RING",30.5,1.0166666666666666,41.72,47,14.23,61.0,366.0,135.0
"LETTER ""Z"" BLING KEY RING",12.0,0.4,,0,5.6,6.0,144.0,85.0
LETTER HOLDER HOME SWEET HOME,149.0,4.966666666666667,94.5,106,69.53,176.0,1788.0,299.0
LETTER SHAPE PENCIL SHARPENER,301.45,10.048333333333334,490.91,552,140.68,693.0,3617.3999999999996,425.0
LIGHT DECORATION BATTERY OPERATED,2.0,0.06666666666666667,,0,0.93,1.0,24.0,35.0
LIGHT GARLAND BUTTERFILES PINK,103.08,3.436,110.3,124,48.1,172.0,1236.96,249.0
LIGHT PINK FLOCK GLASS CANDLEHOLDER,12.0,0.4,10.39,12,5.6,18.0,144.0,85.0
LIGHTHOUSE PRINTED METAL SIGN,3.0,0.1,1.41,2,1.4,3.0,36.0,42.0
LILAC DIAMANTE PEN IN GIFT BOX,2.89,0.09633333333333334,2.09,2,1.35,3.0,34.68,42.0
LILAC FEATHERS CURTAIN,12.0,0.4,,0,5.6,6.0,144.0,85.0
LILAC GAUZE BUTTERFLY LAMPSHADE,6.0,0.2,4.4,5,2.8,8.0,72.0,60.0
LILAC VOTIVE CANDLE,36.0,1.2,16.97,19,16.8,36.0,432.0,147.0
LILY BROOCH AMETHYST COLOUR,2.14,0.07133333333333333,1.07,1,1.0,2.0,25.68,36.0
LILY BROOCH OLIVE COLOUR,2.2,0.07333333333333333,1.1,1,1.03,2.0,26.400000000000002,36.0
LIPSTICK PEN BABY PINK,92.23,3.0743333333333336,88.39,99,43.04,142.0,1106.76,235.0
LIPSTICK PEN FUSCHIA,148.08,4.936000000000001,123.5,139,69.1,208.0,1776.96,298.0
LIPSTICK PEN RED,216.31,7.210333333333334,148.97,167,100.94,268.0,2595.7200000000003,360.0
LITTLE GREEN MONSTER SOFT TOY,3.17,0.10566666666666666,1.83,2,1.48,3.0,38.04,44.0
LITTLE PINK MONSTER SOFT TOY,4.0,0.13333333333333333,1.15,1,1.87,3.0,48.0,49.0
LOCAL CAFE MUG,47.17,1.5723333333333334,38.92,44,22.01,66.0,566.04,168.0
LOLITA  DESIGN  COTTON TOTE BAG,14.0,0.4666666666666667,7.59,9,6.53,16.0,168.0,92.0
LONDON BUS COFFEE MUG,326.62,10.887333333333334,218.35,245,152.42,397.0,3919.44,443.0
LONG SILVER NECKLACE PASTEL FLOWER,1.6,0.05333333333333334,0.55,1,0.75,2.0,19.200000000000003,31.0
LOVE BUILDING BLOCK WORD,149.69,4.9896666666666665,71.62,80,69.86,150.0,1796.28,300.0
LOVE GARLAND PAINTED ZINC ,31.15,1.0383333333333333,25.66,29,14.54,44.0,373.79999999999995,137.0
LOVE HEART NAPKIN BOX ,71.5,2.3833333333333333,30.41,34,33.37,67.0,858.0,207.0
LOVE HEART POCKET WARMER,262.0,8.733333333333333,483.17,543,122.27,665.0,3144.0,396.0
LOVE HEART SOCK HANGER,30.36,1.012,33.84,38,14.17,52.0,364.32,135.0
LOVE HEART TRINKET POT,172.92,5.763999999999999,127.9,144,80.7,225.0,2075.04,322.0
LOVE HOT WATER BOTTLE,470.4,15.68,411.26,462,219.52,682.0,5644.799999999999,531.0
LOVE LARGE WOOD LETTERS ,11.38,0.37933333333333336,8.94,10,5.31,15.0,136.56,83.0
LOVE POTION MASALA INCENSE,32.14,1.0713333333333332,12.2,14,15.0,29.0,385.68,139.0
LOVE SEAT ANTIQUE WHITE METAL,5.8,0.19333333333333333,4.83,5,2.71,8.0,69.6,59.0
LOVEBIRD HANGING DECORATION WHITE ,259.38,8.645999999999999,139.2,156,121.04,277.0,3112.56,394.0
LOVELY BONBON STICKER SHEET,27.36,0.912,15.98,18,12.77,31.0,328.32,128.0
LUNCH BAG  BLACK SKULL.,868.54,28.95133333333333,371.29,417,405.32,822.0,10422.48,722.0
LUNCH BAG ALPHABET DESIGN,839.33,27.977666666666668,482.17,542,391.69,934.0,10071.960000000001,710.0
LUNCH BAG APPLE DESIGN,1285.0,42.833333333333336,546.3,614,599.67,1214.0,15420.0,878.0
LUNCH BAG CARS BLUE,832.31,27.743666666666666,407.63,458,388.41,846.0,9987.72,707.0
LUNCH BAG DOILEY PATTERN ,1080.33,36.010999999999996,1022.9,1149,504.15,1653.0,12963.96,805.0
LUNCH BAG DOLLY GIRL DESIGN,503.46,16.782,259.65,292,234.95,527.0,6041.5199999999995,550.0
LUNCH BAG PAISLEY PARK  ,1105.0,36.833333333333336,1024.74,1152,515.67,1668.0,13260.0,814.0
LUNCH BAG PINK POLKADOT,788.77,26.292333333333332,429.98,483,368.09,851.0,9465.24,688.0
LUNCH BAG RED RETROSPOT,1361.31,45.376999999999995,523.68,588,635.28,1223.0,16335.72,904.0
LUNCH BAG RED SPOTTY,200.0,6.666666666666667,,0,93.33,93.0,2400.0,346.0
LUNCH BAG RED VINTAGE DOILY,774.0,25.8,668.92,752,361.2,1113.0,9288.0,681.0
LUNCH BAG SPACEBOY DESIGN ,762.46,25.415333333333333,364.95,410,355.81,766.0,9149.52,676.0
LUNCH BAG SUKI  DESIGN ,424.2,14.139999999999999,342.59,385,197.96,583.0,5090.4,504.0
LUNCH BAG SUKI DESIGN ,872.82,29.094,497.89,560,407.32,967.0,10473.84,724.0
LUNCH BAG VINTAGE DOILEY ,70.0,2.3333333333333335,,0,32.67,33.0,840.0,205.0
LUNCH BAG VINTAGE DOILY ,1290.4,43.013333333333335,509.37,572,602.19,1174.0,15484.800000000001,880.0
LUNCH BAG VINTAGE LEAF DESIGN,691.67,23.055666666666664,204.04,229,322.78,552.0,8300.039999999999,644.0
LUNCH BAG WOODLAND,701.15,23.371666666666666,307.03,345,327.2,672.0,8413.8,649.0
LUNCH BOX I LOVE LONDON,853.38,28.446,499.73,562,398.24,960.0,10240.56,716.0
LUNCH BOX WITH CUTLERY FAIRY CAKES ,15.25,0.5083333333333333,11.87,13,7.12,20.0,183.0,96.0
LUNCH BOX WITH CUTLERY RETROSPOT ,219.46,7.315333333333333,113.83,128,102.41,230.0,2633.52,363.0
LUSH GREENS RIBBONS,27.0,0.9,14.14,16,12.6,29.0,324.0,127.0
M/COLOUR POM-POM CURTAIN,2.0,0.06666666666666667,,0,0.93,1.0,24.0,35.0
MA CAMPAGNE CUTLERY BOX,17.25,0.575,7.87,9,8.05,17.0,207.0,102.0
MADRAS NOTEBOOK LARGE ,54.0,1.8,104.17,117,25.2,142.0,648.0,180.0
MADRAS NOTEBOOK MEDIUM,101.89,3.396333333333333,72.31,81,47.55,129.0,1222.68,247.0
MAGAZINE RACK GEBRA ASSORTED ,27.29,0.9096666666666666,20.56,23,12.74,36.0,327.48,128.0
MAGIC DRAWING SLATE BAKE A CAKE ,134.23,4.474333333333333,170.13,191,62.64,254.0,1610.7599999999998,284.0
MAGIC DRAWING SLATE BUNNIES ,132.0,4.4,102.15,115,61.6,177.0,1584.0,281.0
MAGIC DRAWING SLATE CIRCUS PARADE  ,253.31,8.443666666666667,170.21,191,118.21,309.0,3039.7200000000003,390.0
MAGIC DRAWING SLATE DINOSAUR,139.85,4.661666666666666,100.94,113,65.26,178.0,1678.1999999999998,290.0
MAGIC DRAWING SLATE DOLLY GIRL ,270.31,9.010333333333334,215.95,243,126.14,369.0,3243.7200000000003,403.0
MAGIC DRAWING SLATE GO TO THE FAIR ,68.0,2.2666666666666666,66.03,74,31.73,106.0,816.0,202.0
MAGIC DRAWING SLATE LEAP FROG ,81.77,2.7256666666666667,93.76,105,38.16,143.0,981.24,221.0
MAGIC DRAWING SLATE PURDEY,363.15,12.104999999999999,349.87,393,169.47,562.0,4357.799999999999,467.0
MAGIC DRAWING SLATE SPACEBOY ,333.15,11.104999999999999,217.44,244,155.47,399.0,3997.7999999999997,447.0
MAGIC GARDEN FELT GARLAND ,38.0,1.2666666666666666,11.18,13,17.73,31.0,456.0,151.0
MAGIC SHEEP WOOL GROWING FROM PAPER,93.23,3.107666666666667,106.75,120,43.51,164.0,1118.76,237.0
MAGIC TREE -PAPER FLOWERS,69.33,2.311,87.17,98,32.35,130.0,831.96,204.0
MAGNETS PACK OF 4 CHILDHOOD MEMORY,86.92,2.8973333333333335,82.09,92,40.56,133.0,1043.04,228.0
MAGNETS PACK OF 4 HOME SWEET HOME,107.15,3.5716666666666668,120.24,135,50.0,185.0,1285.8000000000002,254.0
MAGNETS PACK OF 4 RETRO PHOTO,90.92,3.030666666666667,87.34,98,42.43,140.0,1091.04,234.0
MAGNETS PACK OF 4 SWALLOWS,195.77,6.525666666666667,143.45,161,91.36,252.0,2349.2400000000002,343.0
MAGNETS PACK OF 4 VINTAGE COLLAGE,131.15,4.371666666666667,112.87,127,61.2,188.0,1573.8000000000002,281.0
MAGNETS PACK OF 4 VINTAGE LABELS ,94.08,3.136,100.24,113,43.9,157.0,1128.96,238.0
MAKE YOUR OWN FLOWERPOWER CARD KIT,66.69,2.223,59.02,66,31.12,97.0,800.28,200.0
MAKE YOUR OWN MONSOON CARD KIT,64.08,2.136,59.71,67,29.9,97.0,768.96,196.0
MAKE YOUR OWN PLAYTIME CARD KIT,48.31,1.6103333333333334,69.7,78,22.54,101.0,579.72,170.0
MAN FLU METAL SIGN,86.85,2.895,41.33,46,40.53,87.0,1042.1999999999998,228.0
MARIE ANTOIENETT TRINKET BOX GOLD,1.0,0.03333333333333333,,0,0.47,0.0,12.0,24.0
MARIE ANTOINETTE TRINKET BOX GOLD,63.2,2.106666666666667,117.36,132,29.49,161.0,758.4000000000001,195.0
MARIE ANTOINETTE TRINKET BOX SILVER,65.2,2.1733333333333333,133.0,149,30.43,179.0,782.4000000000001,198.0
MAXWELL 2 TONE BLUE 60 PAGE PHOTO A,3.5,0.11666666666666667,0.71,1,1.63,3.0,42.0,46.0
MEASURING TAPE BABUSHKA BLUE,27.83,0.9276666666666666,35.07,39,12.99,52.0,333.96,129.0
MEASURING TAPE BABUSHKA PINK,29.85,0.995,36.35,41,13.93,55.0,358.20000000000005,134.0
MEASURING TAPE BABUSHKA RED,22.8,0.76,48.84,55,10.64,66.0,273.6,117.0
MEDINA STAMPED METAL STOOL,3.3,0.11,3.13,4,1.54,6.0,39.599999999999994,44.0
MEDIUM CERAMIC TOP STORAGE JAR,8657.33,288.5776666666667,24585.02,27627,4040.09,31667.0,103887.95999999999,2279.0
MEDIUM CHINESE STYLE SCISSOR,66.2,2.2066666666666666,87.27,98,30.89,129.0,794.4000000000001,199.0
MEDIUM MEDINA STAMPED METAL BOWL ,22.85,0.7616666666666667,16.85,19,10.66,30.0,274.20000000000005,117.0
MEDIUM PARLOUR FRAME ,22.0,0.7333333333333333,,0,10.27,10.0,264.0,115.0
MEDIUM PARLOUR PICTURE FRAME ,45.33,1.511,35.47,40,21.15,61.0,543.96,165.0
MEDIUM PINK BUDDHA HEAD ,5.22,0.174,4.15,5,2.44,7.0,62.64,56.0
MEDIUM WHITE/PINK ROSE ART FLOWER,21.17,0.7056666666666668,16.85,19,9.88,29.0,254.04000000000002,113.0
MEMO BOARD COTTAGE DESIGN,105.0,3.5,70.65,79,49.0,128.0,1260.0,251.0
MEMO BOARD RETROSPOT  DESIGN,214.31,7.143666666666666,142.48,160,100.01,260.0,2571.7200000000003,359.0
METAL 4 HOOK HANGER FRENCH CHATEAU,179.25,5.975,72.09,81,83.65,165.0,2151.0,328.0
METAL BASE FOR CANDLES,5.5,0.18333333333333332,6.36,7,2.57,10.0,66.0,57.0
METAL DECORATION NAUGHTY CHILDREN ,112.0,3.7333333333333334,57.75,65,52.27,117.0,1344.0,259.0
METAL HERB GERDEN CONTAINER,8.0,0.26666666666666666,4.58,5,3.73,9.0,96.0,69.0
METAL MERRY CHRISTMAS WREATH,88.86,2.962,74.81,84,41.47,125.0,1066.32,231.0
METAL RABBIT LADDER EASTER ,18.5,0.6166666666666667,5.07,6,8.63,15.0,222.0,105.0
METAL SIGN CUPCAKE SINGLE HOOK,36.15,1.2049999999999998,69.07,78,16.87,95.0,433.79999999999995,147.0
METAL SIGN DROP YOUR PANTS,308.0,10.266666666666667,165.27,186,143.73,330.0,3696.0,430.0
METAL SIGN EMPIRE TEA,115.0,3.8333333333333335,106.94,120,53.67,174.0,1380.0,263.0
METAL SIGN HER DINNER IS SERVED ,99.23,3.307666666666667,215.61,242,46.31,288.0,1190.76,244.0
METAL SIGN HIS DINNER IS SERVED,42.08,1.4026666666666665,36.37,41,19.64,61.0,504.96,159.0
METAL SIGN NEIGHBOURHOOD WITCH ,73.08,2.436,47.13,53,34.1,87.0,876.96,209.0
METAL SIGN TAKE IT OR LEAVE IT ,283.85,9.461666666666668,375.27,422,132.46,554.0,3406.2000000000003,413.0
"METAL SIGN,CUPCAKE SINGLE HOOK",63.77,2.1256666666666666,89.9,101,29.76,131.0,765.24,196.0
METAL TUBE CHIME ON BAMBOO,97.6,3.253333333333333,166.74,187,45.55,233.0,1171.1999999999998,242.0
METALIC LEAVES BAG CHARMS,15.0,0.5,7.26,8,7.0,15.0,180.0,95.0
MIDNIGHT BLUE COPPER FLOWER NECKLAC,1.5,0.05,0.71,1,0.7,2.0,18.0,30.0
MIDNIGHT BLUE CRYSTAL DROP EARRINGS,1.0,0.03333333333333333,,0,0.47,0.0,12.0,24.0
MIDNIGHT BLUE DROP CRYSTAL NECKLACE,8.0,0.26666666666666666,,0,3.73,4.0,96.0,69.0
MIDNIGHT BLUE GLASS/SILVER BRACELET,1.75,0.058333333333333334,0.96,1,0.82,2.0,21.0,32.0
MIDNIGHT BLUE PAIR HEART HAIR SLIDE,3.0,0.1,2.45,3,1.4,4.0,36.0,42.0
MIDNIGHT BLUE VINTAGE EARRINGS,5.33,0.17766666666666667,2.31,3,2.49,5.0,63.96,57.0
MIDNIGHT GLAMOUR SCARF KNITTING KIT,27.7,0.9233333333333333,20.45,23,12.93,36.0,332.4,129.0
MILK BOTTLE WITH GLASS STOPPER ,9.33,0.311,6.11,7,4.35,11.0,111.96000000000001,75.0
MILK MAIDS MUG ,68.0,2.2666666666666666,53.02,60,31.73,92.0,816.0,202.0
MILK PAN BLUE POLKADOT,8.0,0.26666666666666666,6.11,7,3.73,11.0,96.0,69.0
MILK PAN PINK POLKADOT,7.8,0.26,8.56,10,3.64,14.0,93.6,68.0
MILK PAN RED RETROSPOT,23.85,0.795,17.58,20,11.13,31.0,286.20000000000005,120.0
MINI  ZINC GARDEN DECORATIONS ,117.29,3.909666666666667,239.92,270,54.74,325.0,1407.48,265.0
MINI CAKE STAND  HANGING STRAWBERY,96.0,3.2,74.77,84,44.8,129.0,1152.0,240.0
MINI CAKE STAND T-LIGHT HOLDER,122.0,4.066666666666666,117.02,132,56.93,189.0,1464.0,271.0
MINI CAKE STAND WITH HANGING CAKES,99.77,3.3256666666666663,57.25,64,46.56,111.0,1197.24,245.0
MINI FUNKY DESIGN TAPES,102.17,3.405666666666667,61.05,69,47.68,117.0,1226.04,248.0
MINI HIGHLIGHTER PENS,280.0,9.333333333333334,183.3,206,130.67,337.0,3360.0,410.0
MINI JIGSAW BAKE A CAKE ,119.67,3.989,157.23,177,55.85,233.0,1436.04,268.0
MINI JIGSAW BUNNIES,83.77,2.792333333333333,81.31,91,39.09,130.0,1005.24,224.0
MINI JIGSAW CIRCUS PARADE ,188.54,6.284666666666666,136.98,154,87.99,242.0,2262.48,336.0
MINI JIGSAW DINOSAUR ,56.77,1.8923333333333334,44.48,50,26.49,76.0,681.24,185.0
MINI JIGSAW DOLLY GIRL,217.23,7.241,129.16,145,101.37,246.0,2606.7599999999998,361.0
MINI JIGSAW GO TO THE FAIR,32.25,1.075,41.17,46,15.05,61.0,387.0,139.0
MINI JIGSAW LEAP FROG,42.36,1.412,69.7,78,19.77,98.0,508.32,159.0
MINI JIGSAW PURDEY,158.85,5.295,165.82,186,74.13,260.0,1906.1999999999998,309.0
MINI JIGSAW SPACEBOY,339.54,11.318000000000001,182.19,205,158.45,363.0,4074.4800000000005,451.0
MINI LADLE LOVE HEART PINK,20.25,0.675,12.65,14,9.45,23.0,243.0,110.0
MINI LADLE LOVE HEART RED ,52.58,1.7526666666666666,83.19,93,24.54,118.0,630.96,178.0
MINI LIGHTS WOODLAND MUSHROOMS,573.0,19.1,386.66,435,267.4,702.0,6876.0,586.0
MINI PAINT SET VINTAGE ,2005.85,66.86166666666666,906.95,1019,936.06,1955.0,24070.199999999997,1097.0
MINI PAINTED GARDEN DECORATION ,188.62,6.287333333333334,199.59,224,88.02,312.0,2263.44,336.0
MINI PLAYING CARDS BUFFALO BILL ,710.25,23.675,645.45,725,331.45,1056.0,8523.0,653.0
MINI PLAYING CARDS DOLLY GIRL ,619.0,20.633333333333333,798.44,897,288.87,1186.0,7428.0,609.0
MINI PLAYING CARDS FUN FAIR ,260.75,8.691666666666666,369.72,415,121.68,537.0,3129.0,396.0
MINI PLAYING CARDS GYMKHANA,574.5,19.15,572.68,644,268.1,912.0,6894.0,587.0
MINI PLAYING CARDS SPACEBOY ,679.5,22.65,859.24,966,317.1,1283.0,8154.0,639.0
MINI WOODEN HAPPY BIRTHDAY GARLAND,130.69,4.356333333333334,158.72,178,60.99,239.0,1568.28,280.0
MINIATURE ANTIQUE ROSE HOOK IVORY,230.0,7.666666666666667,126.38,142,107.33,249.0,2760.0,371.0
MINITURE ANTIQUE ROSE HOOK IVORY,48.0,1.6,,0,22.4,22.0,576.0,170.0
MINT DINER CLOCK,2.0,0.06666666666666667,,0,0.93,1.0,24.0,35.0
MINT DINER WALL CLOCK,52.14,1.738,40.84,46,24.33,70.0,625.6800000000001,177.0
MINT GREEN ROSE TOWEL,6.36,0.21200000000000002,2.8,3,2.97,6.0,76.32000000000001,62.0
MINT KITCHEN SCALES,60.92,2.030666666666667,40.37,45,28.43,73.0,731.04,191.0
MIRROR CORNICE,6.38,0.21266666666666667,2.66,3,2.98,6.0,76.56,62.0
MIRROR LOVE BIRD T-LIGHT HOLDER,28.0,0.9333333333333333,47.08,53,13.07,66.0,336.0,130.0
MIRROR MOSAIC CANDLE PLATE,30.2,1.0066666666666666,45.14,51,14.09,65.0,362.4,135.0
MIRROR MOSAIC GOBLET CANDLE HOLDER,72.29,2.409666666666667,179.8,202,33.74,236.0,867.48,208.0
MIRROR MOSAIC HURRICANE LAMP ,40.86,1.3619999999999999,90.61,102,19.07,121.0,490.32,157.0
MIRROR MOSAIC T-LIGHT HOLDER ,153.3,5.11,452.21,508,71.54,580.0,1839.6000000000001,303.0
MIRROR MOSAIC T-LIGHT HOLDER ROUND,145.62,4.854,325.58,366,67.96,434.0,1747.44,296.0
MIRROR MOSAIC VOTIVE HOLDER,76.09,2.5363333333333333,197.38,222,35.51,258.0,913.08,214.0
MIRRORED DISCO BALL ,49.54,1.6513333333333333,43.93,49,23.12,72.0,594.48,172.0
MIRRORED DOVE WALL DECORATION,12.62,0.42066666666666663,10.58,12,5.89,18.0,151.44,87.0
MIRRORED WALL ART FOXY,5.0,0.16666666666666666,2.65,3,2.33,5.0,60.0,55.0
MIRRORED WALL ART GENTS,14.82,0.494,14.6,16,6.92,23.0,177.84,94.0
MIRRORED WALL ART LADIES,16.1,0.5366666666666667,15.23,17,7.51,25.0,193.20000000000002,98.0
MIRRORED WALL ART PHOTO FRAMES,3.0,0.1,2.07,2,1.4,3.0,36.0,42.0
MIRRORED WALL ART POPPIES,25.0,0.8333333333333334,24.05,27,11.67,39.0,300.0,122.0
MIRRORED WALL ART SKULLS,26.73,0.891,23.5,26,12.47,38.0,320.76,127.0
MIRRORED WALL ART SNOWFLAKES,72.43,2.4143333333333334,24.21,27,33.8,61.0,869.1600000000001,208.0
MIRRORED WALL ART SPLODGES,10.89,0.36300000000000004,9.37,11,5.08,16.0,130.68,81.0
MIRRORED WALL ART STARS,34.8,1.16,23.47,26,16.24,42.0,417.59999999999997,144.0
MIRRORED WALL ART TABLE LAMP,8.38,0.2793333333333334,4.57,5,3.91,9.0,100.56,71.0
MISELTOE HEART WREATH ,40.0,1.3333333333333333,28.28,32,18.67,51.0,480.0,155.0
MISELTOE HEART WREATH CREAM,240.0,8.0,,0,112.0,112.0,2880.0,379.0
MISELTOE HEART WREATH WHITE,39.0,1.3,29.7,33,18.2,51.0,468.0,153.0
MISTLETOE HEART WREATH CREAM,64.0,2.1333333333333333,60.55,68,29.87,98.0,768.0,196.0
MISTLETOE HEART WREATH GREEN,104.75,3.4916666666666667,110.84,125,48.88,174.0,1257.0,251.0
MIXED NUTS LIGHT GREEN BOWL,93.8,3.1266666666666665,118.47,133,43.77,177.0,1125.6,237.0
MOBILE VINTAGE HEARTS ,12.75,0.425,8.53,10,5.95,16.0,153.0,87.0
MOCK LOBSTER FRIDGE MAGNET,29.56,0.9853333333333333,20.29,23,13.79,37.0,354.71999999999997,133.0
MODERN FLORAL STATIONERY SET,93.77,3.1256666666666666,107.94,121,43.76,165.0,1125.24,237.0
MODERN VINTAGE COTTON SHOPPING BAG,7.33,0.24433333333333335,6.66,7,3.42,10.0,87.96000000000001,66.0
MONEY BOX BISCUITS DESIGN,18.0,0.6,14.12,16,8.4,24.0,216.0,104.0
MONEY BOX CONFECTIONERY DESIGN,12.45,0.415,12.19,14,5.81,20.0,149.39999999999998,86.0
MONEY BOX FIRST ADE DESIGN,8.5,0.2833333333333333,6.8,8,3.97,12.0,102.0,71.0
MONEY BOX FIRST AID DESIGN,8.6,0.2866666666666667,9.07,10,4.01,14.0,103.19999999999999,72.0
MONEY BOX HOUSEKEEPING DESIGN,17.15,0.5716666666666667,21.23,24,8.0,32.0,205.79999999999998,101.0
MONEY BOX KINGS CHOICE DESIGN,24.54,0.818,23.82,27,11.45,38.0,294.48,121.0
MONEY BOX POCKET MONEY DESIGN,26.69,0.8896666666666667,22.87,26,12.46,38.0,320.28000000000003,127.0
MONSTERS STENCIL CRAFT,107.54,3.5846666666666667,72.79,82,50.19,132.0,1290.48,254.0
MONTANA DIAMOND CLUSTER EARRINGS,6.0,0.2,,0,2.8,3.0,72.0,60.0
MOODY BOY  DOOR HANGER ,85.31,2.8436666666666666,98.32,110,39.81,150.0,1023.72,226.0
MOODY GIRL DOOR HANGER ,109.77,3.659,125.24,141,51.23,192.0,1317.24,257.0
MOP PENDANT SHELL NECKLACE,4.5,0.15,2.12,2,2.1,4.0,54.0,52.0
MORE BUTTER METAL SIGN ,52.69,1.7563333333333333,46.03,52,24.59,77.0,632.28,178.0
MOROCCAN BEATEN METAL DISH,3.5,0.11666666666666667,1.29,1,1.63,3.0,42.0,46.0
MOROCCAN BEATEN METAL DISH LARGE,1.83,0.061000000000000006,1.17,1,0.85,2.0,21.96,33.0
MOROCCAN BEATEN METAL MIRROR,2.0,0.06666666666666667,1.53,2,0.93,3.0,24.0,35.0
MOROCCAN TEA GLASS,380.8,12.693333333333333,209.0,235,177.71,413.0,4569.6,478.0
MOTHER'S KITCHEN SPOON REST ,19.78,0.6593333333333333,15.82,18,9.23,27.0,237.36,109.0
MOTORING TISSUE BOX,152.33,5.077666666666667,180.64,203,71.09,274.0,1827.96,302.0
MOUSE TOY WITH PINK T-SHIRT,25.77,0.859,15.5,17,12.03,29.0,309.24,124.0
MOUSEY LONG LEGS SOFT TOY,3.62,0.12066666666666667,2.62,3,1.69,5.0,43.44,47.0
MR ROBOT SOFT TOY,16.23,0.541,25.26,28,7.57,36.0,194.76,99.0
MRS ROBOT SOFT TOY,11.0,0.36666666666666664,18.57,21,5.13,26.0,132.0,81.0
MULTI COLOUR SILVER T-LIGHT HOLDER,790.69,26.356333333333335,425.73,478,368.99,847.0,9488.28,689.0
MULTI HEARTS  STICKERS,19.25,0.6416666666666667,24.42,27,8.98,36.0,231.0,107.0
MULTICOLOUR  CONFETTI IN TUBE,34.71,1.157,28.26,32,16.2,48.0,416.52,144.0
MULTICOLOUR 3D BALLS GARLAND,16.08,0.5359999999999999,10.19,11,7.5,18.0,192.95999999999998,98.0
MULTICOLOUR EASTER RABBIT ,6.67,0.22233333333333333,5.03,6,3.11,9.0,80.03999999999999,63.0
MULTICOLOUR HONEYCOMB FAN,87.85,2.9283333333333332,84.05,94,41.0,135.0,1054.1999999999998,230.0
MULTICOLOUR HONEYCOMB PAPER GARLAND,91.82,3.0606666666666666,98.31,110,42.85,153.0,1101.84,235.0
MULTICOLOUR POLKADOT PLATE,12.0,0.4,,0,5.6,6.0,144.0,85.0
MULTICOLOUR RABBIT EGG WARMER,25.62,0.854,24.05,27,11.96,39.0,307.44,124.0
MULTICOLOUR SPRING FLOWER MUG,170.17,5.672333333333333,136.59,153,79.41,232.0,2042.04,320.0
MUM'S KITCHEN CLOCK,10.4,0.3466666666666667,7.83,9,4.85,14.0,124.80000000000001,79.0
MUMMY MOUSE RED GINGHAM RIBBON,1.0,0.03333333333333333,,0,0.47,0.0,12.0,24.0
MURANO STYLE GLASS BRACELET BLACK,2.0,0.06666666666666667,1.41,2,0.93,3.0,24.0,35.0
MURANO STYLE GLASS BRACELET GOLD,2.33,0.07766666666666668,1.15,1,1.09,2.0,27.96,37.0
MURANO STYLE GLASS BRACELET RED,3.0,0.1,0.0,0,1.4,1.0,36.0,42.0
MUSICAL ZINC HEART DECORATION ,227.18,7.572666666666667,359.88,404,106.02,510.0,2726.16,369.0
Manual,551.77,18.392333333333333,1070.65,1203,257.49,1460.0,6621.24,575.0
N0 SINGING METAL SIGN,399.0,13.3,410.72,462,186.2,648.0,4788.0,489.0
NAMASTE SWAGAT INCENSE,186.69,6.223,211.1,237,87.12,324.0,2240.2799999999997,335.0
NATURAL HANGING QUILTED HEARTS ,286.4,9.546666666666665,234.15,263,133.65,397.0,3436.7999999999997,415.0
NATURAL SLATE CHALKBOARD LARGE ,111.69,3.723,45.18,51,52.12,103.0,1340.28,259.0
NATURAL SLATE HEART CHALKBOARD ,652.31,21.743666666666666,129.97,146,304.41,450.0,7827.719999999999,626.0
NATURAL SLATE RECTANGLE CHALKBOARD,223.92,7.4639999999999995,91.67,103,104.5,208.0,2687.04,367.0
NECKLACE+BRACELET PINK BUTTERFLY,5.6,0.18666666666666665,4.56,5,2.61,8.0,67.19999999999999,58.0
NECKLACE+BRACELET SET BLUE BLOSSOM,2.67,0.089,2.08,2,1.25,3.0,32.04,40.0
NECKLACE+BRACELET SET BLUE HIBISCUS,4.0,0.13333333333333333,4.64,5,1.87,7.0,48.0,49.0
NECKLACE+BRACELET SET FRUIT SALAD ,2.17,0.07233333333333333,1.6,2,1.01,3.0,26.04,36.0
NECKLACE+BRACELET SET PINK DAISY,1.0,0.03333333333333333,,0,0.47,0.0,12.0,24.0
NEW BAROQUE B'FLY NECKLACE CRYSTAL,2.0,0.06666666666666667,,0,0.93,1.0,24.0,35.0
NEW BAROQUE B'FLY NECKLACE GREEN,2.0,0.06666666666666667,,0,0.93,1.0,24.0,35.0
NEW BAROQUE B'FLY NECKLACE PINK,1.0,0.03333333333333333,,0,0.47,0.0,12.0,24.0
NEW BAROQUE B'FLY NECKLACE RED,2.0,0.06666666666666667,0.0,0,0.93,1.0,24.0,35.0
NEW BAROQUE BLACK BOXES,1.0,0.03333333333333333,0.0,0,0.47,0.0,12.0,24.0
NEW BAROQUE BLACK PHOTO ALBUM,5.2,0.17333333333333334,5.63,6,2.43,8.0,62.400000000000006,56.0
NEW BAROQUE JEWELLERY BOX ,5.33,0.17766666666666667,4.15,5,2.49,7.0,63.96,57.0
NEW BAROQUE LARGE NECKLACE BLK/WHIT,2.0,0.06666666666666667,,0,0.93,1.0,24.0,35.0
NEW BAROQUE SMALL NECKLACE BLACK,1.5,0.05,0.71,1,0.7,2.0,18.0,30.0
NEW ENGLAND MUG W GIFT BOX,2.0,0.06666666666666667,,0,0.93,1.0,24.0,35.0
NEWSPAPER STAND,25.0,0.8333333333333334,,0,11.67,12.0,300.0,122.0
NINJA RABBIT BLACK,10.55,0.3516666666666667,11.61,13,4.92,18.0,126.60000000000001,80.0
NINJA RABBIT PINK,8.42,0.2806666666666667,5.38,6,3.93,10.0,101.03999999999999,71.0
NO JUNK MAIL METAL SIGN,178.5,5.95,224.29,252,83.3,335.0,2142.0,327.0
NO SINGING METAL SIGN,421.45,14.048333333333334,262.98,296,196.68,493.0,5057.4,503.0
NOEL GARLAND PAINTED ZINC ,198.6,6.62,204.84,230,92.68,323.0,2383.2,345.0
NOEL WOODEN BLOCK LETTERS ,30.27,1.009,26.03,29,14.13,43.0,363.24,135.0
NOVELTY BISCUITS CAKE STAND 3 TIER,28.15,0.9383333333333332,21.74,24,13.14,37.0,337.79999999999995,130.0
NUMBER TILE COTTAGE GARDEN 0 ,6.75,0.225,4.8,5,3.15,8.0,81.0,64.0
NUMBER TILE COTTAGE GARDEN 1,5.75,0.19166666666666668,5.66,6,2.68,9.0,69.0,59.0
NUMBER TILE COTTAGE GARDEN 2,6.09,0.20299999999999999,5.66,6,2.84,9.0,73.08,60.0
NUMBER TILE COTTAGE GARDEN 3 ,7.43,0.24766666666666665,4.89,5,3.47,8.0,89.16,67.0
NUMBER TILE COTTAGE GARDEN 4,6.88,0.22933333333333333,6.88,8,3.21,11.0,82.56,64.0
NUMBER TILE COTTAGE GARDEN 5,6.71,0.22366666666666665,5.5,6,3.13,9.0,80.52,63.0
NUMBER TILE COTTAGE GARDEN 6,7.71,0.257,4.79,5,3.6,9.0,92.52,68.0
NUMBER TILE COTTAGE GARDEN 7,6.38,0.21266666666666667,5.26,6,2.98,9.0,76.56,62.0
NUMBER TILE COTTAGE GARDEN 8,7.43,0.24766666666666665,5.06,6,3.47,9.0,89.16,67.0
NUMBER TILE COTTAGE GARDEN 9,8.0,0.26666666666666666,5.63,6,3.73,10.0,96.0,69.0
NUMBER TILE COTTAGE GARDEN No,7.43,0.24766666666666665,2.94,3,3.47,6.0,89.16,67.0
NUMBER TILE VINTAGE FONT 0,8.86,0.29533333333333334,11.77,13,4.13,17.0,106.32,73.0
NUMBER TILE VINTAGE FONT 1,9.0,0.3,10.94,12,4.2,16.0,108.0,73.0
NUMBER TILE VINTAGE FONT 2,9.88,0.32933333333333337,10.7,12,4.61,17.0,118.56,77.0
NUMBER TILE VINTAGE FONT 3,7.55,0.25166666666666665,10.21,11,3.52,15.0,90.6,67.0
NUMBER TILE VINTAGE FONT 4,8.67,0.289,10.38,12,4.05,16.0,104.03999999999999,72.0
NUMBER TILE VINTAGE FONT 5,7.5,0.25,10.1,11,3.5,14.0,90.0,67.0
NUMBER TILE VINTAGE FONT 6 ,9.88,0.32933333333333337,10.64,12,4.61,17.0,118.56,77.0
NUMBER TILE VINTAGE FONT 7,8.22,0.274,10.37,12,3.84,16.0,98.64000000000001,70.0
NUMBER TILE VINTAGE FONT 8,8.25,0.275,11.32,13,3.85,17.0,99.0,70.0
NUMBER TILE VINTAGE FONT 9 ,9.0,0.3,11.7,13,4.2,17.0,108.0,73.0
NUMBER TILE VINTAGE FONT No ,29.4,0.98,39.6,45,13.72,59.0,352.79999999999995,133.0
NURSE'S BAG SOFT TOY,8.5,0.2833333333333333,8.12,9,3.97,13.0,102.0,71.0
"NURSERY A,B,C PAINTED LETTERS",16.0,0.5333333333333333,24.33,27,7.47,34.0,192.0,98.0
Next Day Carriage,9.88,0.32933333333333337,6.85,8,4.61,13.0,118.56,77.0
OCEAN SCENT CANDLE IN JEWELLED BOX,80.67,2.689,155.61,175,37.65,213.0,968.04,220.0
OCEAN STRIPE HAMMOCK ,2.0,0.06666666666666667,,0,0.93,1.0,24.0,35.0
OFFICE MUG WARMER BLACK+SILVER ,81.08,2.7026666666666666,110.94,125,37.84,163.0,972.96,221.0
OFFICE MUG WARMER CHOC+BLUE,39.77,1.3256666666666668,40.41,45,18.56,64.0,477.24,154.0
OFFICE MUG WARMER PINK,42.54,1.418,75.77,85,19.85,105.0,510.48,160.0
OFFICE MUG WARMER POLKADOT,38.69,1.2896666666666665,37.65,42,18.06,60.0,464.28,152.0
OLD DOC RUSSEL METAL SIGN,7.0,0.23333333333333334,8.49,10,3.27,13.0,84.0,65.0
OPEN CLOSED METAL SIGN,157.7,5.256666666666666,146.87,165,73.59,239.0,1892.3999999999999,308.0
OPIUM SCENTED VOTIVE CANDLE,93.33,3.1109999999999998,56.85,64,43.55,108.0,1119.96,237.0
ORANGE FELT VASE + FLOWERS,1.0,0.03333333333333333,,0,0.47,0.0,12.0,24.0
ORANGE FLOWER MUG ,4.0,0.13333333333333333,,0,1.87,2.0,48.0,49.0
ORANGE PENDANT TRIPLE SHELL NECKLAC,3.0,0.1,,0,1.4,1.0,36.0,42.0
ORANGE SCENTED SET/9 T-LIGHTS,52.09,1.7363333333333335,31.34,35,24.31,59.0,625.08,177.0
ORANGE TV TRAY TABLE ,65.86,2.195333333333333,83.81,94,30.73,125.0,790.3199999999999,199.0
ORANGE VOTIVE CANDLE,86.0,2.8666666666666667,55.54,62,40.13,102.0,1032.0,227.0
ORANGE/WHT/FUSCHIA STONES NECKLACE,6.0,0.2,,0,2.8,3.0,72.0,60.0
ORGANISER WOOD ANTIQUE WHITE ,27.8,0.9266666666666666,24.6,28,12.97,41.0,333.6,129.0
ORIENTAL RED CUSHION COVER ,3.25,0.10833333333333334,1.89,2,1.52,4.0,39.0,44.0
ORIGAMI JASMINE INCENSE/CANDLE SET,37.92,1.264,37.7,42,17.7,60.0,455.04,151.0
ORIGAMI LAVENDER INCENSE/CANDL SET ,30.25,1.0083333333333333,41.01,46,14.12,60.0,363.0,135.0
ORIGAMI OPIUM INCENSE/CANDLE SET ,59.0,1.9666666666666666,,0,27.53,28.0,708.0,188.0
ORIGAMI ROSE INCENSE IN TUBE,76.0,2.533333333333333,67.79,76,35.47,111.0,912.0,214.0
ORIGAMI ROSE INCENSE/CANDLE SET ,38.7,1.29,45.5,51,18.06,69.0,464.40000000000003,152.0
ORIGAMI SANDLEWOOD INCENSE+FLOWER,20.0,0.6666666666666666,21.34,24,9.33,33.0,240.0,110.0
ORIGAMI SANDLEWOOD INCENSE/CAND SET,36.5,1.2166666666666666,41.5,47,17.03,64.0,438.0,148.0
ORIGAMI VANILLA INCENSE CONES,25.67,0.8556666666666667,35.4,40,11.98,52.0,308.04,124.0
ORIGAMI VANILLA INCENSE/CANDLE SET ,22.5,0.75,27.22,31,10.5,42.0,270.0,116.0
OVAL  MINI PORTRAIT FRAME,107.67,3.589,69.53,78,50.25,128.0,1292.04,254.0
OVEN MITT APPLES DESIGN,99.85,3.328333333333333,52.63,59,46.6,106.0,1198.1999999999998,245.0
OVERNIGHT BAG VINTAGE ROSE PAISLEY,20.33,0.6776666666666666,12.91,15,9.49,24.0,243.95999999999998,110.0
OWL DOORSTOP,37.62,1.254,36.84,41,17.56,59.0,451.43999999999994,150.0
OYSTER TRINKET BOX,5.33,0.17766666666666667,8.6,10,2.49,12.0,63.96,57.0
PACK 20 DOLLY PEGS,60.5,2.0166666666666666,39.0,44,28.23,72.0,726.0,191.0
PACK 20 ENGLISH ROSE PAPER NAPKINS,120.25,4.008333333333334,103.01,116,56.12,172.0,1443.0,269.0
PACK 3 BOXES BIRD PANETTONE ,88.5,2.95,54.45,61,41.3,102.0,1062.0,230.0
PACK 3 BOXES BIRD PANNETONE ,174.0,5.8,141.49,159,81.2,240.0,2088.0,323.0
PACK 3 BOXES CHRISTMAS PANETTONE,19.5,0.65,21.92,25,9.1,34.0,234.0,108.0
PACK 3 BOXES CHRISTMAS PANNETONE,218.86,7.295333333333334,247.65,278,102.13,380.0,2626.32,362.0
PACK 3 FIRE ENGINE/CAR PATCHES,19.0,0.6333333333333333,10.65,12,8.87,21.0,228.0,107.0
PACK 3 IRON ON DOG PATCHES,15.92,0.5306666666666666,12.42,14,7.43,21.0,191.04,98.0
PACK 4 FLOWER/BUTTERFLY PATCHES,1.0,0.03333333333333333,,0,0.47,0.0,12.0,24.0
PACK 6 HEART/ICE-CREAM PATCHES,22.42,0.7473333333333334,18.72,21,10.46,31.0,269.04,116.0
PACK OF 12 50'S CHRISTMAS TISSUES,854.75,28.491666666666667,563.98,634,398.88,1033.0,10257.0,716.0
PACK OF 12 BLUE PAISLEY TISSUES ,171.0,5.7,79.34,89,79.8,169.0,2052.0,320.0
PACK OF 12 CHRISTMAS FUN CARDS,24.5,0.8166666666666667,9.19,10,11.43,21.0,294.0,121.0
PACK OF 12 CIRCUS PARADE TISSUES ,155.69,5.189666666666667,119.63,134,72.66,207.0,1868.28,306.0
PACK OF 12 COLOURED PENCILS,300.77,10.025666666666666,179.14,201,140.36,341.0,3609.24,425.0
PACK OF 12 DOILEY TISSUES,36.0,1.2,16.97,19,16.8,36.0,432.0,147.0
PACK OF 12 DOLLY GIRL TISSUES,300.75,10.025,229.07,257,140.35,397.0,3609.0,425.0
PACK OF 12 HEARTS DESIGN TISSUES ,659.15,21.971666666666668,476.32,535,307.6,843.0,7909.799999999999,629.0
PACK OF 12 LONDON TISSUES ,1949.62,64.98733333333332,889.67,1000,909.82,1910.0,23395.44,1082.0
PACK OF 12 PAISLEY PARK TISSUES ,404.25,13.475,278.47,313,188.65,502.0,4851.0,492.0
PACK OF 12 PINK PAISLEY TISSUES ,254.54,8.484666666666666,181.85,204,118.79,323.0,3054.48,391.0
PACK OF 12 PINK POLKADOT TISSUES,306.54,10.218,366.36,412,143.05,555.0,3678.4800000000005,429.0
PACK OF 12 RED APPLE TISSUES,293.75,9.791666666666666,312.75,351,137.08,488.0,3525.0,420.0
PACK OF 12 RED RETROSPOT TISSUES ,501.77,16.725666666666665,307.49,346,234.16,580.0,6021.24,549.0
PACK OF 12 SKULL TISSUES,397.38,13.246,625.63,703,185.44,888.0,4768.5599999999995,488.0
PACK OF 12 SPACEBOY TISSUES,227.46,7.582,137.23,154,106.15,260.0,2729.52,369.0
PACK OF 12 STICKY BUNNIES,70.18,2.3393333333333337,83.5,94,32.75,127.0,842.1600000000001,205.0
PACK OF 12 SUKI TISSUES ,565.08,18.836000000000002,420.32,472,263.7,736.0,6780.960000000001,582.0
PACK OF 12 TRADITIONAL CRAYONS,716.46,23.882,286.31,322,334.35,656.0,8597.52,656.0
PACK OF 12 VINTAGE CHRISTMAS TISSUE,660.5,22.016666666666666,353.87,398,308.23,706.0,7926.0,630.0
PACK OF 12 VINTAGE DOILY TISSUES,521.75,17.391666666666666,405.15,455,243.48,698.0,6261.0,560.0
PACK OF 12 VINTAGE LEAF TISSUES ,371.75,12.391666666666667,401.01,451,173.48,624.0,4461.0,472.0
PACK OF 12 WOODLAND TISSUES ,407.31,13.577,308.11,346,190.08,536.0,4887.72,494.0
PACK OF 20 NAPKINS PANTRY DESIGN,469.38,15.645999999999999,191.66,215,219.04,434.0,5632.5599999999995,531.0
PACK OF 20 NAPKINS RED APPLES,325.69,10.856333333333334,189.89,213,151.99,365.0,3908.2799999999997,442.0
PACK OF 20 SKULL PAPER NAPKINS,159.08,5.302666666666667,89.58,101,74.24,175.0,1908.96,309.0
PACK OF 20 SPACEBOY NAPKINS,114.46,3.8153333333333332,97.7,110,53.41,163.0,1373.52,262.0
PACK OF 6 BIRDY GIFT TAGS,466.31,15.543666666666667,364.96,410,217.61,628.0,5595.72,529.0
PACK OF 6 COCKTAIL PARASOL STRAWS,352.14,11.738,431.94,485,164.33,649.0,4225.68,460.0
PACK OF 6 HANDBAG GIFT BOXES,40.69,1.3563333333333332,31.83,36,18.99,55.0,488.28,156.0
PACK OF 6 LARGE FRUIT STRAWS ,308.0,10.266666666666667,279.45,314,143.73,458.0,3696.0,430.0
PACK OF 6 PANETTONE GIFT BOXES,113.0,3.7666666666666666,97.58,110,52.73,163.0,1356.0,260.0
PACK OF 6 PANNETONE GIFT BOXES,167.92,5.597333333333333,140.99,158,78.36,236.0,2015.04,317.0
PACK OF 6 SANDCASTLE FLAGS ASSORTED,184.38,6.146,187.81,211,86.04,297.0,2212.56,333.0
PACK OF 6 SKULL PAPER CUPS,157.69,5.256333333333333,122.81,138,73.59,212.0,1892.28,308.0
PACK OF 6 SKULL PAPER PLATES,168.77,5.625666666666667,124.61,140,78.76,219.0,2025.2400000000002,318.0
PACK OF 6 SMALL FRUIT STRAWS,235.43,7.847666666666667,278.24,313,109.87,423.0,2825.16,376.0
PACK OF 6 SWEETIE GIFT BOXES,79.15,2.6383333333333336,104.71,118,36.94,155.0,949.8000000000001,218.0
PACK OF 60 DINOSAUR CAKE CASES,933.38,31.112666666666666,491.0,552,435.58,988.0,11200.56,748.0
PACK OF 60 MUSHROOM CAKE CASES,382.08,12.735999999999999,215.54,242,178.3,420.0,4584.96,479.0
PACK OF 60 PINK PAISLEY CAKE CASES,1866.46,62.215333333333334,945.77,1063,871.01,1934.0,22397.52,1058.0
PACK OF 60 SPACEBOY CAKE CASES,623.31,20.776999999999997,234.1,263,290.88,554.0,7479.719999999999,612.0
PACK OF 72 RETROSPOT CAKE CASES,2591.77,86.39233333333333,942.19,1059,1209.49,2268.0,31101.239999999998,1247.0
PACK OF 72 SKULL CAKE CASES,1100.69,36.68966666666667,596.94,671,513.66,1185.0,13208.28,813.0
PACK OF SIX LED TEA LIGHTS,288.17,9.605666666666668,210.42,236,134.48,370.0,3458.04,416.0
PACK/12 BLUE FOLKART CARDS,2.44,0.08133333333333333,1.01,1,1.14,2.0,29.28,38.0
PACK/12 XMAS FUN CARD,8.5,0.2833333333333333,9.26,10,3.97,14.0,102.0,71.0
PACKING CHARGE,2.33,0.07766666666666668,2.07,2,1.09,3.0,27.96,37.0
PADS TO MATCH ALL CUSHIONS,1.0,0.03333333333333333,0.0,0,0.47,0.0,12.0,24.0
PAINT YOUR OWN CANVAS SET,181.08,6.0360000000000005,200.23,225,84.5,310.0,2172.96,330.0
PAINT YOUR OWN EGGS IN CRATE,82.0,2.7333333333333334,89.1,100,38.27,138.0,984.0,222.0
PAINTED HEART WREATH WITH BELL,12.0,0.4,,0,5.6,6.0,144.0,85.0
PAINTED LIGHTBULB RAINBOW DESIGN,16.0,0.5333333333333333,14.05,16,7.47,23.0,192.0,98.0
PAINTED LIGHTBULB STAR+ MOON,13.5,0.45,9.5,11,6.3,17.0,162.0,90.0
PAINTED METAL HEART WITH HOLLY BELL,132.89,4.429666666666666,229.2,258,62.02,320.0,1594.6799999999998,282.0
PAINTED METAL PEARS ASSORTED,344.31,11.477,161.47,181,160.68,342.0,4131.72,455.0
PAINTED METAL STAR WITH HOLLY BELLS,241.67,8.055666666666665,264.7,297,112.78,410.0,2900.04,381.0
PAINTED PINK RABBIT ,35.33,1.1776666666666666,44.09,50,16.49,66.0,423.96,146.0
PAINTED SEA SHELL METAL WINDCHIME,23.25,0.775,40.52,46,10.85,57.0,279.0,118.0
PAINTED YELLOW WOODEN DAISY,24.64,0.8213333333333334,41.52,47,11.5,58.0,295.68,122.0
PAIR BUTTERFLY HAIR CLIPS,8.0,0.26666666666666666,5.66,6,3.73,10.0,96.0,69.0
PAIR OF ENAMEL BUTTERFLY HAIRCLIP,4.25,0.14166666666666666,1.71,2,1.98,4.0,51.0,50.0
PAIR OF PINK FLOWER CLUSTER SLIDE,3.33,0.111,2.52,3,1.55,5.0,39.96,45.0
PAIR PADDED HANGERS PINK CHECK,7.12,0.23733333333333334,10.13,11,3.32,14.0,85.44,65.0
PAISLEY PARK CARD,174.0,5.8,110.31,124,81.2,205.0,2088.0,323.0
PAISLEY PATTERN  STICKERS,10.4,0.3466666666666667,8.33,9,4.85,14.0,124.80000000000001,79.0
PALE PINK/AMETHYST STONE NECKLACE,1.5,0.05,0.71,1,0.7,2.0,18.0,30.0
PANDA AND BUNNIES STICKER SHEET,28.62,0.9540000000000001,22.73,26,13.36,39.0,343.44,131.0
PANTRY 3 HOOK ROLLING PIN HANGER,50.5,1.6833333333333333,37.86,43,23.57,67.0,606.0,174.0
PANTRY APPLE CORER,43.6,1.4533333333333334,52.34,59,20.35,79.0,523.2,162.0
PANTRY CHOPPING BOARD,284.5,9.483333333333333,465.2,523,132.77,656.0,3414.0,413.0
PANTRY HOOK BALLOON WHISK ,49.0,1.6333333333333333,36.09,41,22.87,64.0,588.0,171.0
PANTRY HOOK SPATULA,38.5,1.2833333333333334,27.18,31,17.97,49.0,462.0,152.0
PANTRY HOOK TEA STRAINER ,40.0,1.3333333333333333,33.5,38,18.67,57.0,480.0,155.0
PANTRY KITCHEN THERMOMETER ,29.33,0.9776666666666666,30.37,34,13.69,48.0,351.96,133.0
PANTRY MAGNETIC  SHOPPING LIST,438.14,14.604666666666667,201.31,226,204.47,430.0,5257.68,513.0
PANTRY PASTRY BRUSH,104.5,3.4833333333333334,97.77,110,48.77,159.0,1254.0,250.0
PANTRY ROLLING PIN,218.82,7.294,238.57,268,102.12,370.0,2625.84,362.0
PANTRY SCRUBBING BRUSH,208.09,6.936333333333334,187.84,211,97.11,308.0,2497.08,353.0
PANTRY WASHING UP BRUSH,392.0,13.066666666666666,257.13,289,182.93,472.0,4704.0,485.0
PAPER BUNTING COLOURED LACE,212.25,7.075,152.76,172,99.05,271.0,2547.0,357.0
PAPER BUNTING PAISLEY PARK,124.0,4.133333333333334,24.04,27,57.87,85.0,1488.0,273.0
PAPER BUNTING RETROSPOT,529.15,17.638333333333332,350.2,394,246.94,641.0,6349.799999999999,563.0
PAPER BUNTING VINTAGE PAISLEY,91.54,3.0513333333333335,62.81,71,42.72,114.0,1098.48,234.0
PAPER BUNTING VINTAGE PARTY,210.5,7.016666666666667,0.71,1,98.23,99.0,2526.0,355.0
PAPER BUNTING WHITE LACE,472.38,15.746,363.2,408,220.44,628.0,5668.5599999999995,532.0
PAPER CHAIN KIT 50'S CHRISTMAS ,1301.42,43.38066666666667,1778.64,1999,607.33,2606.0,15617.04,884.0
PAPER CHAIN KIT EMPIRE,444.82,14.827333333333334,754.12,847,207.58,1055.0,5337.84,517.0
PAPER CHAIN KIT LONDON,36.5,1.2166666666666666,27.62,31,17.03,48.0,438.0,148.0
PAPER CHAIN KIT RETROSPOT,331.31,11.043666666666667,122.77,138,154.61,293.0,3975.7200000000003,446.0
PAPER CHAIN KIT SKULLS ,39.0,1.3,32.39,36,18.2,54.0,468.0,153.0
PAPER CHAIN KIT VINTAGE CHRISTMAS,725.62,24.187333333333335,960.34,1079,338.62,1418.0,8707.44,660.0
"PAPER CRAFT , LITTLE BIRDIE",80995.0,2699.8333333333335,,0,37797.67,37798.0,971940.0,6971.0
PAPER LANTERN 5 POINT SEQUIN STAR,7.14,0.238,3.67,4,3.33,7.0,85.67999999999999,65.0
PAPER LANTERN 5 POINT STAR MOON ,21.2,0.7066666666666667,21.37,24,9.89,34.0,254.39999999999998,113.0
PAPER LANTERN 5 POINT STAR MOON 30,5.0,0.16666666666666666,4.24,5,2.33,7.0,60.0,55.0
PAPER LANTERN 5 POINT STUDDED STAR,2.67,0.089,1.15,1,1.25,2.0,32.04,40.0
PAPER LANTERN 6 POINT SNOW STAR,6.5,0.21666666666666667,3.79,4,3.03,7.0,78.0,62.0
PAPER LANTERN 7 POINT SNOW STAR,11.0,0.36666666666666664,12.44,14,5.13,19.0,132.0,81.0
PAPER LANTERN 9 POINT DELUXE STAR,49.57,1.6523333333333334,94.99,107,23.13,130.0,594.84,172.0
PAPER LANTERN 9 POINT HOLLY STAR 23,6.0,0.2,5.29,6,2.8,9.0,72.0,60.0
PAPER LANTERN 9 POINT HOLLY STAR 40,6.0,0.2,,0,2.8,3.0,72.0,60.0
PAPER LANTERN 9 POINT HOLLY STAR L,13.8,0.46,12.01,13,6.44,19.0,165.60000000000002,91.0
PAPER LANTERN 9 POINT HOLLY STAR S,12.14,0.4046666666666667,8.93,10,5.67,16.0,145.68,85.0
PAPER LANTERN 9 POINT SNOW STAR,27.33,0.9109999999999999,31.41,35,12.75,48.0,327.96,128.0
PAPER LANTERN 9 POINT SNOW STAR ,29.25,0.975,44.98,51,13.65,65.0,351.0,132.0
PAPER POCKET TRAVELING FAN ,534.92,17.830666666666666,596.06,670,249.63,920.0,6419.039999999999,567.0
PAPERWEIGHT CHILDHOOD MEMORIES,20.08,0.6693333333333332,18.67,21,9.37,30.0,240.95999999999998,110.0
PAPERWEIGHT HOME SWEET HOME,14.6,0.48666666666666664,17.72,20,6.81,27.0,175.2,94.0
PAPERWEIGHT KINGS CHOICE ,16.0,0.5333333333333333,19.03,21,7.47,28.0,192.0,98.0
PAPERWEIGHT SAVE THE PLANET,29.91,0.997,32.53,37,13.96,51.0,358.92,134.0
PAPERWEIGHT VINTAGE COLLAGE,40.58,1.3526666666666667,65.34,73,18.94,92.0,486.96,156.0
PAPERWEIGHT VINTAGE PAISLEY,19.14,0.638,26.55,30,8.93,39.0,229.68,107.0
PARISIENNE CURIO CABINET,59.0,1.9666666666666666,22.93,26,27.53,54.0,708.0,188.0
PARISIENNE JEWELLERY DRAWER ,95.62,3.1873333333333336,48.71,55,44.62,100.0,1147.44,240.0
PARISIENNE KEY CABINET ,83.0,2.7666666666666666,33.92,38,38.73,77.0,996.0,223.0
PARISIENNE SEWING BOX,37.0,1.2333333333333334,23.05,26,17.27,43.0,444.0,149.0
PARLOUR CERAMIC WALL HOOK,49.78,1.6593333333333333,27.47,31,23.23,54.0,597.36,173.0
PARTY BUNTING,1176.23,39.20766666666667,857.14,963,548.91,1512.0,14114.76,840.0
PARTY CHARMS 50 PIECES,299.0,9.966666666666667,350.97,394,139.53,534.0,3588.0,424.0
PARTY CONE CHRISTMAS DECORATION ,150.5,5.016666666666667,135.04,152,70.23,222.0,1806.0,300.0
PARTY CONES CANDY ASSORTED,144.08,4.802666666666667,124.96,140,67.24,207.0,1728.96,294.0
PARTY CONES CANDY DECORATION,98.67,3.289,134.44,151,46.05,197.0,1184.04,243.0
PARTY CONES CANDY TREE DECORATION,77.33,2.5776666666666666,67.85,76,36.09,112.0,927.96,215.0
PARTY CONES CARNIVAL ASSORTED,100.5,3.35,73.87,83,46.9,130.0,1206.0,246.0
PARTY FOOD SHOPPER BAG,44.86,1.4953333333333334,36.78,41,20.93,62.0,538.3199999999999,164.0
PARTY INVITES BALLOON GIRL,27.38,0.9126666666666666,10.94,12,12.78,25.0,328.56,128.0
PARTY INVITES DINOSAURS,44.08,1.4693333333333334,22.06,25,20.57,46.0,528.96,163.0
PARTY INVITES FOOTBALL,31.69,1.0563333333333333,20.53,23,14.79,38.0,380.28000000000003,138.0
PARTY INVITES JAZZ HEARTS,37.15,1.2383333333333333,14.83,17,17.34,34.0,445.79999999999995,149.0
PARTY INVITES SPACEMAN,38.54,1.2846666666666666,19.13,21,17.99,39.0,462.48,152.0
PARTY INVITES WOODLAND,80.69,2.6896666666666667,96.21,108,37.66,146.0,968.28,220.0
PARTY METAL SIGN ,303.18,10.106,155.73,175,141.48,316.0,3638.16,427.0
PARTY PIZZA DISH BLUE POLKADOT,74.77,2.4923333333333333,116.23,131,34.89,166.0,897.24,212.0
PARTY PIZZA DISH GREEN POLKADOT,88.5,2.95,114.19,128,41.3,169.0,1062.0,230.0
PARTY PIZZA DISH PINK POLKADOT,95.36,3.1786666666666665,120.35,135,44.5,180.0,1144.32,239.0
PARTY PIZZA DISH RED RETROSPOT,131.15,4.371666666666667,125.81,141,61.2,202.0,1573.8000000000002,281.0
PARTY TIME DESIGN FLANNEL,8.0,0.26666666666666666,5.07,6,3.73,10.0,96.0,69.0
PARTY TIME PENCIL ERASERS,97.0,3.2333333333333334,57.27,64,45.27,109.0,1164.0,241.0
PASTEL BLUE PHOTO ALBUM ,29.0,0.9666666666666667,,0,13.53,14.0,348.0,132.0
PASTEL COLOUR HONEYCOMB FAN,72.75,2.425,55.74,63,33.95,97.0,873.0,209.0
PASTEL PINK PHOTO ALBUM ,3.5,0.11666666666666667,0.71,1,1.63,3.0,42.0,46.0
PEACE SMALL WOOD LETTERS,2.5,0.08333333333333333,1.84,2,1.17,3.0,30.0,39.0
PEACE WOODEN BLOCK LETTERS,26.77,0.8923333333333333,34.97,39,12.49,51.0,321.24,127.0
PEACH KNITTED HEN ,12.25,0.4083333333333333,10.59,12,5.72,18.0,147.0,86.0
"PEARL & SHELL 42""NECKL. GREEN",2.0,0.06666666666666667,1.41,2,0.93,3.0,24.0,35.0
"PEARL & SHELL 42""NECKL. IVORY",2.0,0.06666666666666667,,0,0.93,1.0,24.0,35.0
PEARL AND CHERRY QUARTZ BRACLET,2.0,0.06666666666666667,,0,0.93,1.0,24.0,35.0
PEARL CRYSTAL PUMPKIN T-LIGHT HLDR,106.15,3.5383333333333336,56.49,63,49.54,113.0,1273.8000000000002,252.0
PEARLISED IVORY HEART LARGE ,138.33,4.611000000000001,107.62,121,64.55,186.0,1659.96,288.0
PEARLISED IVORY HEART SMALL ,72.33,2.411,51.79,58,33.75,92.0,867.96,208.0
PEG BAG APPLE DESIGN,100.0,3.3333333333333335,,0,46.67,47.0,1200.0,245.0
PEG BAG APPLES DESIGN,107.54,3.5846666666666667,63.17,71,50.19,121.0,1290.48,254.0
PENCIL CASE LIFE IS BEAUTIFUL,39.33,1.311,30.14,34,18.35,52.0,471.96,154.0
PENNY FARTHING BIRTHDAY CARD,224.23,7.474333333333333,116.22,131,104.64,236.0,2690.7599999999998,367.0
PENS ASSORTED FUNKY JEWELED ,411.08,13.702666666666666,289.4,325,191.84,517.0,4932.96,497.0
PENS ASSORTED FUNNY FACE,703.54,23.45133333333333,502.07,564,328.32,892.0,8442.48,650.0
PENS ASSORTED SPACEBALL,469.67,15.655666666666667,325.91,366,219.18,585.0,5636.04,531.0
PERIWINKLE T-LIGHT HOLDER,5.14,0.1713333333333333,6.26,7,2.4,9.0,61.67999999999999,56.0
"PET MUG, GOLDFISH",6.75,0.225,6.08,7,3.15,10.0,81.0,64.0
PETIT TRAY CHIC,125.88,4.196,94.73,106,58.74,165.0,1510.56,275.0
PHARMACIE FIRST AID TIN,37.15,1.2383333333333333,47.26,53,17.34,70.0,445.79999999999995,149.0
PHOTO CLIP LINE,17.25,0.575,17.44,20,8.05,28.0,207.0,102.0
PHOTO CUBE,206.77,6.892333333333334,307.06,345,96.49,441.0,2481.2400000000002,352.0
PHOTO FRAME 3 CLASSIC HANGING,42.62,1.4206666666666665,13.38,15,19.89,35.0,511.43999999999994,160.0
PHOTO FRAME CORNICE,246.62,8.220666666666666,177.6,200,115.09,315.0,2959.44,385.0
PHOTO FRAME LINEN AND LACE LARGE,52.0,1.7333333333333334,32.38,36,24.27,60.0,624.0,177.0
PHOTO FRAME LINEN AND LACE SMALL,77.5,2.5833333333333335,52.83,59,36.17,95.0,930.0,216.0
PICNIC BASKET WICKER 60 PIECES,61.0,2.033333333333333,,0,28.47,28.0,732.0,191.0
PICNIC BASKET WICKER LARGE,99.5,3.316666666666667,160.21,180,46.43,226.0,1194.0,244.0
PICNIC BASKET WICKER SMALL,142.7,4.756666666666666,128.76,145,66.59,212.0,1712.3999999999999,293.0
PICNIC BOXES SET OF 3 RETROSPOT ,59.62,1.9873333333333332,53.23,60,27.82,88.0,715.4399999999999,189.0
PICTURE DOMINOES,230.15,7.671666666666667,177.3,199,107.4,306.0,2761.8,372.0
PICTURE FRAME WOOD TRIPLE PORTRAIT,78.69,2.6229999999999998,38.23,43,36.72,80.0,944.28,217.0
PIECE OF CAMO STATIONERY SET,375.56,12.518666666666666,423.95,476,175.26,651.0,4506.72,475.0
PIG KEYRING WITH LIGHT & SOUND ,119.64,3.988,153.69,173,55.83,229.0,1435.68,268.0
PIG MUG IN TWO COLOUR DESIGNS,18.29,0.6096666666666667,12.02,14,8.54,23.0,219.48,105.0
PIGGY BANK RETROSPOT ,218.25,7.275,249.11,280,101.85,382.0,2619.0,362.0
PIN CUSHION BABUSHKA BLUE,8.33,0.2776666666666667,7.18,8,3.89,12.0,99.96000000000001,71.0
PIN CUSHION BABUSHKA PINK,14.64,0.48800000000000004,15.42,17,6.83,24.0,175.68,94.0
PIN CUSHION BABUSHKA RED,15.58,0.5193333333333333,16.04,18,7.27,25.0,186.96,97.0
PING MICROWAVE APRON,36.92,1.2306666666666668,27.5,31,17.23,48.0,443.04,149.0
PING! MICROWAVE PLATE,11.22,0.374,9.18,10,5.24,15.0,134.64000000000001,82.0
PINK  HEART CONFETTI IN TUBE,72.0,2.4,127.79,144,33.6,178.0,864.0,208.0
PINK  HEART SHAPE LOVE BUCKET ,78.15,2.605,158.64,178,36.47,214.0,937.8000000000001,217.0
PINK  HONEYCOMB PAPER BALL ,69.5,2.316666666666667,54.12,61,32.43,93.0,834.0,204.0
PINK  HONEYCOMB PAPER FAN,36.42,1.214,31.06,35,17.0,52.0,437.04,148.0
PINK  POLKADOT CUP,198.0,6.6,118.06,133,92.4,225.0,2376.0,345.0
PINK  POLKADOT PLATE ,173.73,5.7909999999999995,93.65,105,81.07,186.0,2084.7599999999998,323.0
PINK & WHITE BREAKFAST TRAY,11.8,0.39333333333333337,12.99,15,5.51,21.0,141.60000000000002,84.0
PINK & WHITE ROSEBUD RING,2.8,0.09333333333333332,1.3,1,1.31,2.0,33.599999999999994,41.0
PINK 3 PIECE POLKADOT CUTLERY SET,348.0,11.6,317.19,356,162.4,518.0,4176.0,457.0
PINK ACRYLIC JEWEL SNOWFLAKE,12.0,0.4,,0,5.6,6.0,144.0,85.0
PINK AND BLACK STRING CURTAIN,7.6,0.2533333333333333,14.21,16,3.55,20.0,91.19999999999999,68.0
PINK AND WHITE CHRISTMAS TREE 120CM,26.57,0.8856666666666667,26.56,30,12.4,42.0,318.84000000000003,126.0
PINK B'FLY C/COVER W BOBBLES,3.67,0.12233333333333334,0.58,1,1.71,3.0,44.04,47.0
PINK BABY BUNTING,151.15,5.038333333333333,105.17,118,70.54,189.0,1813.8000000000002,301.0
PINK BAROQUE FLOCK CANDLE HOLDER,2.0,0.06666666666666667,,0,0.93,1.0,24.0,35.0
PINK BERTIE GLASS BEAD BAG CHARM,36.33,1.2109999999999999,21.08,24,16.95,41.0,435.96,148.0
PINK BITTY LIGHT CHAIN,17.25,0.575,13.6,15,8.05,23.0,207.0,102.0
PINK BLUE FELT CRAFT TRINKET BOX,786.54,26.218,1262.66,1419,367.05,1786.0,9438.48,687.0
PINK BOUDICCA LARGE BRACELET,4.57,0.15233333333333335,3.78,4,2.13,6.0,54.84,52.0
PINK BOUDOIR T-LIGHT HOLDER,12.0,0.4,,0,5.6,6.0,144.0,85.0
PINK BREAKFAST CUP AND SAUCER ,7.0,0.23333333333333334,5.57,6,3.27,9.0,84.0,65.0
PINK BUNNY EASTER EGG BASKET,79.0,2.6333333333333333,91.92,103,36.87,140.0,948.0,218.0
PINK BUTTERFLY CUSHION COVER,8.5,0.2833333333333333,4.95,6,3.97,10.0,102.0,71.0
PINK BUTTERFLY CUSHION COVER ,6.0,0.2,2.83,3,2.8,6.0,72.0,60.0
PINK BUTTERFLY WASHBAG,1.6,0.05333333333333334,0.89,1,0.75,2.0,19.200000000000003,31.0
PINK CANDYSTUFT ARTIFICIAL FLOWER,19.57,0.6523333333333333,34.62,39,9.13,48.0,234.84,108.0
PINK CAT BOWL,14.0,0.4666666666666667,21.62,24,6.53,31.0,168.0,92.0
PINK CAT FLORAL CUSHION COVER ,3.0,0.1,2.83,3,1.4,4.0,36.0,42.0
PINK CHERRY BLOSSOM CUP & SAUCER,6.0,0.2,,0,2.8,3.0,72.0,60.0
PINK CHERRY LIGHTS,4.0,0.13333333333333333,,0,1.87,2.0,48.0,49.0
PINK CHICK EGG WARMER + EGG CUP,22.67,0.7556666666666667,26.0,29,10.58,40.0,272.04,117.0
PINK CHRISTMAS FLOCK DROPLET ,8.0,0.26666666666666666,,0,3.73,4.0,96.0,69.0
PINK CHRYSANTHEMUMS ART FLOWER,18.0,0.6,,0,8.4,8.0,216.0,104.0
PINK CLEAR GLASS CANDLE PLATE,9.33,0.311,7.57,9,4.35,13.0,111.96000000000001,75.0
PINK CREAM FELT CRAFT TRINKET BOX ,548.54,18.284666666666666,276.07,310,255.99,566.0,6582.48,574.0
PINK CRYSTAL GUITAR PHONE CHARM,1.0,0.03333333333333333,,0,0.47,0.0,12.0,24.0
PINK CRYSTAL SKULL PHONE CHARM,25.0,0.8333333333333334,,0,11.67,12.0,300.0,122.0
PINK CRYSTAL+GLASS BRACELET,2.67,0.089,2.89,3,1.25,4.0,32.04,40.0
PINK DAISY BAG CHARM,6.0,0.2,,0,2.8,3.0,72.0,60.0
PINK DIAMANTE PEN IN GIFT BOX,7.2,0.24000000000000002,9.68,11,3.36,14.0,86.4,66.0
PINK DINER WALL CLOCK,40.29,1.343,23.08,26,18.8,45.0,483.48,155.0
PINK DISCO HANDBAG,10.38,0.34600000000000003,9.88,11,4.84,16.0,124.56,79.0
PINK DOG BOWL,33.54,1.1179999999999999,37.68,42,15.65,58.0,402.48,142.0
PINK DOG CANNISTER,4.67,0.15566666666666668,5.51,6,2.18,8.0,56.04,53.0
PINK DOUGHNUT TRINKET POT ,123.69,4.123,95.17,107,57.72,165.0,1484.28,272.0
PINK DRAWER KNOB ACRYLIC EDWARDIAN,257.31,8.577,151.95,171,120.08,291.0,3087.7200000000003,393.0
PINK EASTER HENS+FLOWER,3.0,0.1,,0,1.4,1.0,36.0,42.0
PINK ENAMEL FLOWER HAIR TIE,6.0,0.2,0.0,0,2.8,3.0,72.0,60.0
PINK ENAMEL+GLASS HAIR COMB,38.5,1.2833333333333334,53.12,60,17.97,78.0,462.0,152.0
PINK FAIRY CAKE CHILDRENS APRON,241.85,8.061666666666666,152.59,171,112.86,284.0,2902.2,381.0
PINK FAIRY CAKE CUSHION COVER,9.46,0.31533333333333335,8.13,9,4.41,13.0,113.52000000000001,75.0
PINK FEATHERS CURTAIN,26.0,0.8666666666666667,8.49,10,12.13,22.0,312.0,125.0
PINK FELT EASTER EGG BASKET,14.0,0.4666666666666667,,0,6.53,7.0,168.0,92.0
PINK FELT EASTER RABBIT GARLAND,23.2,0.7733333333333333,12.11,14,10.83,25.0,278.4,118.0
PINK FELT HANGING HEART W FLOWER,18.0,0.6,15.87,18,8.4,26.0,216.0,104.0
PINK FLOCK GLASS CANDLEHOLDER,12.67,0.42233333333333334,11.55,13,5.91,19.0,152.04,87.0
PINK FLOCK PHOTO FRAME ,12.0,0.4,,0,5.6,6.0,144.0,85.0
PINK FLOCK SUEDE CUSHION COVER ,12.0,0.4,,0,5.6,6.0,144.0,85.0
PINK FLORAL FELTCRAFT SHOULDER BAG,83.15,2.771666666666667,67.37,76,38.8,115.0,997.8000000000001,223.0
PINK FLOWER CROCHET FOOD COVER,14.85,0.495,7.14,8,6.93,15.0,178.2,94.0
PINK FLOWER FABRIC PONY,6.64,0.22133333333333333,3.41,4,3.1,7.0,79.67999999999999,63.0
PINK FLOWERS RABBIT EASTER,5.25,0.175,4.99,6,2.45,8.0,63.0,56.0
PINK FLUFFY CHRISTMAS DECORATION,24.0,0.8,,0,11.2,11.0,288.0,120.0
PINK FLY SWAT,5.73,0.191,7.34,8,2.67,11.0,68.76,59.0
PINK FOXGLOVE ARTIIFCIAL FLOWER,7.0,0.23333333333333334,0.0,0,3.27,3.0,84.0,65.0
PINK GAUZE BUTTERFLY LAMPSHADE,3.75,0.125,3.1,3,1.75,5.0,45.0,47.0
PINK GINGHAM CAT WITH SCARF,10.38,0.34600000000000003,10.32,12,4.84,17.0,124.56,79.0
PINK GLASS CANDLEHOLDER,14.18,0.4726666666666667,7.47,8,6.62,15.0,170.16,92.0
PINK GLASS TASSLE BAG CHARM ,3.5,0.11666666666666667,0.71,1,1.63,3.0,42.0,46.0
PINK GOOSE FEATHER TREE 60CM,18.29,0.6096666666666667,11.28,13,8.54,22.0,219.48,105.0
PINK GREEN EMBROIDERY COSMETIC BAG,2.67,0.089,2.89,3,1.25,4.0,32.04,40.0
PINK HANGING GINGHAM EASTER HEN,10.67,0.3556666666666667,5.03,6,4.98,11.0,128.04,80.0
PINK HANGING HEART T-LIGHT HOLDER,274.33,9.144333333333332,397.58,447,128.02,575.0,3291.96,406.0
PINK HAPPY BIRTHDAY BUNTING,175.92,5.864,119.57,134,82.1,216.0,2111.04,325.0
PINK HAWAIIAN PICNIC HAMPER FOR 2,2.8,0.09333333333333332,1.92,2,1.31,3.0,33.599999999999994,41.0
PINK HEART DOTS HOT WATER BOTTLE,8.0,0.26666666666666666,,0,3.73,4.0,96.0,69.0
PINK HEART OF GLASS BRACELET,2.33,0.07766666666666668,1.21,1,1.09,2.0,27.96,37.0
PINK HEART RED HANDBAG,2.0,0.06666666666666667,1.41,2,0.93,3.0,24.0,35.0
PINK HEART SHAPE EGG FRYING PAN,261.58,8.719333333333333,258.09,290,122.07,412.0,3138.96,396.0
PINK HEART SHAPE PHOTO FRAME,34.22,1.1406666666666667,52.15,59,15.97,75.0,410.64,143.0
PINK HEARTS LIGHT CHAIN ,21.78,0.7260000000000001,36.93,42,10.16,52.0,261.36,114.0
PINK HEARTS PAPER GARLAND,42.0,1.4,51.67,58,19.6,78.0,504.0,159.0
PINK HORSE SOCK PUPPET,24.7,0.8233333333333334,14.24,16,11.53,28.0,296.4,122.0
PINK HORSE SOCK PUPPET KIT,22.0,0.7333333333333333,11.31,13,10.27,23.0,264.0,115.0
PINK HYDRANGEA ART FLOWER,9.2,0.30666666666666664,3.03,3,4.29,7.0,110.39999999999999,74.0
PINK JEWELLED MIRROR TRINKET TRAY,4.14,0.13799999999999998,5.11,6,1.93,8.0,49.67999999999999,50.0
PINK JEWELLED PHOTO FRAME,2.71,0.09033333333333333,1.6,2,1.26,3.0,32.519999999999996,40.0
PINK JEWELLED PHOTO FRAME ,6.62,0.22066666666666668,3.78,4,3.09,7.0,79.44,63.0
PINK KNITTED EGG COSY,35.0,1.1666666666666667,40.8,46,16.33,62.0,420.0,145.0
PINK LOVE BIRD CANDLE,23.2,0.7733333333333333,25.52,29,10.83,40.0,278.4,118.0
PINK LOVE HEART SHAPE CUP,58.5,1.95,47.23,53,27.3,80.0,702.0,187.0
PINK MARSHMALLOW SCARF KNITTING KIT,36.0,1.2,,0,16.8,17.0,432.0,147.0
PINK METAL CHICKEN HEART ,67.1,2.2366666666666664,99.03,111,31.31,142.0,805.1999999999999,201.0
PINK METAL SWINGING BUNNY,25.0,0.8333333333333334,22.27,25,11.67,37.0,300.0,122.0
PINK MONTE CARLO HANDBAG,23.75,0.7916666666666666,32.44,36,11.08,47.0,285.0,119.0
PINK MURANO TWIST NECKLACE,2.0,0.06666666666666667,1.0,1,0.93,2.0,24.0,35.0
PINK NEW BAROQUE FLOCK CANDLESTICK,2.0,0.06666666666666667,1.0,1,0.93,2.0,24.0,35.0
PINK NEW BAROQUECANDLESTICK CANDLE,41.36,1.3786666666666667,27.54,31,19.3,50.0,496.32,158.0
PINK OVAL JEWELLED MIRROR,3.33,0.111,1.75,2,1.55,4.0,39.96,45.0
PINK OVAL SHAPE TRINKET BOX,2.5,0.08333333333333333,1.87,2,1.17,3.0,30.0,39.0
PINK OWL SOFT TOY,64.69,2.1563333333333334,74.8,84,30.19,114.0,776.28,197.0
PINK PADDED MOBILE,12.8,0.4266666666666667,6.89,8,5.97,14.0,153.60000000000002,88.0
PINK PAINTED KASHMIRI CHAIR,4.0,0.13333333333333333,,0,1.87,2.0,48.0,49.0
PINK PAISLEY CUSHION COVER ,2.5,0.08333333333333333,1.29,1,1.17,2.0,30.0,39.0
PINK PAISLEY ROSE GIFT WRAP,94.23,3.141,69.34,78,43.97,122.0,1130.76,238.0
PINK PAISLEY SQUARE TISSUE BOX ,113.67,3.789,183.79,207,53.05,260.0,1364.04,261.0
PINK PAPER PARASOL ,32.92,1.0973333333333335,27.8,31,15.36,46.0,395.04,141.0
PINK PARTY BAGS,185.31,6.1770000000000005,109.79,123,86.48,209.0,2223.7200000000003,333.0
PINK PARTY SUNGLASSES,2.0,0.06666666666666667,2.0,2,0.93,3.0,24.0,35.0
PINK PILLAR CANDLE SILVER FLOCK,13.33,0.44433333333333336,22.53,25,6.22,31.0,159.96,89.0
PINK POLKADOT BOWL,243.0,8.1,102.31,115,113.4,228.0,2916.0,382.0
PINK POLKADOT CHILDRENS UMBRELLA,31.25,1.0416666666666667,19.07,21,14.58,36.0,375.0,137.0
PINK POLKADOT GARDEN PARASOL,11.5,0.38333333333333336,13.27,15,5.37,20.0,138.0,83.0
PINK POLKADOT KIDS BAG,1.0,0.03333333333333333,,0,0.47,0.0,12.0,24.0
PINK POLKADOT PLATE ,101.0,3.3666666666666667,106.07,119,47.13,166.0,1212.0,246.0
PINK POLKADOT WRAP ,488.46,16.282,219.52,247,227.95,475.0,5861.5199999999995,541.0
PINK POT PLANT CANDLE,18.9,0.63,23.7,27,8.82,36.0,226.79999999999998,106.0
PINK REGENCY TEACUP AND SAUCER,445.25,14.841666666666667,202.1,227,207.78,435.0,5343.0,517.0
PINK RETRO BIG FLOWER BAG,14.33,0.4776666666666667,11.43,13,6.69,20.0,171.96,93.0
PINK RIVIERA HANDBAG,61.67,2.0556666666666668,80.33,90,28.78,119.0,740.04,192.0
PINK ROSE FABRIC MIRROR,17.0,0.5666666666666667,20.86,23,7.93,31.0,204.0,101.0
PINK ROSE WASHBAG,10.3,0.3433333333333334,7.42,8,4.81,13.0,123.60000000000001,79.0
PINK ROSEBUD & PEARL NECKLACE,2.0,0.06666666666666667,0.0,0,0.93,1.0,24.0,35.0
PINK ROSEBUD PEARL BRACELET,3.8,0.12666666666666665,2.49,3,1.77,5.0,45.599999999999994,48.0
PINK ROUND COMPACT MIRROR,12.0,0.4,,0,5.6,6.0,144.0,85.0
PINK SCOTTIE DOG W FLOWER PATTERN,7.64,0.25466666666666665,7.12,8,3.57,12.0,91.67999999999999,68.0
PINK SMALL GLASS CAKE STAND,24.0,0.8,,0,11.2,11.0,288.0,120.0
PINK SMALL JEWELLED PHOTOFRAME,2.0,0.06666666666666667,1.1,1,0.93,2.0,24.0,35.0
PINK SPOTS CHOCOLATE NESTING BOXES ,69.5,2.316666666666667,62.93,71,32.43,103.0,834.0,204.0
PINK SQUARE TABLE CLOCK,20.67,0.6890000000000001,25.4,29,9.65,39.0,248.04000000000002,111.0
PINK STITCHED WALL CLOCK,106.5,3.55,96.26,108,49.7,158.0,1278.0,253.0
PINK STOCKING CHRISTMAS DECORATION,37.0,1.2333333333333334,43.44,49,17.27,66.0,444.0,149.0
PINK STRAWBERRY HANDBAG ,2.6,0.08666666666666667,1.95,2,1.21,3.0,31.200000000000003,39.0
PINK STRING CURTAIN WITH POLE,7.0,0.23333333333333334,6.88,8,3.27,11.0,84.0,65.0
PINK SWEETHEART BRACELET,9.9,0.33,9.63,11,4.62,16.0,118.80000000000001,77.0
PINK TALL PORCELAIN T-LIGHT HOLDER ,1.67,0.05566666666666666,0.58,1,0.78,2.0,20.04,32.0
PINK UNION JACK  LUGGAGE TAG,20.46,0.682,12.18,14,9.55,24.0,245.52,111.0
PINK UNION JACK  PASSPORT COVER ,17.15,0.5716666666666667,12.01,13,8.0,21.0,205.79999999999998,101.0
PINK VINTAGE PAISLEY PICNIC BAG,185.38,6.179333333333333,226.57,255,86.51,342.0,2224.56,334.0
PINK VINTAGE SPOT BEAKER,668.43,22.281,744.66,837,311.93,1149.0,8021.16,633.0
PINK VINTAGE VICTORIAN EARRINGS,3.33,0.111,2.52,3,1.55,5.0,39.96,45.0
PINK YELLOW PATCH CUSHION COVER,1.67,0.05566666666666666,0.58,1,0.78,2.0,20.04,32.0
PINK/AMETHYST/GOLD NECKLACE,4.0,0.13333333333333333,,0,1.87,2.0,48.0,49.0
PINK/BLUE DISC/MIRROR STRING,183.67,6.122333333333333,300.88,338,85.71,424.0,2204.04,332.0
PINK/BLUE STRING CURTAIN ,14.0,0.4666666666666667,22.79,26,6.53,33.0,168.0,92.0
PINK/FLOWER RABBIT EGG WARMER ,8.5,0.2833333333333333,9.19,10,3.97,14.0,102.0,71.0
PINK/GREEN FLOWER DESIGN BIG MUG,4.0,0.13333333333333333,3.3,4,1.87,6.0,48.0,49.0
PINK/PURPLE CIRCLE CURTAIN,17.33,0.5776666666666667,22.23,25,8.09,33.0,207.95999999999998,102.0
PINK/PURPLE RETRO RADIO,20.0,0.6666666666666666,22.81,26,9.33,35.0,240.0,110.0
"PINK/WHITE ""KEEP CLEAN"" BULLET BIN",7.71,0.257,6.5,7,3.6,11.0,92.52,68.0
PINK/WHITE CHRISTMAS TREE 30CM,23.0,0.7666666666666667,1.41,2,10.73,13.0,276.0,117.0
PINK/WHITE CHRISTMAS TREE 60CM,73.33,2.4443333333333332,100.19,113,34.22,147.0,879.96,210.0
PINK/WHITE GLASS DEMI CHOKER,2.0,0.06666666666666667,,0,0.93,1.0,24.0,35.0
PINK/WHITE RIBBED MELAMINE JUG,1.0,0.03333333333333333,0.0,0,0.47,0.0,12.0,24.0
PINK/YELLOW FLOWERS HANDBAG,35.33,1.1776666666666666,25.01,28,16.49,44.0,423.96,146.0
PIZZA PLATE IN BOX,22.54,0.7513333333333333,21.87,25,10.52,36.0,270.48,116.0
PLACE SETTING WHITE HEART,1144.38,38.146,581.46,653,534.04,1187.0,13732.560000000001,829.0
PLACE SETTING WHITE STAR,180.85,6.028333333333333,239.78,269,84.4,353.0,2170.2,329.0
PLASMATRONIC LAMP,7.43,0.24766666666666665,8.12,9,3.47,12.0,89.16,67.0
PLASTERS IN TIN CIRCUS PARADE ,457.85,15.261666666666667,160.8,181,213.66,395.0,5494.200000000001,524.0
PLASTERS IN TIN SKULLS,310.46,10.348666666666666,158.69,178,144.88,323.0,3725.5199999999995,432.0
PLASTERS IN TIN SPACEBOY,589.54,19.651333333333334,325.39,366,275.12,641.0,7074.48,595.0
PLASTERS IN TIN STRONGMAN,452.69,15.089666666666666,202.73,228,211.26,439.0,5432.28,521.0
PLASTERS IN TIN VINTAGE PAISLEY ,351.77,11.725666666666665,162.02,182,164.16,346.0,4221.24,459.0
PLASTERS IN TIN WOODLAND ANIMALS,562.08,18.736,289.07,325,262.3,587.0,6744.960000000001,581.0
PLAYING CARDS I LOVE LONDON ,266.25,8.875,179.01,201,124.25,325.0,3195.0,400.0
PLAYING CARDS JUBILEE UNION JACK,417.0,13.9,260.12,292,194.6,487.0,5004.0,500.0
PLAYING CARDS KEEP CALM & CARRY ON,858.75,28.625,502.8,565,400.75,966.0,10305.0,718.0
PLAYING CARDS VINTAGE DOILEY ,6.5,0.21666666666666667,7.78,9,3.03,12.0,78.0,62.0
PLAYING CARDS VINTAGE DOILY ,169.25,5.641666666666667,134.44,151,78.98,230.0,2031.0,319.0
PLEASE ONE PERSON METAL SIGN,996.92,33.230666666666664,693.82,780,465.23,1245.0,11963.039999999999,773.0
POCKET BAG BLUE PAISLEY RED SPOT,43.64,1.4546666666666668,54.49,61,20.37,81.0,523.6800000000001,162.0
POCKET BAG PINK PAISELY BROWN SPOT,16.09,0.5363333333333333,15.22,17,7.51,25.0,193.07999999999998,98.0
"POCKET MIRROR ""GLAMOROUS""",2.5,0.08333333333333333,2.12,2,1.17,3.0,30.0,39.0
POCKET MIRROR WOODLAND,3.0,0.1,2.65,3,1.4,4.0,36.0,42.0
POLKA DOT RAFFIA FOOD COVER,19.23,0.641,15.75,18,8.97,27.0,230.76,107.0
POLKADOT COFFEE CUP & SAUCER PINK,159.44,5.314666666666667,111.17,125,74.41,199.0,1913.28,309.0
POLKADOT MUG PINK ,20.67,0.6890000000000001,11.02,12,9.65,22.0,248.04000000000002,111.0
POLKADOT PEN,736.11,24.537,397.02,446,343.52,790.0,8833.32,665.0
POLKADOT RAIN HAT ,122.23,4.074333333333334,94.6,106,57.04,163.0,1466.76,271.0
POLYESTER FILLER PAD 30CMx30CM,9.73,0.32433333333333336,10.06,11,4.54,16.0,116.76,76.0
POLYESTER FILLER PAD 40x40cm,119.31,3.977,83.87,94,55.68,150.0,1431.72,268.0
POLYESTER FILLER PAD 45x30cm,8.42,0.2806666666666667,5.26,6,3.93,10.0,101.03999999999999,71.0
POLYESTER FILLER PAD 45x45cm,77.54,2.5846666666666667,59.79,67,36.19,103.0,930.48,216.0
POLYESTER FILLER PAD 60x40cm,2.0,0.06666666666666667,,0,0.93,1.0,24.0,35.0
POLYESTER FILLER PAD 65CMx65CM,5.67,0.189,4.51,5,2.65,8.0,68.03999999999999,58.0
POMPOM CURTAIN,25.92,0.8640000000000001,22.35,25,12.1,37.0,311.04,125.0
POP ART PUSH DOWN RUBBER ,98.0,3.2666666666666666,,0,45.73,46.0,1176.0,242.0
POPART RECT PENCIL SHARPENER ASST,145.75,4.858333333333333,118.03,133,68.02,201.0,1749.0,296.0
POPART WOODEN PENCILS ASST,988.89,32.963,706.12,794,461.48,1255.0,11866.68,770.0
POPCORN HOLDER,4418.71,147.29033333333334,2562.0,2879,2062.06,4941.0,53024.520000000004,1628.0
POPPY FIELDS CHOPPING BOARD,21.25,0.7083333333333334,21.67,24,9.92,34.0,255.0,113.0
POPPY'S PLAYHOUSE BATHROOM,67.62,2.254,42.49,48,31.56,80.0,811.44,201.0
POPPY'S PLAYHOUSE BEDROOM ,137.54,4.584666666666666,64.06,72,64.19,136.0,1650.48,287.0
POPPY'S PLAYHOUSE KITCHEN,145.77,4.859,70.8,80,68.03,148.0,1749.2400000000002,296.0
POPPY'S PLAYHOUSE LIVINGROOM ,101.46,3.3819999999999997,51.36,58,47.35,105.0,1217.52,247.0
PORCELAIN BUDAH INCENSE HOLDER,136.45,4.548333333333333,78.83,89,63.68,153.0,1637.3999999999999,286.0
PORCELAIN BUTTERFLY OIL BURNER,24.12,0.804,38.38,43,11.26,54.0,289.44,120.0
PORCELAIN ROSE LARGE ,49.67,1.6556666666666666,64.4,72,23.18,95.0,596.04,173.0
PORCELAIN ROSE SMALL,141.82,4.727333333333333,155.96,175,66.18,241.0,1701.84,292.0
PORCELAIN T-LIGHT HOLDERS ASSORTED,66.36,2.212,75.17,84,30.97,115.0,796.3199999999999,200.0
POSTAGE,240.0,8.0,88.22,99,112.0,211.0,2880.0,379.0
POSTE FRANCE CUSHION COVER,98.75,3.2916666666666665,61.96,70,46.08,116.0,1185.0,243.0
POSY CANDY BAG,12.33,0.411,13.38,15,5.75,21.0,147.96,86.0
POTTERING IN THE SHED METAL SIGN,302.0,10.066666666666666,159.95,180,140.93,321.0,3624.0,426.0
POTTERING MUG,272.92,9.097333333333333,245.22,276,127.36,403.0,3275.04,405.0
POTTING SHED CANDLE CITRONELLA,201.0,6.7,199.4,224,93.8,318.0,2412.0,347.0
POTTING SHED ROSE CANDLE,148.33,4.944333333333334,205.29,231,69.22,300.0,1779.96,298.0
POTTING SHED SEED ENVELOPES,36.62,1.2206666666666666,20.23,23,17.09,40.0,439.43999999999994,148.0
POTTING SHED SOW 'N' GROW SET,1.0,0.03333333333333333,,0,0.47,0.0,12.0,24.0
POTTING SHED TEA MUG,195.5,6.516666666666667,129.65,146,91.23,237.0,2346.0,342.0
POTTING SHED TWINE,79.08,2.636,142.32,160,36.9,197.0,948.96,218.0
PRETTY HANGING QUILTED HEARTS,254.8,8.493333333333334,329.94,371,118.91,490.0,3057.6000000000004,391.0
PSYCHEDELIC METAL SIGN CALENDAR,10.0,0.3333333333333333,,0,4.67,5.0,120.0,77.0
PSYCHEDELIC TILE COASTER,47.0,1.5666666666666667,38.82,44,21.93,66.0,564.0,168.0
PSYCHEDELIC TILE HOOK,29.5,0.9833333333333333,35.16,40,13.77,54.0,354.0,133.0
PSYCHEDELIC WALL THERMOMETER,11.43,0.381,18.01,20,5.33,25.0,137.16,83.0
PURPLE ACRYLIC FACETED BANGLE,34.67,1.1556666666666666,42.72,48,16.18,64.0,416.04,144.0
PURPLE AMETHYST NECKLACE W TASSEL,1.0,0.03333333333333333,0.0,0,0.47,0.0,12.0,24.0
PURPLE ANEMONE ARTIFICIAL FLOWER,4.0,0.13333333333333333,,0,1.87,2.0,48.0,49.0
PURPLE BERTIE GLASS BEAD BAG CHARM,24.67,0.8223333333333334,21.08,24,11.51,36.0,296.04,122.0
PURPLE BOUDICCA LARGE BRACELET,3.44,0.11466666666666667,2.74,3,1.61,5.0,41.28,45.0
PURPLE CHUNKY GLASS+BEAD NECKLACE,1.0,0.03333333333333333,,0,0.47,0.0,12.0,24.0
PURPLE DRAWERKNOB ACRYLIC EDWARDIAN,201.08,6.702666666666667,107.85,121,93.84,215.0,2412.96,347.0
PURPLE DRESS JEWELLERY STAND,61.0,2.033333333333333,,0,28.47,28.0,732.0,191.0
PURPLE ENAMEL FLOWER HAIR TIE,6.0,0.2,,0,2.8,3.0,72.0,60.0
PURPLE ENAMEL FLOWER RING,9.4,0.31333333333333335,9.24,10,4.39,14.0,112.80000000000001,75.0
PURPLE ENAMEL+GLASS HAIR COMB,28.0,0.9333333333333333,19.08,21,13.07,34.0,336.0,130.0
PURPLE FOXGLOVE ARTIIFCIAL FLOWER,7.0,0.23333333333333334,,0,3.27,3.0,84.0,65.0
PURPLE FRANGIPANI HAIRCLIP,1.0,0.03333333333333333,,0,0.47,0.0,12.0,24.0
PURPLE FRANGIPANI NECKLACE,4.0,0.13333333333333333,2.83,3,1.87,5.0,48.0,49.0
PURPLE GEMSTONE BRACELET,3.2,0.10666666666666667,3.03,3,1.49,4.0,38.400000000000006,44.0
PURPLE GEMSTONE NECKLACE 45CM,2.67,0.089,2.08,2,1.25,3.0,32.04,40.0
PURPLE GLASS TASSLE BAG CHARM,6.0,0.2,,0,2.8,3.0,72.0,60.0
PURPLE LAS VEGAS BRACELET ROUND,3.0,0.1,0.0,0,1.4,1.0,36.0,42.0
PURPLE PAPER PARASOL,22.67,0.7556666666666667,21.49,24,10.58,35.0,272.04,117.0
PURPLE SWEETHEART BRACELET,4.56,0.152,4.5,5,2.13,7.0,54.72,52.0
PURPLE/BLUE CERAMIC CANDLE HOLDER,2.0,0.06666666666666667,,0,0.93,1.0,24.0,35.0
PURPLE/COPPER HANGING LAMPSHADE,4.0,0.13333333333333333,1.22,1,1.87,3.0,48.0,49.0
PURPLE/TURQ FLOWERS HANDBAG,2.0,0.06666666666666667,,0,0.93,1.0,24.0,35.0
QUEEN OF SKIES LUGGAGE TAG,6.85,0.22833333333333333,5.38,6,3.2,9.0,82.19999999999999,64.0
QUEEN OF THE SKIES HOLIDAY PURSE ,1.0,0.03333333333333333,0.0,0,0.47,0.0,12.0,24.0
QUEEN OF THE SKIES PASSPORT COVER ,5.67,0.189,4.96,6,2.65,9.0,68.03999999999999,58.0
QUEENS GUARD COFFEE MUG,181.92,6.063999999999999,98.64,111,84.9,196.0,2183.04,330.0
RABBIT  DESIGN  COTTON TOTE BAG,9.0,0.3,3.92,4,4.2,8.0,108.0,73.0
RABBIT EASTER DECORATION,2.67,0.089,2.89,3,1.25,4.0,32.04,40.0
RABBIT NIGHT LIGHT,3400.25,113.34166666666667,4156.76,4671,1586.78,6258.0,40803.0,1428.0
RAIN PONCHO ,137.0,4.566666666666666,233.83,263,63.93,327.0,1644.0,287.0
RAIN PONCHO RETROSPOT,673.46,22.448666666666668,724.2,814,314.28,1128.0,8081.52,636.0
RAINBOW PEGS PHOTO CLIP STRING,26.4,0.88,39.12,44,12.32,56.0,316.79999999999995,126.0
RAINY LADIES BIRTHDAY CARD,177.23,5.907666666666667,86.84,98,82.71,181.0,2126.7599999999998,326.0
RASPBERRY ANT COPPER FLOWER NECKLAC,2.2,0.07333333333333333,1.64,2,1.03,3.0,26.400000000000002,36.0
RASTA IN BATH W SPLIFF ASHTRAY,1.4,0.04666666666666666,0.89,1,0.65,2.0,16.799999999999997,29.0
RATTLE SNAKE EGGS,63.5,2.1166666666666667,78.68,88,29.63,118.0,762.0,195.0
RECIPE BOX BLUE SKETCHBOOK DESIGN,101.58,3.386,66.17,74,47.4,121.0,1218.96,247.0
RECIPE BOX PANTRY YELLOW DESIGN,567.15,18.904999999999998,307.16,345,264.67,610.0,6805.799999999999,583.0
RECIPE BOX RETROSPOT ,239.17,7.972333333333333,115.48,130,111.61,242.0,2870.04,379.0
RECIPE BOX WITH METAL HEART,7.0,0.23333333333333334,,0,3.27,3.0,84.0,65.0
"RECORD FRAME 7"" SINGLE SIZE ",293.23,9.774333333333335,155.51,175,136.84,312.0,3518.76,419.0
RECTANGULAR SHAPED MIRROR,62.75,2.091666666666667,90.72,102,29.28,131.0,753.0,194.0
RECYCLED ACAPULCO MAT BLUE,33.5,1.1166666666666667,24.59,28,15.63,44.0,402.0,142.0
RECYCLED ACAPULCO MAT GREEN,45.9,1.53,32.73,37,21.42,58.0,550.8,166.0
RECYCLED ACAPULCO MAT LAVENDER,29.78,0.9926666666666667,20.05,23,13.9,37.0,357.36,134.0
RECYCLED ACAPULCO MAT PINK,31.9,1.0633333333333332,27.59,31,14.89,46.0,382.79999999999995,138.0
RECYCLED ACAPULCO MAT RED,43.5,1.45,30.89,35,20.3,55.0,522.0,162.0
RECYCLED ACAPULCO MAT TURQUOISE,57.1,1.9033333333333333,43.7,49,26.65,76.0,685.2,185.0
RECYCLED PENCIL WITH RABBIT ERASER,205.0,6.833333333333333,185.22,208,95.67,304.0,2460.0,351.0
RECYCLING BAG RETROSPOT ,468.31,15.610333333333333,248.57,279,218.54,498.0,5619.72,530.0
RED   ACRYLIC FACETED BANGLE,31.33,1.0443333333333333,36.35,41,14.62,56.0,375.96,137.0
RED  EGG  SPOON,143.33,4.777666666666667,60.18,68,66.89,135.0,1719.96,293.0
RED  HARMONICA IN BOX ,1613.46,53.782000000000004,957.68,1076,752.95,1829.0,19361.52,984.0
RED 3 PIECE RETROSPOT CUTLERY SET,385.75,12.858333333333333,353.37,397,180.02,577.0,4629.0,481.0
RED APPLES CHOPPING BOARD   ,36.75,1.225,36.05,41,17.15,58.0,441.0,148.0
RED BABY BUNTING ,79.0,2.6333333333333333,33.58,38,36.87,75.0,948.0,218.0
RED BOUDICCA LARGE BRACELET,3.0,0.1,2.71,3,1.4,4.0,36.0,42.0
RED CHARLIE+LOLA PERSONAL DOORSIGN,114.18,3.806,74.05,83,53.28,136.0,1370.16,262.0
RED COAT RACK PARIS FASHION,25.15,0.8383333333333333,34.72,39,11.74,51.0,301.79999999999995,123.0
RED DAISY PAPER LAMPSHADE,10.0,0.3333333333333333,9.67,11,4.67,16.0,120.0,77.0
RED DAISY POCKET BOOK ,18.22,0.6073333333333333,18.65,21,8.5,30.0,218.64,105.0
RED DINER WALL CLOCK,104.0,3.466666666666667,72.21,81,48.53,130.0,1248.0,250.0
RED DRAGONFLY HELICOPTER,6.5,0.21666666666666667,5.14,6,3.03,9.0,78.0,62.0
RED DRAWER KNOB ACRYLIC EDWARDIAN,154.38,5.146,119.46,134,72.04,206.0,1852.56,304.0
RED ENAMEL FLOWER RING,10.4,0.3466666666666667,6.47,7,4.85,12.0,124.80000000000001,79.0
RED ENCHANTED FOREST PLACEMAT,38.08,1.2693333333333332,40.55,46,17.77,64.0,456.96,151.0
RED FLOCK LOVE HEART PHOTO FRAME,94.0,3.1333333333333333,89.48,101,43.87,145.0,1128.0,237.0
RED FLORAL FELTCRAFT SHOULDER BAG,144.31,4.810333333333333,186.31,209,67.34,276.0,1731.72,294.0
RED FLOWER CROCHET FOOD COVER,20.54,0.6846666666666666,13.63,15,9.59,25.0,246.48,111.0
RED GINGHAM ROSE JEWELLERY BOX,161.6,5.386666666666667,87.79,99,75.41,174.0,1939.1999999999998,311.0
RED GINGHAM TEDDY BEAR ,55.85,1.8616666666666668,44.69,50,26.06,76.0,670.2,183.0
RED GLASS TASSLE BAG CHARM,3.2,0.10666666666666667,3.35,4,1.49,5.0,38.400000000000006,44.0
RED HANGING HEART T-LIGHT HOLDER,596.85,19.895,482.76,543,278.53,822.0,7162.200000000001,598.0
RED HEART LUGGAGE TAG,19.5,0.65,12.13,14,9.1,23.0,234.0,108.0
RED HEART SHAPE LOVE BUCKET ,104.46,3.4819999999999998,158.04,178,48.75,227.0,1253.52,250.0
RED HEARTS LIGHT CHAIN ,39.45,1.3150000000000002,71.27,80,18.41,98.0,473.40000000000003,154.0
RED KITCHEN SCALES,113.54,3.784666666666667,54.41,61,52.99,114.0,1362.48,261.0
RED KUKUI COCONUT SEED NECKLACE,16.0,0.5333333333333333,11.14,13,7.47,20.0,192.0,98.0
RED LOVE HEART SHAPE CUP,71.92,2.3973333333333335,72.13,81,33.56,115.0,863.04,208.0
RED METAL BEACH SPADE ,99.15,3.305,111.68,126,46.27,172.0,1189.8000000000002,244.0
RED METAL BOX TOP SECRET,125.38,4.179333333333333,90.58,102,58.51,161.0,1504.56,274.0
RED PAPER PARASOL,52.5,1.75,43.44,49,24.5,74.0,630.0,177.0
RED PEONY CUSHION COVER ,4.25,0.14166666666666666,1.71,2,1.98,4.0,51.0,50.0
RED PEONY TABLE CLOCK,4.0,0.13333333333333333,1.63,2,1.87,4.0,48.0,49.0
RED POLKADOT BEAKER ,382.2,12.74,269.73,303,178.36,481.0,4586.4,479.0
RED POLKADOT COFFEE  MUG,299.8,9.993333333333334,396.38,445,139.91,585.0,3597.6000000000004,424.0
RED POLKADOT PUDDING BOWL,16.0,0.5333333333333333,1.41,2,7.47,9.0,192.0,98.0
RED PUDDING SPOON,64.38,2.146,51.61,58,30.04,88.0,772.56,197.0
RED PURSE WITH PINK HEART,3.5,0.11666666666666667,2.12,2,1.63,4.0,42.0,46.0
RED REFECTORY CLOCK ,33.71,1.1236666666666666,19.29,22,15.73,38.0,404.52,142.0
RED RETRO KITCHEN WALL CLOCK,22.0,0.7333333333333333,8.49,10,10.27,20.0,264.0,115.0
RED RETROSPOT APRON ,23.31,0.7769999999999999,15.87,18,10.88,29.0,279.71999999999997,118.0
RED RETROSPOT BIG BOWL,19.44,0.648,10.68,12,9.07,21.0,233.28000000000003,108.0
RED RETROSPOT BOWL,335.62,11.187333333333333,157.8,177,156.62,334.0,4027.44,449.0
RED RETROSPOT BUTTER DISH,78.25,2.6083333333333334,37.3,42,36.52,79.0,939.0,217.0
RED RETROSPOT CAKE STAND,139.15,4.638333333333334,98.67,111,64.94,176.0,1669.8000000000002,289.0
RED RETROSPOT CHARLOTTE BAG,985.31,32.843666666666664,405.37,456,459.81,916.0,11823.72,769.0
RED RETROSPOT CHILDRENS UMBRELLA,87.69,2.923,45.93,52,40.92,93.0,1052.28,229.0
RED RETROSPOT CUP,270.69,9.023,136.97,154,126.32,280.0,3248.2799999999997,403.0
RED RETROSPOT LUGGAGE TAG,32.8,1.0933333333333333,21.46,24,15.31,39.0,393.59999999999997,140.0
RED RETROSPOT MINI CASES,131.69,4.389666666666667,49.23,55,61.46,116.0,1580.28,281.0
RED RETROSPOT MUG,139.54,4.651333333333333,85.73,96,65.12,161.0,1674.48,289.0
RED RETROSPOT OVEN GLOVE ,245.15,8.171666666666667,87.09,98,114.4,212.0,2941.8,384.0
RED RETROSPOT OVEN GLOVE DOUBLE,48.0,1.6,34.73,39,22.4,61.0,576.0,170.0
RED RETROSPOT PEG BAG,189.23,6.307666666666666,106.23,119,88.31,207.0,2270.7599999999998,337.0
RED RETROSPOT PICNIC BAG,289.08,9.636,315.76,355,134.9,490.0,3468.96,416.0
RED RETROSPOT PLATE ,236.46,7.882000000000001,114.11,128,110.35,238.0,2837.52,377.0
RED RETROSPOT PUDDING BOWL,25.15,0.8383333333333333,21.97,25,11.74,37.0,301.79999999999995,123.0
RED RETROSPOT PURSE ,30.91,1.0303333333333333,11.16,13,14.42,27.0,370.92,136.0
RED RETROSPOT ROUND CAKE TINS,75.0,2.5,54.99,62,35.0,97.0,900.0,212.0
RED RETROSPOT SHOPPER BAG,328.0,10.933333333333334,122.55,138,153.07,291.0,3936.0,444.0
RED RETROSPOT SHOPPING BAG,39.23,1.3076666666666665,38.43,43,18.31,61.0,470.76,153.0
RED RETROSPOT SMALL MILK JUG,189.23,6.307666666666666,98.46,111,88.31,199.0,2270.7599999999998,337.0
RED RETROSPOT STORAGE JAR,50.0,1.6666666666666667,36.83,41,23.33,64.0,600.0,173.0
RED RETROSPOT SUGAR JAM BOWL,113.31,3.777,60.35,68,52.88,121.0,1359.72,261.0
RED RETROSPOT TAPE,112.15,3.7383333333333337,122.13,137,52.34,189.0,1345.8000000000002,259.0
RED RETROSPOT TEA CUP AND SAUCER ,62.54,2.0846666666666667,51.24,58,29.19,87.0,750.48,194.0
RED RETROSPOT TISSUE BOX,160.54,5.351333333333333,195.25,219,74.92,294.0,1926.48,310.0
RED RETROSPOT TRADITIONAL TEAPOT ,78.0,2.6,67.94,76,36.4,112.0,936.0,216.0
RED RETROSPOT UMBRELLA,142.0,4.733333333333333,100.72,113,66.27,179.0,1704.0,292.0
RED RETROSPOT WASHBAG,8.17,0.2723333333333333,7.14,8,3.81,12.0,98.03999999999999,70.0
RED RETROSPOT WRAP ,811.31,27.043666666666663,286.71,322,378.61,701.0,9735.72,698.0
RED ROCKING HORSE HAND PAINTED,315.43,10.514333333333333,182.33,205,147.2,352.0,3785.16,435.0
RED ROSE AND LACE C/COVER,3.0,0.1,,0,1.4,1.0,36.0,42.0
RED SHARK HELICOPTER,5.83,0.19433333333333333,5.31,6,2.72,9.0,69.96000000000001,59.0
RED SPOT CERAMIC DRAWER KNOB,313.85,10.461666666666668,114.76,129,146.46,275.0,3766.2000000000003,434.0
RED SPOT PAPER GIFT BAG,488.8,16.293333333333333,288.62,324,228.11,552.0,5865.6,542.0
RED SPOTTY BISCUIT TIN,158.31,5.277,97.93,110,73.88,184.0,1899.72,308.0
RED STAR CARD HOLDER,89.0,2.966666666666667,118.13,133,41.53,175.0,1068.0,231.0
RED STRIPE CERAMIC DRAWER KNOB,387.31,12.910333333333334,193.54,217,180.74,398.0,4647.72,482.0
RED TEA TOWEL CLASSIC DESIGN,68.11,2.2703333333333333,45.48,51,31.78,83.0,817.3199999999999,202.0
RED TOADSTOOL LED NIGHT LIGHT,990.08,33.00266666666667,595.0,669,462.04,1131.0,11880.960000000001,771.0
RED VICTORIAN FABRIC OVAL BOX,59.38,1.9793333333333334,103.94,117,27.71,145.0,712.5600000000001,189.0
RED VINTAGE SPOT BEAKER,254.57,8.485666666666667,209.0,235,118.8,354.0,3054.84,391.0
RED WHITE SCARF  HOT WATER BOTTLE,3.0,0.1,,0,1.4,1.0,36.0,42.0
RED WOOLLY HOTTIE WHITE HEART.,370.7,12.356666666666666,463.44,521,172.99,694.0,4448.4,472.0
RED/CREAM STRIPE CUSHION COVER ,34.5,1.15,24.34,27,16.1,43.0,414.0,144.0
REGENCY CAKE FORK,229.71,7.657,113.64,128,107.2,235.0,2756.52,371.0
REGENCY CAKE SLICE,70.5,2.35,47.02,53,32.9,86.0,846.0,206.0
REGENCY CAKESTAND 3 TIER,954.0,31.8,290.01,326,445.2,771.0,11448.0,757.0
REGENCY MILK JUG PINK ,383.25,12.775,351.24,395,178.85,574.0,4599.0,480.0
REGENCY MIRROR WITH SHUTTERS,1.67,0.05566666666666666,0.82,1,0.78,2.0,20.04,32.0
REGENCY SUGAR BOWL GREEN,369.5,12.316666666666666,340.11,382,172.43,554.0,4434.0,471.0
REGENCY SUGAR TONGS,190.44,6.348,108.08,121,88.87,210.0,2285.2799999999997,338.0
REGENCY TEA PLATE GREEN ,745.75,24.858333333333334,598.44,672,348.02,1020.0,8949.0,669.0
REGENCY TEA PLATE PINK,461.0,15.366666666666667,353.39,397,215.13,612.0,5532.0,526.0
REGENCY TEA PLATE ROSES ,821.88,27.396,557.22,626,383.54,1010.0,9862.56,702.0
REGENCY TEA SPOON,200.57,6.685666666666666,110.77,124,93.6,218.0,2406.84,347.0
REGENCY TEA STRAINER,151.33,5.044333333333333,106.44,120,70.62,191.0,1815.96,301.0
REGENCY TEAPOT ROSES ,333.25,11.108333333333333,273.9,308,155.52,464.0,3999.0,447.0
REINDEER HEART DECORATION GOLD,155.0,5.166666666666667,132.37,149,72.33,221.0,1860.0,305.0
REINDEER HEART DECORATION SILVER,208.71,6.957,201.2,226,97.4,323.0,2504.52,354.0
RELAX LARGE WOOD LETTERS,21.17,0.7056666666666668,26.66,30,9.88,40.0,254.04000000000002,113.0
RESIN BRACELET W PASTEL BEADS,1.5,0.05,0.71,1,0.7,2.0,18.0,30.0
RESIN NECKLACE W PASTEL BEADS,2.0,0.06666666666666667,1.0,1,0.93,2.0,24.0,35.0
RETO LEAVES MAGNETIC SHOPPING LIST,12.0,0.4,0.0,0,5.6,6.0,144.0,85.0
"RETRO ""TEA FOR ONE"" ",2.33,0.07766666666666668,1.51,2,1.09,3.0,27.96,37.0
RETRO BROWN BALL ASHTRAY ,8.2,0.2733333333333333,5.22,6,3.83,10.0,98.39999999999999,70.0
RETRO COFFEE MUGS ASSORTED,250.8,8.360000000000001,249.23,280,117.04,397.0,3009.6000000000004,388.0
RETRO LEAVES MAGNETIC NOTEPAD,52.0,1.7333333333333334,2.83,3,24.27,27.0,624.0,177.0
RETRO LONGBOARD IRONING BOARD COVER,19.9,0.6633333333333333,14.23,16,9.29,25.0,238.79999999999998,109.0
RETRO MOD TRAY,56.85,1.895,54.86,62,26.53,89.0,682.2,185.0
"RETRO PILL BOX , REVOLUTIONARY",31.5,1.05,38.68,43,14.7,58.0,378.0,137.0
"RETRO PILL BOX KEY CHAIN,THE KING",29.38,0.9793333333333333,33.92,38,13.71,52.0,352.56,133.0
RETRO PINK BALL ASHTRAY ,6.57,0.219,7.55,8,3.07,11.0,78.84,63.0
RETRO PLASTIC 70'S TRAY,26.38,0.8793333333333333,23.04,26,12.31,38.0,316.56,126.0
RETRO PLASTIC DAISY TRAY,19.38,0.646,11.88,13,9.04,22.0,232.56,108.0
RETRO PLASTIC ELEPHANT TRAY,85.0,2.8333333333333335,64.62,73,39.67,113.0,1020.0,226.0
RETRO PLASTIC POLKA TRAY,62.23,2.074333333333333,79.25,89,29.04,118.0,746.76,193.0
"RETRO TIN ASHTRAY,REVOLUTIONARY",17.33,0.5776666666666667,9.24,10,8.09,18.0,207.95999999999998,102.0
RETROSPOT BABUSHKA DOORSTOP,27.22,0.9073333333333333,40.81,46,12.7,59.0,326.64,128.0
RETROSPOT CANDLE  LARGE,51.0,1.7,62.66,70,23.8,94.0,612.0,175.0
RETROSPOT CANDLE  MEDIUM,38.89,1.2963333333333333,71.92,81,18.15,99.0,466.68,153.0
RETROSPOT CANDLE  SMALL,35.0,1.1666666666666667,55.28,62,16.33,78.0,420.0,145.0
RETROSPOT CHILDRENS APRON,233.77,7.792333333333334,130.86,147,109.09,256.0,2805.2400000000002,375.0
RETROSPOT CIGAR BOX MATCHES ,165.46,5.515333333333333,160.75,181,77.21,258.0,1985.52,315.0
RETROSPOT GIANT TUBE MATCHES,115.15,3.8383333333333334,153.58,173,53.74,227.0,1381.8000000000002,263.0
RETROSPOT HEART HOT WATER BOTTLE,256.54,8.551333333333334,296.18,333,119.72,453.0,3078.4800000000005,392.0
RETROSPOT LAMP,27.55,0.9183333333333333,12.44,14,12.86,27.0,330.6,129.0
RETROSPOT LARGE MILK JUG,101.31,3.3770000000000002,53.24,60,47.28,107.0,1215.72,247.0
RETROSPOT PADDED SEAT CUSHION,58.33,1.9443333333333332,28.4,32,27.22,59.0,699.96,187.0
RETROSPOT PARTY BAG + STICKER SET,337.77,11.258999999999999,170.29,191,157.63,349.0,4053.24,450.0
RETROSPOT RED WASHING UP GLOVES,113.0,3.7666666666666666,73.47,83,52.73,136.0,1356.0,260.0
RETROSPOT SMALL TUBE MATCHES,82.0,2.7333333333333334,46.56,52,38.27,90.0,984.0,222.0
RETROSPOT TEA SET CERAMIC 11 PC ,326.77,10.892333333333333,184.69,208,152.49,360.0,3921.24,443.0
RETROSPOT WOODEN HEART DECORATION,168.36,5.612,128.12,144,78.57,223.0,2020.3200000000002,318.0
REVOLVER WOODEN RULER ,447.0,14.9,329.27,370,208.6,579.0,5364.0,518.0
REX CASH+CARRY JUMBO SHOPPER,145.62,4.854,82.14,92,67.96,160.0,1747.44,296.0
RIBBON REEL CHRISTMAS PRESENT ,122.7,4.09,149.56,168,57.26,225.0,1472.4,271.0
RIBBON REEL CHRISTMAS SOCK BAUBLE,158.8,5.293333333333334,167.54,188,74.11,262.0,1905.6000000000001,309.0
RIBBON REEL FLORA + FAUNA ,45.77,1.5256666666666667,25.31,28,21.36,49.0,549.24,166.0
RIBBON REEL HEARTS DESIGN ,131.92,4.397333333333333,103.28,116,61.56,178.0,1583.04,281.0
RIBBON REEL LACE DESIGN ,118.18,3.9393333333333334,86.08,97,55.15,152.0,1418.16,266.0
RIBBON REEL MAKING SNOWMEN ,122.44,4.081333333333333,123.74,139,57.14,196.0,1469.28,271.0
RIBBON REEL POLKADOTS ,147.75,4.925,100.82,113,68.95,182.0,1773.0,298.0
RIBBON REEL SNOWY VILLAGE,250.88,8.362666666666666,233.68,263,117.08,380.0,3010.56,388.0
RIBBON REEL SOCKS AND MITTENS,96.14,3.2046666666666668,84.06,94,44.87,139.0,1153.68,240.0
RIBBON REEL STRIPES DESIGN ,196.77,6.559,89.29,100,91.83,192.0,2361.2400000000002,344.0
RIBBONS PURSE ,13.5,0.45,8.6,10,6.3,16.0,162.0,90.0
RIDGED BONNE JAM JAR T-LIGHT HOLDER,38.86,1.2953333333333332,29.81,33,18.13,51.0,466.32,153.0
RIDGED GLASS FINGER BOWL,94.6,3.1533333333333333,113.56,128,44.15,172.0,1135.1999999999998,238.0
RIDGED GLASS POSY VASE ,23.4,0.7799999999999999,16.09,18,10.92,29.0,280.79999999999995,118.0
RIDGED GLASS STORAGE JAR CREAM LID,12.12,0.40399999999999997,21.5,24,5.66,30.0,145.44,85.0
RIDGED GLASS T-LIGHT HOLDER,34.91,1.1636666666666666,25.63,29,16.29,45.0,418.91999999999996,145.0
RING OF ROSES BIRTHDAY CARD,136.62,4.554,87.85,99,63.76,163.0,1639.44,286.0
RIVIERA NECKLACE,3.5,0.11666666666666667,2.12,2,1.63,4.0,42.0,46.0
ROBIN CHRISTMAS CARD,3.0,0.1,,0,1.4,1.0,36.0,42.0
ROBOT BIRTHDAY CARD,291.92,9.730666666666668,125.19,141,136.23,277.0,3503.04,419.0
ROBOT MUG IN DISPLAY BOX,3.0,0.1,,0,1.4,1.0,36.0,42.0
ROCKING HORSE GREEN CHRISTMAS ,210.83,7.027666666666667,176.17,198,98.39,296.0,2529.96,356.0
ROCKING HORSE RED CHRISTMAS ,245.22,8.174,239.18,269,114.44,383.0,2942.64,384.0
ROCOCO WALL MIROR,2.0,0.06666666666666667,,0,0.93,1.0,24.0,35.0
ROCOCO WALL MIRROR WHITE,25.0,0.8333333333333334,20.42,23,11.67,35.0,300.0,122.0
ROLL WRAP 50'S CHRISTMAS,611.6,20.386666666666667,468.12,526,285.41,811.0,7339.200000000001,606.0
ROLL WRAP 50'S RED CHRISTMAS ,319.2,10.639999999999999,183.93,207,148.96,356.0,3830.3999999999996,438.0
ROLL WRAP VINTAGE CHRISTMAS,571.4,19.046666666666667,402.03,452,266.65,719.0,6856.799999999999,586.0
ROLL WRAP VINTAGE SPOT ,518.6,17.28666666666667,278.47,313,242.01,555.0,6223.200000000001,558.0
ROMANTIC IMAGES GIFT WRAP SET,67.09,2.2363333333333335,54.61,61,31.31,92.0,805.08,201.0
ROMANTIC IMAGES NOTEBOOK SET,34.08,1.136,17.82,20,15.9,36.0,408.96,143.0
ROMANTIC IMAGES SCRAP BOOK SET,4.0,0.13333333333333333,3.46,4,1.87,6.0,48.0,49.0
ROMANTIC PINKS RIBBONS ,92.15,3.0716666666666668,48.51,55,43.0,98.0,1105.8000000000002,235.0
ROSE 1 WICK MORRIS BOXED CANDLE,61.83,2.061,124.57,140,28.85,169.0,741.96,193.0
ROSE 3 WICK MORRIS BOX CANDLE,100.45,3.3483333333333336,149.67,168,46.88,215.0,1205.4,245.0
ROSE CARAVAN DOORSTOP,40.23,1.341,52.02,58,18.77,77.0,482.76,155.0
ROSE COLOUR PAIR HEART HAIR SLIDES,2.0,0.06666666666666667,1.73,2,0.93,3.0,24.0,35.0
ROSE COTTAGE KEEPSAKE BOX ,60.75,2.025,61.34,69,28.35,97.0,729.0,191.0
ROSE DU SUD COSMETICS BAG,5.11,0.17033333333333334,2.89,3,2.38,5.0,61.32000000000001,55.0
ROSE DU SUD CUSHION COVER,2.6,0.08666666666666667,3.05,3,1.21,4.0,31.200000000000003,39.0
ROSE DU SUD CUSHION COVER ,5.0,0.16666666666666666,4.0,4,2.33,6.0,60.0,55.0
ROSE DU SUD DRAWSTRING BAG,3.25,0.10833333333333334,1.89,2,1.52,4.0,39.0,44.0
ROSE DU SUD OVEN GLOVE,11.9,0.39666666666666667,11.1,12,5.55,18.0,142.8,84.0
ROSE DU SUD WASHBAG ,2.78,0.09266666666666666,2.17,2,1.3,3.0,33.36,41.0
ROSE FLOWER CANDLE+INCENSE 16X16CM,2.0,0.06666666666666667,0.0,0,0.93,1.0,24.0,35.0
ROSE FOLKART HEART DECORATIONS,32.54,1.0846666666666667,33.64,38,15.19,53.0,390.48,140.0
ROSE PENDANT TRIPLE SHELL NECKLACE,3.0,0.1,,0,1.4,1.0,36.0,42.0
ROSE SCENT CANDLE IN JEWELLED BOX,24.31,0.8103333333333332,21.76,24,11.34,35.0,291.71999999999997,121.0
ROSE SCENT CANDLE JEWELLED DRAWER,48.18,1.606,122.13,137,22.48,159.0,578.16,170.0
ROSES REGENCY TEACUP AND SAUCER ,702.46,23.415333333333333,312.77,351,327.81,679.0,8429.52,649.0
ROTATING LEAVES T-LIGHT HOLDER,94.46,3.1486666666666663,133.96,151,44.08,195.0,1133.52,238.0
ROTATING SILVER ANGELS T-LIGHT HLDR,718.82,23.96066666666667,897.58,1009,335.45,1344.0,8625.84,657.0
ROUND ARTICULATED PINK CLOCK W/SUCK,28.0,0.9333333333333333,,0,13.07,13.0,336.0,130.0
ROUND BLUE CLOCK WITH SUCKER,211.0,7.033333333333333,,0,98.47,98.0,2532.0,356.0
ROUND CACTUS CANDLE,3.0,0.1,2.83,3,1.4,4.0,36.0,42.0
ROUND CAKE TIN VINTAGE GREEN,39.69,1.323,24.36,27,18.52,46.0,476.28,154.0
ROUND CAKE TIN VINTAGE RED,68.54,2.284666666666667,47.99,54,31.99,86.0,822.48,203.0
ROUND CONTAINER SET OF 5 RETROSPOT,106.69,3.5563333333333333,98.14,110,49.79,160.0,1280.28,253.0
ROUND PINK HEART MIRROR,7.8,0.26,4.85,5,3.64,9.0,93.6,68.0
ROUND PURPLE CLOCK WITH SUCKER,73.4,2.4466666666666668,111.46,125,34.25,159.0,880.8000000000001,210.0
ROUND SNACK BOXES SET OF 4 FRUITS ,498.54,16.618000000000002,432.03,485,232.65,718.0,5982.4800000000005,547.0
ROUND SNACK BOXES SET OF 4 SKULLS,64.0,2.1333333333333333,37.58,42,29.87,72.0,768.0,196.0
ROUND SNACK BOXES SET OF4 WOODLAND ,623.08,20.769333333333336,243.03,273,290.77,564.0,7476.960000000001,611.0
ROUND STORAGE TIN VINTAGE LEAF,121.86,4.062,76.29,86,56.87,143.0,1462.32,270.0
ROUND WHITE CONFETTI IN TUBE,12.71,0.4236666666666667,11.71,13,5.93,19.0,152.52,87.0
RUBY DROP CHANDELIER EARRINGS,3.33,0.111,2.31,3,1.55,5.0,39.96,45.0
RUBY GLASS CLUSTER BRACELET,2.67,0.089,0.58,1,1.25,2.0,32.04,40.0
RUBY GLASS CLUSTER EARRINGS,1.0,0.03333333333333333,,0,0.47,0.0,12.0,24.0
RUBY GLASS CLUSTER NECKLACE,2.0,0.06666666666666667,,0,0.93,1.0,24.0,35.0
RUSTIC  SEVENTEEN DRAWER SIDEBOARD,3.18,0.10600000000000001,1.78,2,1.48,3.0,38.160000000000004,44.0
RUSTIC MIRROR WITH LACE HEART,110.75,3.691666666666667,71.93,81,51.68,133.0,1329.0,258.0
RUSTIC STRAWBERRY JAM POT LARGE ,65.25,2.175,52.91,59,30.45,89.0,783.0,198.0
RUSTIC STRAWBERRY JAM POT SMALL,102.0,3.4,47.24,53,47.6,101.0,1224.0,247.0
RUSTIC STRAWBERRY JAMPOT LARGE ,40.0,1.3333333333333333,30.2,34,18.67,53.0,480.0,155.0
RUSTIC STRAWBERRY JAMPOT SMALL,12.0,0.4,0.0,0,5.6,6.0,144.0,85.0
"RUSTIC WOODEN CABINET, GLASS DOORS",3.0,0.1,,0,1.4,1.0,36.0,42.0
S/12 MINI RABBIT EASTER,40.5,1.35,53.82,60,18.9,79.0,486.0,156.0
S/12 VANILLA  BOTANICAL T-LIGHTS,22.1,0.7366666666666667,19.17,22,10.31,32.0,265.20000000000005,115.0
S/15 SILVER GLASS BAUBLES IN BAG,83.67,2.789,79.35,89,39.05,128.0,1004.04,224.0
S/2 BEACH HUT TREASURE CHESTS,1.5,0.05,0.71,1,0.7,2.0,18.0,30.0
S/2 ZINC HEART DESIGN PLANTERS,3.64,0.12133333333333333,2.46,3,1.7,5.0,43.68,47.0
S/3 PINK SQUARE PLANTERS ROSES,1.0,0.03333333333333333,0.0,0,0.47,0.0,12.0,24.0
S/3 POT POURI CUSHIONS BLUE COLOURS,12.0,0.4,0.0,0,5.6,6.0,144.0,85.0
S/4 BLACK MINI ROSE CANDLE IN BOWL,31.71,1.057,44.1,50,14.8,65.0,380.52,138.0
S/4 CACTI CANDLES,38.23,1.2743333333333333,45.79,51,17.84,69.0,458.76,151.0
S/4 GROOVY CAT MAGNETS,17.75,0.5916666666666667,28.27,32,8.28,40.0,213.0,103.0
"S/4 ICON COASTER,ELVIS LIVES",8.33,0.2776666666666667,8.74,10,3.89,14.0,99.96000000000001,71.0
S/4 IVORY MINI ROSE CANDLE IN BOWL,40.92,1.364,51.17,58,19.1,77.0,491.04,157.0
S/4 PINK FLOWER CANDLES IN BOWL,62.08,2.0693333333333332,43.39,49,28.97,78.0,744.96,193.0
S/4 VALENTINE DECOUPAGE HEART BOX,228.17,7.605666666666666,352.04,396,106.48,502.0,2738.04,370.0
S/6 SEW ON CROCHET FLOWERS,12.0,0.4,12.79,14,5.6,20.0,144.0,85.0
S/6 WOODEN SKITTLES IN COTTON BAG,82.69,2.756333333333333,61.43,69,38.59,108.0,992.28,223.0
SALLE DE BAIN HOOK,55.89,1.863,60.08,68,26.08,94.0,670.6800000000001,183.0
SANDALWOOD FAN,129.92,4.330666666666667,180.4,203,60.63,264.0,1559.04,279.0
SANDWICH BATH SPONGE,147.25,4.908333333333333,142.15,160,68.72,229.0,1767.0,297.0
SAVE THE PLANET COTTON TOTE BAG,42.23,1.4076666666666666,19.69,22,19.71,42.0,506.76,159.0
SAVE THE PLANET MUG,405.0,13.5,303.27,341,189.0,530.0,4860.0,493.0
SAVOY ART DECO CLOCK,25.67,0.8556666666666667,34.41,39,11.98,51.0,308.04,124.0
SCALLOP SHELL SOAP DISH,1.0,0.03333333333333333,,0,0.47,0.0,12.0,24.0
SCANDINAVIAN 3 HEARTS NAPKIN RING,158.73,5.2909999999999995,154.39,173,74.07,247.0,1904.7599999999998,309.0
SCANDINAVIAN PAISLEY PICNIC BAG,189.77,6.325666666666667,205.12,231,88.56,320.0,2277.2400000000002,337.0
SCANDINAVIAN REDS RIBBONS,211.31,7.043666666666667,189.14,213,98.61,312.0,2535.7200000000003,356.0
SCENTED CANDLE IN DIGITALIS TIN,10.6,0.35333333333333333,9.5,11,4.95,16.0,127.19999999999999,80.0
SCENTED VELVET LOUNGE CANDLE ,162.55,5.418333333333334,165.2,186,75.86,262.0,1950.6000000000001,312.0
SCHOOL DESK AND CHAIR ,2.71,0.09033333333333333,1.5,2,1.26,3.0,32.519999999999996,40.0
SCOTTIE DOG HOT WATER BOTTLE,327.62,10.920666666666667,371.0,417,152.89,570.0,3931.44,443.0
SCOTTIE DOGS BABY BIB,127.92,4.264,109.41,123,59.7,183.0,1535.04,277.0
SCOTTIES CHILDRENS APRON,19.0,0.6333333333333333,0.0,0,8.87,9.0,228.0,107.0
SCOTTIES DESIGN WASHBAG,7.58,0.25266666666666665,10.18,11,3.54,15.0,90.96000000000001,67.0
SEASIDE FLYING DISC,32.25,1.075,34.14,38,15.05,53.0,387.0,139.0
SET 10 CARDS HANGING BAUBLES 17080,1.0,0.03333333333333333,,0,0.47,0.0,12.0,24.0
SET 10 LIGHTS NIGHT OWL,67.83,2.261,33.1,37,31.65,69.0,813.96,202.0
SET 10 NIGHT OWL LIGHTS,48.62,1.6206666666666665,34.41,39,22.69,62.0,583.4399999999999,171.0
SET 12 COLOUR PENCILS DOILEY,24.0,0.8,11.31,13,11.2,24.0,288.0,120.0
SET 12 COLOUR PENCILS DOLLY GIRL ,538.75,17.958333333333332,440.55,495,251.42,746.0,6465.0,569.0
SET 12 COLOUR PENCILS LOVE LONDON,382.75,12.758333333333333,251.31,282,178.62,461.0,4593.0,479.0
SET 12 COLOUR PENCILS SPACEBOY ,696.25,23.208333333333332,459.26,516,324.92,841.0,8355.0,646.0
SET 12 COLOURING PENCILS DOILEY,1.0,0.03333333333333333,,0,0.47,0.0,12.0,24.0
SET 12 COLOURING PENCILS DOILY,468.5,15.616666666666667,344.11,387,218.63,606.0,5622.0,530.0
SET 12 KIDS  WHITE CHALK STICKS,315.0,10.5,189.6,213,147.0,360.0,3780.0,435.0
SET 12 KIDS COLOUR  CHALK STICKS,539.46,17.982000000000003,370.21,416,251.75,668.0,6473.52,569.0
SET 12 LAVENDER  BOTANICAL T-LIGHTS,84.56,2.8186666666666667,64.38,72,39.46,111.0,1014.72,225.0
SET 12 RETRO WHITE CHALK STICKS,335.62,11.187333333333333,245.96,276,156.62,433.0,4027.44,449.0
SET 12 VINTAGE DOILY CHALK ,415.67,13.855666666666668,460.48,517,193.98,711.0,4988.04,499.0
SET 2 PANTRY DESIGN TEA TOWELS,245.18,8.172666666666666,170.06,191,114.42,305.0,2942.16,384.0
SET 2 TEA TOWELS I LOVE LONDON ,279.0,9.3,130.09,146,130.2,276.0,3348.0,409.0
SET 20 NAPKINS FAIRY CAKES DESIGN ,200.69,6.689666666666667,140.09,157,93.66,251.0,2408.2799999999997,347.0
SET 3 PAPER VINTAGE CHICK PAPER EGG,291.5,9.716666666666667,249.48,280,136.03,416.0,3498.0,418.0
"SET 3 RETROSPOT TEA,COFFEE,SUGAR",141.62,4.720666666666667,60.12,68,66.09,134.0,1699.44,291.0
SET 3 SONG BIRD PAPER EGGS ASSORTED,165.86,5.528666666666667,168.78,190,77.4,267.0,1990.3200000000002,315.0
SET 3 WICKER OVAL BASKETS W LIDS,77.0,2.566666666666667,100.74,113,35.93,149.0,924.0,215.0
SET 3 WICKER STORAGE BASKETS ,18.54,0.618,26.23,29,8.65,38.0,222.48,105.0
SET 36 COLOUR PENCILS DOILEY,32.0,1.0666666666666667,22.63,25,14.93,40.0,384.0,139.0
SET 36 COLOUR PENCILS DOLLY GIRL,324.0,10.8,281.22,316,151.2,467.0,3888.0,441.0
SET 36 COLOUR PENCILS LOVE LONDON,225.25,7.508333333333334,110.95,125,105.12,230.0,2703.0,368.0
SET 36 COLOUR PENCILS SPACEBOY ,376.25,12.541666666666666,294.06,330,175.58,506.0,4515.0,475.0
SET 36 COLOURING PENCILS DOILEY,1.0,0.03333333333333333,,0,0.47,0.0,12.0,24.0
SET 36 COLOURING PENCILS DOILY,323.5,10.783333333333333,272.21,306,150.97,457.0,3882.0,441.0
SET 4 NURSERY DES ROUND BOXES,18.33,0.611,27.47,31,8.55,40.0,219.95999999999998,105.0
SET 4 PICNIC CUTLERY BLUEBERRY,27.33,0.9109999999999999,3.51,4,12.75,17.0,327.96,128.0
SET 4 PICNIC CUTLERY CHERRY ,23.67,0.789,15.5,17,11.05,28.0,284.04,119.0
SET 4 PICNIC CUTLERY FONDANT,21.67,0.7223333333333334,8.39,9,10.11,19.0,260.04,114.0
SET 4 VALENTINE DECOUPAGE HEART BOX,22.0,0.7333333333333333,14.72,17,10.27,27.0,264.0,115.0
SET 40 HEART SHAPE PETIT FOUR CASES,852.0,28.4,884.88,994,397.6,1392.0,10224.0,715.0
SET 6 FOOTBALL CELEBRATION CANDLES,46.0,1.5333333333333334,32.51,37,21.47,58.0,552.0,166.0
SET 6 PAPER TABLE LANTERN HEARTS ,283.12,9.437333333333333,131.71,148,132.12,280.0,3397.44,412.0
SET 6 PAPER TABLE LANTERN STARS ,232.5,7.75,212.6,239,108.5,348.0,2790.0,373.0
SET 6 SCHOOL MILK BOTTLES IN CRATE,413.4,13.78,121.46,136,192.92,329.0,4960.799999999999,498.0
SET 7 BABUSHKA NESTING BOXES,127.23,4.2410000000000005,128.9,145,59.37,204.0,1526.76,276.0
SET 8 CANDLES VINTAGE DOILEY,40.67,1.3556666666666668,38.18,43,18.98,62.0,488.04,156.0
SET 8 CANDLES VINTAGE DOILY,205.8,6.86,114.27,128,96.04,224.0,2469.6000000000004,351.0
SET OF 10 LANTERNS FAIRY LIGHT STAR,62.67,2.089,81.77,92,29.25,121.0,752.04,194.0
SET OF 10 LED DOLLY LIGHTS,274.25,9.141666666666667,173.99,196,127.98,324.0,3291.0,406.0
SET OF 12  VINTAGE POSTCARD SET,163.85,5.461666666666667,132.16,149,76.46,225.0,1966.1999999999998,314.0
SET OF 12 FAIRY CAKE BAKING CASES,1373.83,45.794333333333334,598.75,673,641.12,1314.0,16485.96,908.0
SET OF 12 FORK CANDLES,243.0,8.1,134.74,151,113.4,264.0,2916.0,382.0
SET OF 12 MINI BUNNIES IN A BUCKET,6.6,0.22,4.16,5,3.08,8.0,79.19999999999999,63.0
SET OF 12 MINI LOAF BAKING CASES,993.83,33.12766666666667,440.1,495,463.79,959.0,11925.960000000001,772.0
SET OF 12 ROSE BOTANICAL T-LIGHTS,24.0,0.8,14.14,16,11.2,27.0,288.0,120.0
SET OF 12 T-LIGHTS VINTAGE DOILEY,20.33,0.6776666666666666,7.23,8,9.49,17.0,243.95999999999998,110.0
SET OF 12 T-LIGHTS VINTAGE DOILY,183.6,6.12,91.98,103,85.68,189.0,2203.2,332.0
SET OF 16 VINTAGE BLACK CUTLERY,9.67,0.3223333333333333,10.0,11,4.51,16.0,116.03999999999999,76.0
SET OF 16 VINTAGE IVORY CUTLERY,1.0,0.03333333333333333,0.0,0,0.47,0.0,12.0,24.0
SET OF 16 VINTAGE PISTACHIO CUTLERY,7.83,0.261,4.67,5,3.65,9.0,93.96000000000001,69.0
SET OF 16 VINTAGE RED CUTLERY,5.64,0.188,5.75,6,2.63,9.0,67.67999999999999,58.0
SET OF 16 VINTAGE ROSE CUTLERY,11.31,0.377,8.34,9,5.28,14.0,135.72,82.0
SET OF 16 VINTAGE SKY BLUE CUTLERY,6.5,0.21666666666666667,6.93,8,3.03,11.0,78.0,62.0
SET OF 2 CERAMIC CHRISTMAS REINDEER,239.17,7.972333333333333,256.78,289,111.61,401.0,2870.04,379.0
SET OF 2 CERAMIC CHRISTMAS TREES,107.86,3.5953333333333335,131.09,147,50.33,197.0,1294.32,254.0
SET OF 2 CERAMIC PAINTED HEARTS ,166.57,5.552333333333333,116.27,131,77.73,209.0,1998.84,316.0
SET OF 2 CHRISTMAS DECOUPAGE CANDLE,174.67,5.822333333333333,185.1,208,81.51,290.0,2096.04,324.0
SET OF 2 ROUND TINS CAMEMBERT ,18.62,0.6206666666666667,23.34,26,8.69,35.0,223.44,106.0
SET OF 2 ROUND TINS DUTCH CHEESE,18.69,0.623,28.62,32,8.72,41.0,224.28000000000003,106.0
SET OF 2 TEA TOWELS APPLE AND PEARS,152.31,5.077,88.42,99,71.08,170.0,1827.72,302.0
SET OF 2 TEA TOWELS PING MICROWAVE,11.29,0.3763333333333333,16.53,19,5.27,24.0,135.48,82.0
SET OF 2 TINS JARDIN DE PROVENCE,20.0,0.6666666666666666,23.88,27,9.33,36.0,240.0,110.0
SET OF 2 TINS VINTAGE BATHROOM ,13.69,0.4563333333333333,9.01,10,6.39,16.0,164.28,91.0
SET OF 2 TRAYS HOME SWEET HOME,62.5,2.0833333333333335,28.54,32,29.17,61.0,750.0,194.0
SET OF 2 WOODEN MARKET CRATES,35.54,1.1846666666666665,23.15,26,16.59,43.0,426.48,146.0
SET OF 20 KIDS COOKIE CUTTERS,319.15,10.638333333333332,186.41,209,148.94,358.0,3829.7999999999997,438.0
SET OF 20 VINTAGE CHRISTMAS NAPKINS,812.2,27.073333333333334,783.32,880,379.03,1259.0,9746.400000000001,698.0
SET OF 3 BABUSHKA STACKING TINS,89.33,2.9776666666666665,146.94,165,41.69,207.0,1071.96,232.0
SET OF 3 BIRD LIGHT PINK FEATHER ,128.31,4.277,190.6,214,59.88,274.0,1539.72,277.0
SET OF 3 BLACK FLYING DUCKS,36.54,1.218,39.95,45,17.05,62.0,438.48,148.0
SET OF 3 BUTTERFLY COOKIE CUTTERS,407.15,13.571666666666665,151.62,170,190.0,360.0,4885.799999999999,494.0
SET OF 3 CAKE TINS PANTRY DESIGN ,540.0,18.0,375.15,422,252.0,674.0,6480.0,569.0
SET OF 3 CAKE TINS SKETCHBOOK,70.0,2.3333333333333335,51.77,58,32.67,91.0,840.0,205.0
SET OF 3 COLOURED  FLYING DUCKS,98.25,3.275,142.83,161,45.85,207.0,1179.0,243.0
SET OF 3 CONEY ISLAND OVAL BOXES,3.0,0.1,2.45,3,1.4,4.0,36.0,42.0
SET OF 3 GOLD FLYING DUCKS,12.6,0.42,15.45,17,5.88,23.0,151.2,87.0
SET OF 3 HANGING OWLS OLLIE BEAK,520.29,17.343,470.6,529,242.8,772.0,6243.48,559.0
SET OF 3 HEART COOKIE CUTTERS,463.0,15.433333333333334,367.87,413,216.07,629.0,5556.0,527.0
SET OF 3 MINI HANGING PORTRAITS,16.0,0.5333333333333333,11.31,13,7.47,20.0,192.0,98.0
SET OF 3 NOTEBOOKS IN PARCEL,433.92,14.464,360.47,405,202.5,608.0,5207.04,510.0
SET OF 3 PANTRY WOODEN SPOONS,64.0,2.1333333333333333,73.98,83,29.87,113.0,768.0,196.0
SET OF 3 PINK FLYING DUCKS,1.0,0.03333333333333333,,0,0.47,0.0,12.0,24.0
SET OF 3 REGENCY CAKE TINS,836.57,27.88566666666667,396.94,446,390.4,836.0,10038.84,708.0
SET OF 3 WOODEN HEART DECORATIONS,535.29,17.843,340.64,383,249.8,633.0,6423.48,567.0
SET OF 3 WOODEN SLEIGH DECORATIONS,263.57,8.785666666666666,240.51,270,123.0,393.0,3162.84,398.0
SET OF 3 WOODEN STOCKING DECORATION,282.14,9.404666666666666,235.97,265,131.67,397.0,3385.68,411.0
SET OF 3 WOODEN TREE DECORATIONS,240.0,8.0,228.47,257,112.0,369.0,2880.0,379.0
SET OF 36 DINOSAUR PAPER DOILIES,26.55,0.885,18.12,20,12.39,32.0,318.6,126.0
SET OF 36 DOILIES PANTRY DESIGN,442.17,14.739,335.25,377,206.35,583.0,5306.04,515.0
SET OF 36 DOILIES SPACEBOY DESIGN ,72.73,2.4243333333333337,104.93,118,33.94,152.0,872.76,209.0
SET OF 36 DOLLY GIRL PAPER DOILIES,21.0,0.7,26.87,30,9.8,40.0,252.0,112.0
SET OF 36 MUSHROOM PAPER DOILIES,14.45,0.48166666666666663,17.31,19,6.74,26.0,173.39999999999998,93.0
SET OF 36 PAISLEY FLOWER DOILIES,156.62,5.220666666666667,87.27,98,73.09,171.0,1879.44,307.0
SET OF 36 PANTRY PAPER DOILIES,13.0,0.43333333333333335,19.08,21,6.07,27.0,156.0,88.0
SET OF 36 SPACEBOY PAPER DOILIES,16.67,0.5556666666666668,13.05,15,7.78,23.0,200.04000000000002,100.0
SET OF 36 TEATIME PAPER DOILIES,225.23,7.507666666666666,163.17,183,105.11,288.0,2702.7599999999998,368.0
SET OF 36 VINTAGE CHRISTMAS DOILIES,27.0,0.9,,0,12.6,13.0,324.0,127.0
SET OF 4 BLACK LOVEBIRD COASTERS,30.36,1.012,25.01,28,14.17,42.0,364.32,135.0
SET OF 4 CAROUSEL PLACEMATS ,10.0,0.3333333333333333,10.57,12,4.67,17.0,120.0,77.0
SET OF 4 DIAMOND NAPKIN RINGS,16.11,0.537,13.94,16,7.52,24.0,193.32,98.0
SET OF 4 ENGLISH ROSE COASTERS,81.77,2.7256666666666667,40.25,45,38.16,83.0,981.24,221.0
SET OF 4 ENGLISH ROSE PLACEMATS,47.08,1.5693333333333332,32.62,37,21.97,59.0,564.96,168.0
SET OF 4 FAIRY CAKE PLACEMATS,12.0,0.4,6.49,7,5.6,13.0,144.0,85.0
SET OF 4 FAIRY CAKE PLACEMATS ,40.92,1.364,64.28,72,19.1,91.0,491.04,157.0
SET OF 4 GREEN CAROUSEL COASTERS,3.57,0.119,3.21,4,1.67,6.0,42.839999999999996,46.0
SET OF 4 JAM JAR MAGNETS,247.2,8.24,81.73,92,115.36,207.0,2966.3999999999996,385.0
SET OF 4 KNICK KNACK TINS  DOILEY ,6.0,0.2,,0,2.8,3.0,72.0,60.0
SET OF 4 KNICK KNACK TINS DOILEY ,360.6,12.020000000000001,353.49,397,168.28,565.0,4327.200000000001,465.0
SET OF 4 KNICK KNACK TINS DOILY ,458.8,15.293333333333333,203.77,229,214.11,443.0,5505.6,525.0
SET OF 4 KNICK KNACK TINS LEAF,123.33,4.111,49.24,55,57.55,113.0,1479.96,272.0
SET OF 4 KNICK KNACK TINS LEAVES ,101.33,3.377666666666667,120.36,135,47.29,182.0,1215.96,247.0
SET OF 4 KNICK KNACK TINS LONDON ,255.43,8.514333333333333,77.85,87,119.2,206.0,3065.16,391.0
SET OF 4 KNICK KNACK TINS POPPIES,117.57,3.9189999999999996,58.3,66,54.87,121.0,1410.84,266.0
SET OF 4 NAPKIN CHARMS 3 KEYS ,15.5,0.5166666666666667,15.52,17,7.23,24.0,186.0,96.0
SET OF 4 NAPKIN CHARMS CROWNS ,23.18,0.7726666666666666,23.81,27,10.82,38.0,278.15999999999997,118.0
SET OF 4 NAPKIN CHARMS CUTLERY,90.23,3.0076666666666667,107.14,120,42.11,162.0,1082.76,233.0
SET OF 4 NAPKIN CHARMS HEARTS,58.69,1.9563333333333333,29.62,33,27.39,60.0,704.28,188.0
SET OF 4 NAPKIN CHARMS INSTRUMENT,10.18,0.3393333333333333,11.5,13,4.75,18.0,122.16,78.0
SET OF 4 NAPKIN CHARMS LEAVES   ,15.42,0.514,14.58,16,7.2,23.0,185.04,96.0
SET OF 4 NAPKIN CHARMS STARS   ,28.11,0.9369999999999999,23.67,27,13.12,40.0,337.32,130.0
SET OF 4 PANTRY JELLY MOULDS,1072.0,35.733333333333334,309.48,348,500.27,848.0,12864.0,802.0
SET OF 4 PISTACHIO LOVEBIRD COASTER,30.25,1.0083333333333333,19.24,22,14.12,36.0,363.0,135.0
SET OF 4 POLKADOT COASTERS,8.17,0.2723333333333333,7.11,8,3.81,12.0,98.03999999999999,70.0
SET OF 4 POLKADOT PLACEMATS ,8.67,0.289,8.2,9,4.05,13.0,104.03999999999999,72.0
SET OF 4 ROSE BOTANICAL CANDLES,73.73,2.457666666666667,99.39,112,34.41,146.0,884.76,210.0
SET OF 4 SANTA PLACE SETTINGS,165.43,5.514333333333334,152.12,171,77.2,248.0,1985.16,315.0
SET OF 5 LUCKY CAT MAGNETS ,253.8,8.46,76.62,86,118.44,204.0,3045.6000000000004,390.0
SET OF 5 MINI GROCERY MAGNETS,163.8,5.46,79.76,90,76.44,166.0,1965.6000000000001,313.0
SET OF 5 PANCAKE DAY MAGNETS,253.67,8.455666666666666,88.61,100,118.38,218.0,3044.04,390.0
SET OF 6 3D KIT CARDS FOR KIDS,101.69,3.3896666666666664,51.18,58,47.46,105.0,1220.28,247.0
SET OF 6 CAKE CHOPSTICKS,34.83,1.161,32.28,36,16.25,52.0,417.96,145.0
SET OF 6 EASTER RAINBOW CHICKS,12.0,0.4,,0,5.6,6.0,144.0,85.0
SET OF 6 FUNKY BEAKERS,23.08,0.7693333333333333,34.63,39,10.77,50.0,276.96,118.0
SET OF 6 GIRLS CELEBRATION CANDLES,37.54,1.2513333333333334,20.74,23,17.52,41.0,450.48,150.0
SET OF 6 HALLOWEEN GHOST T-LIGHTS,104.33,3.4776666666666665,156.77,176,48.69,225.0,1251.96,250.0
SET OF 6 HEART CHOPSTICKS,45.85,1.5283333333333333,53.23,60,21.4,81.0,550.2,166.0
SET OF 6 HERB TINS SKETCHBOOK,81.46,2.715333333333333,59.95,67,38.01,105.0,977.52,221.0
SET OF 6 ICE CREAM SKITTLES,5.33,0.17766666666666667,2.31,3,2.49,5.0,63.96,57.0
SET OF 6 KASHMIR FOLKART BAUBLES,70.5,2.35,107.56,121,32.9,154.0,846.0,206.0
SET OF 6 NATIVITY MAGNETS ,363.29,12.109666666666667,322.18,362,169.54,532.0,4359.4800000000005,467.0
SET OF 6 RIBBONS COUNTRY STYLE,82.0,2.7333333333333334,49.5,56,38.27,94.0,984.0,222.0
SET OF 6 RIBBONS PARTY,83.5,2.783333333333333,45.96,52,38.97,91.0,1002.0,224.0
SET OF 6 RIBBONS PERFECTLY PRETTY  ,122.5,4.083333333333333,125.16,141,57.17,198.0,1470.0,271.0
SET OF 6 RIBBONS VINTAGE CHRISTMAS,355.38,11.846,412.6,464,165.84,630.0,4264.5599999999995,462.0
SET OF 6 SNACK LOAF BAKING CASES,715.33,23.844333333333335,448.2,504,333.82,838.0,8583.960000000001,655.0
SET OF 6 SOLDIER SKITTLES,176.69,5.889666666666667,75.58,85,82.46,167.0,2120.2799999999997,326.0
SET OF 6 SPICE TINS PANTRY DESIGN,447.67,14.922333333333334,297.46,334,208.91,543.0,5372.04,518.0
SET OF 6 STRAWBERRY CHOPSTICKS,55.73,1.8576666666666666,57.53,65,26.01,91.0,668.76,183.0
SET OF 6 T-LIGHTS CACTI ,64.58,2.1526666666666667,70.07,79,30.14,109.0,774.96,197.0
SET OF 6 T-LIGHTS EASTER CHICKS,40.0,1.3333333333333333,29.73,33,18.67,52.0,480.0,155.0
SET OF 6 T-LIGHTS SANTA,149.75,4.991666666666666,147.71,166,69.88,236.0,1797.0,300.0
SET OF 6 T-LIGHTS SNOWMEN,100.89,3.363,116.27,131,47.08,178.0,1210.68,246.0
SET OF 6 T-LIGHTS TOADSTOOLS,52.0,1.7333333333333334,30.42,34,24.27,58.0,624.0,177.0
SET OF 6 T-LIGHTS WEDDING CAKE ,22.09,0.7363333333333333,20.77,23,10.31,33.0,265.08,115.0
SET OF 6 TEA TIME BAKING CASES,813.17,27.105666666666664,558.58,628,379.48,1007.0,9758.039999999999,698.0
SET OF 6 VINTAGE NOTELETS KIT,87.0,2.9,113.38,127,40.6,168.0,1044.0,228.0
SET OF 60 I LOVE LONDON CAKE CASES ,1103.86,36.79533333333333,351.88,395,515.13,910.0,13246.32,814.0
SET OF 60 PANTRY DESIGN CAKE CASES ,1667.86,55.59533333333333,739.04,830,778.33,1608.0,20014.32,1000.0
SET OF 60 VINTAGE LEAF CAKE CASES ,852.43,28.41433333333333,368.87,415,397.8,813.0,10229.16,715.0
SET OF 72 GREEN PAPER DOILIES,10.5,0.35,8.23,9,4.9,14.0,126.0,79.0
SET OF 72 PINK HEART PAPER DOILIES,304.15,10.138333333333332,157.73,177,141.94,319.0,3649.7999999999997,427.0
SET OF 72 RETROSPOT PAPER  DOILIES,473.33,15.777666666666667,239.41,269,220.89,490.0,5679.96,533.0
SET OF 72 SKULL PAPER  DOILIES,68.0,2.2666666666666666,65.56,74,31.73,106.0,816.0,202.0
SET OF 9 BLACK SKULL BALLOONS,209.77,6.992333333333334,108.47,122,97.89,220.0,2517.2400000000002,355.0
SET OF 9 HEART SHAPED BALLOONS,206.15,6.871666666666667,130.89,147,96.2,243.0,2473.8,352.0
SET OF PICTURE FRAME  STICKERS,7.33,0.24433333333333335,6.04,7,3.42,10.0,87.96000000000001,66.0
SET OF SALT AND PEPPER TOADSTOOLS,205.08,6.836,76.98,87,95.7,183.0,2460.96,351.0
SET OF SKULL WALL STICKERS,10.22,0.3406666666666667,11.49,13,4.77,18.0,122.64000000000001,78.0
SET OF TEA COFFEE SUGAR TINS PANTRY,666.14,22.204666666666665,650.3,731,310.87,1042.0,7993.68,632.0
SET/10 BLUE POLKADOT PARTY CANDLES,305.38,10.179333333333334,178.56,201,142.51,344.0,3664.56,428.0
SET/10 IVORY POLKADOT PARTY CANDLES,75.0,2.5,43.56,49,35.0,84.0,900.0,212.0
SET/10 PINK POLKADOT PARTY CANDLES,404.38,13.479333333333333,187.48,211,188.71,400.0,4852.5599999999995,493.0
SET/10 RED POLKADOT PARTY CANDLES,500.15,16.671666666666667,309.11,347,233.4,580.0,6001.799999999999,548.0
SET/12 FUNKY FELT FLOWER PEG IN BAG,16.1,0.5366666666666667,28.59,32,7.51,40.0,193.20000000000002,98.0
SET/12 TAPER CANDLES,41.73,1.3909999999999998,67.9,76,19.47,95.0,500.76,158.0
SET/2 RED RETROSPOT TEA TOWELS ,178.38,5.946,103.9,117,83.24,200.0,2140.56,327.0
SET/20 RED RETROSPOT PAPER NAPKINS ,947.15,31.571666666666665,377.24,424,442.0,866.0,11365.8,754.0
SET/20 STRAWBERRY PAPER NAPKINS ,226.73,7.557666666666666,155.92,175,105.81,281.0,2720.7599999999998,369.0
SET/3 CHRISTMAS DECOUPAGE CANDLES,275.67,9.189,187.41,211,128.65,340.0,3308.04,407.0
SET/3 DECOUPAGE STACKING TINS,15.91,0.5303333333333333,14.2,16,7.42,23.0,190.92000000000002,98.0
SET/3 FLORAL GARDEN TOOLS IN BAG,1.0,0.03333333333333333,,0,0.47,0.0,12.0,24.0
SET/3 OCEAN SCENT CANDLE JEWEL BOX,29.17,0.9723333333333334,25.63,29,13.61,43.0,350.04,132.0
SET/3 POLKADOT STACKING TINS,12.33,0.411,15.36,17,5.75,23.0,147.96,86.0
SET/3 POT PLANT CANDLES,5.4,0.18000000000000002,3.6,4,2.52,7.0,64.80000000000001,57.0
SET/3 RABBITS FLOWER SKIPPPING ROPE,20.0,0.6666666666666666,18.38,21,9.33,30.0,240.0,110.0
SET/3 RED GINGHAM ROSE STORAGE BOX,208.0,6.933333333333334,131.18,147,97.07,244.0,2496.0,353.0
SET/3 ROSE CANDLE IN JEWELLED BOX,28.33,0.9443333333333332,27.14,30,13.22,43.0,339.96,130.0
SET/3 TALL GLASS CANDLE HOLDER PINK,1.0,0.03333333333333333,,0,0.47,0.0,12.0,24.0
SET/3 VANILLA SCENTED CANDLE IN BOX,55.75,1.8583333333333334,55.1,62,26.02,88.0,669.0,183.0
SET/4 BADGES BALLOON GIRL,24.85,0.8283333333333334,15.27,17,11.6,29.0,298.20000000000005,122.0
SET/4 BADGES BEETLES,18.0,0.6,8.85,10,8.4,18.0,216.0,104.0
SET/4 BADGES CUTE CREATURES,18.27,0.609,11.51,13,8.53,22.0,219.24,105.0
SET/4 BADGES DOGS,19.92,0.664,9.39,11,9.3,20.0,239.04000000000002,109.0
SET/4 BIRD MIRROR MAGNETS ,47.8,1.5933333333333333,70.83,80,22.31,102.0,573.5999999999999,169.0
SET/4 BLUE FLOWER CANDLES IN BOWL,27.0,0.9,8.75,10,12.6,23.0,324.0,127.0
SET/4 BUTTERFLY MIRROR MAGNETS,13.17,0.439,27.85,31,6.15,37.0,158.04,89.0
SET/4 COLOURFUL MIXING BOWLS,5.18,0.17266666666666666,5.27,6,2.42,8.0,62.16,56.0
SET/4 DAISY MIRROR MAGNETS,48.7,1.6233333333333335,48.69,55,22.73,78.0,584.4000000000001,171.0
SET/4 GARDEN ROSE DINNER CANDLE,2.33,0.07766666666666668,1.53,2,1.09,3.0,27.96,37.0
SET/4 MODERN VINTAGE COTTON NAPKINS,15.4,0.5133333333333333,22.0,25,7.19,32.0,184.8,96.0
SET/4 RED MINI ROSE CANDLE IN BOWL,40.45,1.3483333333333334,45.72,51,18.88,70.0,485.40000000000003,156.0
SET/4 SKULL BADGES,56.46,1.8820000000000001,24.14,27,26.35,53.0,677.52,184.0
SET/4 SPRING FLOWER DECORATION,80.38,2.679333333333333,78.43,88,37.51,126.0,964.56,220.0
SET/4 WHITE RETRO STORAGE CUBES ,27.46,0.9153333333333333,15.9,18,12.81,31.0,329.52,128.0
SET/5 RED RETROSPOT LID GLASS BOWLS,452.46,15.081999999999999,195.6,220,211.15,431.0,5429.5199999999995,521.0
SET/5 RED SPOTTY LID GLASS BOWLS,288.0,9.6,,0,134.4,134.0,3456.0,416.0
SET/6 BEAD COASTERS GAUZE BAG GOLD,103.6,3.453333333333333,136.52,153,48.35,201.0,1243.1999999999998,249.0
SET/6 BLACK BIRD T-LIGHT CANDLES,17.9,0.5966666666666666,25.98,29,8.35,37.0,214.79999999999998,104.0
SET/6 COLLAGE PAPER CUPS,183.25,6.108333333333333,200.52,225,85.52,311.0,2199.0,332.0
SET/6 COLLAGE PAPER PLATES,128.62,4.287333333333334,165.31,186,60.02,246.0,1543.44,278.0
SET/6 EAU DE NIL BIRD T-LIGHTS,22.91,0.7636666666666667,23.91,27,10.69,38.0,274.92,117.0
SET/6 FROG PRINCE T-LIGHT CANDLES,33.38,1.1126666666666667,29.09,33,15.58,49.0,400.56000000000006,142.0
SET/6 FRUIT SALAD  PAPER PLATES,114.3,3.81,144.81,163,53.34,216.0,1371.6,262.0
SET/6 FRUIT SALAD PAPER CUPS,131.33,4.377666666666667,157.83,177,61.29,238.0,1575.96,281.0
SET/6 GREEN SPRING PAPER CUPS,33.0,1.1,35.71,40,15.4,55.0,396.0,141.0
SET/6 IVORY BIRD T-LIGHT CANDLES,1.0,0.03333333333333333,,0,0.47,0.0,12.0,24.0
SET/6 PINK  BUTTERFLY T-LIGHTS,158.46,5.282,130.83,147,73.95,221.0,1901.52,308.0
SET/6 PINK BIRD T-LIGHT CANDLES,29.58,0.986,28.16,32,13.8,46.0,354.96,133.0
SET/6 POSIES PAPER CUPS,42.0,1.4,25.51,29,19.6,49.0,504.0,159.0
SET/6 POSIES PAPER PLATES,15.83,0.5276666666666666,13.5,15,7.39,22.0,189.96,97.0
SET/6 PURPLE BUTTERFLY T-LIGHTS,53.0,1.7666666666666666,50.7,57,24.73,82.0,636.0,178.0
SET/6 RED SPOTTY PAPER CUPS,506.85,16.895,243.07,273,236.53,510.0,6082.200000000001,551.0
SET/6 RED SPOTTY PAPER PLATES,565.46,18.848666666666666,280.0,315,263.88,579.0,6785.52,582.0
SET/6 TURQUOISE BUTTERFLY T-LIGHTS,96.0,3.2,88.47,99,44.8,144.0,1152.0,240.0
SET/9 CHRISTMAS T-LIGHTS SCENTED ,25.0,0.8333333333333334,,0,11.67,12.0,300.0,122.0
SET3 BOOK BOX GREEN GINGHAM FLOWER ,84.54,2.818,47.68,54,39.45,93.0,1014.48,225.0
SEWING BOX RETROSPOT DESIGN ,15.77,0.5256666666666666,29.63,33,7.36,40.0,189.24,97.0
SEWING SUSAN 21 NEEDLE SET,48.15,1.605,38.51,43,22.47,65.0,577.8,170.0
SHELF WITH 4 HOOKS HOME SWEET HOME,112.0,3.7333333333333334,145.52,164,52.27,216.0,1344.0,259.0
SHOE SHINE BOX ,5.1,0.16999999999999998,5.88,7,2.38,9.0,61.199999999999996,55.0
"SILICON CUBE 25W, BLUE",5.5,0.18333333333333332,6.36,7,2.57,10.0,66.0,57.0
SILICON STAR BULB  BLUE,3.0,0.1,4.43,5,1.4,6.0,36.0,42.0
SILK PURSE BABUSHKA BLUE,18.4,0.6133333333333333,21.0,24,8.59,33.0,220.79999999999998,105.0
SILK PURSE BABUSHKA PINK,30.42,1.014,22.76,26,14.2,40.0,365.04,135.0
SILK PURSE BABUSHKA RED,33.67,1.1223333333333334,45.99,52,15.71,68.0,404.04,142.0
SILVER  CANDLEPOT JARDIN ,12.0,0.4,9.9,11,5.6,17.0,144.0,85.0
SILVER 2 STRAND NECKLACE-LEAF CHARM,1.0,0.03333333333333333,0.0,0,0.47,0.0,12.0,24.0
SILVER AND BLACK ORBIT NECKLACE,1.0,0.03333333333333333,,0,0.47,0.0,12.0,24.0
SILVER APERITIF GLASS,69.0,2.3,73.4,82,32.2,114.0,828.0,203.0
SILVER BELLS TABLE DECORATION,261.62,8.720666666666666,215.91,243,122.09,365.0,3139.44,396.0
SILVER BLACK ORBIT BRACELET,1.33,0.044333333333333336,0.58,1,0.62,2.0,15.96,28.0
SILVER BLACK ORBIT DROP EARRINGS,3.0,0.1,1.41,2,1.4,3.0,36.0,42.0
SILVER BOOK MARK WITH BEADS,10.0,0.3333333333333333,,0,4.67,5.0,120.0,77.0
SILVER BRACELET W PASTEL FLOWER,3.8,0.12666666666666665,2.49,3,1.77,5.0,45.599999999999994,48.0
SILVER CHRISTMAS TREE BAUBLE STAND ,5.5,0.18333333333333332,3.39,4,2.57,7.0,66.0,57.0
SILVER DIAMANTE PEN IN GIFT BOX,5.2,0.17333333333333334,6.56,7,2.43,9.0,62.400000000000006,56.0
SILVER DISCO HANDBAG,13.67,0.45566666666666666,14.28,16,6.38,22.0,164.04,91.0
SILVER DROP EARRINGS WITH FLOWER,3.5,0.11666666666666667,2.12,2,1.63,4.0,42.0,46.0
SILVER FABRIC MIRROR,42.33,1.411,89.06,100,19.75,120.0,507.96,159.0
SILVER FISHING GNOME ,4.5,0.15,4.17,5,2.1,7.0,54.0,52.0
SILVER FLOWR PINK SHELL NECKLACE,26.0,0.8666666666666667,35.36,40,12.13,52.0,312.0,125.0
SILVER GLASS T-LIGHT SET,24.5,0.8166666666666667,48.63,55,11.43,66.0,294.0,121.0
SILVER GLITTER FLOWER VOTIVE HOLDER,127.91,4.2636666666666665,174.31,196,59.69,256.0,1534.92,277.0
SILVER HANGING T-LIGHT HOLDER,358.85,11.961666666666668,271.03,305,167.46,472.0,4306.200000000001,464.0
SILVER HEARTS TABLE DECORATION,155.62,5.187333333333333,99.17,111,72.62,184.0,1867.44,306.0
SILVER HOOP EARRINGS WITH FLOWER,2.33,0.07766666666666668,1.22,1,1.09,2.0,27.96,37.0
SILVER JEWELLED MIRROR TRINKET TRAY,7.33,0.24433333333333335,9.51,11,3.42,14.0,87.96000000000001,66.0
SILVER LARIAT 40CM,4.4,0.14666666666666667,5.27,6,2.05,8.0,52.800000000000004,51.0
SILVER LARIAT BLACK STONE EARRINGS,2.4,0.08,1.67,2,1.12,3.0,28.799999999999997,38.0
SILVER LATTICE VANILLA CANDLE POT,5.67,0.189,3.51,4,2.65,7.0,68.03999999999999,58.0
SILVER LOOKING MIRROR,2.5,0.08333333333333333,0.71,1,1.17,2.0,30.0,39.0
SILVER M.O.P ORBIT BRACELET,3.0,0.1,1.26,1,1.4,2.0,36.0,42.0
SILVER M.O.P ORBIT DROP EARRINGS,3.4,0.11333333333333333,1.52,2,1.59,4.0,40.8,45.0
SILVER M.O.P. ORBIT NECKLACE,4.0,0.13333333333333333,4.24,5,1.87,7.0,48.0,49.0
SILVER MUG BONE CHINA TREE OF LIFE,126.44,4.214666666666667,152.17,171,59.01,230.0,1517.28,275.0
SILVER OVAL SHAPE TRINKET BOX,2.0,0.06666666666666667,0.58,1,0.93,2.0,24.0,35.0
SILVER PHOTO FRAME,7.5,0.25,4.06,5,3.5,8.0,90.0,67.0
SILVER PLATE CANDLE BOWL SMALL,26.33,0.8776666666666666,19.94,22,12.29,34.0,315.96,126.0
SILVER RECORD COVER FRAME,90.67,3.0223333333333335,151.0,170,42.31,212.0,1088.04,233.0
SILVER ROCCOCO CHANDELIER,2.2,0.07333333333333333,1.64,2,1.03,3.0,26.400000000000002,36.0
SILVER ROCOCO CANDLE STICK,20.86,0.6953333333333334,26.33,30,9.73,40.0,250.32,112.0
SILVER STANDING GNOME   ,3.5,0.11666666666666667,2.01,2,1.63,4.0,42.0,46.0
SILVER STARS TABLE DECORATION,243.5,8.116666666666667,200.41,225,113.63,339.0,2922.0,382.0
SILVER T-LIGHT SETTING,22.75,0.7583333333333333,34.67,39,10.62,50.0,273.0,117.0
SILVER TEDDY BEAR,6.0,0.2,7.41,8,2.8,11.0,72.0,60.0
SILVER VANILLA  FLOWER CANDLE POT,8.36,0.2786666666666667,5.87,7,3.9,11.0,100.32,71.0
SILVER/AMETHYST DROP EARRINGS LEAF,1.67,0.05566666666666666,1.15,1,0.78,2.0,20.04,32.0
SILVER/BLACK ORBIT NECKLACE,1.5,0.05,0.71,1,0.7,2.0,18.0,30.0
SILVER/CRYSTAL DROP EARRINGS W LEAF,6.0,0.2,,0,2.8,3.0,72.0,60.0
SILVER/M.O.P PENDANT ORBIT NECKLACE,3.5,0.11666666666666667,3.79,4,1.63,6.0,42.0,46.0
SILVER/MOP ORBIT NECKLACE,1.33,0.044333333333333336,0.52,1,0.62,2.0,15.96,28.0
SILVER/NAT SHELL NECKLACE W PENDANT,1.0,0.03333333333333333,0.0,0,0.47,0.0,12.0,24.0
SILVER/NATURAL SHELL NECKLACE,4.0,0.13333333333333333,2.83,3,1.87,5.0,48.0,49.0
SINGLE ANTIQUE ROSE HOOK IVORY,205.0,6.833333333333333,123.07,138,95.67,234.0,2460.0,351.0
SINGLE HEART ZINC T-LIGHT HOLDER,438.46,14.615333333333332,200.15,225,204.61,430.0,5261.5199999999995,513.0
SINGLE WIRE HOOK IVORY HEART,109.38,3.646,109.9,124,51.04,175.0,1312.56,256.0
SINGLE WIRE HOOK PINK HEART,45.22,1.5073333333333332,87.26,98,21.1,119.0,542.64,165.0
SIX DRAWER OFFICE TIDY,16.25,0.5416666666666666,18.25,21,7.58,29.0,195.0,99.0
SKETCHBOOK MAGNETIC SHOPPING LIST,190.29,6.343,91.4,103,88.8,192.0,2283.48,338.0
SKULL AND CROSSBONES  GARLAND ,75.54,2.5180000000000002,59.31,67,35.25,102.0,906.48,213.0
SKULL DESIGN TV DINNER TRAY,21.62,0.7206666666666667,20.86,23,10.09,33.0,259.44,114.0
SKULL LUNCH BOX WITH CUTLERY ,149.69,4.9896666666666665,62.58,70,69.86,140.0,1796.28,300.0
SKULL SHOULDER BAG,99.08,3.3026666666666666,70.73,79,46.24,125.0,1188.96,244.0
SKULLS  DESIGN  COTTON TOTE BAG,13.75,0.4583333333333333,9.62,11,6.42,17.0,165.0,91.0
SKULLS  STICKERS,81.08,2.7026666666666666,47.52,53,37.84,91.0,972.96,221.0
SKULLS  WATER TRANSFER TATTOOS ,144.0,4.8,73.17,82,67.2,149.0,1728.0,294.0
SKULLS AND CROSSBONES WRAP,446.15,14.871666666666666,270.19,304,208.2,512.0,5353.799999999999,517.0
SKULLS DESIGN FLANNEL,14.64,0.48800000000000004,17.02,19,6.83,26.0,175.68,94.0
SKULLS GREETING CARD,144.92,4.830666666666667,85.48,96,67.63,164.0,1739.04,295.0
SKULLS PARTY BAG + STICKER SET,75.54,2.5180000000000002,52.38,59,35.25,94.0,906.48,213.0
SKULLS SQUARE TISSUE BOX,66.27,2.209,77.23,87,30.93,118.0,795.24,199.0
SKULLS STORAGE BOX LARGE,6.7,0.22333333333333333,7.12,8,3.13,11.0,80.4,63.0
SKULLS STORAGE BOX SMALL,9.62,0.32066666666666666,5.8,7,4.49,11.0,115.44,76.0
SKULLS TAPE,60.0,2.0,92.91,104,28.0,132.0,720.0,190.0
SKULLS WRITING SET ,41.38,1.3793333333333335,38.16,43,19.31,62.0,496.56000000000006,158.0
SLATE TILE NATURAL HANGING,109.85,3.6616666666666666,74.85,84,51.26,135.0,1318.1999999999998,257.0
SLEEPING CAT ERASERS,353.69,11.789666666666667,199.64,224,165.06,389.0,4244.28,461.0
SMALL APOTHECARY MEASURING JAR ,11.57,0.38566666666666666,6.02,7,5.4,12.0,138.84,83.0
SMALL BLUE PROVENCAL CERAMIC BALL,10.17,0.339,9.47,11,4.75,16.0,122.03999999999999,78.0
SMALL BONNE JAM JAR  T-LIGHT HOLDER,59.43,1.981,36.73,41,27.73,69.0,713.16,189.0
SMALL CAMPHOR WOOD FIELD  MUSHROOM,7.75,0.25833333333333336,5.86,7,3.62,11.0,93.0,68.0
SMALL CERAMIC TOP STORAGE JAR ,708.25,23.608333333333334,750.81,844,330.52,1175.0,8499.0,652.0
SMALL CHINESE STYLE SCISSOR,1025.23,34.17433333333334,1185.14,1332,478.44,1810.0,12302.76,784.0
SMALL CHOCOLATES PINK BOWL,127.85,4.261666666666667,102.29,115,59.66,175.0,1534.1999999999998,277.0
SMALL CHUNKY GLASS ROMAN  BOWL,37.25,1.2416666666666667,62.56,70,17.38,87.0,447.0,149.0
SMALL DECO JEWELLERY STAND,32.71,1.0903333333333334,24.47,27,15.26,42.0,392.52,140.0
SMALL DOLLY MIX DESIGN ORANGE BOWL,345.46,11.515333333333333,234.67,264,161.21,425.0,4145.5199999999995,455.0
SMALL FOLDING SCISSOR(POINTED EDGE),262.91,8.763666666666667,270.34,304,122.69,427.0,3154.92,397.0
SMALL FOLKART STAR CHRISTMAS DEC,187.33,6.2443333333333335,162.79,183,87.42,270.0,2247.96,335.0
SMALL GLASS HEART TRINKET POT,282.31,9.410333333333334,71.52,80,131.74,212.0,3387.7200000000003,412.0
SMALL GLASS SUNDAE DISH CLEAR,54.0,1.8,65.11,73,25.2,98.0,648.0,180.0
SMALL HAMMERED SILVER CANDLEPOT ,29.83,0.9943333333333333,21.25,24,13.92,38.0,357.96,134.0
SMALL HANGING GLASS+ZINC LANTERN,8.6,0.2866666666666667,4.34,5,4.01,9.0,103.19999999999999,72.0
SMALL HANGING IVORY/RED WOOD BIRD,171.85,5.7283333333333335,207.39,233,80.2,313.0,2062.2,321.0
SMALL HEART FLOWERS HOOK ,129.15,4.305000000000001,45.93,52,60.27,112.0,1549.8000000000002,278.0
SMALL HEART MEASURING SPOONS,183.46,6.115333333333334,96.5,108,85.61,194.0,2201.52,332.0
SMALL IVORY HEART WALL ORGANISER,113.56,3.7853333333333334,116.86,131,52.99,184.0,1362.72,261.0
SMALL JEWELLERY STAND,16.0,0.5333333333333333,,0,7.47,7.0,192.0,98.0
SMALL KITCHEN FLOWER POTS PLAQUE,2.11,0.07033333333333333,1.45,2,0.98,3.0,25.32,36.0
SMALL LICORICE DES PINK BOWL,78.4,2.6133333333333337,68.31,77,36.59,114.0,940.8000000000001,217.0
SMALL MARSHMALLOWS PINK BOWL,253.92,8.464,176.53,198,118.5,316.0,3047.04,390.0
SMALL MEDINA STAMPED METAL BOWL ,58.77,1.959,96.52,108,27.43,135.0,705.24,188.0
SMALL PARISIENNE HEART PHOTO FRAME ,114.5,3.816666666666667,81.84,92,53.43,145.0,1374.0,262.0
SMALL PARLOUR FRAME,42.0,1.4,,0,19.6,20.0,504.0,159.0
SMALL PARLOUR PICTURE FRAME,54.67,1.8223333333333334,36.83,41,25.51,67.0,656.04,181.0
SMALL PINK GLASS SUNDAE DISH,152.83,5.094333333333334,200.87,226,71.32,297.0,1833.96,303.0
SMALL PINK MAGIC CHRISTMAS TREE,103.0,3.433333333333333,100.13,113,48.07,161.0,1236.0,249.0
SMALL POLKADOT CHOCOLATE GIFT BAG ,76.67,2.5556666666666668,77.12,87,35.78,123.0,920.04,214.0
SMALL POP BOX FUNKY MONKEY,28.67,0.9556666666666668,18.91,21,13.38,34.0,344.04,131.0
"SMALL POP BOX,FUNKY MONKEY",15.5,0.5166666666666667,16.33,18,7.23,25.0,186.0,96.0
SMALL POPCORN HOLDER,1825.2,60.84,1951.66,2193,851.76,3045.0,21902.4,1046.0
SMALL PURPLE BABUSHKA NOTEBOOK ,121.31,4.043666666666667,116.06,130,56.61,187.0,1455.72,270.0
SMALL RED BABUSHKA NOTEBOOK ,138.62,4.620666666666667,151.91,171,64.69,236.0,1663.44,288.0
SMALL RED RETROSPOT MUG IN BOX ,67.23,2.241,132.84,149,31.37,180.0,806.76,201.0
SMALL RED RETROSPOT WINDMILL,247.83,8.261000000000001,226.56,255,115.65,371.0,2973.96,386.0
SMALL REGAL  SILVER CANDLEPOT ,30.3,1.01,59.83,67,14.14,81.0,363.6,135.0
SMALL ROUND CUT GLASS CANDLESTICK,14.33,0.4776666666666667,15.08,17,6.69,24.0,171.96,93.0
SMALL SILVER FLOWER CANDLE POT,23.58,0.7859999999999999,20.76,23,11.0,34.0,282.96,119.0
SMALL SILVER TRELLIS CANDLEPOT,18.83,0.6276666666666666,11.33,13,8.79,22.0,225.95999999999998,106.0
SMALL SINGLE FLAME CANDLE HOLDER,8.25,0.275,6.65,7,3.85,11.0,99.0,70.0
SMALL SKULL WINDMILL,39.73,1.3243333333333331,40.05,45,18.54,64.0,476.76,154.0
SMALL SQUARE CUT GLASS CANDLESTICK,10.0,0.3333333333333333,5.88,7,4.67,12.0,120.0,77.0
SMALL STRIPES CHOCOLATE GIFT BAG ,96.11,3.2036666666666664,117.0,131,44.85,176.0,1153.32,240.0
SMALL TALL CAMPHOR WOOD TOADSTOOL,11.73,0.391,8.16,9,5.47,14.0,140.76,84.0
SMALL WHITE HEART OF WICKER,611.86,20.395333333333333,307.74,346,285.53,632.0,7342.32,606.0
SMALL WHITE RETROSPOT MUG IN BOX ,59.25,1.975,142.13,160,27.65,188.0,711.0,189.0
SMALL WHITE/PINK ROSE ART FLOWER,18.83,0.6276666666666666,14.09,16,8.79,25.0,225.95999999999998,106.0
SMALL YELLOW BABUSHKA NOTEBOOK ,70.62,2.354,61.46,69,32.96,102.0,847.44,206.0
SMALL ZINC HEART WALL ORGANISER,170.89,5.696333333333333,195.44,220,79.75,300.0,2050.68,320.0
SMALL ZINC/GLASS CANDLEHOLDER,9.8,0.3266666666666667,9.23,10,4.57,15.0,117.60000000000001,77.0
SMALLFOLKART BAUBLE CHRISTMAS DEC,279.0,9.3,123.04,138,130.2,268.0,3348.0,409.0
SMOKEY GREY COLOUR D.O.F. GLASS,73.88,2.4626666666666663,81.71,92,34.48,126.0,886.56,211.0
SMOKEY GREY COLOUR GLASS,50.0,1.6666666666666667,49.48,56,23.33,79.0,600.0,173.0
SNACK TRAY HAPPY FOREST  ,55.5,1.85,20.51,23,25.9,49.0,666.0,182.0
SNACK TRAY I LOVE LONDON,50.33,1.6776666666666666,64.13,72,23.49,95.0,603.96,174.0
SNACK TRAY PAISLEY PARK,82.0,2.7333333333333334,76.37,86,38.27,124.0,984.0,222.0
SNACK TRAY RED GINGHAM,28.0,0.9333333333333333,14.14,16,13.07,29.0,336.0,130.0
SNACK TRAY RED VINTAGE DOILY,92.5,3.0833333333333335,74.25,83,43.17,126.0,1110.0,236.0
SNOWFLAKE PORTABLE TABLE LIGHT ,52.43,1.7476666666666667,59.82,67,24.47,91.0,629.16,177.0
SNOWSTORM PHOTO FRAME FRIDGE MAGNET,52.45,1.7483333333333335,37.57,42,24.48,66.0,629.4000000000001,177.0
SOAP DISH BROCANTE,53.31,1.7770000000000001,43.23,49,24.88,74.0,639.72,179.0
SOFT PINK ROSE TOWEL ,4.62,0.154,3.7,4,2.16,6.0,55.44,53.0
SOLDIERS EGG CUP ,735.08,24.502666666666666,315.34,354,343.04,697.0,8820.960000000001,664.0
SOMBRERO ,338.62,11.287333333333333,401.17,451,158.02,609.0,4063.44,451.0
SPACE BOY CHILDRENS CUP,130.0,4.333333333333333,,0,60.67,61.0,1560.0,279.0
SPACE CADET BLACK,6.67,0.22233333333333333,4.55,5,3.11,8.0,80.03999999999999,63.0
SPACE CADET RED,15.12,0.504,10.36,12,7.06,19.0,181.44,95.0
SPACE CADET WHITE,10.83,0.361,9.47,11,5.05,16.0,129.96,81.0
SPACE FROG,11.11,0.3703333333333333,10.74,12,5.18,17.0,133.32,82.0
SPACE OWL,17.88,0.596,13.02,15,8.34,23.0,214.56,104.0
SPACEBOY BEAKER,428.5,14.283333333333333,358.26,403,199.97,603.0,5142.0,507.0
SPACEBOY BIRTHDAY CARD,604.46,20.148666666666667,168.19,189,282.08,471.0,7253.52,602.0
SPACEBOY CHILDRENS BOWL,338.14,11.271333333333333,107.29,121,157.8,279.0,4057.68,450.0
SPACEBOY CHILDRENS CUP,278.86,9.295333333333334,113.43,127,130.13,257.0,3346.32,409.0
SPACEBOY CHILDRENS EGG CUP,86.0,2.8666666666666667,49.8,56,40.13,96.0,1032.0,227.0
SPACEBOY GIFT WRAP,500.15,16.671666666666667,272.02,306,233.4,539.0,6001.799999999999,548.0
SPACEBOY LUNCH BOX ,1070.69,35.68966666666667,453.33,509,499.66,1009.0,12848.28,802.0
SPACEBOY MINI BACKPACK,259.25,8.641666666666667,159.16,179,120.98,300.0,3111.0,394.0
SPACEBOY MINI RUCKSACK,6.5,0.21666666666666667,3.54,4,3.03,7.0,78.0,62.0
SPACEBOY ROCKET LOLLY MAKERS,148.0,4.933333333333334,86.0,97,69.07,166.0,1776.0,298.0
SPACEBOY TV DINNER TRAY,20.33,0.6776666666666666,18.15,20,9.49,29.0,243.95999999999998,110.0
SPACEBOY WALL ART,153.0,5.1,199.4,224,71.4,295.0,1836.0,303.0
SPOTS ON RED BOOKCOVER TAPE,4.0,0.13333333333333333,0.82,1,1.87,3.0,48.0,49.0
SPOTTED WHITE NATURAL SEED NECKLACE,18.0,0.6,24.0,27,8.4,35.0,216.0,104.0
SPOTTY BUNTING,954.88,31.829333333333334,487.73,548,445.61,994.0,11458.56,757.0
SPOTTY PINK DUCK DOORSTOP,17.31,0.577,25.89,29,8.08,37.0,207.71999999999997,102.0
SPRIG LAVENDER ARTIFICIAL FLOWER,55.0,1.8333333333333333,60.94,68,25.67,94.0,660.0,182.0
SQUARE CHERRY BLOSSOM CABINET,14.33,0.4776666666666667,9.49,11,6.69,18.0,171.96,93.0
SQUARE FLOOR CUSHION VINTAGE RED,4.08,0.136,4.66,5,1.9,7.0,48.96,49.0
SQUARE METAL CANDLEHOLDER BASE,8.67,0.289,8.48,10,4.05,14.0,104.03999999999999,72.0
SQUARE MINI PORTRAIT FRAME,89.67,2.989,61.33,69,41.85,111.0,1076.04,232.0
SQUARECUSHION COVER PINK UNION FLAG,12.4,0.41333333333333333,7.89,9,5.79,15.0,148.8,86.0
SQUARECUSHION COVER PINK UNION JACK,18.75,0.625,42.19,47,8.75,56.0,225.0,106.0
ST GEORGE SET OF 10 PARTY LIGHTS,2.0,0.06666666666666667,,0,0.93,1.0,24.0,35.0
ST TROPEZ NECKLACE,3.5,0.11666666666666667,4.36,5,1.63,7.0,42.0,46.0
STANDING FAIRY POLE SUPPORT ,34.8,1.16,18.79,21,16.24,37.0,417.59999999999997,144.0
STAR  T-LIGHT HOLDER ,18.86,0.6286666666666666,17.71,20,8.8,29.0,226.32,106.0
STAR DECORATION PAINTED ZINC ,597.0,19.9,709.83,798,278.6,1077.0,7164.0,598.0
STAR DECORATION RUSTIC,275.38,9.179333333333334,253.13,284,128.51,413.0,3304.56,406.0
STAR PORTABLE TABLE LIGHT ,34.38,1.1460000000000001,60.52,68,16.04,84.0,412.56000000000006,144.0
STAR T-LIGHT HOLDER WILLIE WINKIE,163.14,5.438,150.85,170,76.13,246.0,1957.6799999999998,313.0
STAR WOODEN CHRISTMAS DECORATION,305.62,10.187333333333333,305.08,343,142.62,486.0,3667.44,428.0
STAR WREATH DECORATION WITH BELL,227.86,7.5953333333333335,176.69,199,106.33,305.0,2734.32,370.0
STARFISH SOAP DISH,9.83,0.32766666666666666,8.11,9,4.59,14.0,117.96000000000001,77.0
STARS GIFT TAPE ,105.23,3.5076666666666667,151.35,170,49.11,219.0,1262.76,251.0
STEEL SWEETHEART ROUND TABLE CREAM,3.44,0.11466666666666667,2.88,3,1.61,5.0,41.28,45.0
STOOL HOME SWEET HOME ,57.0,1.9,58.28,65,26.6,92.0,684.0,185.0
STOP FOR TEA WALL ART,172.67,5.7556666666666665,257.53,289,80.58,370.0,2072.04,322.0
STORAGE TIN HOME SWEET HOME,59.25,1.975,26.61,30,27.65,58.0,711.0,189.0
STORAGE TIN VINTAGE DOILEY ,6.0,0.2,,0,2.8,3.0,72.0,60.0
STORAGE TIN VINTAGE DOILY ,250.2,8.34,187.45,211,116.76,328.0,3002.3999999999996,387.0
STORAGE TIN VINTAGE LEAF,109.29,3.6430000000000002,103.47,116,51.0,167.0,1311.48,256.0
STRAWBERRIES  DESIGN FLANNEL ,20.45,0.6816666666666666,19.73,22,9.54,32.0,245.39999999999998,111.0
STRAWBERRY   PICNIC BAG,176.78,5.892666666666667,177.93,200,82.5,282.0,2121.36,326.0
STRAWBERRY BATH SPONGE ,79.15,2.6383333333333336,79.0,89,36.94,126.0,949.8000000000001,218.0
STRAWBERRY CERAMIC TRINKET BOX,717.54,23.918,293.53,330,334.85,665.0,8610.48,656.0
STRAWBERRY CERAMIC TRINKET POT,346.0,11.533333333333333,375.4,422,161.47,583.0,4152.0,456.0
STRAWBERRY CHARLOTTE BAG,526.69,17.556333333333335,263.23,296,245.79,542.0,6320.280000000001,562.0
STRAWBERRY DREAM CHILDS UMBRELLA,9.75,0.325,7.89,9,4.55,14.0,117.0,76.0
STRAWBERRY FAIRY CAKE TEAPOT,57.77,1.9256666666666669,21.74,24,26.96,51.0,693.24,186.0
STRAWBERRY HONEYCOMB  GARLAND ,101.67,3.3890000000000002,102.53,115,47.45,162.0,1220.04,247.0
STRAWBERRY LUNCH BOX WITH CUTLERY,285.85,9.528333333333334,151.75,171,133.4,304.0,3430.2000000000003,414.0
STRAWBERRY RAFFIA FOOD COVER,41.25,1.375,32.86,37,19.25,56.0,495.0,157.0
STRAWBERRY SHOPPER BAG,156.62,5.220666666666667,81.37,91,73.09,164.0,1879.44,307.0
STRAWBRY SCENTED VOTIVE CANDLE,110.1,3.67,56.46,63,51.38,114.0,1321.1999999999998,257.0
"STRING OF 8 BUTTERFLIES,PINK",12.5,0.4166666666666667,3.54,4,5.83,10.0,150.0,87.0
STRING OF STARS CARD HOLDER,14.2,0.47333333333333333,14.46,16,6.63,23.0,170.39999999999998,92.0
STRIPES DESIGN MONKEY DOLL,3.44,0.11466666666666667,2.79,3,1.61,5.0,41.28,45.0
STRIPES DESIGN TEDDY,5.18,0.17266666666666666,2.44,3,2.42,5.0,62.16,56.0
STRIPEY CHOCOLATE NESTING BOXES,21.33,0.711,22.47,25,9.95,35.0,255.95999999999998,113.0
STRIPY DESIGN SHOWER CAP,49.25,1.6416666666666666,83.87,94,22.98,117.0,591.0,172.0
SUKI  SHOULDER BAG,135.62,4.520666666666667,73.45,83,63.29,146.0,1627.44,285.0
SUMMER DAISIES BAG CHARM,13.2,0.44,20.73,23,6.16,29.0,158.39999999999998,89.0
SUMMER FUN DESIGN SHOWER CAP,65.0,2.1666666666666665,118.83,134,30.33,164.0,780.0,197.0
SUNFLOWER DECORATIVE PARASOL,10.88,0.3626666666666667,17.8,20,5.08,25.0,130.56,81.0
SUNSET CHECK HAMMOCK,16.7,0.5566666666666666,13.86,16,7.79,24.0,200.39999999999998,100.0
SUNSET COLOUR CHUNKY KNITTED THROW,3.43,0.11433333333333334,2.51,3,1.6,5.0,41.160000000000004,45.0
SWALLOW SQUARE TISSUE BOX,122.38,4.0793333333333335,154.62,174,57.11,231.0,1468.56,271.0
SWALLOW WOODEN CHRISTMAS DECORATION,177.38,5.9126666666666665,162.92,183,82.78,266.0,2128.56,326.0
SWALLOWS GREETING CARD,446.75,14.891666666666667,292.15,328,208.48,536.0,5361.0,518.0
SWEET HEART CAKE CARRIER,26.0,0.8666666666666667,20.66,23,12.13,35.0,312.0,125.0
SWEET PUDDING STICKER SHEET,6.5,0.21666666666666667,7.72,9,3.03,12.0,78.0,62.0
SWEETHEART 3 TIER CAKE STAND ,44.4,1.48,34.48,39,20.72,60.0,532.8,163.0
SWEETHEART BIRD HOUSE,209.75,6.991666666666666,289.85,326,97.88,424.0,2517.0,355.0
SWEETHEART CAKESTAND 3 TIER,81.09,2.7030000000000003,51.27,58,37.84,96.0,973.08,221.0
SWEETHEART CARRY-ALL BASKET,1.5,0.05,0.71,1,0.7,2.0,18.0,30.0
SWEETHEART CERAMIC TRINKET BOX,442.85,14.761666666666667,188.06,211,206.66,418.0,5314.200000000001,515.0
SWEETHEART CREAM STEEL TABLE RECT,2.0,0.06666666666666667,1.18,1,0.93,2.0,24.0,35.0
SWEETHEART RECIPE BOOK STAND,99.91,3.3303333333333334,43.61,49,46.62,96.0,1198.92,245.0
SWEETHEART WALL TIDY ,36.0,1.2,14.53,16,16.8,33.0,432.0,147.0
SWEETHEART WIRE FRUIT BOWL,15.23,0.5076666666666667,9.42,11,7.11,18.0,182.76,96.0
SWEETHEART WIRE MAGAZINE RACK,23.08,0.7693333333333333,8.25,9,10.77,20.0,276.96,118.0
SWEETHEART WIRE WALL TIDY,17.92,0.5973333333333334,11.47,13,8.36,21.0,215.04000000000002,104.0
SWEETIES  STICKERS,22.83,0.7609999999999999,21.45,24,10.65,35.0,273.96,117.0
SWIRLY CIRCULAR RUBBERS IN BAG,40.45,1.3483333333333334,46.11,52,18.88,71.0,485.40000000000003,156.0
SWISS CHALET TREE DECORATION ,246.6,8.22,190.03,214,115.08,329.0,2959.2,385.0
SWISS ROLL TOWEL PINK  SPOTS,83.25,2.775,118.28,133,38.85,172.0,999.0,223.0
"SWISS ROLL TOWEL, CHOCOLATE  SPOTS",71.73,2.391,83.9,94,33.47,127.0,860.76,207.0
"SWISS ROLL TOWEL, PINK  SPOTS",289.5,9.65,137.89,155,135.1,290.0,3474.0,417.0
T-LIGHT GLASS FLUTED ANTIQUE,611.33,20.377666666666666,256.03,288,285.29,573.0,7335.960000000001,606.0
T-LIGHT HOLDER HANGING LACE,58.85,1.9616666666666667,95.4,107,27.46,134.0,706.2,188.0
T-LIGHT HOLDER HANGING LOVE BIRD,179.67,5.989,150.29,169,83.85,253.0,2156.04,328.0
T-LIGHT HOLDER SILVER HEART HANDLE,32.0,1.0666666666666667,26.32,30,14.93,45.0,384.0,139.0
T-LIGHT HOLDER SILVER PETIT FOUR ,26.14,0.8713333333333334,20.38,23,12.2,35.0,313.68,125.0
T-LIGHT HOLDER SILVER SAUCER,10.25,0.3416666666666667,10.21,11,4.78,16.0,123.0,78.0
T-LIGHT HOLDER SWEETHEART HANGING,64.46,2.1486666666666663,42.52,48,30.08,78.0,773.52,197.0
T-LIGHT HOLDER WHITE LACE,36.33,1.2109999999999999,52.91,59,16.95,76.0,435.96,148.0
TABLE LAMP WHITE SHADE WOOD BASE,7.4,0.24666666666666667,12.24,14,3.45,17.0,88.80000000000001,67.0
TABLECLOTH RED APPLES DESIGN ,22.38,0.746,12.72,14,10.44,24.0,268.56,116.0
TALL ROCOCO CANDLE HOLDER,11.25,0.375,11.16,13,5.25,18.0,135.0,82.0
TEA BAG PLATE RED RETROSPOT,297.15,9.905,134.93,152,138.67,291.0,3565.7999999999997,422.0
TEA COSY BLUE STRIPE,12.08,0.4026666666666667,15.81,18,5.64,24.0,144.96,85.0
TEA COSY RED  STRIPE,24.42,0.8140000000000001,33.39,38,11.4,49.0,293.04,121.0
TEA FOR ONE POLKADOT,26.54,0.8846666666666666,17.92,20,12.39,32.0,318.48,126.0
TEA PARTY  WRAPPING PAPER ,173.08,5.769333333333334,78.04,88,80.77,169.0,2076.96,322.0
TEA PARTY BIRTHDAY CARD,320.38,10.679333333333334,134.31,151,149.51,301.0,3844.56,438.0
TEA TIME BREAKFAST BASKET,1.0,0.03333333333333333,,0,0.47,0.0,12.0,24.0
TEA TIME DES TEA COSY,25.38,0.846,23.23,26,11.84,38.0,304.56,123.0
TEA TIME KITCHEN APRON,45.54,1.518,27.63,31,21.25,52.0,546.48,165.0
TEA TIME OVEN GLOVE,154.15,5.138333333333334,86.76,97,71.94,169.0,1849.8000000000002,304.0
TEA TIME PARTY BUNTING,176.23,5.874333333333333,147.16,165,82.24,247.0,2114.7599999999998,325.0
TEA TIME TABLE CLOTH,45.0,1.5,43.91,49,21.0,70.0,540.0,164.0
TEA TIME TEA SET IN GIFT BOX,11.33,0.37766666666666665,10.55,12,5.29,17.0,135.96,82.0
TEA TIME TEA TOWELS ,1300.0,43.333333333333336,0.0,0,606.67,607.0,15600.0,883.0
TEA TIME TEAPOT IN GIFT BOX,26.0,0.8666666666666667,21.07,24,12.13,36.0,312.0,125.0
TEAL/FUSCHIA COL BEAD NECKLACE,4.5,0.15,4.95,6,2.1,8.0,54.0,52.0
TEATIME FUNKY FLOWER BACKPACK FOR 2,1.5,0.05,0.71,1,0.7,2.0,18.0,30.0
TEATIME GEL PENS ASST,252.0,8.4,305.47,343,117.6,461.0,3024.0,389.0
TEATIME PEN CASE & PENS,7.44,0.24800000000000003,9.37,11,3.47,14.0,89.28,67.0
TEATIME PUSH DOWN RUBBER,155.67,5.188999999999999,207.62,233,72.65,306.0,1868.04,306.0
TEATIME ROUND PENCIL SHARPENER ,143.7,4.79,82.49,93,67.06,160.0,1724.3999999999999,294.0
THE KING GIFT BAG,4.25,0.14166666666666666,2.99,3,1.98,5.0,51.0,50.0
THE KING GIFT BAG 25x24x12cm,8.67,0.289,4.16,5,4.05,9.0,104.03999999999999,72.0
THREE CANVAS LUGGAGE TAGS,8.25,0.275,5.5,6,3.85,10.0,99.0,70.0
THREE MINI HANGING FRAMES,44.67,1.489,31.94,36,20.85,57.0,536.04,164.0
TIGRIS EYE CHUNKY CHARM BRACELET,1.5,0.05,0.71,1,0.7,2.0,18.0,30.0
TINY CRYSTAL BRACELET GREEN,6.0,0.2,,0,2.8,3.0,72.0,60.0
TOADSTOOL BEDSIDE LIGHT ,31.0,1.0333333333333334,17.82,20,14.47,34.0,372.0,136.0
TOADSTOOL MONEY BOX,57.31,1.9103333333333334,31.77,36,26.74,63.0,687.72,185.0
TOAST ITS - BEST MUM,62.75,2.091666666666667,56.52,64,29.28,93.0,753.0,194.0
TOAST ITS - DINOSAUR,6.33,0.211,5.51,6,2.95,9.0,75.96000000000001,62.0
TOAST ITS - FAIRY FLOWER,23.38,0.7793333333333333,17.91,20,10.91,31.0,280.56,118.0
TOAST ITS - HAPPY BIRTHDAY,25.23,0.841,17.42,20,11.77,32.0,302.76,123.0
TOAST ITS - I LOVE YOU ,64.75,2.158333333333333,125.06,141,30.22,171.0,777.0,197.0
TOILET METAL SIGN,288.38,9.612666666666666,132.98,149,134.58,284.0,3460.56,416.0
TOILET SIGN OCCUPIED OR VACANT,341.4,11.379999999999999,171.63,193,159.32,352.0,4096.799999999999,453.0
TOMATO CHARLIE+LOLA COASTER SET,39.75,1.325,30.56,34,18.55,53.0,477.0,154.0
TOOL BOX SOFT TOY ,11.23,0.37433333333333335,11.58,13,5.24,18.0,134.76,82.0
TOOTHPASTE TUBE PEN,88.27,2.942333333333333,140.9,158,41.19,199.0,1059.24,230.0
TOP SECRET PEN SET,7.67,0.25566666666666665,11.17,13,3.58,17.0,92.03999999999999,68.0
TOTE BAG I LOVE LONDON,93.23,3.107666666666667,54.46,61,43.51,105.0,1118.76,237.0
TOXIC AREA  DOOR HANGER ,108.92,3.630666666666667,123.99,139,50.83,190.0,1307.04,256.0
TOY TIDY DOLLY GIRL DESIGN,49.38,1.6460000000000001,28.75,32,23.04,55.0,592.5600000000001,172.0
TOY TIDY PINK POLKADOT,243.77,8.125666666666667,151.45,170,113.76,284.0,2925.2400000000002,382.0
TOY TIDY SPACEBOY  ,88.92,2.964,30.61,34,41.5,76.0,1067.04,231.0
TOYBOX  WRAP ,72.6,2.42,85.65,96,33.88,130.0,871.1999999999999,209.0
TRADITIONAL CHRISTMAS RIBBONS,223.62,7.454,294.18,331,104.36,435.0,2683.44,366.0
TRADITIONAL KNITTING NANCY,453.46,15.115333333333332,308.57,347,211.61,559.0,5441.5199999999995,522.0
TRADITIONAL MODELLING CLAY,616.46,20.54866666666667,296.69,333,287.68,621.0,7397.52,608.0
TRADITIONAL NAUGHTS & CROSSES,678.67,22.622333333333334,684.35,769,316.71,1086.0,8144.039999999999,638.0
TRADITIONAL PICK UP STICKS GAME ,615.33,20.511000000000003,496.85,558,287.15,845.0,7383.960000000001,608.0
TRADITIONAL WOODEN CATCH CUP GAME ,224.15,7.471666666666667,140.15,157,104.6,262.0,2689.8,367.0
TRADITIONAL WOODEN SKIPPING ROPE,609.15,20.305,331.8,373,284.27,657.0,7309.799999999999,605.0
TRADTIONAL ALPHABET STAMP SET,311.0,10.366666666666667,207.05,233,145.13,378.0,3732.0,432.0
TRANQUILITY MASALA INCENSE,28.57,0.9523333333333334,9.45,11,13.33,24.0,342.84000000000003,131.0
TRANSPARENT ACRYLIC TAPE DISPENSER,7.75,0.25833333333333336,6.7,8,3.62,12.0,93.0,68.0
TRAVEL CARD WALLET FLOWER MEADOW,154.45,5.1483333333333325,74.22,83,72.08,155.0,1853.3999999999999,304.0
TRAVEL CARD WALLET I LOVE LONDON,549.5,18.316666666666666,375.05,421,256.43,677.0,6594.0,574.0
TRAVEL CARD WALLET KEEP CALM,1069.91,35.66366666666667,522.73,587,499.29,1086.0,12838.920000000002,801.0
TRAVEL CARD WALLET PANTRY,169.27,5.642333333333334,49.36,55,78.99,134.0,2031.2400000000002,319.0
TRAVEL CARD WALLET RETRO PETALS,298.0,9.933333333333334,201.27,226,139.07,365.0,3576.0,423.0
TRAVEL CARD WALLET RETROSPOT,191.55,6.385000000000001,93.56,105,89.39,194.0,2298.6000000000004,339.0
TRAVEL CARD WALLET SKULLS,188.91,6.297,90.66,102,88.16,190.0,2266.92,337.0
TRAVEL CARD WALLET SUKI,203.27,6.775666666666667,85.35,96,94.86,191.0,2439.2400000000002,349.0
TRAVEL CARD WALLET TRANSPORT,276.73,9.224333333333334,105.85,119,129.14,248.0,3320.76,407.0
TRAVEL CARD WALLET UNION JACK,229.73,7.657666666666667,76.14,86,107.21,193.0,2756.7599999999998,371.0
TRAVEL CARD WALLET VINTAGE LEAF,230.83,7.694333333333334,66.7,75,107.72,183.0,2769.96,372.0
TRAVEL CARD WALLET VINTAGE ROSE ,108.2,3.606666666666667,78.43,88,50.49,138.0,1298.4,255.0
TRAVEL CARD WALLET VINTAGE TICKET,413.82,13.794,197.68,222,193.12,415.0,4965.84,498.0
TRAVEL SEWING KIT,405.33,13.511,212.58,239,189.15,428.0,4863.96,493.0
"TRAY, BREAKFAST IN BED",25.9,0.8633333333333333,13.21,15,12.09,27.0,310.79999999999995,125.0
TREASURE AHOY WALL ART,135.0,4.5,165.46,186,63.0,249.0,1620.0,285.0
TREASURE ISLAND BOOK BOX,243.1,8.103333333333333,175.87,198,113.45,311.0,2917.2,382.0
TREASURE TIN BUFFALO BILL ,205.14,6.837999999999999,99.02,111,95.73,207.0,2461.68,351.0
TREASURE TIN GYMKHANA DESIGN,289.14,9.638,119.73,135,134.93,270.0,3469.68,417.0
TREE T-LIGHT HOLDER WILLIE WINKIE,50.29,1.6763333333333332,29.08,33,23.47,56.0,603.48,174.0
TRIANGULAR POUFFE VINTAGE ,4.4,0.14666666666666667,6.08,7,2.05,9.0,52.800000000000004,51.0
TRIPLE HOOK ANTIQUE IVORY ROSE,86.78,2.8926666666666665,46.94,53,40.5,94.0,1041.3600000000001,228.0
TRIPLE PHOTO FRAME CORNICE ,58.54,1.9513333333333334,48.69,55,27.32,82.0,702.48,187.0
TRIPLE WIRE HOOK IVORY HEART,20.0,0.6666666666666666,14.91,17,9.33,26.0,240.0,110.0
TRIPLE WIRE HOOK PINK HEART,9.71,0.3236666666666667,6.78,8,4.53,13.0,116.52000000000001,76.0
TROPICAL  HONEYCOMB PAPER GARLAND ,90.38,3.0126666666666666,74.85,84,42.18,126.0,1084.56,233.0
TROPICAL HOLIDAY PURSE ,6.0,0.2,,0,2.8,3.0,72.0,60.0
TROPICAL LUGGAGE TAG,6.1,0.2033333333333333,5.61,6,2.85,9.0,73.19999999999999,60.0
TROPICAL PASSPORT COVER ,12.91,0.43033333333333335,14.92,17,6.02,23.0,154.92000000000002,88.0
TUB 24 PINK FLOWER PEGS,11.44,0.3813333333333333,10.41,12,5.34,17.0,137.28,83.0
TUMBLER BAROQUE,51.0,1.7,43.86,49,23.8,73.0,612.0,175.0
TUMBLER NEW ENGLAND,408.67,13.622333333333334,327.96,369,190.71,560.0,4904.04,495.0
"TUMBLER, BAROQUE",18.0,0.6,6.0,7,8.4,15.0,216.0,104.0
"TUMBLER, NEW ENGLAND",27.6,0.92,28.89,32,12.88,45.0,331.20000000000005,129.0
TURQ ICE CREAM BUM BAG ,6.5,0.21666666666666667,7.78,9,3.03,12.0,78.0,62.0
TURQ PENDANT TRIPLE SHELL NECKLACE,2.0,0.06666666666666667,1.41,2,0.93,3.0,24.0,35.0
TURQ STONE/CRYSTAL EARRINGS,3.0,0.1,2.65,3,1.4,4.0,36.0,42.0
TURQ+RED BOUDICCA LARGE BRACELET,4.1,0.13666666666666666,3.0,3,1.91,5.0,49.199999999999996,50.0
TURQUOISE BERTIE GLASS BEAD CHARM,36.5,1.2166666666666666,17.68,20,17.03,37.0,438.0,148.0
TURQUOISE CHRISTMAS TREE ,1.67,0.05566666666666666,1.15,1,0.78,2.0,20.04,32.0
TURQUOISE CRYSTAL+GLASS BRACELET,3.4,0.11333333333333333,2.3,3,1.59,5.0,40.8,45.0
TURQUOISE GLASS TASSLE BAG CHARM ,4.2,0.14,2.77,3,1.96,5.0,50.400000000000006,50.0
TURQUOISE HEART OF GLASS BRACELET,2.0,0.06666666666666667,0.82,1,0.93,2.0,24.0,35.0
TUSCAN VILLA BIRD FEEDER,16.0,0.5333333333333333,,0,7.47,7.0,192.0,98.0
TUSCAN VILLA BIRD TABLE ,9.5,0.31666666666666665,2.12,2,4.43,6.0,114.0,75.0
TUSCAN VILLA DOVECOTE,6.0,0.2,5.66,6,2.8,9.0,72.0,60.0
TUSCAN VILLA DOVECOTE BIRD FEEDER,12.33,0.411,11.68,13,5.75,19.0,147.96,86.0
TUSCAN VILLA FEEDING STATION,12.0,0.4,,0,5.6,6.0,144.0,85.0
TV DINNER TRAY AIR HOSTESS ,32.73,1.091,35.3,40,15.27,55.0,392.76,140.0
TV DINNER TRAY DOLLY GIRL,22.54,0.7513333333333333,21.74,24,10.52,35.0,270.48,116.0
TV DINNER TRAY VINTAGE PAISLEY,36.42,1.214,51.15,57,17.0,74.0,437.04,148.0
TWO DOOR CURIO CABINET,21.0,0.7,8.56,10,9.8,20.0,252.0,112.0
UBO-LIGHT TRIOBASE BLUE,2.0,0.06666666666666667,1.41,2,0.93,3.0,24.0,35.0
UBO-LIGHT TRIOBASE PURPLE,2.5,0.08333333333333333,0.71,1,1.17,2.0,30.0,39.0
UNION FLAG WINDSOCK,96.5,3.216666666666667,160.91,181,45.03,226.0,1158.0,241.0
UNION JACK FLAG LUGGAGE TAG,41.31,1.377,21.06,24,19.28,43.0,495.72,157.0
UNION JACK FLAG PASSPORT COVER ,46.92,1.564,34.4,39,21.9,61.0,563.04,168.0
UNION JACK HOT WATER BOTTLE ,4.0,0.13333333333333333,,0,1.87,2.0,48.0,49.0
UNION STRIPE CUSHION COVER ,31.0,1.0333333333333334,23.19,26,14.47,40.0,372.0,136.0
UNION STRIPE WITH FRINGE  HAMMOCK,58.38,1.9460000000000002,68.45,77,27.24,104.0,700.5600000000001,187.0
URBAN BLACK RIBBONS ,34.46,1.1486666666666667,21.71,24,16.08,40.0,413.52,144.0
UTILTY CABINET WITH HOOKS,65.5,2.183333333333333,89.8,101,30.57,132.0,786.0,198.0
VANILLA INCENSE 40 CONES IN TIN,4.83,0.161,3.25,4,2.25,6.0,57.96,54.0
VANILLA INCENSE IN TIN,158.92,5.297333333333333,80.55,91,74.16,165.0,1907.04,309.0
VANILLA SCENT CANDLE JEWELLED BOX,114.58,3.8193333333333332,221.55,249,53.47,302.0,1374.96,262.0
VEGETABLE GARDEN CHOPPING BOARD,18.0,0.6,23.58,26,8.4,34.0,216.0,104.0
VEGETABLE MAGNETIC  SHOPPING LIST,18.0,0.6,8.49,10,8.4,18.0,216.0,104.0
VICTORIAN  METAL POSTCARD SPRING,208.31,6.943666666666667,335.6,377,97.21,474.0,2499.7200000000003,354.0
VICTORIAN GLASS HANGING T-LIGHT,1725.62,57.52066666666666,661.49,743,805.29,1548.0,20707.44,1018.0
VICTORIAN SEWING BOX LARGE,53.12,1.7706666666666666,64.17,72,24.79,97.0,637.4399999999999,179.0
VICTORIAN SEWING BOX MEDIUM,37.62,1.254,28.99,33,17.56,51.0,451.43999999999994,150.0
VICTORIAN SEWING BOX SMALL ,86.77,2.892333333333333,63.6,71,40.49,111.0,1041.24,228.0
VICTORIAN SEWING KIT,182.38,6.0793333333333335,130.45,147,85.11,232.0,2188.56,331.0
VILLAGE SHOW WALL ART,193.0,6.433333333333334,255.97,288,90.07,378.0,2316.0,340.0
VINTAGE  2 METER FOLDING RULER,296.0,9.866666666666667,183.73,206,138.13,344.0,3552.0,421.0
VINTAGE  2 METRE FOLDING RULER,440.67,14.689,257.4,289,205.65,495.0,5288.04,514.0
VINTAGE BEAD COSMETIC BAG ,3.2,0.10666666666666667,1.92,2,1.49,3.0,38.400000000000006,44.0
VINTAGE BEAD NOTEBOOK,5.88,0.196,4.82,5,2.74,8.0,70.56,59.0
VINTAGE BEAD PINK EVENING BAG,46.64,1.5546666666666666,33.78,38,21.77,60.0,559.6800000000001,167.0
VINTAGE BEAD PINK JEWEL BOX,2.0,0.06666666666666667,1.41,2,0.93,3.0,24.0,35.0
VINTAGE BEAD PINK JEWEL STAND,1.0,0.03333333333333333,,0,0.47,0.0,12.0,24.0
VINTAGE BEAD PINK PURSE ,74.0,2.466666666666667,47.02,53,34.53,88.0,888.0,211.0
VINTAGE BEAD PINK SCARF ,36.67,1.2223333333333335,25.98,29,17.11,46.0,440.04,148.0
VINTAGE BEAD PINK SHADE ,6.5,0.21666666666666667,7.78,9,3.03,12.0,78.0,62.0
VINTAGE BELLS GARLAND,261.33,8.711,171.64,193,121.95,315.0,3135.96,396.0
VINTAGE BILLBOARD DRINK ME MUG,77.18,2.572666666666667,63.2,71,36.02,107.0,926.1600000000001,215.0
VINTAGE BILLBOARD LOVE/HATE MUG,118.08,3.936,184.7,208,55.1,263.0,1416.96,266.0
VINTAGE BILLBOARD MUG ,79.46,2.6486666666666663,155.2,174,37.08,211.0,953.52,218.0
VINTAGE BILLBOARD TEA MUG,207.56,6.918666666666667,281.37,316,96.86,413.0,2490.7200000000003,353.0
VINTAGE BLUE KITCHEN CABINET,3.25,0.10833333333333334,2.82,3,1.52,5.0,39.0,44.0
VINTAGE BLUE TINSEL REEL,2.0,0.06666666666666667,,0,0.93,1.0,24.0,35.0
VINTAGE CARAVAN GIFT WRAP,95.17,3.1723333333333334,83.49,94,44.41,138.0,1142.04,239.0
VINTAGE CARAVAN GREETING CARD ,127.82,4.260666666666666,70.21,79,59.65,139.0,1533.84,277.0
VINTAGE CHRISTMAS BUNTING,459.17,15.305666666666667,343.7,386,214.28,600.0,5510.04,525.0
VINTAGE CHRISTMAS CAKE FRILL,410.83,13.694333333333333,444.46,499,191.72,691.0,4929.96,496.0
VINTAGE CHRISTMAS GIFT BAG LARGE ,356.2,11.873333333333333,332.04,373,166.23,539.0,4274.4,462.0
VINTAGE CHRISTMAS GIFT SACK,227.5,7.583333333333333,140.74,158,106.17,264.0,2730.0,369.0
VINTAGE CHRISTMAS PAPER GIFT BAG,312.6,10.42,270.95,304,145.88,450.0,3751.2000000000003,433.0
VINTAGE CHRISTMAS STOCKING ,366.5,12.216666666666667,312.3,351,171.03,522.0,4398.0,469.0
VINTAGE CHRISTMAS TABLECLOTH,65.5,2.183333333333333,44.9,50,30.57,81.0,786.0,198.0
VINTAGE COFFEE GRINDER BOX,51.5,1.7166666666666666,4.95,6,24.03,30.0,618.0,176.0
VINTAGE CREAM 3 BASKET CAKE STAND,29.69,0.9896666666666667,21.12,24,13.86,38.0,356.28000000000003,133.0
VINTAGE CREAM CAT FOOD CONTAINER,54.15,1.805,27.15,31,25.27,56.0,649.8,180.0
VINTAGE CREAM DOG FOOD CONTAINER,63.54,2.118,26.62,30,29.65,60.0,762.48,195.0
VINTAGE DOILY DELUXE SEWING KIT ,181.5,6.05,130.53,147,84.7,232.0,2178.0,330.0
VINTAGE DOILY JUMBO BAG RED ,1482.33,49.410999999999994,786.43,884,691.75,1576.0,17787.96,943.0
VINTAGE DOILY TRAVEL SEWING KIT,880.5,29.35,668.46,751,410.9,1162.0,10566.0,727.0
VINTAGE DONKEY TAIL GAME ,250.0,8.333333333333334,113.5,128,116.67,245.0,3000.0,387.0
VINTAGE EMBOSSED HEART,100.44,3.348,50.13,56,46.87,103.0,1205.28,245.0
VINTAGE ENAMEL & CRYSTAL EARRINGS,4.33,0.14433333333333334,4.04,5,2.02,7.0,51.96,51.0
VINTAGE ENAMEL & CRYSTAL NECKLACE,2.5,0.08333333333333333,2.12,2,1.17,3.0,30.0,39.0
VINTAGE ENGRAVED HEART,30.0,1.0,8.49,10,14.0,24.0,360.0,134.0
VINTAGE GLASS COFFEE CADDY,9.25,0.30833333333333335,16.74,19,4.32,23.0,111.0,74.0
VINTAGE GLASS T-LIGHT HOLDER,266.25,8.875,133.98,151,124.25,275.0,3195.0,400.0
VINTAGE GLASS TEA CADDY,1.5,0.05,0.71,1,0.7,2.0,18.0,30.0
VINTAGE HEADS AND TAILS CARD GAME ,549.46,18.315333333333335,319.75,359,256.41,615.0,6593.52,574.0
VINTAGE JINGLE BELLS HEART,75.33,2.511,51.01,57,35.15,92.0,903.96,213.0
VINTAGE JINGLE BELLS WREATH,24.67,0.8223333333333334,22.74,26,11.51,38.0,296.04,122.0
VINTAGE KEEPSAKE BOX PARIS DAYS,6.6,0.22,10.85,12,3.08,15.0,79.19999999999999,63.0
VINTAGE KEEPSAKE BOX PINK FLOWER,2.0,0.06666666666666667,0.0,0,0.93,1.0,24.0,35.0
VINTAGE KEEPSAKE BOX TRAVELOGUE,2.5,0.08333333333333333,0.93,1,1.17,2.0,30.0,39.0
VINTAGE KID DOLLY CARD ,184.08,6.136,66.77,75,85.9,161.0,2208.96,332.0
VINTAGE KITCHEN PRINT FRUITS,7.22,0.24066666666666667,4.18,5,3.37,8.0,86.64,66.0
VINTAGE KITCHEN PRINT PUDDINGS,10.75,0.35833333333333334,5.5,6,5.02,11.0,129.0,80.0
VINTAGE KITCHEN PRINT SEAFOOD,8.75,0.2916666666666667,8.92,10,4.08,14.0,105.0,72.0
VINTAGE KITCHEN PRINT VEGETABLES,8.12,0.27066666666666667,4.91,6,3.79,10.0,97.44,70.0
VINTAGE LEAF CHOPPING BOARD  ,36.0,1.2,38.13,43,16.8,60.0,432.0,147.0
VINTAGE LEAF MAGNETIC NOTEPAD,266.0,8.866666666666667,129.6,146,124.13,270.0,3192.0,399.0
VINTAGE NOTEBOOK BEAUTY GIRL,1.5,0.05,0.71,1,0.7,2.0,18.0,30.0
VINTAGE NOTEBOOK PARIS DAYS,12.14,0.4046666666666667,17.23,19,5.67,25.0,145.68,85.0
VINTAGE NOTEBOOK TRAVELOGUE,6.25,0.20833333333333334,4.99,6,2.92,9.0,75.0,61.0
VINTAGE PAISLEY STATIONERY SET,96.92,3.2306666666666666,100.36,113,45.23,158.0,1163.04,241.0
VINTAGE PHOTO ALBUM PARIS DAYS,8.0,0.26666666666666666,,0,3.73,4.0,96.0,69.0
VINTAGE PINK DECORATIVE PARASOL,30.0,1.0,8.49,10,14.0,24.0,360.0,134.0
VINTAGE POST OFFICE CABINET,11.0,0.36666666666666664,,0,5.13,5.0,132.0,81.0
VINTAGE RED ENAMEL TRIM JUG ,83.14,2.771333333333333,49.02,55,38.8,94.0,997.6800000000001,223.0
VINTAGE RED ENAMEL TRIM MUG ,233.43,7.781000000000001,91.81,103,108.93,212.0,2801.16,374.0
VINTAGE RED ENAMEL TRIM PLATE,112.86,3.762,69.28,78,52.67,131.0,1354.32,260.0
VINTAGE RED KITCHEN CABINET,5.45,0.18166666666666667,4.13,5,2.54,8.0,65.4,57.0
VINTAGE RED MUG,52.92,1.764,129.82,146,24.7,171.0,635.04,178.0
VINTAGE RED TEATIME MUG,20.3,0.6766666666666666,19.64,22,9.47,31.0,243.60000000000002,110.0
VINTAGE RED TRIM ENAMEL BOWL ,154.14,5.138,68.74,77,71.93,149.0,1849.6799999999998,304.0
VINTAGE ROSE BEAD BRACELET BLACK,3.0,0.1,2.71,3,1.4,4.0,36.0,42.0
VINTAGE ROSE BEAD BRACELET RASPBERR,4.25,0.14166666666666666,2.71,3,1.98,5.0,51.0,50.0
VINTAGE SEASIDE JIGSAW PUZZLES,23.46,0.782,18.62,21,10.95,32.0,281.52,119.0
VINTAGE SHELLS PRINT,4.0,0.13333333333333333,3.38,4,1.87,6.0,48.0,49.0
VINTAGE SNAKES & LADDERS,121.15,4.038333333333333,75.09,84,56.54,141.0,1453.8000000000002,270.0
VINTAGE SNAP CARDS,1025.85,34.195,620.23,697,478.73,1176.0,12310.199999999999,785.0
VINTAGE UNION JACK APRON,23.62,0.7873333333333333,15.75,18,11.02,29.0,283.44,119.0
VINTAGE UNION JACK BUNTING,211.67,7.055666666666666,151.97,171,98.78,270.0,2540.04,356.0
VINTAGE UNION JACK CUSHION COVER,28.0,0.9333333333333333,29.32,33,13.07,46.0,336.0,130.0
VINTAGE UNION JACK DOORSTOP,15.69,0.523,10.39,12,7.32,19.0,188.28,97.0
VINTAGE UNION JACK MEMOBOARD,250.38,8.346,370.73,417,116.84,534.0,3004.56,388.0
VINTAGE UNION JACK PENNANT,61.83,2.061,89.36,100,28.85,129.0,741.96,193.0
VINTAGE UNION JACK SHOPPING BAG,24.33,0.8109999999999999,22.65,25,11.35,36.0,291.96,121.0
VINTAGE WOODEN BAR STOOL,2.0,0.06666666666666667,1.0,1,0.93,2.0,24.0,35.0
VINTAGE ZINC PLANTER  ,7.67,0.25566666666666665,3.79,4,3.58,8.0,92.03999999999999,68.0
VINTAGE ZINC WATERING CAN,4.0,0.13333333333333333,3.61,4,1.87,6.0,48.0,49.0
VINTAGE ZINC WATERING CAN SMALL,5.33,0.17766666666666667,5.13,6,2.49,8.0,63.96,57.0
VINYL RECORD FRAME SILVER,103.0,3.433333333333333,72.62,82,48.07,130.0,1236.0,249.0
VIP HOLIDAY PURSE,1.33,0.044333333333333336,0.52,1,0.62,2.0,15.96,28.0
VIP PASSPORT COVER ,7.0,0.23333333333333334,6.6,7,3.27,10.0,84.0,65.0
VIPPASSPORT COVER ,18.29,0.6096666666666667,17.89,20,8.54,29.0,219.48,105.0
WAKE UP COCKEREL CALENDAR SIGN ,6.55,0.21833333333333332,4.5,5,3.06,8.0,78.6,63.0
WAKE UP COCKEREL TILE COASTER,54.27,1.8090000000000002,68.59,77,25.33,102.0,651.24,180.0
WAKE UP COCKEREL TILE HOOK,6.57,0.219,5.8,7,3.07,10.0,78.84,63.0
"WALL ART , LOVES' SECRET ",8.0,0.26666666666666666,,0,3.73,4.0,96.0,69.0
"WALL ART , THE MAGIC FOREST ",2.0,0.06666666666666667,,0,0.93,1.0,24.0,35.0
"WALL ART ,PUDDINGS ",8.0,0.26666666666666666,,0,3.73,4.0,96.0,69.0
WALL ART 70'S ALPHABET ,111.33,3.711,50.14,56,51.95,108.0,1335.96,258.0
WALL ART ANIMALS AND NATURE ,49.67,1.6556666666666666,43.15,48,23.18,71.0,596.04,173.0
WALL ART BICYCLE SAFETY,216.33,7.211,51.33,58,100.95,159.0,2595.96,360.0
WALL ART BICYCLE SAFTEY ,21.0,0.7,,0,9.8,10.0,252.0,112.0
WALL ART BIG LOVE ,321.0,10.7,180.67,203,149.8,353.0,3852.0,439.0
WALL ART BUFFALO BILL ,107.33,3.5776666666666666,134.25,151,50.09,201.0,1287.96,254.0
WALL ART CAT AND BIRD ,39.33,1.311,40.1,45,18.35,63.0,471.96,154.0
WALL ART CLASSIC PUDDINGS ,410.5,13.683333333333334,164.76,185,191.57,377.0,4926.0,496.0
WALL ART DOG AND BALL ,29.67,0.9890000000000001,23.86,27,13.85,41.0,356.04,133.0
WALL ART DOG LICENCE ,158.0,5.266666666666667,63.79,72,73.73,146.0,1896.0,308.0
WALL ART DOLLY GIRL ,103.67,3.4556666666666667,84.62,95,48.38,143.0,1244.04,249.0
WALL ART GARDEN HAVEN ,70.0,2.3333333333333335,93.62,105,32.67,138.0,840.0,205.0
WALL ART HORSE & PONY ,69.67,2.3223333333333334,76.51,86,32.51,119.0,836.04,204.0
WALL ART I LOVE LONDON ,28.67,0.9556666666666668,24.01,27,13.38,40.0,344.04,131.0
WALL ART KEEP CALM ,319.67,10.655666666666667,350.82,394,149.18,543.0,3836.04,438.0
WALL ART LOVES' SECRET ,76.33,2.5443333333333333,97.79,110,35.62,146.0,915.96,214.0
WALL ART MID CENTURY MODERN ,54.67,1.8223333333333334,79.2,89,25.51,115.0,656.04,181.0
WALL ART ONLY ONE PERSON ,345.67,11.522333333333334,138.59,156,161.31,317.0,4148.04,455.0
WALL ART SPACEBOY,52.0,1.7333333333333334,54.69,61,24.27,85.0,624.0,177.0
WALL ART STOP FOR TEA ,229.67,7.655666666666666,163.54,184,107.18,291.0,2756.04,371.0
WALL ART THE MAGIC FOREST ,48.0,1.6,77.97,88,22.4,110.0,576.0,170.0
WALL ART TREASURE AHOY ,29.0,0.9666666666666667,13.75,15,13.53,29.0,348.0,132.0
WALL ART VILLAGE SHOW ,75.67,2.5223333333333335,50.52,57,35.31,92.0,908.04,213.0
WALL ART VINTAGE HEART,109.0,3.6333333333333333,169.98,191,50.87,242.0,1308.0,256.0
WALL ART WORK REST AND PLAY  ,68.33,2.2776666666666667,87.32,98,31.89,130.0,819.96,202.0
"WALL ART,ONLY ONE PERSON ",6.0,0.2,,0,2.8,3.0,72.0,60.0
WALL MIRROR RECTANGLE DIAMANTE PINK,10.17,0.339,27.11,30,4.75,35.0,122.03999999999999,78.0
WALL TIDY RETROSPOT ,129.62,4.320666666666667,202.05,227,60.49,287.0,1555.44,279.0
WASH BAG VINTAGE ROSE PAISLEY,19.46,0.6486666666666667,18.15,20,9.08,29.0,233.52,108.0
WASHROOM METAL SIGN,224.77,7.492333333333334,157.72,177,104.89,282.0,2697.2400000000002,367.0
WATERING CAN BLUE ELEPHANT,152.38,5.0793333333333335,118.06,133,71.11,204.0,1828.56,302.0
WATERING CAN GARDEN MARKER,107.5,3.5833333333333335,168.56,189,50.17,239.0,1290.0,254.0
WATERING CAN GREEN DINOSAUR,103.15,3.4383333333333335,96.0,108,48.14,156.0,1237.8000000000002,249.0
WATERING CAN PINK BUNNY,126.77,4.225666666666666,97.82,110,59.16,169.0,1521.24,276.0
WAY OUT METAL SIGN ,12.0,0.4,16.46,18,5.6,24.0,144.0,85.0
WEEKEND BAG VINTAGE ROSE PAISLEY,69.0,2.3,,0,32.2,32.0,828.0,203.0
WELCOME  WOODEN BLOCK LETTERS,38.85,1.2950000000000002,20.64,23,18.13,41.0,466.20000000000005,153.0
WHEELBARROW FOR CHILDREN ,8.62,0.28733333333333333,7.46,8,4.02,12.0,103.44,72.0
WHITE  ROSEBUD PEARL BRACELET,9.33,0.311,8.74,10,4.35,14.0,111.96000000000001,75.0
WHITE 3 FRAME BIRDS AND TREE ,6.67,0.22233333333333333,8.96,10,3.11,13.0,80.03999999999999,63.0
WHITE ALLIUM  ARTIFICIAL FLOWER,15.0,0.5,,0,7.0,7.0,180.0,95.0
WHITE AND BLUE CERAMIC OIL BURNER,16.75,0.5583333333333333,13.92,16,7.82,24.0,201.0,100.0
WHITE ANEMONE ARTIFICIAL FLOWER,2.0,0.06666666666666667,,0,0.93,1.0,24.0,35.0
WHITE BAMBOO RIBS LAMPSHADE,75.17,2.505666666666667,56.05,63,35.08,98.0,902.04,212.0
WHITE BAROQUE WALL CLOCK ,5.0,0.16666666666666666,7.48,8,2.33,10.0,60.0,55.0
WHITE BEADED GARLAND STRING 20LIGHT,3.0,0.1,,0,1.4,1.0,36.0,42.0
WHITE BELL HONEYCOMB PAPER ,92.5,3.0833333333333335,121.32,136,43.17,179.0,1110.0,236.0
WHITE BELL HONEYCOMB PAPER GARLAND ,55.0,1.8333333333333333,44.69,50,25.67,76.0,660.0,182.0
WHITE BROCANTE SOAP DISH,52.62,1.754,46.06,52,24.56,77.0,631.4399999999999,178.0
WHITE CANDYSTUFT ARTIFICIAL FLOWER,26.91,0.897,22.76,26,12.56,39.0,322.92,127.0
WHITE CHRISTMAS FLOCK DROPLET ,24.0,0.8,,0,11.2,11.0,288.0,120.0
WHITE CHRISTMAS GARLAND STARS TREES,35.6,1.1866666666666668,44.46,50,16.61,67.0,427.20000000000005,146.0
WHITE CHRISTMAS STAR DECORATION,83.0,2.7666666666666666,87.16,98,38.73,137.0,996.0,223.0
WHITE CHRISTMAS TREE 60CM,2.0,0.06666666666666667,,0,0.93,1.0,24.0,35.0
WHITE CHRYSANTHEMUMS ART FLOWER,12.67,0.42233333333333334,5.03,6,5.91,12.0,152.04,87.0
WHITE ENAMEL FLOWER HAIR TIE,3.5,0.11666666666666667,3.54,4,1.63,6.0,42.0,46.0
WHITE FRANGIPANI HAIR CLIP,10.0,0.3333333333333333,,0,4.67,5.0,120.0,77.0
WHITE FRANGIPANI NECKLACE,3.75,0.125,2.63,3,1.75,5.0,45.0,47.0
WHITE GLASS CHUNKY CHARM BRACELET,1.8,0.060000000000000005,1.79,2,0.84,3.0,21.6,33.0
WHITE GOOSE FEATHER CHRISTMAS TREE ,29.78,0.9926666666666667,25.59,29,13.9,43.0,357.36,134.0
WHITE GOOSE FEATHER TREE 60CM ,36.57,1.219,43.72,49,17.07,66.0,438.84000000000003,148.0
WHITE HAND TOWEL WITH BUTTERFLY,34.0,1.1333333333333333,33.37,37,15.87,53.0,408.0,143.0
WHITE HANGING BEADS CANDLE HOLDER,21.73,0.7243333333333334,8.63,10,10.14,20.0,260.76,114.0
WHITE HANGING HEART T-LIGHT HOLDER,2825.0,94.16666666666667,1395.22,1568,1318.33,2886.0,33900.0,1302.0
WHITE HEART CONFETTI IN TUBE,80.33,2.6776666666666666,106.37,120,37.49,157.0,963.96,220.0
WHITE HEART OF GLASS BRACELET,1.5,0.05,0.71,1,0.7,2.0,18.0,30.0
WHITE HEARTS WIRE PLANT POT HOLDER,40.5,1.35,25.16,28,18.9,47.0,486.0,156.0
WHITE HONEYCOMB PAPER GARLAND ,13.75,0.4583333333333333,9.32,10,6.42,16.0,165.0,91.0
WHITE HYDRANGEA ART FLOWER,7.33,0.24433333333333335,4.16,5,3.42,8.0,87.96000000000001,66.0
WHITE JEWELLED HEART DECORATION,152.77,5.092333333333333,106.01,119,71.29,190.0,1833.2400000000002,303.0
WHITE LOVEBIRD LANTERN,52.92,1.764,27.76,31,24.7,56.0,635.04,178.0
WHITE METAL LANTERN,132.58,4.419333333333333,69.98,79,61.87,141.0,1590.96,282.0
WHITE MOROCCAN METAL LANTERN,24.0,0.8,15.56,17,11.2,28.0,288.0,120.0
WHITE MURANO TWIST BRACELET,1.0,0.03333333333333333,0.0,0,0.47,0.0,12.0,24.0
WHITE ROCKING HORSE HAND PAINTED,400.43,13.347666666666667,306.93,345,186.87,532.0,4805.16,490.0
WHITE ROSEBUD  PEARL EARRINGS,1.0,0.03333333333333333,,0,0.47,0.0,12.0,24.0
WHITE ROSEBUD & PEARL NECKLACE,2.0,0.06666666666666667,,0,0.93,1.0,24.0,35.0
WHITE SAGE INCENSE,105.0,3.5,67.01,75,49.0,124.0,1260.0,251.0
WHITE SKULL HOT WATER BOTTLE ,207.85,6.928333333333333,267.16,300,97.0,397.0,2494.2,353.0
WHITE SOAP RACK WITH 2 BOTTLES,12.38,0.4126666666666667,12.34,14,5.78,20.0,148.56,86.0
WHITE SPOT BLUE CERAMIC DRAWER KNOB,307.23,10.241000000000001,161.03,181,143.37,324.0,3686.76,429.0
WHITE SPOT RED CERAMIC DRAWER KNOB,351.08,11.702666666666666,178.83,201,163.84,365.0,4212.96,459.0
WHITE SQUARE TABLE CLOCK,15.67,0.5223333333333333,23.45,26,7.31,33.0,188.04,97.0
WHITE STITCHED CUSHION COVER,5.11,0.17033333333333334,2.37,3,2.38,5.0,61.32000000000001,55.0
WHITE STITCHED WALL CLOCK,104.62,3.4873333333333334,122.9,138,48.82,187.0,1255.44,251.0
WHITE STONE/CRYSTAL EARRINGS,1.0,0.03333333333333333,,0,0.47,0.0,12.0,24.0
WHITE TALL PORCELAIN T-LIGHT HOLDER,56.08,1.8693333333333333,79.32,89,26.17,115.0,672.96,183.0
"WHITE TEA,COFFEE,SUGAR JARS",51.83,1.7276666666666667,20.95,24,24.19,48.0,621.96,176.0
WHITE TISSUE REAM,9.5,0.31666666666666665,4.95,6,4.43,10.0,114.0,75.0
WHITE TRAVEL ALARM CLOCK,14.89,0.49633333333333335,16.27,18,6.95,25.0,178.68,95.0
WHITE VINT ART DECO CRYSTAL NECKLAC,1.83,0.061000000000000006,0.75,1,0.85,2.0,21.96,33.0
WHITE VINTAGE CRYSTAL BRACELET,2.67,0.089,1.53,2,1.25,3.0,32.04,40.0
WHITE VINTAGE CRYSTAL EARRINGS,3.5,0.11666666666666667,2.12,2,1.63,4.0,42.0,46.0
WHITE WICKER STAR ,203.71,6.790333333333334,180.78,203,95.06,298.0,2444.52,350.0
WHITE WIRE EGG HOLDER,23.31,0.7769999999999999,27.12,30,10.88,41.0,279.71999999999997,118.0
WHITE WIRE PLANT POT HOLDER,16.0,0.5333333333333333,,0,7.47,7.0,192.0,98.0
WHITE WITH BLACK CATS PLATE,78.0,2.6,,0,36.4,36.0,936.0,216.0
WHITE WITH METAL BAG CHARM,3.0,0.1,,0,1.4,1.0,36.0,42.0
WHITE WOOD GARDEN PLANT LADDER,55.69,1.8563333333333332,29.67,33,25.99,59.0,668.28,183.0
WHITE/PINK CHICK DECORATION,35.57,1.1856666666666666,34.75,39,16.6,56.0,426.84000000000003,146.0
WHITE/PINK CHICK EASTER DECORATION,7.0,0.23333333333333334,6.44,7,3.27,10.0,84.0,65.0
WHITE/PINK MINI CRYSTALS NECKLACE,4.0,0.13333333333333333,,0,1.87,2.0,48.0,49.0
WICKER STAR ,124.0,4.133333333333334,161.37,181,57.87,239.0,1488.0,273.0
WICKER WREATH LARGE,53.38,1.7793333333333334,54.83,62,24.91,87.0,640.5600000000001,179.0
WICKER WREATH SMALL,57.92,1.9306666666666668,69.41,78,27.03,105.0,695.04,186.0
WINE BOTTLE DRESSING DARK BLUE,14.33,0.4776666666666667,16.44,18,6.69,25.0,171.96,93.0
WINE BOTTLE DRESSING LT.BLUE,7.0,0.23333333333333334,1.41,2,3.27,5.0,84.0,65.0
WIRE EGG BASKET ,36.67,1.2223333333333335,36.47,41,17.11,58.0,440.04,148.0
WISE MAN STAR SHAPE EGG PAN,8.0,0.26666666666666666,11.27,13,3.73,17.0,96.0,69.0
WOOD 2 DRAWER CABINET WHITE FINISH,195.08,6.502666666666667,77.86,87,91.04,178.0,2340.96,342.0
WOOD AND GLASS MEDICINE CABINET,1.11,0.037000000000000005,0.33,0,0.52,1.0,13.32,26.0
WOOD BLACK BOARD ANT WHITE FINISH,455.46,15.181999999999999,284.29,319,212.55,532.0,5465.5199999999995,523.0
WOOD S/3 CABINET ANT WHITE FINISH,137.0,4.566666666666666,57.93,65,63.93,129.0,1644.0,287.0
WOOD STAMP SET BEST WISHES,76.17,2.539,90.85,102,35.55,138.0,914.04,214.0
WOOD STAMP SET FLOWERS,60.23,2.0076666666666667,51.41,58,28.11,86.0,722.76,190.0
WOOD STAMP SET HAPPY BIRTHDAY,63.46,2.1153333333333335,44.76,50,29.61,80.0,761.52,195.0
WOOD STAMP SET THANK YOU,99.15,3.305,95.66,107,46.27,153.0,1189.8000000000002,244.0
WOOD STOCKING CHRISTMAS SCANDISPOT,155.71,5.190333333333333,115.32,130,72.66,203.0,1868.52,306.0
WOODEN ADVENT CALENDAR CREAM,37.0,1.2333333333333334,40.76,46,17.27,63.0,444.0,149.0
WOODEN ADVENT CALENDAR RED,76.57,2.552333333333333,122.99,138,35.73,174.0,918.8399999999999,214.0
WOODEN BOX ADVENT CALENDAR ,3.33,0.111,2.08,2,1.55,4.0,39.96,45.0
WOODEN BOX OF DOMINOES,444.46,14.815333333333333,325.02,365,207.41,572.0,5333.5199999999995,516.0
WOODEN CROQUET GARDEN SET,54.54,1.818,29.11,33,25.45,58.0,654.48,181.0
WOODEN FRAME ANTIQUE WHITE ,483.23,16.107666666666667,258.17,290,225.51,516.0,5798.76,538.0
WOODEN HAPPY BIRTHDAY GARLAND,161.0,5.366666666666666,113.93,128,75.13,203.0,1932.0,311.0
WOODEN HEART CHRISTMAS SCANDINAVIAN,752.62,25.087333333333333,1404.27,1578,351.22,1929.0,9031.44,672.0
WOODEN OWLS LIGHT GARLAND ,118.08,3.936,122.5,138,55.1,193.0,1416.96,266.0
WOODEN PICTURE FRAME WHITE FINISH,636.62,21.220666666666666,260.07,292,297.09,589.0,7639.4400000000005,618.0
WOODEN REGATTA BUNTING,17.62,0.5873333333333334,11.84,13,8.22,21.0,211.44,103.0
WOODEN ROUNDERS GARDEN SET ,97.62,3.254,94.08,106,45.56,152.0,1171.44,242.0
WOODEN SCHOOL COLOURING SET,438.08,14.602666666666666,291.78,328,204.44,532.0,5256.96,513.0
WOODEN SKITTLES GARDEN SET,23.46,0.782,17.69,20,10.95,31.0,281.52,119.0
WOODEN STAR CHRISTMAS SCANDINAVIAN,1375.71,45.857,1775.66,1995,642.0,2637.0,16508.52,909.0
WOODEN TREE CHRISTMAS SCANDINAVIAN,801.33,26.711000000000002,949.61,1067,373.95,1441.0,9615.960000000001,693.0
WOODEN UNION JACK BUNTING,133.38,4.446,190.11,214,62.24,276.0,1600.56,283.0
WOODLAND  HEIGHT CHART STICKERS ,51.69,1.7229999999999999,42.72,48,24.12,72.0,620.28,176.0
WOODLAND  STICKERS,61.85,2.0616666666666665,56.54,64,28.86,93.0,742.2,193.0
WOODLAND BUNNIES LOLLY MAKERS,141.5,4.716666666666667,80.72,91,66.03,157.0,1698.0,291.0
WOODLAND CHARLOTTE BAG,710.54,23.684666666666665,295.84,332,331.59,664.0,8526.48,653.0
WOODLAND DESIGN  COTTON TOTE BAG,48.83,1.6276666666666666,39.3,44,22.79,67.0,585.96,171.0
WOODLAND LARGE BLUE FELT HEART,42.5,1.4166666666666667,26.16,29,19.83,49.0,510.0,160.0
WOODLAND LARGE PINK FELT HEART,92.67,3.089,99.61,112,43.25,155.0,1112.04,236.0
WOODLAND LARGE RED FELT HEART,99.0,3.3,89.1,100,46.2,146.0,1188.0,244.0
WOODLAND MINI BACKPACK,197.0,6.566666666666666,140.84,158,91.93,250.0,2364.0,344.0
WOODLAND MINI RUCKSACK ,5.0,0.16666666666666666,,0,2.33,2.0,60.0,55.0
WOODLAND PARTY BAG + STICKER SET,136.0,4.533333333333333,95.72,108,63.47,171.0,1632.0,286.0
WOODLAND SMALL BLUE FELT HEART,99.0,3.3,92.77,104,46.2,150.0,1188.0,244.0
WOODLAND SMALL PINK FELT HEART,93.33,3.1109999999999998,108.19,122,43.55,166.0,1119.96,237.0
WOODLAND SMALL RED FELT HEART,222.0,7.4,135.92,153,103.6,257.0,2664.0,365.0
WOODLAND STORAGE BOX LARGE ,25.22,0.8406666666666667,23.6,27,11.77,39.0,302.64,123.0
WOODLAND STORAGE BOX SMALL,21.3,0.7100000000000001,23.68,27,9.94,37.0,255.60000000000002,113.0
WORLD WAR 2 GLIDERS ASSTD DESIGNS,4185.77,139.5256666666667,2574.54,2893,1953.36,4846.0,50229.240000000005,1585.0
WOVEN BERRIES CUSHION COVER ,2.14,0.07133333333333333,0.9,1,1.0,2.0,25.68,36.0
WOVEN BUBBLE GUM CUSHION COVER,2.8,0.09333333333333332,2.17,2,1.31,3.0,33.599999999999994,41.0
WOVEN CANDY CUSHION COVER ,2.8,0.09333333333333332,1.79,2,1.31,3.0,33.599999999999994,41.0
WOVEN FROST CUSHION COVER,2.2,0.07333333333333333,1.1,1,1.03,2.0,26.400000000000002,36.0
WOVEN ROSE GARDEN CUSHION COVER ,3.8,0.12666666666666665,1.48,2,1.77,4.0,45.599999999999994,48.0
WOVEN SUNSET CUSHION COVER ,4.0,0.13333333333333333,2.0,2,1.87,4.0,48.0,49.0
WRAP  PINK FLOCK,25.0,0.8333333333333334,,0,11.67,12.0,300.0,122.0
WRAP  VINTAGE DOILEY ,100.0,3.3333333333333335,,0,46.67,47.0,1200.0,245.0
WRAP  VINTAGE DOILY ,490.0,16.333333333333332,243.41,274,228.67,503.0,5880.0,542.0
WRAP 50'S  CHRISTMAS,760.5,25.35,594.58,668,354.9,1023.0,9126.0,675.0
WRAP A PRETTY THANK YOU,50.0,1.6666666666666667,,0,23.33,23.0,600.0,173.0
WRAP ALPHABET DESIGN,662.5,22.083333333333332,330.55,371,309.17,680.0,7950.0,630.0
WRAP ALPHABET POSTER  ,308.33,10.277666666666667,171.51,193,143.89,337.0,3699.96,430.0
WRAP BAD HAIR DAY,77.78,2.5926666666666667,57.89,65,36.3,101.0,933.36,216.0
WRAP BILLBOARD FONTS DESIGN,180.0,6.0,91.13,102,84.0,186.0,2160.0,329.0
WRAP BIRD GARDEN ,216.67,7.222333333333333,111.43,125,101.11,226.0,2600.04,361.0
WRAP BLUE RUSSIAN FOLKART,25.0,0.8333333333333334,,0,11.67,12.0,300.0,122.0
WRAP CAROUSEL,46.88,1.5626666666666666,24.78,28,21.88,50.0,562.5600000000001,168.0
WRAP CHRISTMAS SCREEN PRINT,256.25,8.541666666666666,186.39,209,119.58,329.0,3075.0,392.0
WRAP CHRISTMAS VILLAGE,812.67,27.089,657.42,739,379.25,1118.0,9752.039999999999,698.0
WRAP CIRCUS PARADE,219.38,7.312666666666667,118.63,133,102.38,235.0,2632.56,363.0
WRAP COWBOYS  ,157.69,5.256333333333333,119.63,134,73.59,208.0,1892.28,308.0
WRAP DAISY CARPET ,60.0,2.0,32.4,36,28.0,64.0,720.0,190.0
WRAP DOILEY DESIGN,584.38,19.479333333333333,227.54,256,272.71,529.0,7012.5599999999995,592.0
WRAP DOLLY GIRL,213.46,7.115333333333334,94.99,107,99.61,207.0,2561.52,358.0
WRAP ENGLISH ROSE ,555.85,18.528333333333332,306.18,344,259.4,603.0,6670.200000000001,578.0
WRAP FLOWER SHOP  ,262.5,8.75,132.99,149,122.5,272.0,3150.0,397.0
WRAP FOLK ART,50.0,1.6666666666666667,35.36,40,23.33,63.0,600.0,173.0
WRAP GINGHAM ROSE ,325.14,10.838,112.77,127,151.73,279.0,3901.68,442.0
WRAP GREEN PEARS ,146.15,4.871666666666667,78.29,88,68.2,156.0,1753.8000000000002,296.0
WRAP GREEN RUSSIAN FOLKART ,50.0,1.6666666666666667,,0,23.33,23.0,600.0,173.0
WRAP I LOVE LONDON ,340.38,11.346,246.34,277,158.84,436.0,4084.56,452.0
WRAP KEEP CALM BIRTHDAY,562.5,18.75,371.23,417,262.5,680.0,6750.0,581.0
WRAP MAGIC FOREST ,179.17,5.972333333333333,101.76,114,83.61,198.0,2150.04,328.0
WRAP MONSTER FUN ,96.15,3.205,61.95,70,44.87,115.0,1153.8000000000002,240.0
WRAP PAISLEY PARK ,545.83,18.194333333333336,228.81,257,254.72,512.0,6549.960000000001,572.0
WRAP PINK FAIRY CAKES ,446.15,14.871666666666666,250.38,281,208.2,489.0,5353.799999999999,517.0
WRAP POPPIES  DESIGN,431.25,14.375,283.27,318,201.25,519.0,5175.0,509.0
WRAP RED APPLES ,405.77,13.525666666666666,191.26,215,189.36,404.0,4869.24,493.0
WRAP RED DOILEY,187.5,6.25,88.39,99,87.5,186.0,2250.0,335.0
WRAP RED VINTAGE DOILY,420.0,14.0,179.76,202,196.0,398.0,5040.0,502.0
WRAP SUKI AND FRIENDS,313.46,10.448666666666666,196.48,221,146.28,367.0,3761.5199999999995,434.0
WRAP SUMMER ROSE DESIGN,25.0,0.8333333333333334,0.0,0,11.67,12.0,300.0,122.0
WRAP VINTAGE LEAF DESIGN,760.86,25.362000000000002,432.61,486,355.07,841.0,9130.32,676.0
WRAP VINTAGE PETALS  DESIGN,471.43,15.714333333333334,259.18,291,220.0,511.0,5657.16,532.0
WRAP WEDDING DAY,120.45,4.015,81.25,91,56.21,147.0,1445.4,269.0
"WRAP, BILLBOARD FONTS DESIGN",325.0,10.833333333333334,512.84,576,151.67,728.0,3900.0,442.0
"WRAP, CAROUSEL",33.33,1.111,14.43,16,15.55,32.0,399.96,141.0
YELLOW BREAKFAST CUP AND SAUCER,7.0,0.23333333333333334,9.2,10,3.27,13.0,84.0,65.0
YELLOW COAT RACK PARIS FASHION,22.5,0.75,21.51,24,10.5,34.0,270.0,116.0
YELLOW DRAGONFLY HELICOPTER,7.5,0.25,9.19,10,3.5,14.0,90.0,67.0
YELLOW EASTER EGG HUNT START POST,18.75,0.625,12.34,14,8.75,23.0,225.0,106.0
YELLOW FELT HANGING HEART W FLOWER,6.67,0.22233333333333333,5.03,6,3.11,9.0,80.03999999999999,63.0
YELLOW FLOWERS FELT HANDBAG KIT,11.25,0.375,7.37,8,5.25,13.0,135.0,82.0
YELLOW GIANT GARDEN THERMOMETER,19.31,0.6436666666666666,20.12,23,9.01,32.0,231.71999999999997,108.0
YELLOW METAL CHICKEN HEART ,135.2,4.506666666666666,98.35,111,63.09,174.0,1622.3999999999999,285.0
YELLOW PINK FLOWER DESIGN BIG BOWL,14.0,0.4666666666666667,16.97,19,6.53,26.0,168.0,92.0
YELLOW POT PLANT CANDLE,3.83,0.12766666666666668,4.26,5,1.79,7.0,45.96,48.0
YELLOW SHARK HELICOPTER,4.64,0.15466666666666665,4.39,5,2.17,7.0,55.67999999999999,53.0
YELLOW/BLUE RETRO RADIO,2.67,0.089,2.16,2,1.25,3.0,32.04,40.0
YELLOW/ORANGE FLOWER DESIGN PLATE,68.0,2.2666666666666666,,0,31.73,32.0,816.0,202.0
YELLOW/PINK FLOWER DESIGN BIG MUG,3.67,0.12233333333333334,2.6,3,1.71,5.0,44.04,47.0
YOU'RE CONFUSING ME METAL SIGN ,329.31,10.977,188.17,211,153.68,365.0,3951.7200000000003,445.0
YULETIDE IMAGES GIFT WRAP SET,90.0,3.0,91.25,103,42.0,145.0,1080.0,232.0
YULETIDE IMAGES S/6 PAPER BOXES,6.0,0.2,7.07,8,2.8,11.0,72.0,60.0
ZINC  HEART T-LIGHT HOLDER,118.57,3.9523333333333333,76.35,86,55.33,141.0,1422.84,267.0
ZINC  STAR T-LIGHT HOLDER ,148.25,4.941666666666666,123.4,139,69.18,208.0,1779.0,298.0
ZINC BOX SIGN HOME,46.33,1.5443333333333333,8.74,10,21.62,32.0,555.96,167.0
ZINC FINISH 15CM PLANTER POTS,95.5,3.183333333333333,66.96,75,44.57,120.0,1146.0,239.0
ZINC FOLKART SLEIGH BELLS,663.86,22.128666666666668,659.9,742,309.8,1052.0,7966.32,631.0
ZINC HEART FLOWER T-LIGHT HOLDER,95.0,3.1666666666666665,68.91,77,44.33,121.0,1140.0,239.0
ZINC HEART LATTICE 2 WALL PLANTER,3.8,0.12666666666666665,2.28,3,1.77,5.0,45.599999999999994,48.0
ZINC HEART LATTICE CHARGER LARGE,5.11,0.17033333333333334,4.59,5,2.38,7.0,61.32000000000001,55.0
ZINC HEART LATTICE CHARGER SMALL,2.62,0.08733333333333333,1.19,1,1.22,2.0,31.44,40.0
ZINC HEART LATTICE T-LIGHT HOLDER,49.77,1.659,43.13,48,23.23,71.0,597.24,173.0
ZINC HEART LATTICE TRAY OVAL ,2.25,0.075,1.26,1,1.05,2.0,27.0,37.0
ZINC HEARTS PLANT POT HOLDER,34.38,1.1460000000000001,12.49,14,16.04,30.0,412.56000000000006,144.0
ZINC HERB GARDEN CONTAINER,78.0,2.6,58.2,65,36.4,101.0,936.0,216.0
ZINC METAL HEART DECORATION,442.85,14.761666666666667,209.57,236,206.66,443.0,5314.200000000001,515.0
ZINC PLANT POT HOLDER,8.0,0.26666666666666666,,0,3.73,4.0,96.0,69.0
ZINC STAR T-LIGHT HOLDER ,8.0,0.26666666666666666,,0,3.73,4.0,96.0,69.0
ZINC SWEETHEART SOAP DISH,8.57,0.2856666666666667,8.06,9,4.0,13.0,102.84,72.0
ZINC SWEETHEART WIRE LETTER RACK,27.56,0.9186666666666666,13.85,16,12.86,29.0,330.71999999999997,129.0
ZINC T-LIGHT HOLDER STAR LARGE,225.56,7.518666666666666,134.49,151,105.26,256.0,2706.7200000000003,368.0
ZINC T-LIGHT HOLDER STARS LARGE,12.0,0.4,0.0,0,5.6,6.0,144.0,85.0
ZINC T-LIGHT HOLDER STARS SMALL,543.78,18.125999999999998,343.36,386,253.76,640.0,6525.36,571.0
ZINC TOP  2 DOOR WOODEN SHELF ,1.67,0.05566666666666666,1.63,2,0.78,3.0,20.04,32.0
ZINC WILLIE WINKIE  CANDLE STICK,200.54,6.684666666666667,165.83,186,93.59,280.0,2406.48,347.0
ZINC WIRE KITCHEN ORGANISER,5.0,0.16666666666666666,6.2,7,2.33,9.0,60.0,55.0
ZINC WIRE SWEETHEART LETTER TRAY,8.89,0.29633333333333334,8.4,9,4.15,13.0,106.68,73.0
