StockCode,Description,Total_revenue,Total_Quantity,Num_Transactions,First_Sale_Date,Last_Sale_Date,Days_activity,Sales_velocity,Movment_category,CumulativeRevenue,TotalRevenuePct,CumulativePct,ABC_Class,stokeout_risk,SalesStdDev,Seasonality_score,Trend
10002,INFLATABLE POLITICAL GLOBE ,699.55,823,49,2010-12-01,2011-04-18,139,5.92,fast_moving,699.55,7.850050267433029e-05,7.850050267433029e-05,A,meduim_risk,129.45,high,stable
10080,GROOVY CACTUS INFLATABLE,114.41,291,21,2011-02-27,2011-11-21,268,1.09,medium_moving,813.9599999999999,1.2838599829847943e-05,9.133910250417823e-05,A,meduim_risk,32.41,medium,stable
10120,DOGGY RUBBER,40.53,193,29,2010-12-03,2011-12-04,367,0.53,slow_moving,854.4899999999999,4.548102885269969e-06,9.588720538944819e-05,A,meduim_risk,15.52,low,stable
10125,MINI FUNKY DESIGN TAPES,930.3,1226,61,2010-12-01,2011-12-09,374,3.28,medium_moving,1784.79,0.00010439427866189616,0.00020028148405134438,A,low_risk,61.05,medium,stable
10133,COLOURING PENCILS BROWN TUBE,1143.6100000000001,2384,122,2010-12-01,2011-09-07,281,8.48,fast_moving,2928.4,0.00012833101259865752,0.0003286124966500019,A,meduim_risk,269.87,high,stable
10135,COLOURING PENCILS BROWN TUBE,1786.69,1938,117,2010-12-02,2011-12-07,371,5.22,fast_moving,4715.09,0.0002004946939077967,0.0005291071905577986,A,meduim_risk,269.87,high,stable
11001,ASSTD DESIGN RACING CAR PEN,1953.0,1252,62,2010-12-05,2011-12-05,366,3.42,medium_moving,6668.09,0.00021915728929021092,0.0007482644798480095,A,High_risk,124.89,high,stable
15030,FAN BLACK FRAME ,41.47,143,12,2011-03-24,2011-12-06,258,0.55,slow_moving,6709.56,4.653585656356911e-06,0.0007529180655043665,A,High_risk,29.5,medium,stable
15034,PAPER POCKET TRAVELING FAN ,697.0600000000001,6419,91,2010-12-05,2011-11-28,359,17.88,fast_moving,7406.620000000001,7.822108554666382e-05,0.0008311391510510304,A,High_risk,596.06,high,stable
15036,ASSORTED COLOURS SILK FAN,16044.44,21876,324,2010-12-02,2011-12-02,366,59.77,fast_moving,23451.06,0.0018004382890831705,0.0026315774401342007,A,meduim_risk,1305.53,high,stable
15039,SANDALWOOD FAN,1133.15,1559,70,2010-12-05,2011-12-08,369,4.22,fast_moving,24584.210000000003,0.00012715723623103048,0.0027587346763652313,A,High_risk,180.4,high,stable
16008,SMALL FOLDING SCISSOR(POINTED EDGE),360.71,2892,70,2010-12-09,2011-12-09,366,7.9,fast_moving,24944.920000000002,4.047733016890526e-05,0.0027992120065341367,A,High_risk,270.34,high,stable
16010,FOLDING CAMPING SCISSOR W/KNIF & S,3.5999999999999996,30,3,2010-12-05,2011-03-28,114,0.26,slow_moving,24948.52,4.0397657012020445e-07,0.0027996159831042565,A,low_risk,3.46,low,stable
16011,ANIMAL STICKERS,372.33,1773,46,2010-12-05,2011-12-07,368,4.82,fast_moving,25320.850000000002,4.178127676468215e-05,0.002841397259868939,A,meduim_risk,90.34,medium,stable
16012,FOOD/DRINK SPONGE STICKERS,261.24,1244,35,2010-12-02,2011-12-05,369,3.37,medium_moving,25582.090000000004,2.9315233105056172e-05,0.0028707124929739955,A,meduim_risk,109.0,high,stable
16014,SMALL CHINESE STYLE SCISSOR,4335.76,13328,54,2010-12-01,2011-12-09,374,35.64,fast_moving,29917.850000000006,0.0004865404037956605,0.003357252896769656,A,High_risk,1185.14,high,stable
16015,MEDIUM CHINESE STYLE SCISSOR,289.98,662,24,2010-12-09,2011-11-17,344,1.92,medium_moving,30207.830000000005,3.254031272318247e-05,0.0033897932094928383,A,High_risk,87.27,medium,stable
16016,LARGE CHINESE STYLE SCISSOR,1053.45,1273,65,2010-12-01,2011-12-09,374,3.4,medium_moving,31261.280000000006,0.00011821364383142483,0.0035080068533242634,A,meduim_risk,77.0,medium,stable
16033,MINI HIGHLIGHTER PENS,100.79999999999998,840,4,2010-12-12,2011-02-17,68,12.35,fast_moving,31362.080000000005,1.1311343963365723e-05,0.003519318197287629,A,low_risk,183.3,high,
16043,POP ART PUSH DOWN RUBBER ,11.759999999999998,98,2,2011-06-07,2011-06-09,3,32.67,fast_moving,31373.840000000004,1.319656795726001e-06,0.003520637854083355,A,,,,stable
16045,POPART WOODEN PENCILS ASST,380.0,8900,68,2010-12-22,2011-12-05,349,25.5,fast_moving,31753.840000000004,4.2641971290466026e-05,0.003563279825373821,A,meduim_risk,706.12,high,stable
16046,TEATIME PEN CASE & PENS,56.949999999999996,67,13,2010-12-02,2011-11-28,362,0.19,slow_moving,31810.790000000005,6.39068490787379e-06,0.0035696705102816946,A,High_risk,9.37,low,stable
16048,TEATIME ROUND PENCIL SHARPENER ,186.84,1437,47,2010-12-16,2011-11-25,345,4.17,fast_moving,31997.630000000005,2.096638398923861e-05,0.0035906368942709333,A,low_risk,82.49,medium,stable
16049,TEATIME GEL PENS ASST,82.08,504,5,2011-04-26,2011-05-25,30,16.8,fast_moving,32079.710000000006,9.210665798740662e-06,0.003599847560069674,A,High_risk,305.47,high,stable
16052,TEATIME PUSH DOWN RUBBER,105.28999999999999,467,6,2011-01-26,2011-06-09,135,3.46,medium_moving,32185.000000000007,1.1815192518876757e-05,0.0036116627525885512,A,High_risk,207.62,high,stable
16054,POPART RECT PENCIL SHARPENER ASST,140.52,1166,33,2010-12-10,2011-12-04,360,3.24,medium_moving,32325.520000000008,1.5768552120358647e-05,0.0036274313047089096,A,meduim_risk,118.03,high,stable
16216,LETTER SHAPE PENCIL SHARPENER,227.14,3316,41,2010-12-12,2011-12-07,361,9.19,fast_moving,32552.660000000007,2.5488677260306455e-05,0.003652919981969216,A,High_risk,490.91,high,stable
16218,CARTOON  PENCIL SHARPENERS,253.2,3760,50,2010-12-12,2011-12-06,360,10.44,fast_moving,32805.86000000001,2.8413018765121046e-05,0.0036813330007343372,A,High_risk,358.36,high,stable
16219,HOUSE SHAPE PENCIL SHARPENER,309.9,2915,47,2010-12-16,2011-12-01,351,8.3,fast_moving,33115.76000000001,3.4775649744514266e-05,0.003716108650478852,A,High_risk,251.61,high,stable
16225,RATTLE SNAKE EGGS,599.34,762,75,2010-12-12,2011-12-08,362,2.1,medium_moving,33715.100000000006,6.72553659821787e-05,0.00378336401646103,A,High_risk,78.68,medium,stable
16235,RECYCLED PENCIL WITH RABBIT ERASER,525.75,2665,80,2010-12-02,2011-12-07,371,7.18,fast_moving,34240.850000000006,5.899741159463819e-05,0.003842361428055668,A,meduim_risk,185.22,high,stable
16236,KITTY PENCIL ERASERS,266.56,1296,73,2010-12-10,2011-12-08,364,3.56,medium_moving,34507.41,2.9912220703122696e-05,0.0038722736487587905,A,meduim_risk,73.94,medium,stable
16237,SLEEPING CAT ERASERS,886.08,4598,162,2010-12-01,2011-12-08,373,12.33,fast_moving,35393.490000000005,9.9432099792253e-05,0.003971705748551044,A,low_risk,199.64,high,stable
16238,PARTY TIME PENCIL ERASERS,265.51,1261,78,2010-12-01,2011-12-08,373,3.38,medium_moving,35659.00000000001,2.97943942035043e-05,0.0040015001427545485,A,low_risk,57.27,medium,stable
16254,TRANSPARENT ACRYLIC TAPE DISPENSER,27.91,31,9,2011-06-15,2011-11-30,169,0.18,slow_moving,35686.91000000001,3.1319405755708074e-06,0.00400463208333012,A,meduim_risk,6.7,low,stable
16259,PIECE OF CAMO STATIONERY SET,326.56,3380,31,2011-03-17,2011-11-13,242,13.97,fast_moving,36013.47000000001,3.664516353845944e-05,0.004041277246868579,A,High_risk,423.95,high,stable
17001,HEAVENS SCENT FRAGRANCE OILS ASSTD,20.88,72,1,2011-02-28,2011-02-28,1,72.0,fast_moving,36034.350000000006,2.3430641066971857e-06,0.004043620310975275,A,,,,
17003,BROCADE RING PURSE ,5980.05,22963,206,2010-12-01,2011-12-08,373,61.56,fast_moving,42014.40000000001,0.0006710555800409246,0.004714675891016201,A,low_risk,1062.4,high,stable
17021,NAMASTE SWAGAT INCENSE,643.14,2427,47,2010-12-01,2011-12-05,370,6.56,fast_moving,42657.54000000001,7.217041425197453e-05,0.004786846305268175,A,High_risk,211.1,high,stable
17038,PORCELAIN BUDAH INCENSE HOLDER,138.1,1501,19,2010-12-07,2011-11-24,353,4.25,fast_moving,42795.64000000001,1.5496990092666733e-05,0.004802343295360841,A,low_risk,78.83,medium,stable
17096,ASSORTED LAQUERED INCENSE HOLDERS,443.76000000000005,2516,13,2010-12-12,2011-07-19,220,11.44,fast_moving,43239.40000000001,4.979684521015054e-05,0.004852140140570993,A,High_risk,610.52,high,stable
17174,ASSTD RASTA KEY-CHAINS,3.7800000000000002,9,3,2011-01-16,2011-11-24,313,0.03,slow_moving,43243.18000000001,4.241753986262147e-07,0.004852564315969619,A,High_risk,4.95,low,stable
18007,ESSENTIAL BALM 3.5g TIN IN ENVELOPE,383.76,5856,17,2010-12-06,2011-07-19,226,25.91,fast_moving,43626.94000000001,4.30639023748138e-05,0.004895628218344433,A,High_risk,1306.56,high,stable
20615,BLUE POLKADOT PASSPORT COVER,233.34,231,35,2010-12-02,2011-12-08,372,0.62,slow_moving,43860.280000000006,2.6184414686624587e-05,0.004921812633031057,A,High_risk,22.46,medium,stable
20616,CHERRY BLOSSOM PASSPORT COVER,122.78,134,25,2010-12-01,2011-12-08,373,0.36,slow_moving,43983.060000000005,1.3777845355377418e-05,0.004935590478386434,A,High_risk,14.75,low,stable
20617,FIRST CLASS PASSPORT COVER ,137.74,66,26,2010-12-14,2011-11-28,350,0.19,slow_moving,44120.8,1.5456592435654712e-05,0.004951047070822089,A,low_risk,3.95,low,stable
20618,QUEEN OF THE SKIES PASSPORT COVER ,137.88000000000002,68,28,2010-12-08,2011-12-06,364,0.19,slow_moving,44258.68,1.5472302635603833e-05,0.004966519373457692,A,meduim_risk,4.96,low,stable
20619,TROPICAL PASSPORT COVER ,206.23000000000002,142,22,2010-12-16,2011-11-28,348,0.41,slow_moving,44464.91,2.3142246682191604e-05,0.004989661620139884,A,High_risk,14.92,low,stable
20622,VIP PASSPORT COVER ,73.5,35,11,2011-07-03,2011-11-28,149,0.23,slow_moving,44538.41,8.247854973287508e-06,0.004997909475113171,A,meduim_risk,6.6,low,stable
20622,VIPPASSPORT COVER ,166.68,128,21,2010-12-14,2011-06-22,191,0.67,slow_moving,44705.090000000004,1.8704115196565468e-05,0.005016613590309737,A,High_risk,17.89,low,stable
20652,BLUE POLKADOT LUGGAGE TAG ,194.76,150,33,2010-12-03,2011-12-08,371,0.4,slow_moving,44899.850000000006,2.185513244350306e-05,0.00503846872275324,A,High_risk,12.38,low,stable
20653,CHERRY BLOSSOM LUGGAGE TAG,43.67,33,6,2011-03-10,2011-12-05,271,0.12,slow_moving,44943.520000000004,4.900460226985925e-06,0.005043369182980226,A,meduim_risk,5.5,low,stable
20654,FIRST CLASS LUGGAGE TAG ,126.69,105,23,2010-12-10,2011-12-04,360,0.29,slow_moving,45070.21000000001,1.4216608796813528e-05,0.00505758579177704,A,meduim_risk,5.88,low,stable
20655,QUEEN OF SKIES LUGGAGE TAG,109.11,89,34,2010-12-05,2011-12-04,365,0.24,slow_moving,45179.32000000001,1.2243856546059864e-05,0.0050698296483231,A,meduim_risk,5.38,low,stable
20657,TROPICAL LUGGAGE TAG,76.39,61,22,2010-12-03,2011-11-07,340,0.18,slow_moving,45255.71000000001,8.572158386522895e-06,0.0050784018067096225,A,meduim_risk,5.61,low,stable
20658,RED RETROSPOT LUGGAGE TAG,410.0,328,59,2010-12-03,2011-09-26,298,1.1,medium_moving,45665.71000000001,4.60084427081344e-05,0.005124410249417757,A,low_risk,21.46,medium,stable
20659,ECONOMY LUGGAGE TAG,140.81,95,29,2010-12-05,2011-12-06,367,0.26,slow_moving,45806.520000000004,1.5801094677396108e-05,0.005140211344095153,A,meduim_risk,5.3,low,stable
20661,BLUE POLKADOT PURSE ,35.07,9,5,2010-12-03,2011-10-31,333,0.03,slow_moving,45841.590000000004,3.935405087254325e-06,0.005144146749182407,A,meduim_risk,2.65,low,stable
20662,FIRST CLASS HOLIDAY PURSE ,40.97,11,5,2011-01-12,2011-10-24,286,0.04,slow_moving,45882.560000000005,4.597477799395771e-06,0.005148744226981803,A,meduim_risk,3.06,low,stable
20663,QUEEN OF THE SKIES HOLIDAY PURSE ,11.690000000000001,3,3,2010-12-12,2011-10-17,310,0.01,slow_moving,45894.25000000001,1.3118016957514419e-06,0.005150056028677554,A,low_risk,0.0,low,stable
20664,TROPICAL HOLIDAY PURSE ,17.700000000000003,6,3,2010-12-12,2010-12-21,10,0.6,slow_moving,45911.950000000004,1.986218136424339e-06,0.005152042246813979,A,,,,
20665,RED RETROSPOT PURSE ,998.2000000000002,340,73,2010-12-02,2011-10-21,324,1.05,medium_moving,46910.15,0.00011201372563721893,0.005264055972451197,A,low_risk,11.16,low,stable
20666,ECONOMY HOLIDAY PURSE,11.8,4,4,2010-12-12,2011-04-10,120,0.03,slow_moving,46921.950000000004,1.3241454242828925e-06,0.00526538011787548,A,low_risk,0.58,low,stable
20667,CHERRY BLOSSOM PURSE,2.95,1,1,2011-05-31,2011-05-31,1,1.0,medium_moving,46924.9,3.310363560707231e-07,0.005265711154231551,A,,,,stable
20668,DISCO BALL CHRISTMAS DECORATION,1408.56,12714,181,2010-12-01,2011-12-09,374,33.99,fast_moving,48333.46,0.00015806256600236533,0.005423773720233916,A,High_risk,1281.37,high,stable
20669,RED HEART LUGGAGE TAG,243.75,195,42,2010-12-01,2011-11-27,362,0.54,slow_moving,48577.21,2.735258026855551e-05,0.005451126300502472,A,low_risk,12.13,low,stable
20670,VIP HOLIDAY PURSE,29.28,8,6,2010-12-12,2011-11-15,339,0.02,slow_moving,48606.49,3.28567610364433e-06,0.005454411976606116,A,low_risk,0.52,low,stable
20671,BLUE TEATIME PRINT BOWL ,12.5,10,2,2010-12-05,2010-12-09,5,2.0,medium_moving,48618.99,1.4026964240284877e-06,0.0054558146730301444,A,,,,
20674,GREEN POLKADOT BOWL,1649.06,1373,149,2010-12-02,2011-12-08,372,3.69,medium_moving,50268.049999999996,0.00018505044520067344,0.005640865118230818,A,low_risk,55.29,medium,stable
20675,BLUE POLKADOT BOWL,3179.9,2729,223,2010-12-02,2011-12-08,372,7.34,fast_moving,53447.95,0.00035683474870145505,0.005997699866932273,A,low_risk,117.73,high,stable
20676,RED RETROSPOT BOWL,5046.9800000000005,4363,298,2010-12-02,2011-12-08,372,11.73,fast_moving,58494.93,0.0005663504638514638,0.006564050330783736,A,low_risk,157.8,high,stable
20677,PINK POLKADOT BOWL,3642.5800000000004,3159,220,2010-12-02,2011-12-08,372,8.49,fast_moving,62137.51,0.00040875471521901514,0.006972805046002752,A,low_risk,102.31,high,stable
20678,LARGE BLACK DIAMANTE HAIRSLIDE,6.6,4,1,2011-09-23,2011-09-23,1,4.0,fast_moving,62144.11,7.406237118870415e-07,0.006973545669714639,A,,,,stable
20679,EDWARDIAN PARASOL RED,9055.87,1630,270,2010-12-01,2011-12-08,373,4.37,fast_moving,71199.98,0.001016210917237349,0.007989756586951988,A,low_risk,68.18,medium,stable
20681,PINK POLKADOT CHILDRENS UMBRELLA,406.25,125,33,2010-12-02,2011-03-10,99,1.26,medium_moving,71606.23,4.558763378092585e-05,0.008035344220732913,A,low_risk,19.07,low,stable
20682,RED RETROSPOT CHILDRENS UMBRELLA,3629.66,1140,182,2010-12-01,2011-12-07,372,3.06,medium_moving,75235.89,0.0004073048881951392,0.008442649108928052,A,low_risk,45.93,medium,stable
20684,STRAWBERRY DREAM CHILDS UMBRELLA,253.5,78,32,2010-12-05,2011-07-22,230,0.34,slow_moving,75489.39,2.844668347929773e-05,0.008471095792407351,A,meduim_risk,7.89,low,stable
20685,DOORMAT RED RETROSPOT,25397.85,3901,576,2010-12-01,2011-12-09,374,10.43,fast_moving,100887.23999999999,0.002850037869840954,0.011321133662248304,A,low_risk,194.33,high,stable
20686,DOLLY MIXTURE CHILDREN'S UMBRELLA,832.13,255,64,2010-12-05,2011-12-08,369,0.69,slow_moving,101719.37,9.337806202614605e-05,0.01141451172427445,A,meduim_risk,17.56,low,stable
20694,FLORAL PINK MONSTER,135.0,36,10,2011-02-07,2011-10-31,267,0.13,slow_moving,101854.37,1.5149121379507668e-05,0.011429660845653958,A,meduim_risk,4.65,low,stable
20695,FLORAL BLUE MONSTER,21.25,5,4,2010-12-08,2011-11-17,345,0.01,slow_moving,101875.62,2.384583920848429e-06,0.011432045429574806,A,low_risk,0.5,low,stable
20696,FLORAL SOFT CAR TOY,120.0,32,10,2010-12-17,2011-11-04,323,0.1,slow_moving,101995.62,1.3465885670673483e-05,0.01144551131524548,A,meduim_risk,4.59,low,stable
20697,LITTLE GREEN MONSTER SOFT TOY,48.449999999999996,19,9,2010-12-03,2011-11-23,356,0.05,slow_moving,102044.06999999999,5.436851339534418e-06,0.011450948166585014,A,low_risk,1.83,low,stable
20698,LITTLE PINK MONSTER SOFT TOY,40.8,16,7,2011-01-11,2011-11-23,317,0.05,slow_moving,102084.87,4.578401128028984e-06,0.011455526567713044,A,low_risk,1.15,low,stable
20699,MOUSEY LONG LEGS SOFT TOY,73.94999999999999,29,11,2010-12-03,2011-12-05,368,0.08,slow_moving,102158.81999999999,8.298352044552532e-06,0.011463824919757596,A,meduim_risk,2.62,low,stable
20700,GREEN CAT FLORAL CUSHION COVER ,37.5,10,4,2010-12-21,2011-06-20,182,0.05,slow_moving,102196.31999999999,4.2080892720854635e-06,0.01146803300902968,A,low_risk,2.08,low,stable
20701,PINK CAT FLORAL CUSHION COVER ,22.5,6,3,2010-12-23,2011-06-20,180,0.03,slow_moving,102218.81999999999,2.524853563251278e-06,0.011470557862592932,A,meduim_risk,2.83,low,stable
20702,PINK PADDED MOBILE,544.0,128,40,2010-12-05,2011-10-26,326,0.39,slow_moving,102762.81999999999,6.104534837371979e-05,0.011531603210966652,A,low_risk,6.89,low,stable
20703,BLUE PADDED SOFT MOBILE,4.25,1,1,2011-04-14,2011-04-14,1,1.0,medium_moving,102767.06999999999,4.769167841696858e-07,0.011532080127750822,A,,,,stable
20704,MR ROBOT SOFT TOY,626.45,211,39,2010-12-13,2011-12-09,362,0.58,slow_moving,103393.51999999999,7.029753398661169e-05,0.011602377661737433,A,High_risk,25.26,medium,stable
20705,MRS ROBOT SOFT TOY,428.85,143,28,2010-12-14,2011-12-06,358,0.4,slow_moving,103822.37,4.812370891556936e-05,0.011650501370653004,A,High_risk,18.57,low,stable
20707,CRAZY DAISY HEART DECORATION,195.52,155,31,2010-12-01,2011-12-05,370,0.42,slow_moving,104017.89,2.1940416386083995e-05,0.011672441787039087,A,meduim_risk,9.43,low,stable
20711,JUMBO BAG TOYS ,7689.28,4198,245,2010-12-01,2011-11-28,363,11.56,fast_moving,111707.17,0.0008628580447483016,0.012535299831787389,A,meduim_risk,252.73,high,stable
20712,JUMBO BAG WOODLAND ANIMALS,15511.6,8187,492,2010-12-01,2011-12-08,373,21.95,fast_moving,127218.77,0.0017406452680768232,0.014275945099864212,A,low_risk,346.82,high,stable
20713,JUMBO BAG OWLS,19076.92,10466,411,2010-12-01,2011-12-09,374,27.98,fast_moving,146295.69,0.0021407301972382027,0.016416675297102414,A,low_risk,439.46,high,stable
20716,PARTY FOOD SHOPPER BAG,373.5,314,34,2010-12-08,2011-06-29,204,1.54,medium_moving,146669.19,4.191256914997121e-05,0.016458587866252386,A,meduim_risk,36.78,medium,stable
20717,STRAWBERRY SHOPPER BAG,2455.88,2036,231,2010-12-01,2011-12-08,373,5.46,fast_moving,149125.07,0.0002755883275074466,0.016734176193759834,A,low_risk,81.37,medium,stable
20718,RED RETROSPOT SHOPPER BAG,5115.31,4264,384,2010-12-02,2011-12-09,373,11.43,fast_moving,154240.38,0.0005740181635837732,0.01730819435734361,A,low_risk,122.55,high,stable
20719,WOODLAND CHARLOTTE BAG,7277.24,9237,531,2010-12-02,2011-12-08,372,24.83,fast_moving,161517.62,0.0008166206819837658,0.01812481503932737,A,low_risk,295.84,high,stable
20723,STRAWBERRY CHARLOTTE BAG,5520.95,6847,492,2010-12-01,2011-12-07,372,18.41,fast_moving,167038.57,0.0006195373457792063,0.01874435238510658,A,low_risk,263.23,high,stable
20724,RED RETROSPOT CHARLOTTE BAG,10125.85,12809,739,2010-12-02,2011-12-09,373,34.34,fast_moving,177164.42,0.001136279486819909,0.01988063187192649,A,low_risk,405.37,high,stable
20725,LUNCH BAG RED RETROSPOT,28048.45,17697,1288,2010-12-01,2011-12-09,374,47.32,fast_moving,205212.87000000002,0.003147476841163347,0.023028108713089836,A,low_risk,523.68,high,stable
20725,LUNCH BAG RED SPOTTY,290.0,200,1,2011-01-14,2011-01-14,1,200.0,fast_moving,205502.87000000002,3.254255703746092e-05,0.023060651270127297,A,,,,
20726,LUNCH BAG WOODLAND,14537.11,9115,820,2010-12-01,2011-12-08,373,24.44,fast_moving,220039.98000000004,0.0016312921770167015,0.024691943447144,A,low_risk,307.03,high,stable
20727,LUNCH BAG  BLACK SKULL.,18024.55,11291,1052,2010-12-01,2011-12-09,374,30.19,fast_moving,238064.53000000003,0.002022637746377814,0.026714581193521814,A,low_risk,371.29,high,stable
20728,LUNCH BAG CARS BLUE,17265.68,10820,966,2010-12-01,2011-12-07,372,29.09,fast_moving,255330.21000000002,0.0019374806075536145,0.028652061801075428,A,low_risk,407.63,high,stable
20731,POSY CANDY BAG,92.5,74,8,2010-12-06,2011-06-20,197,0.38,slow_moving,255422.71000000002,1.0379953537810809e-05,0.02866244175461324,A,High_risk,13.38,low,stable
20733,GOLD MINI TAPE MEASURE ,688.9,918,46,2010-12-02,2011-12-08,372,2.47,medium_moving,256111.61000000002,7.730540532105801e-05,0.028739747159934294,A,High_risk,172.01,high,stable
20735,BLACK MINI TAPE MEASURE ,121.3,158,30,2010-12-08,2011-12-06,364,0.43,slow_moving,256232.91,1.3611766098772445e-05,0.028753358926033066,A,High_risk,30.2,medium,stable
20748,KENSINGTON COFFEE SET,675.75,53,30,2010-12-05,2011-11-28,359,0.15,slow_moving,256908.66,7.582976868298004e-05,0.028829188694716047,A,meduim_risk,3.74,low,stable
20749,ASSORTED COLOUR MINI CASES,12123.41,1719,365,2010-12-01,2011-12-09,374,4.6,fast_moving,269032.07,0.0013604371083224967,0.030189625803038543,A,low_risk,71.12,medium,stable
20750,RED RETROSPOT MINI CASES,12216.8,1712,365,2010-12-01,2011-12-09,374,4.58,fast_moving,281248.87,0.0013709169338456983,0.03156054273688424,A,low_risk,49.23,medium,stable
20751,FUNKY WASHING UP GLOVES ASSORTED,1984.2600000000002,973,171,2010-12-02,2011-12-04,368,2.64,medium_moving,283233.13,0.0002226651525074214,0.031783207889391665,A,low_risk,36.41,medium,stable
20752,BLUE POLKADOT WASHING UP GLOVES,770.7,367,115,2010-12-02,2011-11-27,361,1.02,medium_moving,284003.83,8.648465071990044e-05,0.031869692540111565,A,low_risk,15.25,low,stable
20754,RETROSPOT RED WASHING UP GLOVES,2670.48,1356,239,2010-12-01,2011-11-20,355,3.82,medium_moving,286674.31,0.00029966981971516767,0.03216936235982673,A,low_risk,73.47,medium,stable
20755,BLUE PAISLEY POCKET BOOK,248.2,292,50,2010-12-01,2011-12-07,372,0.78,slow_moving,286922.51,2.785194019550965e-05,0.032197214300022245,A,meduim_risk,20.8,medium,stable
20756,GREEN FERN POCKET BOOK,53.55,63,22,2011-01-20,2011-11-22,307,0.21,slow_moving,286976.06,6.0091514805380414e-06,0.032203223451502776,A,meduim_risk,5.41,low,stable
20757,RED DAISY POCKET BOOK ,140.18,164,30,2010-12-02,2011-11-27,361,0.45,slow_moving,287116.24,1.5730398777625074e-05,0.0322189538502804,A,High_risk,18.65,low,stable
20758,ABSTRACT CIRCLES POCKET BOOK,136.85,161,41,2010-12-09,2011-12-07,364,0.44,slow_moving,287253.08999999997,1.5356720450263883e-05,0.032234310570730666,A,meduim_risk,8.66,low,stable
20759,CHRYSANTHEMUM POCKET BOOK ,54.4,64,20,2010-12-02,2011-12-07,371,0.17,slow_moving,287307.49,6.1045348373719786e-06,0.03224041510556804,A,High_risk,6.93,low,stable
20760,GARDEN PATH POCKET BOOK,58.65,69,21,2010-12-02,2011-11-24,358,0.19,slow_moving,287366.14,6.581451621541664e-06,0.032246996557189586,A,low_risk,5.13,low,stable
20761,BLUE PAISLEY SKETCHBOOK,419.92,110,52,2010-12-08,2011-12-07,365,0.3,slow_moving,287786.06,4.712162259024341e-05,0.03229411817977983,A,low_risk,4.29,low,stable
20762,GREEN FERN SKETCHBOOK ,382.46,101,51,2010-12-07,2011-12-06,365,0.28,slow_moving,288168.52,4.291802194671483e-05,0.032337036201726545,A,low_risk,4.36,low,stable
20763,DAISY SKETCHBOOK ,189.96,71,25,2010-12-08,2011-12-06,364,0.2,slow_moving,288358.48000000004,2.1316497016676124e-05,0.03235835269874322,A,High_risk,7.2,low,stable
20764,ABSTRACT CIRCLES SKETCHBOOK ,491.13,128,60,2010-12-05,2011-12-06,367,0.35,slow_moving,288849.61000000004,5.51125035786489e-05,0.03241346520232187,A,low_risk,4.72,low,stable
20765,CHRYSANTHEMUM SKETCHBOOK ,374.84,96,51,2010-12-01,2011-12-05,370,0.26,slow_moving,289224.45000000007,4.2062938206627064e-05,0.0324555281405285,A,low_risk,3.43,low,stable
20766,GARDEN PATH SKETCHBOOK,422.08,113,47,2010-12-02,2011-12-04,368,0.31,slow_moving,289646.5300000001,4.736400853231553e-05,0.03250289214906082,A,meduim_risk,7.22,low,stable
20767,BLUE PAISLEY JOURNAL ,541.9699999999999,217,58,2010-12-03,2011-12-06,369,0.59,slow_moving,290188.50000000006,6.081755047445755e-05,0.03256370969953527,A,meduim_risk,13.05,low,stable
20768,GREEN FERN JOURNAL ,320.26,131,36,2010-12-01,2011-12-06,371,0.35,slow_moving,290508.76000000007,3.593820454074908e-05,0.032599647904076025,A,High_risk,10.4,low,stable
20769,DAISY JOURNAL ,173.11999999999998,66,26,2010-12-06,2011-12-06,366,0.18,slow_moving,290681.88000000006,1.942678439422494e-05,0.032619074688470244,A,low_risk,4.56,low,stable
20770,ABSTRACT CIRCLE JOURNAL ,259.2,108,28,2010-12-05,2011-11-27,358,0.3,slow_moving,290941.0800000001,2.908631304865472e-05,0.032648161001518905,A,High_risk,11.19,low,stable
20771,CHRYSANTHEMUM  JOURNAL,183.45999999999998,71,27,2010-12-05,2011-12-06,367,0.19,slow_moving,291124.5400000001,2.0587094876181308e-05,0.032668748096395084,A,meduim_risk,6.44,low,stable
20772,GARDEN PATH JOURNAL,534.46,218,46,2010-12-01,2011-12-08,373,0.58,slow_moving,291659.0000000001,5.997481046290125e-05,0.032728722906857986,A,High_risk,28.8,medium,stable
20773,BLUE PAISLEY NOTEBOOK,92.39999999999999,56,23,2010-12-01,2011-09-12,286,0.2,slow_moving,291751.40000000014,1.036873196641858e-05,0.03273909163882441,A,meduim_risk,4.86,low,stable
20774,GREEN FERN NOTEBOOK,85.8,52,22,2010-12-01,2011-09-26,300,0.17,slow_moving,291837.2000000001,9.62810825453154e-06,0.03274871974707894,A,meduim_risk,4.06,low,stable
20775,DAISY NOTEBOOK ,105.6,64,20,2010-12-06,2011-11-30,360,0.18,slow_moving,291942.8000000001,1.1849979390192664e-05,0.03276056972646913,A,High_risk,6.2,low,stable
20777,CHRYSANTHEMUM NOTEBOOK,156.75,95,36,2010-12-01,2011-11-30,365,0.26,slow_moving,292099.5500000001,1.7589813157317235e-05,0.03277815953962645,A,High_risk,9.5,low,stable
20778,GARDEN PATH NOTEBOOK ,24.75,15,8,2010-12-09,2011-04-26,139,0.11,slow_moving,292124.3000000001,2.777338919576406e-06,0.032780936878546024,A,low_risk,1.26,low,stable
20780,BLACK EAR MUFF HEADPHONES,198.35000000000002,37,17,2010-12-01,2011-11-25,360,0.1,slow_moving,292322.6500000001,2.2257986856484047e-05,0.03280319486540251,A,High_risk,9.64,low,stable
20781,GOLD EAR MUFF HEADPHONES,161.52,32,20,2010-12-06,2011-12-07,367,0.09,slow_moving,292484.1700000001,1.8125082112726507e-05,0.032821319947515235,A,meduim_risk,2.94,low,stable
20782,CAMOUFLAGE EAR MUFF HEADPHONES,221.35999999999999,40,17,2010-12-07,2011-12-06,365,0.11,slow_moving,292705.5300000001,2.484007043383568e-05,0.03284616001794907,A,High_risk,5.25,low,stable
20785,FUSCHIA RETRO BAR STOOL,523.3000000000001,14,5,2011-01-05,2011-04-06,92,0.15,slow_moving,293228.8300000001,5.872248309552862e-05,0.0329048825010446,A,High_risk,5.0,low,stable
20793,BLUE TILED TRAY,54.0,8,4,2010-12-12,2011-09-08,271,0.03,slow_moving,293282.8300000001,6.059648551803067e-06,0.032910942149596396,A,High_risk,2.0,low,stable
20794,BLUE  TILE HOOK,213.14999999999998,85,15,2010-12-17,2011-12-05,354,0.24,slow_moving,293495.9800000001,2.391877942253377e-05,0.032934860929018935,A,meduim_risk,8.34,low,stable
20795,LARGE BLUE PROVENCAL CERAMIC BALL,92.4,44,8,2011-01-24,2011-12-02,313,0.14,slow_moving,293588.3800000001,1.0368731966418581e-05,0.032945229660985356,A,low_risk,3.93,low,stable
20796,SMALL BLUE PROVENCAL CERAMIC BALL,100.64999999999999,61,8,2011-03-01,2011-11-10,255,0.24,slow_moving,293689.03000000014,1.1294511606277383e-05,0.032956524172591636,A,meduim_risk,9.47,low,stable
20798,CLEAR MILKSHAKE GLASS,75.60000000000001,36,5,2010-12-02,2011-01-25,55,0.65,slow_moving,293764.6300000001,8.483507972524295e-06,0.03296500768056416,A,low_risk,11.31,low,
20801,LARGE PINK GLASS SUNDAE DISH,708.16,848,54,2010-12-13,2011-05-25,164,5.17,fast_moving,294472.7900000001,7.94666799712011e-05,0.033044474360535356,A,meduim_risk,111.56,high,stable
20802,SMALL GLASS SUNDAE DISH CLEAR,730.4399999999999,648,44,2010-12-06,2011-11-28,358,1.81,medium_moving,295203.2300000001,8.196684607738949e-05,0.03312644120661275,A,High_risk,65.11,medium,stable
20803,SMALL PINK GLASS SUNDAE DISH,386.25,917,31,2010-12-13,2011-05-01,140,6.55,fast_moving,295589.4800000001,4.3343319502480274e-05,0.03316978452611523,A,High_risk,200.87,high,stable
20816,GOLD FLOWER CUSHION COVER ,15.6,8,2,2011-04-28,2011-04-28,1,8.0,fast_moving,295605.0800000001,1.7505651371875527e-06,0.03317153509125241,A,,,,stable
20818,GOLD TEDDY BEAR,20.0,12,2,2011-01-28,2011-05-04,97,0.12,slow_moving,295625.0800000001,2.2443142784455806e-06,0.03317377940553086,A,meduim_risk,5.66,low,stable
20819,SILVER TEDDY BEAR,183.71,48,16,2010-12-06,2011-11-30,360,0.13,slow_moving,295808.7900000001,2.061514880466188e-05,0.033194394554335524,A,High_risk,7.41,low,stable
20820,SILVER LOOKING MIRROR,24.75,5,2,2010-12-01,2011-03-01,91,0.05,slow_moving,295833.5400000001,2.777338919576406e-06,0.0331971718932551,A,low_risk,0.71,low,
20821,GOLDIE LOOKING MIRROR,79.2,16,5,2011-04-05,2011-11-23,233,0.07,slow_moving,295912.7400000001,8.887484542644499e-06,0.03320605937779774,A,meduim_risk,2.59,low,stable
20823,GOLD WINE GOBLET,129.56,164,7,2011-04-19,2011-06-09,52,3.15,medium_moving,296042.3000000001,1.4538667895770469e-05,0.033220598045693515,A,meduim_risk,48.06,medium,stable
20826,SILVER APERITIF GLASS,128.4,276,8,2010-12-13,2011-05-18,157,1.76,medium_moving,296170.7000000001,1.4408497667620626e-05,0.03323500654336114,A,High_risk,73.4,medium,stable
20827,GOLD APERITIF GLASS,34.32,88,2,2011-04-19,2011-04-21,3,29.33,fast_moving,296205.02000000014,3.851243301812616e-06,0.033238857786662954,A,,,,stable
20828,GLITTER BUTTERFLY CLIPS,2494.2,1012,177,2010-12-02,2011-12-06,370,2.74,medium_moving,298699.22000000015,0.0002798884336649483,0.0335187462203279,A,low_risk,39.58,medium,stable
20829,GLITTER HANGING BUTTERFLY STRING,2530.4900000000002,1265,163,2010-12-03,2011-12-06,369,3.43,medium_moving,301229.71000000014,0.00028396074192318786,0.033802706962251086,A,High_risk,96.63,high,stable
20830,SILVER PHOTO FRAME,157.5,75,20,2010-12-12,2011-10-02,295,0.25,slow_moving,301387.21000000014,1.7673974942758945e-05,0.03382038093719385,A,low_risk,4.06,low,stable
20831,GOLD PHOTO FRAME,272.34000000000003,169,24,2010-12-12,2011-12-09,363,0.47,slow_moving,301659.55000000016,3.0560827529593474e-05,0.03385094176472344,A,High_risk,20.57,medium,stable
20832,RED FLOCK LOVE HEART PHOTO FRAME,527.04,1034,55,2010-12-02,2011-12-09,373,2.77,medium_moving,302186.59000000014,5.914216986559793e-05,0.03391008393458904,A,meduim_risk,89.48,medium,stable
20835,FRENCH LATTICE CUSHION COVER ,54.779999999999994,66,7,2011-05-03,2011-11-10,192,0.34,slow_moving,302241.37000000017,6.147176808662444e-06,0.0339162311113977,A,low_risk,21.24,medium,stable
20836,FRENCH PAISLEY CUSHION COVER,141.1,170,17,2011-05-03,2011-11-24,206,0.83,slow_moving,302382.47000000015,1.5833637234433568e-05,0.03393206474863213,A,low_risk,11.27,low,stable
20837,FRENCH FLORAL CUSHION COVER ,142.47,141,15,2011-02-17,2011-11-20,277,0.51,slow_moving,302524.9400000001,1.598737276250709e-05,0.03394805212139464,A,High_risk,66.14,medium,stable
20838,FRENCH LATTICE CUSHION COVER ,282.94,330,33,2011-05-03,2011-11-23,205,1.61,medium_moving,302807.8800000001,3.1750314097169626e-05,0.033979802435491806,A,low_risk,21.24,medium,stable
20839,FRENCH PAISLEY CUSHION COVER ,411.84,452,49,2010-12-07,2011-12-07,366,1.23,medium_moving,303219.72000000015,4.621491962175139e-05,0.03402601735511356,A,meduim_risk,34.77,medium,stable
20840,FRENCH FLORAL CUSHION COVER ,399.28,464,43,2011-04-27,2011-12-06,224,2.07,medium_moving,303619.0000000002,4.4805490254887565e-05,0.034070822845368456,A,High_risk,66.14,medium,stable
20845,ZINC HEART LATTICE 2 WALL PLANTER,120.64999999999999,19,11,2011-01-18,2011-08-16,211,0.09,slow_moving,303739.6500000002,1.3538825884722962e-05,0.03408436167125318,A,low_risk,2.28,low,stable
20846,ZINC HEART LATTICE T-LIGHT HOLDER,785.47,647,62,2010-12-13,2011-12-07,360,1.8,medium_moving,304525.12000000017,8.81420768145325e-05,0.034172503748067705,A,meduim_risk,43.13,medium,stable
20847,ZINC HEART LATTICE CHARGER LARGE,172.5,46,14,2010-12-13,2011-11-25,348,0.13,slow_moving,304697.62000000017,1.935721065159313e-05,0.0341918609587193,A,meduim_risk,4.59,low,stable
20848,ZINC HEART LATTICE CHARGER SMALL,61.95,21,8,2010-12-13,2011-11-06,329,0.06,slow_moving,304759.5700000002,6.951763477485185e-06,0.03419881272219679,A,low_risk,1.19,low,stable
20851,ZINC HEART LATTICE TRAY OVAL ,53.550000000000004,9,7,2011-01-30,2011-04-27,88,0.1,slow_moving,304813.12000000017,6.009151480538042e-06,0.03420482187367732,A,low_risk,1.26,low,stable
20854,BLUE PATCH PURSE PINK HEART,256.09999999999997,166,17,2010-12-03,2011-02-20,80,2.08,medium_moving,305069.22000000015,2.8738444335495652e-05,0.03423356031801282,A,meduim_risk,46.65,medium,
20856,DENIM PATCH PURSE PINK BUTTERFLY,231.0,140,27,2010-12-05,2011-08-09,248,0.56,slow_moving,305300.22000000015,2.5921829916046453e-05,0.034259482147928864,A,low_risk,8.43,low,stable
20857,BLUE ROSE PATCH PURSE PINK BUTTERFL,52.8,32,8,2010-12-07,2011-02-17,73,0.44,slow_moving,305353.02000000014,5.924989695096332e-06,0.03426540713762396,A,low_risk,4.51,low,
20861,GOLD COSMETIC BAG PINK STAR,4.2,2,2,2010-12-06,2010-12-10,5,0.4,slow_moving,305357.22000000015,4.713059984735719e-07,0.03426587844362244,A,,,,
20866,BLUE ROSE FABRIC MIRROR,488.59,409,37,2010-12-01,2011-12-06,371,1.1,medium_moving,305845.8100000002,5.48274756652863e-05,0.03432070591928772,A,High_risk,49.1,medium,stable
20867,PINK ROSE FABRIC MIRROR,231.47,187,25,2010-12-01,2011-12-06,371,0.5,slow_moving,306077.28000000014,2.5974571301589924e-05,0.03434668049058931,A,High_risk,20.86,medium,stable
20868,SILVER FABRIC MIRROR,159.26000000000002,381,31,2010-12-10,2011-12-08,364,1.05,medium_moving,306236.54000000015,1.7871474599262158e-05,0.034364551965188575,A,High_risk,89.06,medium,stable
20869,GOLD FABRIC MIRROR,54.21000000000001,139,17,2011-06-15,2011-12-08,177,0.79,slow_moving,306290.7500000002,6.083213851726747e-06,0.0343706351790403,A,High_risk,28.92,medium,stable
20878,SET/9 CHRISTMAS T-LIGHTS SCENTED ,31.25,25,7,2010-12-01,2010-12-05,5,5.0,fast_moving,306322.0000000002,3.5067410600712195e-06,0.034374141920100375,A,,,,
20886,BOX OF 9 PEBBLE CANDLES,853.35,453,77,2010-12-08,2011-11-06,334,1.36,medium_moving,307175.35000000015,9.57592794755768e-05,0.03446990119957595,A,meduim_risk,30.79,medium,stable
20892,SET/3 TALL GLASS CANDLE HOLDER PINK,12.75,1,1,2010-12-08,2010-12-08,1,1.0,medium_moving,307188.10000000015,1.4307503525090575e-06,0.034471331949928456,A,,,,
20893,HANGING BAUBLE T-LIGHT HOLDER SMALL,569.1,259,19,2010-12-02,2011-12-04,368,0.7,slow_moving,307757.2000000001,6.386196279316899e-05,0.034535193912721626,A,High_risk,45.05,medium,stable
20894,HANGING BAUBLE T-LIGHT HOLDER LARGE,73.75,25,9,2010-12-02,2011-11-17,351,0.07,slow_moving,307830.9500000001,8.275908901768077e-06,0.03454346982162339,A,meduim_risk,4.74,low,stable
20897,VINTAGE NOTEBOOK PARIS DAYS,230.35,85,8,2010-12-06,2011-08-05,243,0.35,slow_moving,308061.3000000001,2.5848889701996972e-05,0.03456931871132538,A,High_risk,17.23,low,stable
20898,VINTAGE NOTEBOOK TRAVELOGUE,73.75,25,4,2011-01-27,2011-10-23,270,0.09,slow_moving,308135.0500000001,8.275908901768077e-06,0.03457759462022715,A,meduim_risk,4.99,low,stable
20901,VINTAGE KEEPSAKE BOX PINK FLOWER,25.4,4,2,2011-06-12,2011-11-14,156,0.03,slow_moving,308160.4500000001,2.850279133625887e-06,0.03458044489936078,A,low_risk,0.0,low,stable
20902,VINTAGE KEEPSAKE BOX PARIS DAYS,190.35,33,6,2010-12-01,2011-08-03,246,0.13,slow_moving,308350.8000000001,2.136026114510581e-05,0.034601805160505886,A,High_risk,10.85,low,stable
20903,VINTAGE KEEPSAKE BOX TRAVELOGUE,127.0,20,10,2010-12-06,2011-10-23,322,0.06,slow_moving,308477.8000000001,1.4251395668129435e-05,0.034616056556174016,A,low_risk,0.93,low,stable
20906,VINTAGE NOTEBOOK BEAUTY GIRL,8.850000000000001,3,2,2010-12-08,2011-04-03,117,0.03,slow_moving,308486.6500000001,9.931090682121694e-07,0.034617049665242226,A,low_risk,0.71,low,stable
20910,VINTAGE PHOTO ALBUM PARIS DAYS,50.8,8,3,2010-12-03,2010-12-16,14,0.57,slow_moving,308537.45000000007,5.700558267251774e-06,0.034622750223509476,A,,,,
20914,SET/5 RED RETROSPOT LID GLASS BOWLS,16569.58,5882,763,2010-12-01,2011-12-08,373,15.77,fast_moving,325107.0300000001,0.0018593672490923162,0.03648211747260179,A,low_risk,195.6,high,stable
20914,SET/5 RED SPOTTY LID GLASS BOWLS,734.4,288,1,2011-01-14,2011-01-14,1,288.0,fast_moving,325841.4300000001,8.24112203045217e-05,0.036564528692906315,A,,,,
20931,BLUE POT PLANT CANDLE ,794.45,263,37,2010-12-14,2011-12-08,360,0.73,slow_moving,326635.8800000001,8.914977392555457e-05,0.036653678466831874,A,High_risk,27.77,medium,stable
20932,PINK POT PLANT CANDLE,516.25,189,22,2010-12-20,2011-12-08,354,0.53,slow_moving,327152.1300000001,5.7931362312376544e-05,0.03671160982914425,A,High_risk,23.7,medium,stable
20933,YELLOW POT PLANT CANDLE,71.05,23,9,2011-01-05,2011-12-08,338,0.07,slow_moving,327223.1800000001,7.972926474177925e-06,0.03671958275561842,A,High_risk,4.26,low,stable
20934,SET/3 POT PLANT CANDLES,294.3,54,20,2011-01-05,2011-11-04,304,0.18,slow_moving,327517.4800000001,3.3025084607326716e-05,0.03675260784022575,A,meduim_risk,3.6,low,stable
20935,ROUND CACTUS CANDLE,17.700000000000003,6,4,2011-09-23,2011-11-16,55,0.11,slow_moving,327535.1800000001,1.986218136424339e-06,0.03675459405836218,A,meduim_risk,2.83,low,stable
20936,FORKED CACTUS CANDLE,272.98,92,26,2010-12-05,2011-12-09,370,0.25,slow_moving,327808.1600000001,3.063264558650373e-05,0.03678522670394868,A,High_risk,10.5,low,stable
20941,FROG CANDLE,76.25,61,17,2010-12-19,2011-07-06,200,0.3,slow_moving,327884.4100000001,8.556448186573775e-06,0.03679378315213525,A,meduim_risk,6.21,low,stable
20956,PORCELAIN T-LIGHT HOLDERS ASSORTED,916.13,730,59,2010-12-03,2011-12-06,369,1.98,medium_moving,328800.5400000001,0.00010280418199561748,0.03689658733413087,A,High_risk,75.17,medium,stable
20961,STRAWBERRY BATH SPONGE ,1305.61,1029,127,2010-12-01,2011-12-08,373,2.76,medium_moving,330106.1500000001,0.0001465099582540667,0.03704309729238493,A,High_risk,79.0,medium,stable
20963,APPLE BATH SPONGE,1400.49,1102,122,2010-12-01,2011-12-08,373,2.95,medium_moving,331506.6400000001,0.00015715698519101255,0.03720025427757594,A,meduim_risk,88.12,medium,stable
20964,POLYESTER FILLER PAD 60x40cm,5.1,2,1,2011-05-06,2011-05-06,1,2.0,medium_moving,331511.74000000005,5.72300141003623e-07,0.03720082657771695,A,,,,stable
20966,SANDWICH BATH SPONGE,698.25,589,41,2010-12-01,2011-05-17,168,3.51,medium_moving,332209.99000000005,7.835462224623132e-05,0.03727918119996318,A,High_risk,142.15,high,stable
20967,GREY FLORAL FELTCRAFT SHOULDER BAG,963.75,257,75,2010-12-02,2011-05-16,166,1.55,medium_moving,333173.74000000005,0.0001081478942925964,0.037387329094255774,A,meduim_risk,33.24,medium,stable
20969,RED FLORAL FELTCRAFT SHOULDER BAG,6734.31,1876,257,2010-12-02,2011-12-08,372,5.04,fast_moving,339908.05000000005,0.0007556954044239428,0.03814302449867972,A,High_risk,186.31,high,stable
20970,PINK FLORAL FELTCRAFT SHOULDER BAG,3983.63,1081,230,2010-12-02,2011-12-08,372,2.91,medium_moving,343891.68000000005,0.0004470258844522084,0.03859005038313193,A,meduim_risk,67.37,medium,stable
20971,PINK BLUE FELT CRAFT TRINKET BOX,11629.39,10225,457,2010-12-01,2011-12-08,373,27.41,fast_moving,355521.07000000007,0.0013050003013306123,0.039895050684462544,A,High_risk,1262.66,high,stable
20972,PINK CREAM FELT CRAFT TRINKET BOX ,8648.49,7131,535,2010-12-01,2011-12-08,373,19.12,fast_moving,364169.56000000006,0.0009704964796996908,0.04086554716416223,A,low_risk,276.07,high,stable
20973,12 PENCIL SMALL TUBE WOODLAND,2551.15,4007,276,2010-12-01,2011-12-08,373,10.74,fast_moving,366720.7100000001,0.00028627911857282215,0.04115182628273505,A,High_risk,355.5,high,stable
20974,12 PENCILS SMALL TUBE SKULL,4235.1,6734,291,2010-12-01,2011-12-09,374,18.01,fast_moving,370955.81000000006,0.0004752447700322439,0.0416270710527673,A,low_risk,313.4,high,stable
20975,12 PENCILS SMALL TUBE RED RETROSPOT,4101.200000000001,6400,307,2010-12-02,2011-12-08,372,17.2,fast_moving,375057.01000000007,0.0004602190859380508,0.04208729013870535,A,meduim_risk,430.36,high,stable
20977,36 PENCILS TUBE WOODLAND,1971.93,1597,142,2010-12-01,2011-10-17,321,4.98,fast_moving,377028.94000000006,0.00022128153275475967,0.042308571671460106,A,meduim_risk,101.59,high,stable
20978,36 PENCILS TUBE SKULLS,2014.43,1631,179,2010-12-01,2011-12-08,373,4.37,fast_moving,379043.37000000005,0.00022605070059645652,0.04253462237205656,A,meduim_risk,89.85,medium,stable
20979,36 PENCILS TUBE RED RETROSPOT,4233.51,3523,230,2010-12-01,2011-12-08,373,9.45,fast_moving,383276.88000000006,0.0004750663470471075,0.04300968871910367,A,low_risk,174.84,high,stable
20980,36 PENCILS TUBE POSY,33.75,27,11,2010-12-05,2011-08-08,247,0.11,slow_moving,383310.63000000006,3.787280344876917e-06,0.04301347599944855,A,low_risk,3.21,low,stable
20981,12 PENCILS TALL TUBE WOODLAND,1573.35,1851,208,2010-12-02,2011-12-09,373,4.96,fast_moving,384883.98000000004,0.0001765545934996177,0.04319003059294817,A,meduim_risk,104.69,high,stable
20982,12 PENCILS TALL TUBE SKULLS,1709.9099999999999,2019,215,2010-12-01,2011-12-09,374,5.4,fast_moving,386593.89,0.00019187877139284411,0.043381909364341005,A,High_risk,160.19,high,stable
20983,12 PENCILS TALL TUBE RED RETROSPOT,2247.96,2652,234,2010-12-02,2011-12-08,372,7.13,fast_moving,388841.85000000003,0.00025225643626872635,0.043634165800609734,A,low_risk,131.05,high,stable
20984,12 PENCILS TALL TUBE POSY,1169.0099999999998,3809,167,2010-12-02,2011-10-17,320,11.9,fast_moving,390010.86000000004,0.00013118129173228337,0.04376534709234202,A,High_risk,447.56,high,stable
20985,HEART CALCULATOR,1160.88,1017,87,2010-12-05,2011-12-07,368,2.76,medium_moving,391171.74000000005,0.00013026897797809527,0.043895616070320116,A,High_risk,83.1,medium,stable
20986,BLUE CALCULATOR RULER,546.76,462,58,2010-12-02,2011-12-08,372,1.24,medium_moving,391718.50000000006,6.135506374414528e-05,0.04395697113406426,A,High_risk,67.79,medium,stable
20992,JAZZ HEARTS PURSE NOTEBOOK,1867.05,4365,244,2010-12-01,2011-12-08,373,11.7,fast_moving,393585.55000000005,0.00020951234867859104,0.04416648348274285,A,High_risk,339.47,high,stable
20996,JAZZ HEARTS ADDRESS BOOK,648.69,3057,184,2010-12-08,2011-12-08,366,8.35,fast_moving,394234.24000000005,7.279321146424319e-05,0.044239276694207096,A,meduim_risk,207.52,high,stable
20997,ROSE DU SUD CUSHION COVER ,74.25,15,5,2011-06-13,2011-08-31,80,0.19,slow_moving,394308.49000000005,8.332016758729217e-06,0.04424760871096582,A,meduim_risk,4.0,low,stable
20998,ROSE DU SUD OVEN GLOVE,348.25000000000006,119,28,2010-12-03,2011-10-14,316,0.38,slow_moving,394656.74000000005,3.9079122373433675e-05,0.04428668783333926,A,meduim_risk,11.1,low,stable
21000,ROSE DU SUD COSMETICS BAG,195.5,46,16,2010-12-06,2011-11-25,355,0.13,slow_moving,394852.24000000005,2.1938172071805547e-05,0.044308626005411064,A,low_risk,2.89,low,stable
21001,ROSE DU SUD WASHBAG ,148.75,25,12,2010-12-06,2011-11-07,337,0.07,slow_moving,395000.99000000005,1.6692087445939005e-05,0.044325318092857,A,meduim_risk,2.17,low,stable
21002,ROSE DU SUD DRAWSTRING BAG,55.25,13,5,2011-01-07,2011-10-23,290,0.04,slow_moving,395056.24000000005,6.199918194205916e-06,0.04433151801105121,A,low_risk,1.89,low,stable
21003,ROSE DU SUD CUSHION COVER,82.55,13,6,2011-01-07,2011-09-07,244,0.05,slow_moving,395138.79000000004,9.263407184284133e-06,0.04434078141823549,A,High_risk,3.05,low,stable
21011,GLITTER SNOW PEAR TREE DECORATION,26.099999999999998,18,2,2010-12-05,2010-12-08,4,4.5,fast_moving,395164.89,2.928830133371482e-06,0.04434371024836886,A,,,,
21012,ANTIQUE ALL GLASS CANDLESTICK,1133.3000000000002,567,80,2010-12-07,2011-12-09,368,1.54,medium_moving,396298.19,0.00012717406858811883,0.04447088431695698,A,meduim_risk,39.64,medium,stable
21014,SWISS CHALET TREE DECORATION ,455.56999999999994,1233,66,2010-12-01,2011-11-23,358,3.44,medium_moving,396753.76,5.112211279157265e-05,0.04452200642974855,A,meduim_risk,190.03,high,stable
21015,DARK BIRD HOUSE TREE DECORATION,377.90999999999997,1251,66,2011-05-18,2011-12-07,204,6.13,fast_moving,397131.67,4.240744044836846e-05,0.04456441387019692,A,High_risk,217.61,high,stable
21018,BIRD BOX CHRISTMAS TREE DECORATION,18.7,22,4,2010-12-01,2010-12-14,14,1.57,medium_moving,397150.37,2.0984338503466176e-06,0.04456651230404726,A,,,,
21025,SPACE FROG,127.25,100,16,2010-12-02,2011-11-28,362,0.28,slow_moving,397277.62,1.4279449596610006e-05,0.04458079175364387,A,High_risk,10.74,low,stable
21026,SPACE OWL,177.37,143,22,2010-12-02,2011-11-30,364,0.39,slow_moving,397454.99,1.990370117839463e-05,0.044600695454822266,A,meduim_risk,13.02,low,stable
21027,NINJA RABBIT PINK,122.45,101,17,2010-12-12,2011-11-21,345,0.29,slow_moving,397577.44,1.3740814169783066e-05,0.04461443626899205,A,low_risk,5.38,low,stable
21028,NINJA RABBIT BLACK,148.29,116,21,2011-01-11,2011-12-05,329,0.35,slow_moving,397725.73,1.6640468217534754e-05,0.044631076737209584,A,High_risk,11.61,low,stable
21030,SPACE CADET RED,153.67,121,21,2010-12-02,2011-11-21,355,0.34,slow_moving,397879.39999999997,1.7244188758436615e-05,0.044648320925968016,A,meduim_risk,10.36,low,stable
21031,SPACE CADET BLACK,51.21,40,10,2010-12-02,2011-11-16,350,0.11,slow_moving,397930.61,5.746566709959909e-06,0.04465406749267798,A,meduim_risk,4.55,low,stable
21032,SPACE CADET WHITE,84.88,65,15,2010-12-02,2011-11-30,364,0.18,slow_moving,398015.49,9.524869797723042e-06,0.044663592362475704,A,meduim_risk,9.47,low,stable
21033,JUMBO BAG CHARLIE AND LOLA TOYS,1934.75,922,108,2010-12-01,2011-09-08,282,3.27,medium_moving,399950.24,0.00021710935251112933,0.044880701714986836,A,meduim_risk,86.41,medium,stable
21034,REX CASH+CARRY JUMBO SHOPPER,1798.35,1893,859,2010-12-01,2011-12-08,373,5.08,fast_moving,401748.58999999997,0.00020180312913213046,0.045082504844118965,A,low_risk,82.14,medium,stable
21035,SET/2 RED RETROSPOT TEA TOWELS ,6820.01,2319,219,2010-12-01,2011-12-07,372,6.23,fast_moving,408568.6,0.0007653122911070821,0.045847817135226045,A,low_risk,103.9,high,stable
21038,SET/4 MODERN VINTAGE COTTON NAPKINS,86.75,77,23,2010-12-01,2011-05-04,155,0.5,slow_moving,408655.35,9.734713182757705e-06,0.045857551848408805,A,High_risk,22.0,medium,stable
21039,RED RETROSPOT SHOPPING BAG,1284.6599999999999,510,77,2010-12-02,2011-12-06,370,1.38,medium_moving,409940.00999999995,0.00014415903904739494,0.04600171088745619,A,High_risk,38.43,medium,stable
21040,MODERN VINTAGE COTTON SHOPPING BAG,29.7,22,8,2010-12-03,2011-03-15,103,0.21,slow_moving,409969.70999999996,3.332806703491687e-06,0.04600504369415969,A,meduim_risk,6.66,low,stable
21041,RED RETROSPOT OVEN GLOVE DOUBLE,1699.2000000000003,576,138,2010-12-01,2011-11-23,358,1.61,medium_moving,411668.91,0.00019067694109673654,0.046195720635256426,A,meduim_risk,34.73,medium,stable
21042,RED RETROSPOT APRON ,1802.8500000000001,303,105,2010-12-02,2011-12-06,370,0.82,slow_moving,413471.75999999995,0.00020230809984478075,0.0463980287351012,A,meduim_risk,15.87,low,stable
21043,APRON MODERN VINTAGE COTTON,931.8499999999999,443,57,2010-12-16,2011-06-01,168,2.64,medium_moving,414403.6099999999,0.0001045682130184757,0.04650259694811968,A,High_risk,75.47,medium,stable
21051,RIBBONS PURSE ,228.83,108,24,2010-12-09,2011-12-08,365,0.3,slow_moving,414632.43999999994,2.567832181683511e-05,0.04652827526993651,A,low_risk,8.6,low,stable
21054,NURSE'S BAG SOFT TOY,608.5999999999999,68,27,2010-12-03,2011-11-14,347,0.2,slow_moving,415241.0399999999,6.8294483493099e-05,0.04659656975342961,A,meduim_risk,8.12,low,stable
21055,TOOL BOX SOFT TOY ,1368.1399999999999,146,82,2010-12-01,2011-12-08,373,0.39,slow_moving,416609.17999999993,0.0001535268068456268,0.04675009656027524,A,High_risk,11.58,low,stable
21056,DOCTOR'S BAG SOFT TOY,1640.1799999999998,174,66,2010-12-01,2011-12-05,370,0.47,slow_moving,418249.3599999999,0.0001840539696610436,0.04693415052993628,A,High_risk,14.48,low,stable
21058,PARTY INVITES WOODLAND,855.77,1049,87,2010-12-02,2011-12-04,368,2.85,medium_moving,419105.12999999995,9.603084150326872e-05,0.04703018137143955,A,High_risk,96.21,high,stable
21059,PARTY INVITES DINOSAURS,487.04999999999995,573,77,2010-12-02,2011-12-06,370,1.55,medium_moving,419592.17999999993,5.465466346584599e-05,0.047084836034905396,A,low_risk,22.06,medium,stable
21060,PARTY INVITES BALLOON GIRL,302.59999999999997,356,53,2010-12-02,2011-12-04,368,0.97,medium_moving,419894.7799999999,3.395647503288163e-05,0.04711879250993828,A,low_risk,10.94,low,stable
21061,PARTY INVITES FOOTBALL,350.2,412,52,2010-12-01,2011-12-04,369,1.12,medium_moving,420244.9799999999,3.929794301558211e-05,0.04715809045295386,A,low_risk,20.53,medium,stable
21062,PARTY INVITES SPACEMAN,425.84999999999997,501,61,2010-12-01,2011-12-02,367,1.37,medium_moving,420670.8299999999,4.778706177380252e-05,0.04720587751472766,A,low_risk,19.13,low,stable
21063,PARTY INVITES JAZZ HEARTS,412.10999999999996,483,81,2010-12-01,2011-12-05,370,1.31,medium_moving,421082.9399999999,4.6245217864510404e-05,0.04725212273259217,A,low_risk,14.83,low,stable
21064,BOOM BOX SPEAKER BOYS,760.5,176,54,2010-12-02,2011-12-08,372,0.47,slow_moving,421843.4399999999,8.53400504378932e-05,0.04733746278303006,A,High_risk,18.46,low,stable
21065,BOOM BOX SPEAKER GIRLS,839.05,487,40,2010-12-01,2011-12-08,373,1.31,medium_moving,422682.4899999999,9.415459476648821e-05,0.047431617377796546,A,High_risk,50.82,medium,stable
21066,VINTAGE RED MUG,657.62,688,41,2010-12-15,2011-12-01,352,1.95,medium_moving,423340.10999999987,7.379529778956913e-05,0.04750541267558612,A,High_risk,129.82,high,stable
21067,VINTAGE RED TEATIME MUG,249.38,203,41,2010-12-22,2011-10-04,287,0.71,slow_moving,423589.4899999999,2.798435473793794e-05,0.047533397030324054,A,High_risk,19.64,medium,stable
21068,VINTAGE BILLBOARD LOVE/HATE MUG,1637.71,1535,125,2010-12-01,2011-12-08,373,4.12,fast_moving,425227.1999999999,0.00018377679684765556,0.047717173827171715,A,High_risk,184.7,high,stable
21069,VINTAGE BILLBOARD TEA MUG,2049.05,1868,51,2010-12-02,2011-08-17,259,7.21,fast_moving,427276.2499999999,0.00022993560861244585,0.04794710943578416,A,High_risk,281.37,high,stable
21070,VINTAGE BILLBOARD MUG ,1059.79,1033,77,2010-12-02,2011-12-05,369,2.8,medium_moving,428336.03999999986,0.00011892509145769208,0.04806603452724185,A,High_risk,155.2,high,stable
21071,VINTAGE BILLBOARD DRINK ME MUG,1025.98,849,107,2010-12-01,2011-10-20,324,2.62,medium_moving,429362.01999999984,0.00011513107816997983,0.04818116560541182,A,meduim_risk,63.2,medium,stable
21078,SET/20 STRAWBERRY PAPER NAPKINS ,1982.08,2494,201,2010-12-03,2011-10-11,313,7.97,fast_moving,431344.09999999986,0.0002224205222510708,0.0484035861276629,A,meduim_risk,155.92,high,stable
21080,SET/20 RED RETROSPOT PAPER NAPKINS ,9656.789999999999,12313,732,2010-12-01,2011-12-08,373,33.01,fast_moving,441000.88999999984,0.0010836435840475248,0.04948722971171042,A,low_risk,377.24,high,stable
21084,SET/6 COLLAGE PAPER CUPS,463.85,2199,103,2011-01-07,2011-12-07,335,6.56,fast_moving,441464.7399999998,5.2051258902849124e-05,0.04953928097061327,A,High_risk,200.52,high,stable
21086,SET/6 RED SPOTTY PAPER CUPS,4009.4900000000002,6589,285,2010-12-01,2011-12-06,371,17.76,fast_moving,445474.2299999998,0.00044992778281423854,0.0499892087534275,A,low_risk,243.07,high,stable
21087,SET/6 POSIES PAPER CUPS,62.120000000000005,126,10,2011-02-24,2011-04-19,55,2.29,medium_moving,445536.3499999998,6.9708401488519735e-06,0.049996179593576356,A,low_risk,25.51,medium,stable
21088,SET/6 FRUIT SALAD PAPER CUPS,345.42,1576,74,2011-01-07,2011-12-07,335,4.7,fast_moving,445881.7699999998,3.876155190303362e-05,0.050034941145479385,A,High_risk,157.83,high,stable
21089,SET/6 GREEN SPRING PAPER CUPS,45.730000000000004,231,24,2010-12-06,2011-08-17,255,0.91,medium_moving,445927.49999999977,5.13162459766582e-06,0.05004007277007705,A,High_risk,35.71,medium,stable
21090,SET/6 COLLAGE PAPER PLATES,708.3,1672,116,2010-12-05,2011-12-07,368,4.54,fast_moving,446635.79999999976,7.948239017115023e-05,0.0501195551602482,A,High_risk,165.31,high,stable
21094,SET/6 RED SPOTTY PAPER PLATES,5496.53,7351,325,2010-12-01,2011-12-06,371,19.81,fast_moving,452132.3299999998,0.0006167970380452243,0.05073635219829343,A,low_risk,280.0,high,stable
21095,SET/6 POSIES PAPER PLATES,80.75,95,9,2011-01-21,2011-06-16,147,0.65,slow_moving,452213.0799999998,9.061418899224031e-06,0.050745413617192654,A,meduim_risk,13.5,low,stable
21096,SET/6 FRUIT SALAD  PAPER PLATES,479.25,1143,70,2011-01-07,2011-11-20,318,3.59,medium_moving,452692.3299999998,5.377938089725222e-05,0.0507991929980899,A,High_risk,144.81,high,stable
21098,CHRISTMAS TOILET ROLL,3680.05,3176,163,2010-12-01,2011-12-08,373,8.51,fast_moving,456372.3799999998,0.00041295943801968293,0.05121215243610958,A,High_risk,535.22,high,stable
21100,CHARLIE AND LOLA CHARLOTTE BAG,70.95,43,8,2010-12-03,2011-02-27,87,0.49,slow_moving,456443.3299999998,7.961704902785697e-06,0.05122011414101237,A,meduim_risk,12.5,low,
21106,CREAM SLICE FLANNEL CHOCOLATE SPOT ,530.95,193,34,2010-12-01,2011-11-29,364,0.53,slow_moving,456974.2799999998,5.958093330703405e-05,0.051279695074319405,A,High_risk,25.05,medium,stable
21107,CREAM SLICE FLANNEL PINK SPOT ,2218.8,840,62,2010-12-01,2011-12-01,366,2.3,medium_moving,459193.0799999998,0.0002489842260507527,0.05152867930037016,A,High_risk,76.97,medium,stable
21108,FAIRY CAKE FLANNEL ASSORTED COLOUR,17304.57,10082,192,2010-12-01,2011-12-09,374,26.96,fast_moving,476497.6499999998,0.0019418446766680517,0.05347052397703821,A,High_risk,1245.28,high,stable
21109,LARGE CAKE TOWEL CHOCOLATE SPOTS,2084.1,830,64,2010-12-13,2011-12-09,362,2.29,medium_moving,478581.74999999977,0.0002338687693854217,0.05370439274642363,A,High_risk,99.33,high,stable
21109,"LARGE CAKE TOWEL, CHOCOLATE SPOTS",47.25,7,4,2010-12-05,2010-12-13,9,0.78,slow_moving,478628.99999999977,5.302192482827684e-06,0.05370969493890646,A,,,,
21110,LARGE CAKE TOWEL PINK SPOTS,2295.05,775,78,2010-12-05,2011-11-25,356,2.18,medium_moving,480924.04999999976,0.0002575406742373265,0.05396723561314378,A,High_risk,108.15,high,stable
21111,"SWISS ROLL TOWEL, CHOCOLATE  SPOTS",1291.55,789,50,2010-12-01,2011-12-09,374,2.11,medium_moving,482215.59999999974,0.00014493220531631946,0.0541121678184601,A,High_risk,83.9,medium,stable
21112,SWISS ROLL TOWEL PINK  SPOTS,1782.1799999999998,666,27,2011-02-21,2011-11-24,277,2.4,medium_moving,483997.77999999974,0.00019998860103800722,0.05431215641949811,A,High_risk,118.28,high,stable
21112,"SWISS ROLL TOWEL, PINK  SPOTS",769.65,579,19,2010-12-05,2011-01-25,52,11.13,fast_moving,484767.42999999976,8.636682422028204e-05,0.05439852324371839,A,low_risk,137.89,high,
21114,LAVENDER SCENTED FABRIC HEART,1705.28,1352,128,2010-12-02,2011-12-04,368,3.67,medium_moving,486472.7099999998,0.00019135921263738396,0.05458988245635578,A,low_risk,42.24,medium,stable
21115,ROSE CARAVAN DOORSTOP,2580.21,523,129,2010-12-01,2011-12-09,374,1.4,medium_moving,489052.9199999998,0.00028954010721940357,0.054879422563575184,A,High_risk,52.02,medium,stable
21116,OWL DOORSTOP,2339.19,489,117,2010-12-01,2011-12-05,370,1.32,medium_moving,491392.1099999998,0.00026249387584985584,0.055141916439425044,A,High_risk,36.84,medium,stable
21117,BLOND DOLL DOORSTOP,149.25,115,14,2011-01-13,2011-11-23,315,0.37,slow_moving,491541.3599999998,1.6748195302900144e-05,0.05515866463472794,A,meduim_risk,11.45,low,stable
21121,SET/10 RED POLKADOT PARTY CANDLES,7799.18,6502,336,2010-12-01,2011-12-09,374,17.39,fast_moving,499340.5399999998,0.0008751905517083601,0.056033855186436304,A,low_risk,309.11,high,stable
21122,SET/10 PINK POLKADOT PARTY CANDLES,6353.58,5257,304,2010-12-01,2011-12-09,374,14.06,fast_moving,505694.1199999998,0.0007129715156623135,0.056746826702098616,A,low_risk,187.48,high,stable
21123,SET/10 IVORY POLKADOT PARTY CANDLES,1215.81,975,97,2010-12-01,2011-12-08,373,2.61,medium_moving,506909.9299999998,0.00013643298714384605,0.05688325968924246,A,low_risk,43.56,medium,stable
21124,SET/10 BLUE POLKADOT PARTY CANDLES,4798.34,3970,227,2010-12-01,2011-12-09,374,10.61,fast_moving,511708.26999999984,0.0005384491487418283,0.057421708837984295,A,low_risk,178.56,high,stable
21125,SET 6 FOOTBALL CELEBRATION CANDLES,747.5,598,67,2010-12-01,2011-12-02,367,1.63,medium_moving,512455.76999999984,8.388124615690357e-05,0.057505590084141196,A,meduim_risk,32.51,medium,stable
21126,SET OF 6 GIRLS CELEBRATION CANDLES,605.44,488,67,2010-12-01,2011-12-02,367,1.33,medium_moving,513061.20999999985,6.793988183710461e-05,0.0575735299659783,A,low_risk,20.74,medium,stable
21128,GOLD FISHING GNOME,284.16,47,16,2010-12-09,2011-12-07,364,0.13,slow_moving,513345.3699999998,3.188721726815481e-05,0.05760541718324645,A,meduim_risk,4.19,low,stable
21129,SILVER FISHING GNOME ,332.3,45,20,2011-01-04,2011-11-29,330,0.14,slow_moving,513677.6699999998,3.728928173637332e-05,0.057642706464982825,A,meduim_risk,4.17,low,stable
21131,GOLD STANDING GNOME,290.25,93,17,2010-12-10,2011-12-06,362,0.26,slow_moving,513967.9199999998,3.257061096594148e-05,0.057675277075948765,A,High_risk,11.78,low,stable
21132,SILVER STANDING GNOME   ,142.75,35,16,2010-12-09,2011-12-08,365,0.1,slow_moving,514110.6699999998,1.601879316240533e-05,0.057691295869111175,A,low_risk,2.01,low,stable
21135,VICTORIAN  METAL POSTCARD SPRING,2975.24,2708,162,2010-12-01,2011-12-08,373,7.26,fast_moving,517085.9099999998,0.0003338686806901214,0.05802516454980129,A,High_risk,335.6,high,stable
21136,PAINTED METAL PEARS ASSORTED,7491.4,4476,352,2010-12-01,2011-12-08,373,12.0,fast_moving,524577.3099999998,0.000840652799277361,0.058865817349078656,A,low_risk,161.47,high,stable
21137,BLACK RECORD COVER FRAME,39064.55,11406,313,2010-12-01,2011-12-09,374,30.5,fast_moving,563641.8599999999,0.004383656367302565,0.06324947371638123,A,meduim_risk,668.7,high,stable
21143,ANTIQUE GLASS HEART DECORATION ,577.1999999999999,296,26,2010-12-01,2011-08-22,265,1.12,medium_moving,564219.0599999998,6.477091007593945e-05,0.06331424462645716,A,High_risk,96.9,high,stable
21145,ANTIQUE GLASS PLACE SETTING,152.5,122,8,2010-12-13,2011-11-16,339,0.36,slow_moving,564371.5599999998,1.711289637314755e-05,0.06333135752283031,A,low_risk,11.7,low,stable
21147,JINGLE BELLS TREE DECORATION,200.94,89,21,2010-12-01,2011-12-05,370,0.24,slow_moving,564572.4999999998,2.2548625555542745e-05,0.06335390614838585,A,High_risk,16.19,low,stable
21154,RED RETROSPOT OVEN GLOVE ,3751.63,3187,262,2010-12-01,2011-12-09,374,8.52,fast_moving,568324.1299999998,0.00042099183882223965,0.06377489798720809,A,low_risk,87.09,medium,stable
21155,RED RETROSPOT PEG BAG,5880.049999999999,2460,354,2010-12-02,2011-12-08,372,6.61,fast_moving,574204.1799999998,0.0006598340086486967,0.06443473199585678,A,low_risk,106.23,high,stable
21156,RETROSPOT CHILDRENS APRON,5587.87,3039,292,2010-12-01,2011-12-07,372,8.17,fast_moving,579792.0499999998,0.0006270468213548853,0.06506177881721167,A,low_risk,130.86,high,stable
21157,RED RETROSPOT WASHBAG,102.9,49,14,2010-12-02,2011-10-25,328,0.15,slow_moving,579894.9499999998,1.1546996962602511e-05,0.06507332581417427,A,meduim_risk,7.14,low,stable
21158,MOODY GIRL DOOR HANGER ,686.91,1427,146,2010-12-02,2011-12-09,373,3.83,medium_moving,580581.8599999999,7.708209605035268e-05,0.06515040791022464,A,High_risk,125.24,high,stable
21159,MOODY BOY  DOOR HANGER ,542.75,1109,108,2010-12-02,2011-12-09,373,2.97,medium_moving,581124.6099999999,6.090507873131694e-05,0.06521131298895595,A,High_risk,98.32,high,stable
21161,KEEP OUT BOYS DOOR HANGER ,189.95,131,34,2010-12-02,2011-06-08,189,0.69,slow_moving,581314.5599999998,2.13153748595369e-05,0.06523262836381548,A,meduim_risk,16.44,low,stable
21162,TOXIC AREA  DOOR HANGER ,696.4,1416,137,2010-12-06,2011-12-09,369,3.84,medium_moving,582010.9599999998,7.814702317547511e-05,0.06531077538699095,A,High_risk,123.99,high,stable
21163,DO NOT TOUCH MY STUFF DOOR HANGER ,603.86,1176,110,2010-12-02,2011-10-28,331,3.55,medium_moving,582614.8199999998,6.776258100910741e-05,0.06537853796800007,A,High_risk,124.94,high,stable
21164,HOME SWEET HOME METAL SIGN ,4850.620000000001,1714,246,2010-12-03,2011-12-08,371,4.62,fast_moving,587465.4399999998,0.0005443157862656851,0.06592285375426575,A,low_risk,82.93,medium,stable
21165,BEWARE OF THE CAT METAL SIGN ,6405.3099999999995,4027,359,2010-12-03,2011-12-06,369,10.91,fast_moving,593870.7499999999,0.000718776434543513,0.06664163018880927,A,low_risk,145.72,high,stable
21166,COOK WITH WINE METAL SIGN ,20315.33,10209,602,2010-12-01,2011-12-08,373,27.37,fast_moving,614186.0799999998,0.002279699259516693,0.06892132944832596,A,low_risk,470.52,high,stable
21167,WHITE SAGE INCENSE,264.6,1260,25,2010-12-05,2011-12-08,369,3.41,medium_moving,614450.6799999998,2.969227790383503e-05,0.06895102172622979,A,low_risk,67.01,medium,stable
21169,YOU'RE CONFUSING ME METAL SIGN ,6762.57,4281,342,2010-12-01,2011-12-09,374,11.45,fast_moving,621213.2499999998,0.0007588666204993864,0.06970988834672917,A,low_risk,188.17,high,stable
21171,BATHROOM METAL SIGN ,566.8,424,60,2010-12-07,2011-08-01,238,1.78,medium_moving,621780.0499999998,6.360386665114774e-05,0.06977349221338032,A,High_risk,69.26,medium,stable
21172,PARTY METAL SIGN ,4708.2699999999995,3335,371,2010-12-02,2011-12-08,372,8.97,fast_moving,626488.3199999998,0.0005283418793888486,0.07030183409276917,A,low_risk,155.73,high,stable
21174,POTTERING IN THE SHED METAL SIGN,8372.7,3926,371,2010-12-02,2011-12-08,372,10.55,fast_moving,634861.0199999998,0.0009395485079570656,0.07124138260072624,A,low_risk,159.95,high,stable
21175,GIN + TONIC DIET METAL SIGN,24988.98,11519,655,2010-12-01,2011-11-30,365,31.56,fast_moving,659849.9999999998,0.0028041562308895518,0.07404553883161578,A,meduim_risk,758.59,high,stable
21175,GIN AND TONIC DIET METAL SIGN,1118.46,474,37,2011-11-27,2011-12-09,13,36.46,fast_moving,660968.4599999997,0.00012550878739351219,0.07417104761900929,A,low_risk,35.36,medium,stable
21179,NO JUNK MAIL METAL SIGN,1021.23,1785,166,2010-12-01,2011-09-12,286,6.24,fast_moving,661989.6899999997,0.000114598053528849,0.07428564567253813,A,High_risk,224.29,high,stable
21181,PLEASE ONE PERSON METAL SIGN,23930.920000000002,11963,694,2010-12-01,2011-12-09,374,31.99,fast_moving,685920.6099999998,0.0026854252726169455,0.0769710709451551,A,meduim_risk,693.82,high,stable
21187,WHITE BELL HONEYCOMB PAPER GARLAND ,525.3,330,33,2010-12-05,2011-07-27,235,1.4,medium_moving,686445.9099999998,5.894691452337316e-05,0.07703001785967847,A,meduim_risk,44.69,medium,stable
21188,3D HEARTS  HONEYCOMB PAPER GARLAND,838.5000000000001,294,33,2010-12-14,2011-08-03,233,1.26,medium_moving,687284.4099999998,9.409287612383097e-05,0.0771241107358023,A,meduim_risk,22.92,medium,stable
21189,WHITE HONEYCOMB PAPER GARLAND ,272.25,165,29,2010-12-10,2011-12-08,364,0.45,slow_moving,687556.6599999998,3.0550728115340465e-05,0.07715466146391764,A,meduim_risk,9.32,low,stable
21190,PINK HEARTS PAPER GARLAND,245.20000000000002,168,7,2010-12-01,2011-11-25,360,0.47,slow_moving,687801.8599999998,2.751529305374282e-05,0.07718217675697138,A,High_risk,51.67,medium,stable
21191,LARGE WHITE HONEYCOMB PAPER BELL  ,788.0400000000001,394,44,2010-12-01,2011-12-06,371,1.06,medium_moving,688589.8999999998,8.843047119931277e-05,0.0772706072281707,A,meduim_risk,28.49,medium,stable
21192,WHITE BELL HONEYCOMB PAPER ,1391.85,925,39,2010-12-01,2011-11-27,362,2.56,medium_moving,689981.7499999998,0.00015618744142272404,0.07742679466959342,A,High_risk,121.32,high,stable
21194,PINK  HONEYCOMB PAPER FAN,366.70000000000005,437,41,2010-12-15,2011-12-09,360,1.21,medium_moving,690348.4499999997,4.114950229529972e-05,0.07746794417188871,A,meduim_risk,31.06,medium,stable
21195,PINK  HONEYCOMB PAPER BALL ,607.86,417,24,2010-12-05,2011-05-17,164,2.54,medium_moving,690956.3099999997,6.821144386479652e-05,0.0775361556157535,A,meduim_risk,54.12,medium,stable
21196,ROUND WHITE CONFETTI IN TUBE,146.84999999999997,89,9,2010-12-15,2011-12-07,358,0.25,slow_moving,691103.1599999997,1.647887758948667e-05,0.07755263449334299,A,meduim_risk,11.71,low,stable
21197,MULTICOLOUR  CONFETTI IN TUBE,322.71,243,13,2010-12-01,2011-12-02,367,0.66,slow_moving,691425.8699999996,3.621313303985866e-05,0.07758884762638284,A,meduim_risk,28.26,medium,stable
21198,WHITE HEART CONFETTI IN TUBE,931.56,964,50,2010-12-20,2011-12-07,353,2.73,medium_moving,692357.4299999997,0.00010453567046143824,0.07769338329684429,A,High_risk,106.37,high,stable
21199,PINK  HEART CONFETTI IN TUBE,766.56,864,48,2010-12-15,2011-12-02,353,2.45,medium_moving,693123.9899999998,8.60200776642622e-05,0.07777940337450856,A,High_risk,127.79,high,stable
21200,MULTICOLOUR HONEYCOMB PAPER GARLAND,1272.8999999999999,1010,39,2010-12-14,2011-11-27,349,2.89,medium_moving,694396.8899999998,0.00014283938225166895,0.07792224275676023,A,High_risk,98.31,high,stable
21201,TROPICAL  HONEYCOMB PAPER GARLAND ,2672.25,1175,72,2010-12-08,2011-12-05,363,3.24,medium_moving,697069.1399999998,0.0002998684415288101,0.07822211119828903,A,meduim_risk,74.85,medium,stable
21202,DOLLY HONEYCOMB GARLAND,404.85,449,20,2010-12-05,2011-11-17,348,1.29,medium_moving,697473.9899999998,4.5430531781434667e-05,0.07826754173007047,A,High_risk,72.27,medium,stable
21204,DAISIES  HONEYCOMB GARLAND ,691.3499999999999,419,51,2011-01-05,2011-12-07,337,1.24,medium_moving,698165.3399999997,7.75803338201676e-05,0.07834512206389063,A,meduim_risk,25.6,medium,stable
21205,MULTICOLOUR 3D BALLS GARLAND,532.9499999999999,209,48,2010-12-08,2011-12-02,360,0.58,slow_moving,698698.2899999997,5.98053647348786e-05,0.07840492742862551,A,low_risk,10.19,low,stable
21206,STRAWBERRY HONEYCOMB  GARLAND ,1446.6,1220,75,2010-12-02,2011-11-23,357,3.42,medium_moving,700144.8899999997,0.00016233125175996882,0.07856725868038547,A,High_risk,102.53,high,stable
21207,SKULL AND CROSSBONES  GARLAND ,1533.8999999999999,982,84,2010-12-02,2011-12-02,366,2.68,medium_moving,701678.7899999997,0.00017212768358538377,0.07873938636397086,A,meduim_risk,59.31,medium,stable
21208,PASTEL COLOUR HONEYCOMB FAN,531.6899999999999,873,56,2011-01-11,2011-12-09,333,2.62,medium_moving,702210.4799999996,5.9663972935336525e-05,0.07879905033690619,A,meduim_risk,55.74,medium,stable
21209,MULTICOLOUR HONEYCOMB FAN,669.12,1142,57,2010-12-05,2011-12-09,370,3.09,medium_moving,702879.5999999996,7.508577849967533e-05,0.07887413611540586,A,meduim_risk,84.05,medium,stable
21210,SET OF 72 RETROSPOT PAPER  DOILIES,7947.37,5680,365,2010-12-01,2011-12-08,373,15.23,fast_moving,710826.9699999996,0.0008918197983545026,0.07976595591376037,A,low_risk,239.41,high,stable
21211,SET OF 72 SKULL PAPER  DOILIES,1144.8,816,66,2010-12-02,2011-11-28,362,2.25,medium_moving,711971.7699999997,0.00012846454929822502,0.0798944204630586,A,meduim_risk,65.56,medium,stable
21212,PACK OF 72 RETROSPOT CAKE CASES,16394.53,33693,1029,2010-12-01,2011-12-08,373,90.33,fast_moving,728366.2999999997,0.0018397238883702208,0.08173414435142883,A,low_risk,942.19,high,stable
21213,PACK OF 72 SKULL CAKE CASES,6859.31,14309,499,2010-12-01,2011-12-07,372,38.47,fast_moving,735225.6099999998,0.0007697223686642278,0.08250386672009306,A,low_risk,596.94,high,stable
21215,IVORY PAPER CUP CAKE CASES ,461.8,868,63,2010-12-02,2011-12-05,369,2.35,medium_moving,735687.4099999998,5.1821216689308455e-05,0.08255568793678238,A,meduim_risk,50.07,medium,stable
21216,"SET 3 RETROSPOT TEA,COFFEE,SUGAR",8354.87,1841,241,2010-12-02,2011-12-09,373,4.94,fast_moving,744042.2799999998,0.0009375477017778314,0.0834932356385602,A,low_risk,60.12,medium,stable
21217,RED RETROSPOT ROUND CAKE TINS,9188.25,975,257,2010-12-02,2011-12-09,373,2.61,medium_moving,753230.5299999998,0.0010310660334463802,0.08452430167200659,A,meduim_risk,54.99,medium,stable
21218,RED SPOTTY BISCUIT TIN,7071.2,2058,203,2010-12-02,2011-12-08,372,5.53,fast_moving,760301.7299999997,0.0007934997562872194,0.0853178014282938,A,low_risk,97.93,high,stable
21219,SET/4 BADGES BALLOON GIRL,408.59,323,42,2010-12-06,2011-12-07,367,0.88,medium_moving,760710.3199999997,4.5850218551503985e-05,0.0853636516468453,A,low_risk,15.27,low,stable
21220,SET/4 BADGES DOGS,312.06,239,41,2011-01-07,2011-12-09,337,0.71,slow_moving,761022.3799999998,3.501803568658639e-05,0.08539866968253189,A,low_risk,9.39,low,stable
21221,SET/4 BADGES CUTE CREATURES,262.14,201,24,2010-12-01,2011-12-07,372,0.54,slow_moving,761284.5199999998,2.941622724758622e-05,0.08542808590977947,A,low_risk,11.51,low,stable
21222,SET/4 BADGES BEETLES,257.18,198,35,2011-01-07,2011-12-09,337,0.59,slow_moving,761541.6999999998,2.885963730653172e-05,0.08545694554708601,A,low_risk,8.85,low,stable
21224,SET/4 SKULL BADGES,913.7,734,81,2010-12-03,2011-12-09,372,1.97,medium_moving,762455.3999999998,0.00010253149781078634,0.08555947704489679,A,low_risk,24.14,medium,stable
21226,POCKET MIRROR WOODLAND,11.25,9,4,2010-12-06,2011-11-25,355,0.03,slow_moving,762466.6499999998,1.262426781625639e-06,0.08556073947167842,A,meduim_risk,2.65,low,stable
21228,"POCKET MIRROR ""GLAMOROUS""",6.25,5,2,2011-02-08,2011-03-09,30,0.17,slow_moving,762472.8999999998,7.013482120142439e-07,0.08556144081989044,A,meduim_risk,2.12,low,stable
21231,SWEETHEART CERAMIC TRINKET BOX,6875.860000000001,5757,381,2010-12-01,2011-12-08,373,15.43,fast_moving,769348.7599999998,0.0007715795387296415,0.08633302035862007,A,low_risk,188.06,high,stable
21232,STRAWBERRY CERAMIC TRINKET BOX,10895.52,9328,507,2010-12-01,2011-12-01,366,25.49,fast_moving,780244.2799999998,0.0012226485553544695,0.08755566891397455,A,low_risk,293.53,high,stable
21232,STRAWBERRY CERAMIC TRINKET POT,1314.54,1038,75,2011-10-25,2011-12-08,45,23.07,fast_moving,781558.8199999998,0.00014751204457939265,0.08770318095855394,A,High_risk,375.4,high,stable
21238,RED RETROSPOT CUP,2822.41,3519,277,2010-12-01,2011-12-06,371,9.49,fast_moving,784381.2299999999,0.0003167187531313795,0.08801989971168532,A,low_risk,136.97,high,stable
21239,PINK  POLKADOT CUP,2051.4,2574,201,2010-12-02,2011-12-06,370,6.96,fast_moving,786432.6299999999,0.0002301993155401632,0.0882500990272255,A,low_risk,118.06,high,stable
21240,BLUE POLKADOT CUP,2487.08,3156,215,2010-12-02,2011-12-06,370,8.53,fast_moving,788919.7099999998,0.00027908945778182167,0.0885291884850073,A,meduim_risk,200.45,high,stable
21242,RED RETROSPOT PLATE ,4860.98,3074,222,2010-12-01,2011-12-07,372,8.26,fast_moving,793780.6899999998,0.0005454783410619198,0.08907466682606922,A,low_risk,114.11,high,stable
21243,PINK  POLKADOT PLATE ,3010.71,1911,130,2010-12-01,2011-10-24,328,5.83,fast_moving,796791.3999999998,0.00033784897206294465,0.08941251579813217,A,low_risk,93.65,medium,stable
21243,PINK POLKADOT PLATE ,318.34,202,18,2011-11-07,2011-12-06,30,6.73,fast_moving,797109.7399999998,3.57227503700183e-05,0.08944823854850219,A,High_risk,106.07,high,stable
21244,BLUE POLKADOT PLATE ,3359.47,2131,147,2010-12-01,2011-10-20,324,6.58,fast_moving,800469.2099999997,0.0003769853244504787,0.08982522387295266,A,meduim_risk,131.37,high,stable
21245,GREEN POLKADOT PLATE ,1623.1,1014,100,2010-12-01,2011-12-07,372,2.73,medium_moving,802092.3099999997,0.00018213732526725106,0.0900073611982199,A,meduim_risk,52.71,medium,stable
21246,RED RETROSPOT BIG BOWL,849.45,175,39,2010-12-08,2011-08-25,261,0.67,slow_moving,802941.7599999997,9.532163819127992e-05,0.09010268283641118,A,low_risk,10.68,low,stable
21248,DOOR HANGER  MUM + DADS ROOM,271.15,187,52,2010-12-12,2011-12-09,363,0.52,slow_moving,803212.9099999997,3.0427290830025954e-05,0.0901331101272412,A,High_risk,13.94,low,stable
21249,WOODLAND  HEIGHT CHART STICKERS ,1874.4,672,79,2010-12-02,2011-12-06,370,1.82,medium_moving,805087.3099999997,0.0002103371341759198,0.09034344726141713,A,meduim_risk,42.72,medium,stable
21250,SET OF SKULL WALL STICKERS,257.0,92,17,2010-12-03,2011-11-17,350,0.26,slow_moving,805344.3099999997,2.8839438478025708e-05,0.09037228669989515,A,High_risk,11.49,low,stable
21251,DINOSAUR HEIGHT CHART STICKER SET,486.75000000000006,165,35,2010-12-19,2011-11-25,342,0.48,slow_moving,805831.0599999997,5.462099875166932e-05,0.09042690769864682,A,meduim_risk,11.76,low,stable
21253,SET OF PICTURE FRAME  STICKERS,192.54000000000002,66,16,2010-12-06,2011-12-08,368,0.18,slow_moving,806023.5999999997,2.1606013558595605e-05,0.09044851371220543,A,meduim_risk,6.04,low,stable
21257,VICTORIAN SEWING BOX MEDIUM,3735.3900000000003,489,152,2010-12-01,2011-12-09,374,1.31,medium_moving,809758.9899999998,0.0004191694556281419,0.09086768316783357,A,meduim_risk,28.99,medium,stable
21258,VICTORIAN SEWING BOX LARGE,5014.23,425,106,2010-12-01,2011-12-09,374,1.14,medium_moving,814773.2199999997,0.0005626753992205091,0.09143035856705407,A,High_risk,64.17,medium,stable
21259,VICTORIAN SEWING BOX SMALL ,6432.110000000001,1128,237,2010-12-01,2011-12-08,373,3.02,medium_moving,821205.3299999997,0.0007217838156766301,0.0921521423827307,A,meduim_risk,63.6,medium,stable
21260,FIRST AID TIN,3530.35,1129,148,2010-12-01,2011-12-08,373,3.03,medium_moving,824735.6799999997,0.0003961607456455177,0.09254830312837622,A,low_risk,50.27,medium,stable
21261,GREEN GOOSE FEATHER CHRISTMAS TREE ,520.6500000000001,167,27,2010-12-10,2011-12-06,362,0.46,slow_moving,825256.3299999997,5.842511145363458e-05,0.09260672823982986,A,High_risk,28.98,medium,stable
21262,WHITE GOOSE FEATHER CHRISTMAS TREE ,790.6000000000001,268,50,2010-12-06,2011-12-08,368,0.73,slow_moving,826046.9299999997,8.871774342695381e-05,0.09269544598325681,A,meduim_risk,25.59,medium,stable
21263,GREEN GOOSE FEATHER TREE 60CM,321.75,165,36,2011-05-10,2011-12-06,211,0.78,slow_moving,826368.6799999997,3.6105405954493275e-05,0.0927315513892113,A,low_risk,17.87,low,stable
21264,WHITE GOOSE FEATHER TREE 60CM ,499.2,256,42,2011-05-10,2011-12-06,211,1.21,medium_moving,826867.8799999997,5.6018084390001685e-05,0.0927875694736013,A,High_risk,43.72,medium,stable
21265,PINK GOOSE FEATHER TREE 60CM,249.59999999999997,128,16,2011-05-10,2011-12-07,212,0.6,slow_moving,827117.4799999996,2.800904219500084e-05,0.09281557851579629,A,low_risk,11.28,low,stable
21268,VINTAGE BLUE TINSEL REEL,0.84,2,1,2010-12-02,2010-12-02,1,2.0,medium_moving,827118.3199999996,9.426119969471437e-08,0.09281567277699598,A,,,,
21269,ANTIQUE CREAM CUTLERY SHELF ,238.0,28,18,2011-01-05,2011-11-22,322,0.09,slow_moving,827356.3199999996,2.6707339913502405e-05,0.09284238011690948,A,low_risk,1.36,low,stable
21270,ANTIQUE CREAM CUTLERY CUPBOARD,178.5,14,13,2011-03-28,2011-12-05,253,0.06,slow_moving,827534.8199999996,2.0030504935126805e-05,0.09286241062184462,A,low_risk,0.89,low,stable
21272,SALLE DE BAIN HOOK,660.0699999999999,503,60,2010-12-02,2011-08-01,243,2.07,medium_moving,828194.8899999995,7.40702262886787e-05,0.09293648084813329,A,High_risk,60.08,medium,stable
21275,ZINC TOP  2 DOOR WOODEN SHELF ,169.5,10,9,2010-12-08,2011-11-10,338,0.03,slow_moving,828364.3899999995,1.9020563509826293e-05,0.09295550141164312,A,High_risk,1.63,low,stable
21277,FRENCH STYLE EMBOSSED HEART CABINET,485.9,23,20,2010-12-05,2011-11-23,354,0.06,slow_moving,828850.2899999996,5.4525615394835375e-05,0.09301002702703795,A,low_risk,1.42,low,stable
21278,VINTAGE KITCHEN PRINT PUDDINGS,109.64999999999999,43,7,2011-01-06,2011-07-15,191,0.23,slow_moving,828959.9399999996,1.2304453031577893e-05,0.09302233148006954,A,low_risk,5.5,low,stable
21279,VINTAGE KITCHEN PRINT FRUITS,165.75,65,12,2010-12-16,2011-12-04,354,0.18,slow_moving,829125.6899999996,1.8599754582617747e-05,0.09304093123465215,A,low_risk,4.18,low,stable
21280,VINTAGE KITCHEN PRINT VEGETABLES,165.75,65,12,2011-01-10,2011-11-09,304,0.21,slow_moving,829291.4399999996,1.8599754582617747e-05,0.09305953098923476,A,low_risk,4.91,low,stable
21281,VINTAGE KITCHEN PRINT SEAFOOD,89.24999999999999,35,6,2010-12-08,2011-11-09,337,0.1,slow_moving,829380.6899999996,1.00152524675634e-05,0.09306954624170233,A,High_risk,8.92,low,stable
21284,RETROSPOT CANDLE  SMALL,313.53,385,25,2010-12-09,2011-12-08,365,1.05,medium_moving,829694.2199999996,3.5182992786052135e-05,0.09310472923448838,A,High_risk,55.28,medium,stable
21285,RETROSPOT CANDLE  MEDIUM,357.62,350,33,2010-12-12,2011-12-08,362,0.97,medium_moving,830051.8399999996,4.0130583612885426e-05,0.09314485981810128,A,High_risk,71.92,medium,stable
21286,RETROSPOT CANDLE  LARGE,279.37,255,18,2010-12-16,2011-12-08,358,0.71,slow_moving,830331.2099999996,3.134970399846709e-05,0.09317620952209973,A,High_risk,62.66,medium,stable
21287,SCENTED VELVET LOUNGE CANDLE ,755.13,1788,54,2010-12-03,2011-12-06,369,4.85,fast_moving,831086.3399999996,8.473745205413055e-05,0.09326094697415387,A,High_risk,165.2,high,stable
21288,STRIPEY CHOCOLATE NESTING BOXES,716.8000000000001,256,40,2010-12-02,2011-11-28,362,0.71,slow_moving,831803.1399999997,8.043622373948961e-05,0.09334138319789337,A,High_risk,22.47,medium,stable
21289,LARGE STRIPES CHOCOLATE GIFT BAG,553.75,443,19,2010-12-06,2011-11-27,357,1.24,medium_moving,832356.8899999997,6.213945158446201e-05,0.09340352264947784,A,High_risk,62.76,medium,stable
21291,SMALL POLKADOT CHOCOLATE GIFT BAG ,782.0,920,40,2010-12-06,2011-11-28,358,2.57,medium_moving,833138.8899999997,8.775268828722219e-05,0.09349127533776505,A,High_risk,77.12,medium,stable
21292,SMALL STRIPES CHOCOLATE GIFT BAG ,591.25,865,26,2010-12-01,2011-12-06,371,2.33,medium_moving,833730.1399999997,6.634754085654748e-05,0.0935576228786216,A,High_risk,117.0,high,stable
21293,MIRRORED DOVE WALL DECORATION,214.13000000000002,101,18,2011-03-01,2011-12-05,280,0.36,slow_moving,833944.2699999997,2.402875082217761e-05,0.09358165162944378,A,meduim_risk,10.58,low,stable
21294,ETCHED GLASS COASTER,722.88,1536,58,2010-12-05,2011-10-16,316,4.86,fast_moving,834667.1499999997,8.111849528013706e-05,0.09366277012472392,A,High_risk,167.77,high,stable
21306,SET/4 DAISY MIRROR MAGNETS,166.57,487,36,2010-12-05,2011-12-05,366,1.33,medium_moving,834833.7199999996,1.8691771468034015e-05,0.09368146189619195,A,High_risk,48.69,medium,stable
21307,SET/4 BUTTERFLY MIRROR MAGNETS,39.199999999999996,79,13,2010-12-05,2011-07-13,221,0.36,slow_moving,834872.9199999996,4.398855985753337e-06,0.09368586075217769,A,High_risk,27.85,medium,stable
21310,CAPIZ CHANDELIER,29.95,1,1,2011-05-24,2011-05-24,1,1.0,medium_moving,834902.8699999995,3.3608606319722565e-06,0.09368922161280965,A,,,,stable
21311,SET/4 BIRD MIRROR MAGNETS ,165.76999999999998,478,44,2010-12-05,2011-12-04,365,1.31,medium_moving,835068.6399999995,1.860199889689619e-05,0.09370782361170656,A,High_risk,70.83,medium,stable
21313,GLASS HEART T-LIGHT HOLDER ,2110.46,2843,129,2010-12-02,2011-12-09,373,7.62,fast_moving,837179.0999999995,0.00023682677560441298,0.09394465038731097,A,low_risk,87.29,medium,stable
21314,SMALL GLASS HEART TRINKET POT,7412.56,3670,342,2010-12-01,2011-12-09,374,9.81,fast_moving,844591.6599999996,0.0008318057123917286,0.0947764560997027,A,low_risk,71.52,medium,stable
21316,SMALL CHUNKY GLASS ROMAN  BOWL,156.59,149,9,2011-01-27,2011-04-10,74,2.01,medium_moving,844748.2499999995,1.7571858643089672e-05,0.09479402795834578,A,High_risk,62.56,medium,stable
21317,GLASS SPHERE CANDLE STAND MEDIUM,516.2,96,26,2011-01-23,2011-12-06,318,0.3,slow_moving,845264.4499999995,5.792575152668044e-05,0.09485195370987246,A,meduim_risk,8.4,low,stable
21318,GLASS CHALICE BLUE SMALL ,372.3,680,40,2011-01-07,2011-05-06,120,5.67,fast_moving,845636.7499999995,4.177791029326448e-05,0.09489373162016573,A,High_risk,233.34,high,stable
21319,GLASS CHALICE GREEN  SMALL ,129.51,147,12,2010-12-14,2011-04-10,118,1.25,medium_moving,845766.2599999995,1.4533057110074355e-05,0.09490826467727581,A,High_risk,33.08,medium,stable
21320,GLASS CHALICE GREEN  LARGE ,309.66,186,11,2011-01-27,2011-04-07,71,2.62,medium_moving,846075.9199999996,3.4748717973172926e-05,0.09494301339524898,A,meduim_risk,52.85,medium,stable
21324,HANGING MEDINA LANTERN SMALL,203.55,69,20,2010-12-01,2011-04-18,139,0.5,slow_moving,846279.4699999996,2.2841508568879897e-05,0.09496585490381787,A,meduim_risk,9.6,low,stable
21326,AGED GLASS SILVER T-LIGHT HOLDER,6083.200000000001,10088,277,2010-12-01,2011-12-09,374,26.97,fast_moving,852362.6699999996,0.0006826306309320079,0.09564848553474987,A,low_risk,403.5,high,stable
21327,SKULLS WRITING SET ,887.6999999999999,538,145,2010-12-01,2011-12-08,373,1.44,medium_moving,853250.3699999995,9.961388924880707e-05,0.09574809942399867,A,meduim_risk,38.16,medium,stable
21328,BALLOONS  WRITING SET ,1262.1999999999998,760,187,2010-12-01,2011-12-09,374,2.03,medium_moving,854512.5699999995,0.00014163867411270056,0.09588973809811137,A,meduim_risk,51.16,medium,stable
21329,DINOSAURS  WRITING SET ,980.0499999999998,589,168,2010-12-01,2011-12-09,374,1.57,medium_moving,855492.6199999995,0.00010997701042952954,0.0959997151085409,A,High_risk,50.07,medium,stable
21331,MOROCCAN BEATEN METAL DISH LARGE,140.25,11,7,2010-12-13,2011-11-16,339,0.03,slow_moving,855632.8699999995,1.573825387759963e-05,0.0960154533624185,A,low_risk,1.17,low,stable
21332,MOROCCAN BEATEN METAL MIRROR,143.3,14,8,2011-01-09,2011-08-15,219,0.06,slow_moving,855776.1699999996,1.6080511805062586e-05,0.09603153387422357,A,meduim_risk,1.53,low,stable
21333,CLASSIC WHITE FRAME,162.25,55,15,2010-12-01,2011-04-05,126,0.44,slow_moving,855938.4199999996,1.820699958388977e-05,0.09604974087380747,A,meduim_risk,9.38,low,stable
21336,GOLD WASHBAG,23.6,8,3,2010-12-06,2011-05-20,166,0.05,slow_moving,855962.0199999996,2.648290848565785e-06,0.09605238916465603,A,High_risk,4.24,low,stable
21340,CLASSIC METAL BIRDCAGE PLANT HOLDER,10161.41,928,260,2010-12-01,2011-12-07,372,2.49,medium_moving,866123.4299999996,0.0011402698776069853,0.09719265904226301,A,low_risk,32.14,medium,stable
21344,MOROCCAN BEATEN METAL DISH,139.29999999999998,14,5,2011-07-06,2011-12-08,156,0.09,slow_moving,866262.7299999996,1.5631648949373466e-05,0.0972082906912124,A,low_risk,1.29,low,stable
21348,PINK SPOTS CHOCOLATE NESTING BOXES ,355.65,139,5,2010-12-16,2011-01-26,42,3.31,medium_moving,866618.3799999997,3.990951865645853e-05,0.09724820020986885,A,meduim_risk,62.93,medium,
21349,IVY HEART WREATH,81.0,12,7,2010-12-02,2011-11-01,335,0.04,slow_moving,866699.3799999997,9.0894728277046e-06,0.09725728968269655,A,meduim_risk,2.65,low,stable
21351,CINAMMON & ORANGE WREATH,654.55,101,31,2010-12-01,2011-12-09,374,0.27,slow_moving,867353.9299999997,7.345079554782772e-05,0.09733074047824439,A,meduim_risk,12.23,low,stable
21352,EUCALYPTUS & PINECONE  WREATH,1118.65,311,37,2010-12-01,2011-11-15,350,0.89,medium_moving,868472.5799999997,0.00012553010837915743,0.09745627058662355,A,High_risk,50.83,medium,stable
21354,TOAST ITS - BEST MUM,888.45,753,68,2010-12-01,2011-12-01,366,2.06,medium_moving,869361.0299999997,9.96980510342488e-05,0.0975559686376578,A,meduim_risk,56.52,medium,stable
21355,TOAST ITS - I LOVE YOU ,961.65,777,107,2010-12-02,2011-12-09,373,2.08,medium_moving,870322.6799999997,0.00010791224129335962,0.09766388087895116,A,High_risk,125.06,high,stable
21356,TOAST ITS - FAIRY FLOWER,363.15,304,53,2010-12-02,2011-12-05,369,0.82,slow_moving,870685.8299999997,4.0751136510875625e-05,0.09770463201546203,A,meduim_risk,17.91,low,stable
21357,TOAST ITS - DINOSAUR,23.75,19,10,2010-12-02,2011-03-28,117,0.16,slow_moving,870709.5799999997,2.6651232056541266e-06,0.09770729713866769,A,meduim_risk,5.51,low,stable
21358,TOAST ITS - HAPPY BIRTHDAY,410.0,328,59,2010-12-01,2011-12-06,371,0.88,medium_moving,871119.5799999997,4.60084427081344e-05,0.09775330558137582,A,meduim_risk,17.42,low,stable
21359,RELAX LARGE WOOD LETTERS,759.65,127,26,2011-01-04,2011-08-11,220,0.58,slow_moving,871879.2299999997,8.524466708105925e-05,0.09783855024845688,A,High_risk,26.66,medium,stable
21360,JOY LARGE WOOD LETTERS,194.15,37,14,2010-12-02,2011-06-06,187,0.2,slow_moving,872073.3799999998,2.1786680858010472e-05,0.0978603369293149,A,High_risk,5.47,low,stable
21361,LOVE LARGE WOOD LETTERS ,1127.85,91,54,2010-12-05,2011-07-22,230,0.4,slow_moving,873201.2299999997,0.0001265624929472424,0.09798689942226213,A,meduim_risk,8.94,low,stable
21363,HOME SMALL WOOD LETTERS,1034.55,209,90,2010-12-01,2011-09-25,299,0.7,slow_moving,874235.7799999998,0.00011609276683829375,0.09810299218910043,A,meduim_risk,16.39,low,stable
21364,PEACE SMALL WOOD LETTERS,168.75,25,21,2010-12-02,2011-10-13,316,0.08,slow_moving,874404.5299999998,1.8936401724384586e-05,0.09812192859082482,A,meduim_risk,1.84,low,stable
21365,MIRRORED WALL ART STARS,360.0,348,42,2010-12-01,2011-12-08,373,0.93,medium_moving,874764.5299999998,4.0397657012020445e-05,0.09816232624783684,A,meduim_risk,23.47,medium,stable
21366,MIRRORED WALL ART PHOTO FRAMES,102.0,24,10,2010-12-06,2011-12-07,367,0.07,slow_moving,874866.5299999998,1.144600282007246e-05,0.09817377225065692,A,meduim_risk,2.07,low,stable
21367,MIRRORED WALL ART GENTS,159.51,163,35,2010-12-01,2011-12-05,370,0.44,slow_moving,875026.0399999998,1.7899528527742726e-05,0.09819167177918466,A,High_risk,14.6,low,stable
21368,MIRRORED WALL ART LADIES,129.15,161,30,2011-01-16,2011-12-05,324,0.5,slow_moving,875155.1899999998,1.4492659453062335e-05,0.09820616443863772,A,meduim_risk,15.23,low,stable
21369,MIRRORED WALL ART SPLODGES,142.5,98,13,2011-03-07,2011-12-05,274,0.36,slow_moving,875297.6899999998,1.599073923392476e-05,0.09822215517787164,A,meduim_risk,9.37,low,stable
21370,MIRRORED WALL ART FOXY,88.2,15,8,2010-12-01,2011-12-07,372,0.04,slow_moving,875385.8899999998,9.89742596794501e-06,0.09823205260383959,A,low_risk,2.65,low,stable
21371,MIRRORED WALL ART POPPIES,274.65,275,32,2011-01-21,2011-12-08,322,0.85,medium_moving,875660.5399999998,3.082004582875393e-05,0.09826287264966835,A,meduim_risk,24.05,medium,stable
21372,MIRRORED WALL ART TABLE LAMP,75.73,67,25,2010-12-19,2011-11-28,345,0.19,slow_moving,875736.2699999998,8.498096015334191e-06,0.09827137074568368,A,low_risk,4.57,low,stable
21373,MIRRORED WALL ART SNOWFLAKES,380.25,507,45,2011-06-07,2011-12-07,184,2.76,medium_moving,876116.5199999998,4.26700252189466e-05,0.09831404077090262,A,low_risk,24.21,medium,stable
21374,MIRRORED WALL ART SKULLS,400.0,294,40,2010-12-01,2011-12-01,366,0.8,slow_moving,876516.5199999998,4.488628556891161e-05,0.09835892705647153,A,meduim_risk,23.5,medium,stable
21375,LARGE CAMPHOR WOOD FIELD MUSHROOM ,109.80000000000001,24,10,2010-12-08,2011-12-04,362,0.07,slow_moving,876626.3199999998,1.2321285388666237e-05,0.0983712483418602,A,low_risk,1.32,low,stable
21376,LARGE  TALL CAMPHOR WOOD TOADSTOOL ,154.65,33,13,2010-12-08,2011-12-04,362,0.09,slow_moving,876780.9699999999,1.7354160158080452e-05,0.0983886025020183,A,low_risk,1.8,low,stable
21377,SMALL CAMPHOR WOOD FIELD  MUSHROOM,123.20999999999998,93,19,2010-12-03,2011-12-07,370,0.25,slow_moving,876904.1799999998,1.3826098112363995e-05,0.09840242860013065,A,meduim_risk,5.86,low,stable
21378,SMALL TALL CAMPHOR WOOD TOADSTOOL,175.04999999999998,129,22,2010-12-12,2011-12-07,361,0.36,slow_moving,877079.2299999999,1.964336072209494e-05,0.09842207196085274,A,meduim_risk,8.16,low,stable
21379,CAMPHOR WOOD PORTOBELLO MUSHROOM,163.11,147,23,2010-12-03,2011-12-07,370,0.4,slow_moving,877242.3399999999,1.8303505097862933e-05,0.09844037546595061,A,meduim_risk,11.16,low,stable
21380,WOODEN HAPPY BIRTHDAY GARLAND,5910.150000000001,2093,232,2010-12-01,2011-12-02,367,5.7,fast_moving,883152.4899999999,0.0006632117016377574,0.09910358716758837,A,meduim_risk,113.93,high,stable
21381,MINI WOODEN HAPPY BIRTHDAY GARLAND,2733.07,1699,138,2010-12-02,2011-12-06,370,4.59,fast_moving,885885.5599999998,0.0003066934012495631,0.09941028056883792,A,High_risk,158.72,high,stable
21382,SET/4 SPRING FLOWER DECORATION,1164.3500000000001,1045,93,2010-12-09,2011-12-01,358,2.92,medium_moving,887049.9099999998,0.00013065836650540558,0.09954093893534333,A,High_risk,78.43,medium,stable
21383,PACK OF 12 STICKY BUNNIES,501.8,772,77,2010-12-02,2011-12-08,372,2.08,medium_moving,887551.7099999998,5.630984524619961e-05,0.09959724878058954,A,High_risk,83.5,medium,stable
21385,IVORY HANGING DECORATION  HEART,2957.64,3564,205,2010-12-02,2011-12-06,370,9.63,fast_moving,890509.3499999999,0.0003318936841250893,0.09992914246471463,A,low_risk,160.67,high,stable
21386,IVORY HANGING DECORATION  EGG,257.57,713,46,2010-12-15,2011-12-04,355,2.01,medium_moving,890766.9199999998,2.8903401434961408e-05,0.09995804586614958,A,low_risk,36.32,medium,stable
21389,IVORY HANGING DECORATION  BIRD,865.3,1018,94,2010-12-16,2011-12-04,354,2.88,medium_moving,891632.2199999999,9.710025725694803e-05,0.10005514612340653,A,High_risk,91.42,medium,stable
21390,FILIGRIS HEART WITH BUTTERFLY,4544.13,3781,174,2010-12-02,2011-12-06,370,10.22,fast_moving,896176.3499999999,0.0005099227921056457,0.10056506891551217,A,low_risk,162.87,high,stable
21391,FRENCH LAVENDER SCENT HEART,855.45,975,75,2010-12-16,2011-11-21,341,2.86,medium_moving,897031.7999999998,9.59949324748136e-05,0.10066106384798698,A,High_risk,133.74,high,stable
21392,RED POLKADOT PUDDING BOWL,38.13,32,6,2010-12-02,2011-03-17,106,0.3,slow_moving,897069.9299999998,4.2787851718564995e-06,0.10066534263315885,A,low_risk,1.41,low,stable
21393,BLUE POLKADOT PUDDING BOWL,38.67,29,7,2010-12-02,2011-03-28,117,0.25,slow_moving,897108.5999999999,4.33938165737453e-06,0.10066968201481623,A,low_risk,2.12,low,stable
21394,RED POLKADOT BEAKER ,1538.62,3822,114,2010-12-23,2011-11-13,326,11.72,fast_moving,898647.2199999999,0.00017265734175509693,0.10084233935657132,A,meduim_risk,269.73,high,stable
21395,BLUE POLKADOT BEAKER ,1096.6799999999998,2812,78,2011-03-20,2011-11-03,229,12.28,fast_moving,899743.8999999999,0.00012306472914428495,0.10096540408571561,A,meduim_risk,232.23,high,stable
21397,BLUE POLKADOT EGG CUP ,445.26,1016,44,2010-12-07,2011-04-19,134,7.58,fast_moving,900189.1599999999,4.9965168781033956e-05,0.10101536925449664,A,High_risk,307.98,high,stable
21398,RED POLKADOT COFFEE  MUG,642.75,1499,49,2010-12-01,2011-04-19,140,10.71,fast_moving,900831.9099999999,7.212665012354484e-05,0.1010874959046202,A,High_risk,396.38,high,stable
21399,BLUE POLKADOT COFFEE MUG,830.8199999999999,2047,62,2010-12-02,2011-06-05,186,11.01,fast_moving,901662.7299999999,9.323105944090785e-05,0.1011807269640611,A,High_risk,387.38,high,stable
21400,RED PUDDING SPOON,109.74,837,48,2010-12-16,2011-12-04,354,2.36,medium_moving,901772.4699999999,1.2314552445830899e-05,0.10119304151650692,A,meduim_risk,51.61,medium,stable
21401,BLUE PUDDING SPOON,132.29999999999998,1010,58,2010-12-05,2011-12-06,367,2.75,medium_moving,901904.7699999999,1.4846138951917512e-05,0.10120788765545885,A,meduim_risk,63.56,medium,stable
21402,RED  EGG  SPOON,155.4,1290,61,2011-03-13,2011-11-30,263,4.9,fast_moving,902060.1699999999,1.743832194352216e-05,0.10122532597740237,A,low_risk,60.18,medium,stable
21403,BLUE EGG  SPOON,258.71999999999997,1718,71,2010-12-22,2011-12-06,350,4.91,fast_moving,902318.8899999999,2.9032449505972025e-05,0.10125435842690834,A,meduim_risk,87.15,medium,stable
21407,BROWN CHECK CAT DOORSTOP ,965.0,233,94,2010-12-03,2011-11-22,355,0.66,slow_moving,903283.8899999999,0.00010828816393499926,0.10136264659084333,A,low_risk,12.38,low,stable
21408,SPOTTY PINK DUCK DOORSTOP,764.91,225,65,2010-12-02,2011-12-08,372,0.6,slow_moving,904048.7999999999,8.583492173629043e-05,0.10144848151257964,A,High_risk,25.89,medium,stable
21411,GINGHAM HEART  DOORSTOP RED,2391.46,722,185,2010-12-01,2011-12-08,373,1.94,medium_moving,906440.2599999999,0.0002683593912165734,0.10171684090379621,A,High_risk,73.85,medium,stable
21413,PERIWINKLE T-LIGHT HOLDER,45.0,36,10,2010-12-05,2011-11-13,344,0.1,slow_moving,906485.2599999999,5.049707126502556e-06,0.10172189061092271,A,High_risk,6.26,low,stable
21414,SCALLOP SHELL SOAP DISH,2.1,1,1,2011-02-22,2011-02-22,1,1.0,medium_moving,906487.3599999999,2.3565299923678594e-07,0.10172212626392194,A,,,,
21415,CLAM SHELL SMALL ,384.13000000000005,206,30,2010-12-02,2011-12-08,372,0.55,slow_moving,906871.4899999999,4.3105422188965044e-05,0.1017652316861109,A,low_risk,11.41,low,stable
21416,CLAM SHELL LARGE,18.75,5,4,2010-12-02,2011-03-22,111,0.05,slow_moving,906890.2399999999,2.1040446360427318e-06,0.10176733573074695,A,meduim_risk,1.15,low,stable
21417,COCKLE SHELL DISH,420.88,289,32,2010-12-02,2011-12-09,373,0.77,slow_moving,907311.1199999999,4.722934967560879e-05,0.10181456508042255,A,High_risk,38.51,medium,stable
21418,STARFISH SOAP DISH,115.25,59,12,2011-02-25,2011-12-07,286,0.21,slow_moving,907426.3699999999,1.2932861029542657e-05,0.1018274979414521,A,meduim_risk,8.11,low,stable
21420,OYSTER TRINKET BOX,87.12,48,13,2011-01-20,2011-12-07,322,0.15,slow_moving,907513.4899999999,9.776232996908948e-06,0.101837274174449,A,High_risk,8.6,low,stable
21421,PORCELAIN ROSE LARGE ,345.14,298,13,2010-12-02,2011-05-24,174,1.71,medium_moving,907858.6299999999,3.873013150313538e-05,0.10187600430595214,A,High_risk,64.4,medium,stable
21422,PORCELAIN ROSE SMALL,1218.36,1560,46,2010-12-02,2011-11-28,362,4.31,fast_moving,909076.9899999999,0.00013671913721434787,0.10201272344316649,A,High_risk,155.96,high,stable
21424,WOODLAND STORAGE BOX LARGE ,612.05,227,22,2010-12-17,2011-10-25,313,0.73,slow_moving,909689.0399999999,6.868162770613086e-05,0.10208140507087263,A,meduim_risk,23.6,medium,stable
21425,SKULLS STORAGE BOX LARGE,188.05,67,16,2010-12-16,2011-12-06,356,0.19,slow_moving,909877.09,2.1102165003084572e-05,0.10210250723587572,A,High_risk,7.12,low,stable
21426,WOODLAND STORAGE BOX SMALL,411.30000000000007,213,17,2010-12-02,2011-11-30,364,0.59,slow_moving,910288.39,4.6154323136233367e-05,0.10214866155901195,A,High_risk,23.68,medium,stable
21427,SKULLS STORAGE BOX SMALL,161.70000000000002,77,25,2010-12-01,2011-12-06,371,0.21,slow_moving,910450.09,1.814528094123252e-05,0.10216680683995319,A,low_risk,5.8,low,stable
21428,SET3 BOOK BOX GREEN GINGHAM FLOWER ,4263.55,1099,182,2010-12-02,2011-12-06,370,2.97,medium_moving,914713.64,0.0004784373070933327,0.10264524414704652,A,low_risk,47.68,medium,stable
21429,RED GINGHAM ROSE JEWELLERY BOX,2925.0,1616,217,2010-12-01,2011-12-08,373,4.33,fast_moving,917638.64,0.0003282309632226661,0.10297347511026919,A,low_risk,87.79,medium,stable
21430,SET/3 RED GINGHAM ROSE STORAGE BOX,9424.32,2704,319,2010-12-02,2011-12-08,372,7.27,fast_moving,927062.96,0.0010575567970320125,0.10403103190730119,A,low_risk,131.18,high,stable
21439,BASKET OF TOADSTOOLS,1574.98,1322,77,2010-12-05,2011-12-08,369,3.58,medium_moving,928637.94,0.000176737505113311,0.1042077694124145,A,High_risk,147.53,high,stable
21441,BLUE BIRDHOUSE DECORATION,223.3,376,38,2010-12-01,2011-12-08,373,1.01,medium_moving,928861.24,2.5057768918844907e-05,0.10423282718133335,A,High_risk,37.67,medium,stable
21442,GREEN BIRDHOUSE DECORATION,232.01,389,36,2010-12-10,2011-12-08,364,1.07,medium_moving,929093.25,2.6035167787107956e-05,0.10425886234912046,A,High_risk,36.82,medium,stable
21445,12 PINK ROSE PEG PLACE SETTINGS,267.5,214,21,2010-12-05,2011-07-22,230,0.93,medium_moving,929360.75,3.0017703474209638e-05,0.10428888005259467,A,High_risk,45.42,medium,stable
21446,12 RED ROSE PEG PLACE SETTINGS,500.0,400,75,2010-12-03,2011-12-08,371,1.08,medium_moving,929860.75,5.610785696113951e-05,0.1043449879095558,A,meduim_risk,23.92,medium,stable
21447,12 IVORY ROSE PEG PLACE SETTINGS,936.25,749,91,2010-12-05,2011-09-11,281,2.67,medium_moving,930797.0,0.00010506196215973374,0.10445004987171555,A,meduim_risk,51.19,medium,stable
21448,12 DAISY PEGS IN WOOD BOX,539.55,327,62,2010-12-01,2011-10-16,320,1.02,medium_moving,931336.55,6.054598844676564e-05,0.10451059586016231,A,High_risk,30.88,medium,stable
21452,TOADSTOOL MONEY BOX,2140.15,745,133,2010-12-01,2011-12-07,372,2.0,medium_moving,933476.7000000001,0.00024015846015076545,0.10475075432031308,A,low_risk,31.77,medium,stable
21454,PAINTED PINK RABBIT ,270.29999999999995,318,43,2010-12-10,2011-12-07,363,0.88,medium_moving,933747.0000000001,3.0331907473192014e-05,0.10478108622778629,A,High_risk,44.09,medium,stable
21455,PAINTED YELLOW WOODEN DAISY,230.35,271,32,2011-01-05,2011-12-07,337,0.8,slow_moving,933977.3500000001,2.5848889701996972e-05,0.10480693511748827,A,High_risk,41.52,medium,stable
21456,2 PICTURE BOOK EGGS EASTER CHICKS,201.25,161,19,2011-01-23,2011-12-07,319,0.5,slow_moving,934178.6000000001,2.2583412426858653e-05,0.10482951852991514,A,High_risk,31.64,medium,stable
21457,2 PICTURE BOOK EGGS EASTER DUCKS,143.75,115,16,2011-01-23,2011-11-09,291,0.4,slow_moving,934322.3500000001,1.613100887632761e-05,0.10484564953879145,A,low_risk,14.37,low,stable
21458,2 PICTURE BOOK EGGS EASTER BUNNY,197.5,158,19,2011-01-17,2011-11-09,297,0.53,slow_moving,934519.8500000001,2.2162603499650107e-05,0.10486781214229111,A,meduim_risk,24.01,medium,stable
21459,YELLOW EASTER EGG HUNT START POST,146.25,75,18,2011-01-14,2011-04-18,95,0.79,slow_moving,934666.1000000001,1.6411548161133305e-05,0.10488422369045225,A,meduim_risk,12.34,low,stable
21460,GREEN EASTER EGG HUNT START POST,50.699999999999996,26,9,2011-01-14,2011-03-23,69,0.38,slow_moving,934716.8,5.689336695859546e-06,0.1048899130271481,A,low_risk,2.08,low,stable
21461,BLUE EASTER EGG HUNT START POST,17.55,9,4,2011-01-16,2011-03-23,67,0.13,slow_moving,934734.3500000001,1.9693857793359967e-06,0.10489188241292743,A,low_risk,0.71,low,stable
21462,"NURSERY A,B,C PAINTED LETTERS",859.2,192,67,2010-12-01,2011-12-09,374,0.51,slow_moving,935593.55,9.641574140202214e-05,0.10498829815432946,A,High_risk,24.33,medium,stable
21463,MIRRORED DISCO BALL ,3405.3,644,129,2010-12-01,2011-12-07,372,1.73,medium_moving,938998.8500000001,0.00038212817061953675,0.105370426324949,A,meduim_risk,43.93,medium,stable
21464,DISCO BALL ROTATOR BATTERY OPERATED,1034.0,244,102,2010-12-01,2011-12-01,366,0.67,slow_moving,940032.8500000001,0.0001160310481956365,0.10548645737314463,A,meduim_risk,13.85,low,stable
21465,PINK FLOWER CROCHET FOOD COVER,727.46,193,63,2010-12-02,2011-12-01,365,0.53,slow_moving,940760.31,8.16324432499011e-05,0.10556808981639454,A,low_risk,7.14,low,stable
21466,RED FLOWER CROCHET FOOD COVER,982.49,267,91,2010-12-01,2011-12-07,372,0.72,slow_moving,941742.8,0.00011025081677149992,0.10567834063316603,A,meduim_risk,13.63,low,stable
21467,CHERRY CROCHET FOOD COVER,813.67,215,78,2010-12-01,2011-12-05,370,0.58,slow_moving,942556.4700000001,9.130655994714076e-05,0.10576964719311317,A,meduim_risk,14.23,low,stable
21468,BUTTERFLY CROCHET FOOD COVER,468.67,123,50,2010-12-05,2011-11-29,360,0.34,slow_moving,943025.1400000001,5.259213864395451e-05,0.10582223933175713,A,meduim_risk,8.67,low,stable
21469,POLKA DOT RAFFIA FOOD COVER,941.21,250,71,2010-12-01,2011-12-07,372,0.67,slow_moving,943966.3500000001,0.00010561855210078824,0.10592785788385792,A,meduim_risk,15.75,low,stable
21470,FLOWER VINE RAFFIA FOOD COVER,1278.63,338,114,2010-12-02,2011-12-05,369,0.92,medium_moving,945244.9800000001,0.00014348237829244363,0.10607134026215037,A,low_risk,13.8,low,stable
21471,STRAWBERRY RAFFIA FOOD COVER,1702.65,495,92,2010-12-01,2011-11-23,358,1.38,medium_moving,946947.6300000001,0.00019106408530976838,0.10626240434746013,A,meduim_risk,32.86,medium,stable
21472,LADYBIRD + BEE RAFFIA FOOD COVER,446.25,119,33,2010-12-01,2011-07-15,227,0.52,slow_moving,947393.8800000001,5.007626233781701e-05,0.10631248060979795,A,meduim_risk,14.3,low,stable
21473,SWEETHEART CREAM STEEL TABLE RECT,438.9,22,18,2010-12-13,2011-11-20,343,0.06,slow_moving,947832.7800000001,4.925147684048826e-05,0.10636173208663845,A,low_risk,1.18,low,stable
21476,STEEL SWEETHEART ROUND TABLE CREAM,463.45,31,18,2011-01-25,2011-10-19,268,0.12,slow_moving,948296.2300000001,5.200637261728021e-05,0.10641373845925572,A,meduim_risk,2.88,low,stable
21479,WHITE SKULL HOT WATER BOTTLE ,10227.72,2702,378,2010-12-01,2011-12-09,374,7.22,fast_moving,958523.9500000001,0.0011477109015971714,0.10756144936085289,A,High_risk,267.16,high,stable
21481,FAWN BLUE HOT WATER BOTTLE,9218.550000000001,2925,379,2010-12-01,2011-12-09,374,7.82,fast_moving,967742.5000000001,0.0010344661695782253,0.10859591553043112,A,meduim_risk,208.11,high,stable
21484,CHICK GREY HOT WATER BOTTLE,5810.37,1555,282,2010-12-01,2011-12-08,373,4.17,fast_moving,973552.8700000001,0.0006520148177025923,0.10924793034813371,A,High_risk,155.56,high,stable
21485,RETROSPOT HEART HOT WATER BOTTLE,15871.73,3335,533,2010-12-01,2011-12-09,374,8.92,fast_moving,989424.6000000001,0.0017810575131316534,0.11102898786126536,A,High_risk,296.18,high,stable
21486,PINK HEART DOTS HOT WATER BOTTLE,30.0,8,4,2010-12-01,2010-12-05,5,1.6,medium_moving,989454.6000000001,3.3664714176683707e-06,0.11103235433268303,A,,,,
21488,RED WHITE SCARF  HOT WATER BOTTLE,11.850000000000001,3,2,2010-12-01,2010-12-01,1,3.0,medium_moving,989466.4500000001,1.3297562099790066e-06,0.11103368408889301,A,,,,
21494,ROTATING LEAVES T-LIGHT HOLDER,1624.73,1228,126,2010-12-01,2011-12-08,373,3.29,medium_moving,991091.18,0.0001823202368809444,0.11121600432577394,A,High_risk,133.96,high,stable
21495,SKULLS AND CROSSBONES WRAP,2356.0,5800,165,2010-12-01,2011-12-08,373,15.55,fast_moving,993447.18,0.0002643802220008894,0.11148038454777484,A,low_risk,270.19,high,stable
21497,FANCY FONTS BIRTHDAY WRAP,3430.0,8600,230,2010-12-01,2011-12-09,374,22.99,fast_moving,996877.18,0.00038489989875341703,0.11186528444652825,A,meduim_risk,459.58,high,stable
21498,RED RETROSPOT WRAP ,4320.74,10547,335,2010-12-01,2011-12-08,373,28.28,fast_moving,1001197.92,0.0004848549237725478,0.1123501393703008,A,low_risk,286.71,high,stable
21499,BLUE POLKADOT WRAP,2808.5,6925,215,2010-12-02,2011-12-08,372,18.62,fast_moving,1004006.42,0.00031515783255072063,0.11266529720285152,A,low_risk,218.04,high,stable
21500,PINK POLKADOT WRAP ,2593.0,6350,213,2010-12-02,2011-12-05,369,17.21,fast_moving,1006599.42,0.0002909753462004695,0.112956272549052,A,low_risk,219.52,high,stable
21503,TOYBOX  WRAP ,288.92,726,23,2010-12-19,2011-11-30,347,2.09,medium_moving,1006888.3400000001,3.2421364066424855e-05,0.11298869391311842,A,High_risk,85.65,medium,stable
21504,SKULLS GREETING CARD,763.1999999999999,1884,96,2010-12-02,2011-12-07,371,5.08,fast_moving,1007651.54,8.564303286548334e-05,0.1130743369459839,A,low_risk,85.48,medium,stable
21506,"FANCY FONT BIRTHDAY CARD, ",1910.8799999999999,4740,250,2010-12-01,2011-12-09,374,12.67,fast_moving,1009562.42,0.00021443076341980452,0.1132887677094037,A,low_risk,167.25,high,stable
21507,ELEPHANT BIRTHDAY CARD ,454.92,1092,72,2011-08-28,2011-12-09,104,10.5,fast_moving,1010017.3400000001,5.104917257752317e-05,0.11333981688198123,A,meduim_risk,178.1,high,stable
21507,"ELEPHANT, BIRTHDAY CARD, ",859.08,2114,126,2010-12-02,2011-08-25,267,7.92,fast_moving,1010876.42,9.640227551635146e-05,0.11343621915749758,A,low_risk,77.0,medium,stable
21508,VINTAGE KID DOLLY CARD ,971.11,2393,145,2010-12-02,2011-12-08,372,6.43,fast_moving,1011847.53,0.00010897380194706438,0.11354519295944464,A,low_risk,66.77,medium,stable
21509,COWBOYS AND INDIANS BIRTHDAY CARD ,1444.75,3581,203,2010-12-01,2011-12-08,373,9.6,fast_moving,1013292.28,0.00016212365268921262,0.11370731661213386,A,low_risk,111.66,high,stable
21518,BANK ACCOUNT  GREETING  CARD ,106.97999999999999,265,17,2010-12-02,2011-04-05,125,2.12,medium_moving,1013399.26,1.2004837075405407e-05,0.11371932144920925,A,low_risk,29.17,medium,stable
21519,GIN & TONIC DIET GREETING CARD ,1320.9,3217,191,2010-12-01,2011-12-08,373,8.62,fast_moving,1014720.16,0.00014822573651993837,0.1138675471857292,A,low_risk,95.59,high,stable
21520,BOOZE & WOMEN GREETING CARD ,187.62,457,33,2010-12-01,2011-11-01,336,1.36,medium_moving,1014907.78,2.105391224609799e-05,0.1138886010979753,A,meduim_risk,25.15,medium,stable
21523,DOORMAT FANCY FONT HOME SWEET HOME,19157.02,3088,397,2010-12-01,2011-12-09,374,8.26,fast_moving,1034064.8,0.0021497186759233777,0.11603831977389867,A,meduim_risk,197.53,high,stable
21524,DOORMAT SPOTTY HOME SWEET HOME,12095.67,1662,405,2010-12-01,2011-12-08,373,4.46,fast_moving,1046160.4700000001,0.0013573242444182927,0.11739564401831697,A,low_risk,77.79,medium,stable
21527,RED RETROSPOT TRADITIONAL TEAPOT ,3540.6000000000004,468,133,2010-12-02,2011-05-15,165,2.84,medium_moving,1049701.07,0.0003973109567132211,0.11779295497503019,A,meduim_risk,67.94,medium,stable
21528,DAIRY MAID TRADITIONAL TEAPOT ,1230.05,179,86,2010-12-02,2011-11-29,363,0.49,slow_moving,1050931.12,0.0001380309389100993,0.1179309859139403,A,low_risk,5.7,low,stable
21530,DAIRY MAID TOASTRACK,690.12,756,83,2010-12-02,2011-12-08,372,2.03,medium_moving,1051621.2400000002,7.74423084920432e-05,0.11800842822243235,A,meduim_risk,54.59,medium,stable
21531,RED RETROSPOT SUGAR JAM BOWL,3459.15,1473,206,2010-12-02,2011-12-07,371,3.97,medium_moving,1055080.3900000001,0.0003881709868142515,0.1183965992092466,A,low_risk,60.35,medium,stable
21533,RETROSPOT LARGE MILK JUG,6267.150000000001,1317,310,2010-12-01,2011-12-09,374,3.52,medium_moving,1061347.54,0.000703272711508011,0.1190998719207546,A,low_risk,53.24,medium,stable
21534,DAIRY MAID LARGE MILK JUG,1593.45,327,124,2010-12-07,2011-12-07,366,0.89,medium_moving,1062940.99,0.00017881012934945552,0.11927868205010404,A,low_risk,12.59,low,stable
21535,RED RETROSPOT SMALL MILK JUG,5830.2,2460,310,2010-12-09,2011-12-08,365,6.74,fast_moving,1068771.19,0.0006542400553096711,0.1199329221054137,A,low_risk,98.46,high,stable
21537,RED RETROSPOT PUDDING BOWL,1341.75,327,57,2010-12-02,2011-12-07,371,0.88,medium_moving,1070112.94,0.00015056543415521787,0.12008348753956892,A,meduim_risk,21.97,medium,stable
21538,DAIRY MAID  PUDDING BOWL,18.75,5,2,2010-12-02,2010-12-09,8,0.62,slow_moving,1070131.69,2.1040446360427318e-06,0.12008559158420497,A,,,,
21539,RED RETROSPOT BUTTER DISH,4429.650000000001,939,211,2010-12-02,2011-11-01,335,2.8,medium_moving,1074561.3399999999,0.0004970763371758233,0.12058266792138078,A,low_risk,37.3,medium,stable
21544,SKULLS  WATER TRANSFER TATTOOS ,1522.3999999999999,1872,113,2010-12-01,2011-12-08,373,5.02,fast_moving,1076083.7399999998,0.00017083720287527758,0.12075350512425605,A,low_risk,73.17,medium,stable
21547,CERAMIC BIRDHOUSE CRESTED TIT SMALL,212.40000000000003,72,16,2010-12-06,2011-03-22,107,0.67,slow_moving,1076296.1399999997,2.3834617637092067e-05,0.12077733974189313,A,low_risk,14.8,low,stable
21555,CERAMIC STRAWBERRY TRINKET TRAY,140.25,55,12,2010-12-05,2011-11-06,337,0.16,slow_moving,1076436.3899999997,1.573825387759963e-05,0.12079307799577073,A,low_risk,3.98,low,stable
21556,CERAMIC STRAWBERRY MONEY BOX,1859.3999999999999,804,47,2010-12-01,2011-11-23,358,2.25,medium_moving,1078295.7899999996,0.00020865389846708558,0.12100173189423781,A,High_risk,134.71,high,stable
21557,SET OF 6 FUNKY BEAKERS,854.0400000000001,300,51,2010-12-01,2011-12-06,371,0.81,slow_moving,1079149.8299999996,9.583670831818318e-05,0.121097568602556,A,High_risk,34.63,medium,stable
21558,SKULL LUNCH BOX WITH CUTLERY ,4624.8,1946,265,2010-12-03,2011-12-05,368,5.29,fast_moving,1083774.6299999997,0.000518975233747756,0.12161654383630376,A,low_risk,62.58,medium,stable
21559,STRAWBERRY LUNCH BOX WITH CUTLERY,8734.64,3716,426,2010-12-01,2011-12-09,374,9.94,fast_moving,1092509.2699999996,0.0009801638634540952,0.12259670769975783,A,low_risk,151.75,high,stable
21561,DINOSAUR LUNCH BOX WITH CUTLERY,2868.7799999999997,1227,167,2010-12-02,2011-12-08,372,3.3,medium_moving,1095378.0499999996,0.0003219221957859556,0.1229186298955438,A,meduim_risk,85.85,medium,stable
21562,HAWAIIAN GRASS SKIRT ,368.35,319,25,2010-12-10,2011-11-21,347,0.92,medium_moving,1095746.3999999997,4.133465822327148e-05,0.12295996455376708,A,High_risk,34.82,medium,stable
21563,RED HEART SHAPE LOVE BUCKET ,2591.02,1358,134,2010-12-02,2011-12-09,373,3.64,medium_moving,1098337.4199999997,0.00029075315908690336,0.12325071771285398,A,High_risk,158.04,high,stable
21564,PINK  HEART SHAPE LOVE BUCKET ,1686.5200000000002,1016,103,2010-12-03,2011-12-09,372,2.73,medium_moving,1100023.9399999997,0.00018925404584420202,0.12343997175869818,A,High_risk,158.64,high,stable
21576,LETS GO SHOPPING COTTON TOTE BAG,403.67,177,46,2010-12-01,2011-12-08,373,0.47,slow_moving,1100427.6099999996,4.529811723900637e-05,0.12348526987593719,A,low_risk,7.25,low,stable
21577,SAVE THE PLANET COTTON TOTE BAG,1235.25,549,116,2010-12-01,2011-12-02,367,1.5,medium_moving,1101662.8599999996,0.00013861446062249515,0.12362388433655969,A,low_risk,19.69,medium,stable
21578,WOODLAND DESIGN  COTTON TOTE BAG,1318.5,586,82,2010-12-02,2011-11-06,340,1.72,medium_moving,1102981.3599999996,0.0001479564188065249,0.12377184075536621,A,meduim_risk,39.3,medium,stable
21579,LOLITA  DESIGN  COTTON TOTE BAG,346.5,154,32,2010-12-01,2011-12-06,371,0.42,slow_moving,1103327.8599999996,3.888274487406968e-05,0.12381072350024028,A,low_risk,7.59,low,stable
21580,RABBIT  DESIGN  COTTON TOTE BAG,202.5,90,24,2010-12-05,2011-11-30,361,0.25,slow_moving,1103530.3599999996,2.2723682069261503e-05,0.12383344718230954,A,low_risk,3.92,low,stable
21581,SKULLS  DESIGN  COTTON TOTE BAG,371.25,165,40,2010-12-02,2011-11-25,359,0.46,slow_moving,1103901.6099999996,4.1660083793646085e-05,0.12387510726610318,A,meduim_risk,9.62,low,stable
21584,RETROSPOT SMALL TUBE MATCHES,1754.8999999999999,1066,146,2010-12-01,2011-12-07,372,2.87,medium_moving,1105656.5099999995,0.00019692735636220744,0.12407203462246538,A,low_risk,46.56,medium,stable
21586,KINGS CHOICE GIANT TUBE MATCHES,1691.25,731,66,2010-12-01,2011-11-07,342,2.14,medium_moving,1107347.7599999995,0.0001897848261710544,0.12426181944863643,A,High_risk,78.82,medium,stable
21587,COSY HOUR GIANT TUBE MATCHES,480.75,197,26,2010-12-01,2011-10-18,322,0.61,slow_moving,1107828.5099999995,5.394770446813564e-05,0.12431576715310456,A,meduim_risk,72.83,medium,stable
21588,RETROSPOT GIANT TUBE MATCHES,3450.15,1497,132,2010-12-01,2011-12-08,373,4.01,fast_moving,1111278.6599999995,0.00038716104538895097,0.12470292819849352,A,High_risk,153.58,high,stable
21591,COSY HOUR CIGAR BOX MATCHES ,1456.39,1187,143,2010-12-01,2011-12-09,374,3.17,medium_moving,1112735.0499999993,0.00016342984359926795,0.12486635804209277,A,High_risk,139.23,high,stable
21592,RETROSPOT CIGAR BOX MATCHES ,2150.71,2151,210,2010-12-01,2011-12-08,373,5.77,fast_moving,1114885.7599999993,0.0002413434580897847,0.12510770150018255,A,High_risk,160.75,high,stable
21609,SET 12 LAVENDER  BOTANICAL T-LIGHTS,2072.15,761,73,2010-12-01,2011-08-30,273,2.79,medium_moving,1116957.9099999992,0.0002325277916040505,0.1253402292917866,A,meduim_risk,64.38,medium,stable
21613,S/12 VANILLA  BOTANICAL T-LIGHTS,632.7500000000001,221,38,2010-12-05,2011-10-27,327,0.68,slow_moving,1117590.6599999992,7.100449298432207e-05,0.1254112337847709,A,meduim_risk,19.17,low,stable
21614,SET OF 12 ROSE BOTANICAL T-LIGHTS,141.60000000000002,48,7,2011-04-19,2011-05-31,43,1.12,medium_moving,1117732.2599999993,1.588974509139471e-05,0.12542712352986232,A,low_risk,14.14,low,stable
21615,4 LAVENDER BOTANICAL DINNER CANDLES,1195.0,840,100,2010-12-09,2011-12-04,361,2.33,medium_moving,1118927.2599999993,0.00013409777813712343,0.12556122130799943,A,High_risk,135.93,high,stable
21616,4 PEAR BOTANICAL DINNER CANDLES,1093.75,755,104,2010-12-05,2011-12-08,369,2.05,medium_moving,1120021.0099999993,0.00012273593710249267,0.12568395724510192,A,High_risk,130.89,high,stable
21617,4 LILY  BOTANICAL DINNER CANDLES,851.75,473,76,2010-12-06,2011-11-20,350,1.35,medium_moving,1120872.7599999993,9.557973433330116e-05,0.12577953697943522,A,High_risk,52.59,medium,stable
21618,4 WILDFLOWER BOTANICAL CANDLES,473.75,303,51,2010-12-06,2011-11-14,344,0.88,medium_moving,1121346.5099999993,5.316219447067968e-05,0.1258326991739059,A,High_risk,38.13,medium,stable
21619,4 VANILLA BOTANICAL CANDLES,1252.5,900,121,2010-12-13,2011-12-08,361,2.49,medium_moving,1122599.0099999993,0.00014055018168765448,0.12597324935559356,A,High_risk,140.77,high,stable
21620,SET OF 4 ROSE BOTANICAL CANDLES,1211.25,811,124,2010-12-01,2011-12-09,374,2.17,medium_moving,1123810.2599999993,0.00013592128348836047,0.12610917063908192,A,High_risk,99.39,high,stable
21621,VINTAGE UNION JACK BUNTING,20962.16,2540,391,2010-12-01,2011-12-06,371,6.85,fast_moving,1144772.4199999992,0.00235228374975304,0.12846145438883497,A,meduim_risk,151.97,high,stable
21622,VINTAGE UNION JACK CUSHION COVER,1785.0,364,92,2010-12-01,2011-12-07,372,0.98,medium_moving,1146557.4199999992,0.00020030504935126804,0.12866175943818622,A,High_risk,29.32,medium,stable
21623,VINTAGE UNION JACK MEMOBOARD,22709.13,3255,205,2010-12-02,2011-12-08,372,8.75,fast_moving,1169266.549999999,0.0025483212355038444,0.13121008067369005,A,High_risk,370.73,high,stable
21624,VINTAGE UNION JACK DOORSTOP,1190.8000000000002,204,82,2010-12-05,2011-12-04,365,0.56,slow_moving,1170457.3499999992,0.00013362647213864987,0.13134370714582871,A,meduim_risk,10.39,low,stable
21625,VINTAGE UNION JACK APRON,2140.19,307,113,2010-12-01,2011-12-07,372,0.83,slow_moving,1172597.539999999,0.00024016294877932234,0.13158387009460804,A,meduim_risk,15.75,low,stable
21626,VINTAGE UNION JACK PENNANT,1446.8999999999999,742,74,2010-12-05,2011-11-21,352,2.11,medium_moving,1174044.439999999,0.0001623649164741455,0.13174623501108215,A,High_risk,89.36,medium,stable
21627,ELEPHANT CARNIVAL POUFFE,568.0999999999999,38,24,2010-12-07,2011-10-24,322,0.12,slow_moving,1174612.539999999,6.37497470792467e-05,0.1318099847581614,A,low_risk,2.2,low,stable
21628,TRIANGULAR POUFFE VINTAGE ,620.4,44,16,2010-12-09,2011-12-08,365,0.12,slow_moving,1175232.939999999,6.96186289173819e-05,0.1318796033870788,A,High_risk,6.08,low,stable
21629,SQUARE FLOOR CUSHION VINTAGE RED,411.35,53,25,2010-12-01,2011-12-08,373,0.14,slow_moving,1175644.289999999,4.615993392192948e-05,0.13192576332100073,A,High_risk,4.66,low,stable
21630,FLOOR CUSHION ELEPHANT CARNIVAL,461.3,54,22,2010-12-05,2011-12-07,368,0.15,slow_moving,1176105.5899999992,5.176510883234731e-05,0.1319775284298331,A,High_risk,8.63,low,stable
21631,HIPPY CHIC DECORATIVE PARASOL,761.85,155,16,2010-12-14,2011-11-17,339,0.46,slow_moving,1176867.4399999992,8.549154165168828e-05,0.13206301997148479,A,High_risk,40.98,medium,stable
21632,VINTAGE PINK DECORATIVE PARASOL,237.00000000000003,60,5,2010-12-14,2011-01-05,23,2.61,medium_moving,1177104.4399999992,2.659512419958013e-05,0.13208961509568437,A,low_risk,8.49,low,
21633,SUNFLOWER DECORATIVE PARASOL,528.45,87,14,2010-12-16,2011-11-21,341,0.26,slow_moving,1177632.8899999992,5.9300394022228356e-05,0.1321489154897066,A,High_risk,17.8,low,stable
21634,ASSORTED MINI MADRAS NOTEBOOK,462.6,948,23,2011-03-04,2011-10-16,227,4.18,fast_moving,1178095.4899999993,5.1910989260446275e-05,0.13220082647896705,A,High_risk,193.54,high,stable
21635,MADRAS NOTEBOOK LARGE ,367.5,270,15,2010-12-05,2011-07-13,221,1.22,medium_moving,1178462.9899999993,4.123927486643754e-05,0.1322420657538335,A,High_risk,104.17,high,stable
21636,MADRAS NOTEBOOK MEDIUM,703.95,917,71,2011-02-10,2011-12-05,299,3.07,medium_moving,1179166.9399999992,7.899425181558832e-05,0.13232106000564905,A,meduim_risk,72.31,medium,stable
21637,ASSORTED SANSKRIT MINI NOTEBOOK,136.25,109,6,2011-03-20,2011-10-10,205,0.53,slow_moving,1179303.1899999992,1.5289391021910515e-05,0.13233634939667097,A,meduim_risk,14.7,low,stable
21638,ASSORTED TUTTI FRUTTI NOTEBOOK,493.50000000000006,235,31,2010-12-06,2011-12-08,368,0.64,slow_moving,1179796.6899999992,5.5378454820644706e-05,0.13239172785149161,A,meduim_risk,20.71,medium,stable
21640,ASSORTED TUTTI FRUTTI  FOB NOTEBOOK,447.36999999999995,541,46,2010-12-05,2011-12-08,369,1.47,medium_moving,1180244.0599999994,5.020194393740996e-05,0.13244192979542904,A,High_risk,48.16,medium,stable
21641,ASSORTED TUTTI FRUTTI KEYRING BALL,367.97999999999996,1102,23,2011-02-10,2011-09-16,219,5.03,fast_moving,1180612.0399999993,4.129313840912023e-05,0.13248322293383816,A,High_risk,215.91,high,stable
21642,ASSORTED TUTTI FRUTTI PEN,801.2399999999999,2452,90,2010-12-03,2011-12-05,368,6.66,fast_moving,1181413.2799999993,8.991171862308683e-05,0.13257313465246123,A,High_risk,274.89,high,stable
21643,ASSORTED TUTTI FRUTTI MIRROR,594.26,490,31,2010-12-01,2011-11-15,350,1.4,medium_moving,1182007.5399999993,6.668531015545353e-05,0.1326398199626167,A,meduim_risk,31.05,medium,stable
21644,ASSORTED TUTTI FRUTTI HEART BOX,268.75,215,32,2010-12-06,2011-11-27,357,0.6,slow_moving,1182276.2899999993,3.0157973116612487e-05,0.13266997793573332,A,meduim_risk,17.9,low,stable
21647,ASSORTED TUTTI FRUTTI LARGE PURSE,245.70000000000002,117,24,2010-12-06,2011-11-27,357,0.33,slow_moving,1182521.9899999993,2.7571400910703958e-05,0.13269754933664402,A,meduim_risk,12.37,low,stable
21648,ASSORTED TUTTI FRUTTI SMALL PURSE,790.14,654,31,2010-12-06,2011-11-15,345,1.9,medium_moving,1183312.1299999992,8.866612419854954e-05,0.13278621546084254,A,High_risk,65.91,medium,stable
21650,ASSORTED TUTTI FRUTTI BRACELET,440.89000000000004,2197,61,2010-12-05,2011-12-07,368,5.97,fast_moving,1183753.019999999,4.9474786111193604e-05,0.13283569024695374,A,low_risk,130.37,high,stable
21651,HANGING GLASS ETCHED TEALIGHT,201.74999999999997,131,10,2010-12-01,2011-02-21,83,1.58,medium_moving,1183954.769999999,2.263952028381979e-05,0.13285832976723755,A,High_risk,66.12,medium,
21654,RIDGED GLASS FINGER BOWL,432.54,946,47,2010-12-01,2011-09-18,292,3.24,medium_moving,1184387.3099999991,4.8537784899942566e-05,0.1329068675521375,A,High_risk,113.56,high,stable
21655,HANGING RIDGE GLASS T-LIGHT HOLDER,60.84,36,2,2011-01-11,2011-02-11,32,1.12,medium_moving,1184448.1499999992,6.827204035031456e-06,0.13291369475617254,A,low_risk,8.49,low,
21656,RIDGED GLASS POSY VASE ,169.64999999999998,117,17,2010-12-15,2011-04-21,128,0.91,medium_moving,1184617.799999999,1.9037395866914635e-05,0.13293273215203943,A,meduim_risk,16.09,low,stable
21657,MILK BOTTLE WITH GLASS STOPPER ,194.60000000000002,28,15,2010-12-01,2011-02-20,82,0.34,slow_moving,1184812.3999999992,2.1837177929275498e-05,0.13295456932996874,A,low_risk,6.11,low,
21658,GLASS  BEURRE DISH,2874.07,773,126,2010-12-01,2011-07-19,231,3.35,medium_moving,1187686.4699999993,0.00032251581691260445,0.13327708514688133,A,low_risk,33.79,medium,stable
21661,VINTAGE GLASS TEA CADDY,17.85,3,3,2011-01-04,2011-02-22,50,0.06,slow_moving,1187704.3199999994,2.0030504935126805e-06,0.13327908819737486,A,low_risk,0.71,low,
21662,VINTAGE GLASS COFFEE CADDY,416.3,74,16,2010-12-01,2011-08-15,258,0.29,slow_moving,1188120.6199999994,4.671540170584476e-05,0.13332580359908072,A,High_risk,16.74,low,stable
21664,RIDGED GLASS STORAGE JAR CREAM LID,346.47,97,17,2010-12-01,2011-10-17,321,0.3,slow_moving,1188467.0899999994,3.887937840265202e-05,0.13336468297748336,A,High_risk,21.5,medium,stable
21666,RIDGED GLASS T-LIGHT HOLDER,249.60000000000002,384,33,2010-12-13,2011-12-06,359,1.07,medium_moving,1188716.6899999995,2.8009042195000846e-05,0.13339269201967838,A,meduim_risk,25.63,medium,stable
21667,GLASS CAKE COVER AND PLATE,29.9,2,1,2011-01-12,2011-01-12,1,2.0,medium_moving,1188746.5899999994,3.3552498462761423e-06,0.13339604726952464,A,,,,
21668,RED STRIPE CERAMIC DRAWER KNOB,6224.03,5035,333,2010-12-01,2011-12-09,374,13.46,fast_moving,1194970.6199999994,0.0006984339699236822,0.13409448123944834,A,low_risk,193.54,high,stable
21669,BLUE STRIPE CERAMIC DRAWER KNOB,6284.25,4969,351,2010-12-02,2011-12-09,373,13.32,fast_moving,1201254.8699999994,0.0007051916002160819,0.1347996728396644,A,low_risk,169.8,high,stable
21670,BLUE SPOT CERAMIC DRAWER KNOB,5028.5199999999995,4004,289,2010-12-01,2011-12-09,374,10.71,fast_moving,1206283.3899999994,0.0005642789617724584,0.13536395180143687,A,low_risk,138.61,high,stable
21671,RED SPOT CERAMIC DRAWER KNOB,5042.4,4080,279,2010-12-02,2011-12-07,371,11.0,fast_moving,1211325.7899999993,0.0005658365158816997,0.13592978831731856,A,low_risk,114.76,high,stable
21672,WHITE SPOT RED CERAMIC DRAWER KNOB,5618.04,4564,307,2010-12-01,2011-12-07,372,12.27,fast_moving,1216943.8299999994,0.0006304323694439204,0.1365602206867625,A,low_risk,178.83,high,stable
21673,WHITE SPOT BLUE CERAMIC DRAWER KNOB,4960.5,3994,276,2010-12-02,2011-12-09,373,10.71,fast_moving,1221904.3299999994,0.0005566460489114651,0.13711686673567394,A,low_risk,161.03,high,stable
21675,BUTTERFLIES STICKERS,447.80999999999995,525,51,2010-12-06,2011-12-05,365,1.44,medium_moving,1222352.1399999994,5.025131885153576e-05,0.1371671180545255,A,low_risk,18.91,low,stable
21676,FLOWERS  STICKERS,191.04999999999998,211,32,2010-12-01,2011-11-30,365,0.58,slow_moving,1222543.1899999995,2.1438812144851404e-05,0.13718855686667034,A,meduim_risk,14.15,low,stable
21677,HEARTS  STICKERS,655.0,766,80,2010-12-03,2011-12-01,364,2.1,medium_moving,1223198.1899999995,7.350129261909276e-05,0.13726205815928944,A,low_risk,34.84,medium,stable
21678,PAISLEY PATTERN  STICKERS,88.39999999999999,104,16,2010-12-01,2011-11-25,360,0.29,slow_moving,1223286.5899999994,9.919869110729464e-06,0.13727197802840016,A,meduim_risk,8.33,low,stable
21679,SKULLS  STICKERS,891.2199999999999,1054,87,2010-12-02,2011-12-07,371,2.84,medium_moving,1224177.8099999994,0.00010000888856181349,0.13737198691696198,A,low_risk,47.52,medium,stable
21680,WOODLAND  STICKERS,683.4,804,53,2010-12-06,2011-12-07,367,2.19,medium_moving,1224861.2099999993,7.668821889448549e-05,0.13744867513585643,A,meduim_risk,56.54,medium,stable
21681,GIANT MEDINA STAMPED METAL BOWL ,19.9,2,2,2011-02-14,2011-02-22,9,0.22,slow_moving,1224881.1099999992,2.2330927070533522e-06,0.13745090822856348,A,,,,
21682,LARGE MEDINA STAMPED METAL BOWL ,881.1600000000001,177,50,2010-12-05,2011-12-04,365,0.48,slow_moving,1225762.269999999,9.887999847975539e-05,0.13754978822704322,A,meduim_risk,13.03,low,stable
21683,MEDIUM MEDINA STAMPED METAL BOWL ,876.1500000000001,297,48,2010-12-05,2011-12-05,366,0.81,slow_moving,1226638.419999999,9.831779775300477e-05,0.1376481060247962,A,meduim_risk,16.85,low,stable
21684,SMALL MEDINA STAMPED METAL BOWL ,575.41,764,36,2010-12-09,2011-12-09,366,2.09,medium_moving,1227213.829999999,6.457004394801856e-05,0.13771267606874424,A,High_risk,96.52,high,stable
21686,MEDINA STAMPED METAL STOOL,1268.3500000000001,33,18,2010-12-08,2011-10-02,299,0.11,slow_moving,1228482.179999999,0.00014232880075332261,0.13785500486949756,A,meduim_risk,3.13,low,stable
21688,SILVER PLATE CANDLE BOWL SMALL,932.2000000000002,316,39,2010-12-01,2011-11-30,365,0.87,medium_moving,1229414.379999999,0.00010460748851834852,0.1379596123580159,A,meduim_risk,19.94,medium,stable
21689,SILVER VANILLA  FLOWER CANDLE POT,345.0,92,23,2010-12-07,2011-12-06,365,0.25,slow_moving,1229759.379999999,3.871442130318626e-05,0.13799832677931909,A,meduim_risk,5.87,low,stable
21690,SILVER  CANDLEPOT JARDIN ,90.0,24,7,2010-12-01,2011-01-30,61,0.39,slow_moving,1229849.379999999,1.0099414253005111e-05,0.1380084261935721,A,meduim_risk,9.9,low,
21692,SILVER LATTICE VANILLA CANDLE POT,63.75,17,7,2010-12-06,2011-02-25,82,0.21,slow_moving,1229913.129999999,7.153751762545288e-06,0.13801557994533464,A,low_risk,3.51,low,
21693,SMALL HAMMERED SILVER CANDLEPOT ,1056.1000000000001,358,43,2010-12-05,2011-12-06,367,0.98,medium_moving,1230969.229999999,0.00011851101547331889,0.13813409096080798,A,meduim_risk,21.25,medium,stable
21694,SMALL REGAL  SILVER CANDLEPOT ,817.0500000000001,303,20,2010-12-01,2011-12-05,370,0.82,slow_moving,1231786.279999999,9.168584906019809e-05,0.13822577680986817,A,High_risk,59.83,medium,stable
21695,SMALL SILVER FLOWER CANDLE POT,834.8500000000001,283,35,2010-12-05,2011-11-30,361,0.78,slow_moving,1232621.1299999992,9.368328876801466e-05,0.13831946009863622,A,meduim_risk,20.76,medium,stable
21696,SMALL SILVER TRELLIS CANDLEPOT,666.7,226,29,2010-12-05,2011-11-23,354,0.64,slow_moving,1233287.8299999991,7.481421647198342e-05,0.13839427431510817,A,low_risk,11.33,low,stable
21698,MOCK LOBSTER FRIDGE MAGNET,116.62,266,22,2010-12-17,2011-12-07,356,0.75,slow_moving,1233404.4499999993,1.308659655761618e-05,0.1384073609116658,A,meduim_risk,20.29,medium,stable
21700,BIG DOUGHNUT FRIDGE MAGNETS,1076.1,1266,85,2010-12-02,2011-12-07,371,3.41,medium_moving,1234480.5499999993,0.00012075532975176445,0.1385281162414176,A,meduim_risk,83.76,medium,stable
21703,BAG 125g SWIRLY MARBLES,3431.35,9272,243,2010-12-01,2011-12-08,373,24.86,fast_moving,1237911.8999999994,0.0003850513899672121,0.1389131676313848,A,meduim_risk,541.71,high,stable
21704,BAG 250g SWIRLY MARBLES,3856.3799999999997,5004,197,2010-12-01,2011-12-08,373,13.42,fast_moving,1241768.2799999993,0.00043274643485559833,0.1393459140662404,A,low_risk,198.89,high,stable
21705,BAG 500g SWIRLY MARBLES,1299.2099999999998,1377,110,2010-12-01,2011-12-09,374,3.68,medium_moving,1243067.4899999993,0.0001457917776849641,0.13949170584392537,A,High_risk,210.17,high,stable
21706,FOLDING UMBRELLA RED/WHITE POLKADOT,1134.58,229,68,2010-12-01,2011-12-06,371,0.62,slow_moving,1244202.0699999994,0.00012731770470193933,0.1396190235486273,A,low_risk,11.44,low,stable
21707,FOLDING UMBRELLA BLACKBLUE POLKADOT,601.22,120,47,2010-12-15,2011-12-06,357,0.34,slow_moving,1244803.2899999993,6.74663315243526e-05,0.13968648988015164,A,meduim_risk,6.94,low,stable
21708,FOLDING UMBRELLA CREAM POLKADOT,682.45,139,32,2010-12-01,2011-11-28,363,0.38,slow_moving,1245485.7399999993,7.658161396625932e-05,0.1397630714941179,A,meduim_risk,12.5,low,stable
21709,FOLDING UMBRELLA CHOCOLATE POLKADOT,430.06,87,31,2010-12-01,2011-11-25,360,0.24,slow_moving,1245915.7999999993,4.8259489929415315e-05,0.13981133098404733,A,low_risk,4.37,low,stable
21710,FOLDING UMBRELLA PINKWHITE POLKADOT,412.41,84,31,2010-12-01,2011-11-25,360,0.23,slow_moving,1246328.2099999993,4.6278882578687095e-05,0.13985760986662601,A,meduim_risk,6.58,low,stable
21711,FOLDING UMBRELLA WHITE/RED POLKADOT,420.1,86,23,2010-12-01,2011-11-24,359,0.24,slow_moving,1246748.3099999994,4.714182141874942e-05,0.13990475168804475,A,High_risk,11.34,low,stable
21713,CITRONELLA CANDLE FLOWERPOT,1448.1000000000001,701,125,2010-12-06,2011-12-06,366,1.92,medium_moving,1248196.4099999995,0.00016249957533085227,0.14006725126337563,A,High_risk,58.37,medium,stable
21714,CITRONELLA CANDLE GARDEN POT,1356.25,1085,126,2010-12-02,2011-12-07,371,2.92,medium_moving,1249552.6599999995,0.00015219256200709093,0.14021944382538273,A,High_risk,89.25,medium,stable
21715,GIRLS VINTAGE TIN SEASIDE BUCKET,2736.75,1141,138,2010-12-01,2011-12-08,373,3.06,medium_moving,1252289.4099999995,0.0003071063550767971,0.1405265501804595,A,meduim_risk,68.33,medium,stable
21716,BOYS VINTAGE TIN SEASIDE BUCKET,2921.72,1206,137,2010-12-01,2011-12-06,371,3.25,medium_moving,1255211.1299999994,0.00032786289568100105,0.14085441307614052,A,meduim_risk,77.04,medium,stable
21717,EASTER TIN BUCKET,931.95,405,38,2010-12-12,2011-03-22,101,4.01,fast_moving,1256143.0799999994,0.00010457943458986793,0.14095899251073038,A,meduim_risk,94.37,high,stable
21718,RED METAL BEACH SPADE ,1613.67,1289,143,2010-12-01,2011-12-08,373,3.46,medium_moving,1257756.7499999993,0.000181079131084964,0.14114007164181533,A,High_risk,111.68,high,stable
21719,LOVELY BONBON STICKER SHEET,255.85,301,34,2010-12-02,2011-11-28,362,0.83,slow_moving,1258012.5999999994,2.8710390407015087e-05,0.14116878203222236,A,low_risk,15.98,low,stable
21720,CAKE SHOP  STICKER SHEET,48.449999999999996,57,8,2010-12-06,2011-07-26,233,0.24,slow_moving,1258061.0499999993,5.436851339534418e-06,0.14117421888356188,A,low_risk,5.32,low,stable
21721,CANDY SHOP  STICKER SHEET,148.75,175,20,2010-12-03,2011-10-26,328,0.53,slow_moving,1258209.7999999993,1.6692087445939005e-05,0.14119091097100783,A,High_risk,19.46,low,stable
21722,SWEET PUDDING STICKER SHEET,55.24999999999999,65,15,2010-12-02,2011-11-28,362,0.18,slow_moving,1258265.0499999993,6.199918194205915e-06,0.14119711088920203,A,High_risk,7.72,low,stable
21723,ALPHABET HEARTS STICKER SHEET,315.34999999999997,371,38,2010-12-05,2011-12-05,366,1.01,medium_moving,1258580.3999999994,3.538722538539069e-05,0.14123249811458743,A,High_risk,32.85,medium,stable
21724,PANDA AND BUNNIES STICKER SHEET,316.2,372,57,2010-12-01,2011-12-08,373,1.0,medium_moving,1258896.5999999994,3.548260874222463e-05,0.14126798072332966,A,meduim_risk,22.73,medium,stable
21725,SWEETIES  STICKERS,232.89999999999998,274,32,2010-12-06,2011-11-17,347,0.79,slow_moving,1259129.4999999993,2.613503977249878e-05,0.14129411576310213,A,meduim_risk,21.45,medium,stable
21726,MULTI HEARTS  STICKERS,196.35,231,36,2010-12-03,2011-12-07,370,0.62,slow_moving,1259325.8499999994,2.2033555428639484e-05,0.1413161493185308,A,High_risk,24.42,medium,stable
21730,GLASS STAR FROSTED T-LIGHT HOLDER,2324.14,498,119,2010-12-01,2011-12-07,372,1.34,medium_moving,1261649.9899999993,0.00026080502935532554,0.1415769543478861,A,High_risk,55.15,medium,stable
21731,RED TOADSTOOL LED NIGHT LIGHT,19844.91,12871,522,2010-12-01,2011-12-09,374,34.41,fast_moving,1281494.8999999992,0.002226910743373374,0.14380386509125948,A,low_risk,595.0,high,stable
21733,RED HANGING HEART T-LIGHT HOLDER,22624.690000000002,7759,679,2010-12-01,2011-12-08,373,20.8,fast_moving,1304119.5899999992,0.002538845740620247,0.14634271083187972,A,meduim_risk,482.76,high,stable
21735,TWO DOOR CURIO CABINET,2551.95,210,82,2010-12-02,2011-09-16,289,0.73,slow_moving,1306671.539999999,0.0002863688911439599,0.14662907972302366,A,low_risk,8.56,low,stable
21736,GOLD SCROLL GLASS T-LIGHT HOLDER,137.22000000000003,80,5,2010-12-12,2011-04-06,116,0.69,slow_moving,1306808.759999999,1.539824026441513e-05,0.14664447796328808,A,meduim_risk,13.27,low,stable
21738,COSY SLIPPER SHOES SMALL  RED ,132.75,45,18,2010-12-01,2011-10-20,324,0.14,slow_moving,1306941.509999999,1.489663602318254e-05,0.14665937459931125,A,High_risk,9.15,low,stable
21739,COSY SLIPPER SHOES SMALL GREEN,417.44000000000005,143,48,2010-12-01,2011-12-08,373,0.38,slow_moving,1307358.949999999,4.684332761971616e-05,0.14670621792693098,A,low_risk,9.88,low,stable
21741,COSY SLIPPER SHOES LARGE GREEN,386.45000000000005,131,28,2010-12-02,2011-11-16,350,0.37,slow_moving,1307745.399999999,4.336576264526473e-05,0.14674958368957622,A,High_risk,21.27,medium,stable
21742,LARGE ROUND WICKER PLATTER ,1148.35,193,89,2010-12-01,2011-12-08,373,0.52,slow_moving,1308893.749999999,0.0001288629150826491,0.1468784466046589,A,High_risk,17.11,low,stable
21743,STAR PORTABLE TABLE LIGHT ,753.65,275,31,2010-12-01,2011-09-13,287,0.96,medium_moving,1309647.399999999,8.457137279752558e-05,0.1469630179774564,A,High_risk,60.52,medium,stable
21744,SNOWFLAKE PORTABLE TABLE LIGHT ,1128.0900000000001,367,80,2010-12-01,2011-11-24,359,1.02,medium_moving,1310775.489999999,0.00012658942471858377,0.147089607402175,A,High_risk,59.82,medium,stable
21745,GAOLERS KEYS DECORATIVE GARDEN ,3412.19,929,205,2010-12-02,2011-12-07,371,2.5,medium_moving,1314187.679999999,0.00038290133688846125,0.14747250873906345,A,low_risk,30.55,medium,stable
21746,SMALL RED RETROSPOT WINDMILL,3521.7000000000003,2974,185,2010-12-06,2011-11-29,359,8.28,fast_moving,1317709.379999999,0.00039519007972009003,0.14786769881878353,A,meduim_risk,226.56,high,stable
21747,SMALL SKULL WINDMILL,527.53,437,42,2010-12-19,2011-11-30,347,1.26,medium_moving,1318236.909999999,5.919715556541985e-05,0.14792689597434897,A,High_risk,40.05,medium,stable
21749,LARGE RED RETROSPOT WINDMILL,3645.0000000000005,1900,107,2010-12-14,2011-11-17,339,5.6,fast_moving,1321881.909999999,0.0004090262772467071,0.14833592225159567,A,High_risk,241.36,high,stable
21750,LARGE SKULL WINDMILL,163.8,78,16,2011-03-18,2011-10-18,215,0.36,slow_moving,1322045.709999999,1.8380933940469303e-05,0.14835430318553613,A,meduim_risk,9.44,low,stable
21754,HOME BUILDING BLOCK WORD,15630.960000000001,2654,691,2010-12-01,2011-12-08,373,7.12,fast_moving,1337676.669999999,0.0017540393356905866,0.15010834252122673,A,low_risk,73.81,medium,stable
21755,LOVE BUILDING BLOCK WORD,11535.560000000001,1946,555,2010-12-01,2011-12-09,374,5.2,fast_moving,1349212.229999999,0.0012944711008932852,0.15140281362212002,A,low_risk,71.62,medium,stable
21756,BATH BUILDING BLOCK WORD,4727.83,792,242,2010-12-01,2011-12-08,373,2.12,medium_moving,1353940.0599999991,0.0005305368187531684,0.1519333504408732,A,low_risk,27.27,medium,stable
21757,LIGHTHOUSE PRINTED METAL SIGN,29.700000000000003,6,3,2011-01-09,2011-02-17,40,0.15,slow_moving,1353969.759999999,3.3328067034916873e-06,0.15193668324757667,A,low_risk,1.41,low,
21758,VINTAGE SHELLS PRINT,202.4,32,14,2011-01-31,2011-11-16,290,0.11,slow_moving,1354172.159999999,2.2712460497869273e-05,0.15195939570807454,A,meduim_risk,3.38,low,stable
21761,WOOD AND GLASS MEDICINE CABINET,299.5,10,10,2010-12-01,2011-12-04,369,0.03,slow_moving,1354471.659999999,3.3608606319722566e-05,0.15199300431439425,A,low_risk,0.33,low,stable
21763,VINTAGE WOODEN BAR STOOL,169.75,6,4,2011-01-05,2011-07-06,183,0.03,slow_moving,1354641.409999999,1.9048617438306864e-05,0.15201205293183256,A,low_risk,1.0,low,stable
21769,VINTAGE POST OFFICE CABINET,607.6500000000001,11,2,2010-12-02,2010-12-07,6,1.83,medium_moving,1355249.059999999,6.818787856487286e-05,0.15208024081039742,A,,,,
21770,OPEN CLOSED METAL SIGN,7311.360000000001,1577,341,2011-03-24,2011-12-08,260,6.07,fast_moving,1362560.419999999,0.000820449482142794,0.15290069029254025,A,meduim_risk,146.87,high,stable
21773,DECORATIVE ROSE BATHROOM BOTTLE,693.52,920,59,2010-12-07,2011-11-29,358,2.57,medium_moving,1363253.939999999,7.782384191937894e-05,0.15297851413445962,A,High_risk,114.45,high,stable
21774,DECORATIVE CATS BATHROOM BOTTLE,647.03,835,52,2010-12-05,2011-11-29,360,2.32,medium_moving,1363900.969999999,7.260693337913219e-05,0.15305112106783875,A,High_risk,91.63,medium,stable
21775,DECORATIVE FLORE BATHROOM BOTTLE,313.91,283,41,2011-01-11,2011-11-29,323,0.88,medium_moving,1364214.879999999,3.522563475734261e-05,0.15308634670259608,A,meduim_risk,18.6,low,stable
21777,RECIPE BOX WITH METAL HEART,55.65,7,3,2010-12-01,2010-12-01,1,7.0,fast_moving,1364270.5299999989,6.244804479774827e-06,0.15309259150707585,A,,,,
21781,MA CAMPAGNE CUTLERY BOX,2012.5,138,81,2010-12-01,2011-07-10,222,0.62,slow_moving,1366283.0299999989,0.00022583412426858653,0.15331842563134443,A,low_risk,7.87,low,stable
21784,SHOE SHINE BOX ,507.44999999999993,51,38,2010-12-02,2011-09-01,274,0.19,slow_moving,1366790.4799999988,5.694386402986048e-05,0.15337536949537428,A,High_risk,5.88,low,stable
21785,RAIN PONCHO ,267.95,411,4,2010-12-05,2011-02-15,73,5.63,fast_moving,1367058.4299999988,3.006820054547466e-05,0.15340543769591977,A,High_risk,233.83,high,
21786,POLKADOT RAIN HAT ,631.15,1589,88,2010-12-01,2011-12-08,373,4.26,fast_moving,1367689.5799999987,7.08249478420464e-05,0.1534762626437618,A,meduim_risk,94.6,high,stable
21787,RAIN PONCHO RETROSPOT,6964.63,8755,180,2010-12-05,2011-12-06,367,23.86,fast_moving,1374654.2099999986,0.0007815409276545222,0.1542578035714163,A,High_risk,724.2,high,stable
21788,KIDS RAIN MAC BLUE,936.93,1203,66,2010-12-02,2011-12-06,370,3.25,medium_moving,1375591.1399999985,0.00010513826884520087,0.1543629418402615,A,low_risk,59.82,medium,stable
21789,KIDS RAIN MAC PINK,675.13,799,67,2010-12-01,2011-12-02,367,2.18,medium_moving,1376266.2699999984,7.576019494034824e-05,0.15443870203520182,A,meduim_risk,42.88,medium,stable
21790,VINTAGE SNAP CARDS,10447.42,13336,722,2010-12-01,2011-12-09,374,35.66,fast_moving,1386713.6899999983,0.0011723646939458964,0.15561106672914773,A,low_risk,620.23,high,stable
21791,VINTAGE HEADS AND TAILS CARD GAME ,8531.41,7143,485,2010-12-01,2011-12-08,373,19.15,fast_moving,1395245.0999999982,0.0009573582639136704,0.1565684249930614,A,low_risk,319.75,high,stable
21792,CLASSIC FRENCH STYLE BASKET GREEN ,1388.65,331,70,2010-12-15,2011-08-03,232,1.43,medium_moving,1396633.7499999981,0.00015582835113817276,0.15672425334419954,A,High_risk,54.9,medium,stable
21793,CLASSIC FRENCH STYLE BASKET BROWN,1240.44,296,66,2010-12-19,2011-11-28,345,0.86,medium_moving,1397874.189999998,0.0001391968601777518,0.15686345020437728,A,meduim_risk,21.08,medium,stable
21794,CLASSIC FRENCH STYLE BASKET NATURAL,2064.4700000000003,501,93,2010-12-01,2011-10-25,329,1.52,medium_moving,1399938.659999998,0.0002316659749211274,0.15709511617929842,A,High_risk,43.97,medium,stable
21801,CHRISTMAS TREE DECORATION WITH BELL,191.94,457,22,2010-12-02,2011-10-30,333,1.37,medium_moving,1400130.599999998,2.1538684130242236e-05,0.15711665486342866,A,meduim_risk,75.99,medium,stable
21802,CHRISTMAS TREE HEART DECORATION,420.0,1000,46,2010-12-05,2011-11-21,352,2.84,medium_moving,1400550.599999998,4.713059984735719e-05,0.157163785463276,A,meduim_risk,125.39,high,stable
21803,CHRISTMAS TREE STAR DECORATION,477.96,1138,49,2010-12-02,2011-12-09,373,3.05,medium_moving,1401028.559999998,5.363462262629248e-05,0.1572174200859023,A,meduim_risk,134.73,high,stable
21804,WHITE CHRISTMAS GARLAND STARS TREES,656.7,178,40,2010-12-01,2011-12-02,367,0.49,slow_moving,1401685.259999998,7.369205933276064e-05,0.15729111214523506,A,High_risk,44.46,medium,stable
21807,WHITE CHRISTMAS STAR DECORATION,174.29999999999998,415,25,2010-12-03,2011-10-31,333,1.25,medium_moving,1401859.559999998,1.955919893665323e-05,0.1573106713441717,A,High_risk,87.16,medium,stable
21808,"CHRISTMAS GARLAND STARS,TREES",370.0,100,21,2010-12-01,2011-12-08,373,0.27,slow_moving,1402229.559999998,4.1519814151243235e-05,0.15735219115832297,A,meduim_risk,13.0,low,stable
21809,CHRISTMAS HANGING TREE WITH BELL,995.3,1859,85,2010-12-01,2011-12-09,374,4.97,fast_moving,1403224.859999998,0.0001116883000668443,0.1574638794583898,A,High_risk,308.08,high,stable
21810,CHRISTMAS HANGING STAR WITH BELL,2443.0699999999997,5305,173,2010-12-01,2011-12-09,374,14.18,fast_moving,1405667.929999998,0.00027415084421210216,0.15773803030260192,A,High_risk,983.76,high,stable
21811,CHRISTMAS HANGING HEART WITH BELL,273.75,219,17,2010-12-01,2011-01-12,43,5.09,fast_moving,1405941.679999998,3.071905168622388e-05,0.15776874935428814,A,High_risk,127.99,high,
21811,HANGING HEART WITH BELL,1907.83,4113,138,2011-02-16,2011-11-23,281,14.64,fast_moving,1407849.5099999981,0.00021408850549234156,0.15798283785978048,A,High_risk,635.28,high,stable
21812,GARLAND WITH HEARTS AND BELLS,1037.1000000000001,218,42,2010-12-06,2011-12-06,366,0.6,slow_moving,1408886.6099999982,0.00011637891690879558,0.15809921677668928,A,High_risk,23.06,medium,stable
21813,GARLAND WITH STARS AND BELLS,1187.1000000000001,250,40,2010-12-01,2011-12-06,371,0.67,slow_moving,1410073.7099999983,0.00013321127399713745,0.15823242805068644,A,meduim_risk,28.61,medium,stable
21814,HEART T-LIGHT HOLDER ,108.75,75,12,2010-12-01,2011-11-27,362,0.21,slow_moving,1410182.4599999983,1.2203458889047843e-05,0.1582446315095755,A,High_risk,15.17,low,stable
21815,STAR  T-LIGHT HOLDER ,191.39999999999998,132,18,2010-12-01,2011-11-23,358,0.37,slow_moving,1410373.8599999982,2.14780876447242e-05,0.1582661095972202,A,meduim_risk,17.71,low,stable
21816,CHRISTMAS TREE T-LIGHT HOLDER,49.3,34,7,2010-12-01,2011-11-27,362,0.09,slow_moving,1410423.1599999983,5.532234696368355e-06,0.15827164183191658,A,low_risk,5.51,low,stable
21817,GLITTER CHRISTMAS TREE,408.86,908,54,2010-12-01,2011-11-09,344,2.64,medium_moving,1410832.0199999984,4.5880516794263004e-05,0.15831752234871085,A,High_risk,187.57,high,stable
21818,GLITTER CHRISTMAS HEART ,224.39999999999998,264,18,2010-12-01,2010-12-21,21,12.57,fast_moving,1411056.4199999983,2.5181206204159408e-05,0.158342703554915,A,,,,
21818,GLITTER HEART DECORATION,1056.73,2435,129,2011-02-02,2011-12-07,309,7.88,fast_moving,1412113.1499999983,0.0001185817113730899,0.15846128526628808,A,High_risk,401.16,high,stable
21819,GLITTER CHRISTMAS STAR ,1054.63,2465,118,2010-12-05,2011-12-08,369,6.68,fast_moving,1413167.7799999982,0.00011834605837385314,0.15857963132466193,A,High_risk,513.47,high,stable
21820,GLITTER HEART GARLAND WITH BELLS ,1079.84,291,58,2010-12-02,2011-12-05,369,0.79,slow_moving,1414247.6199999982,0.00012117501652183376,0.15870080634118378,A,High_risk,44.52,medium,stable
21821,GLITTER STAR GARLAND WITH BELLS ,825.45,223,40,2010-12-02,2011-11-29,363,0.61,slow_moving,1415073.0699999982,9.262846105714522e-05,0.15879343480224092,A,High_risk,41.1,medium,stable
21822,GLITTER CHRISTMAS TREE WITH BELLS,567.79,615,58,2010-12-05,2011-12-07,368,1.67,medium_moving,1415640.8599999982,6.37149602079308e-05,0.15885714976244886,A,High_risk,156.51,high,stable
21823,PAINTED METAL HEART WITH HOLLY BELL,687.9799999999999,1196,69,2010-12-01,2011-11-15,350,3.42,medium_moving,1416328.8399999982,7.72021668642495e-05,0.1589343519293131,A,High_risk,229.2,high,stable
21824,PAINTED METAL STAR WITH HOLLY BELLS,698.0,1450,73,2010-12-01,2011-11-15,350,4.14,fast_moving,1417026.8399999982,7.832656831775075e-05,0.15901267849763084,A,High_risk,264.7,high,stable
21826,EIGHT PIECE DINOSAUR SET,116.25,93,18,2010-12-01,2011-03-16,106,0.88,medium_moving,1417143.0899999982,1.3045076743464935e-05,0.1590257235743743,A,meduim_risk,20.81,medium,stable
21827,EIGHT PIECE CREEPY CRAWLIE SET,7.5,6,3,2010-12-06,2011-03-29,114,0.05,slow_moving,1417150.5899999982,8.416178544170927e-07,0.1590265651922287,A,meduim_risk,2.83,low,stable
21828,EIGHT PIECE SNAKE  SET,392.5,314,68,2010-12-03,2011-12-07,370,0.85,medium_moving,1417543.0899999982,4.4044667714494515e-05,0.15907060985994323,A,meduim_risk,22.57,medium,stable
21829,DINOSAUR KEYRINGS ASSORTED,1332.9299999999998,6462,131,2010-12-05,2011-10-20,320,20.19,fast_moving,1418876.0199999982,0.00014957569155842336,0.15922018555150164,A,low_risk,240.69,high,stable
21830,ASSORTED CREEPY CRAWLIES,1093.63,2599,88,2010-12-02,2011-11-23,357,7.28,fast_moving,1419969.649999998,0.000122722471216822,0.15934290802271844,A,low_risk,131.91,high,stable
21832,CHOCOLATE CALCULATOR,1306.7299999999998,785,115,2010-12-01,2011-12-08,373,2.1,medium_moving,1421276.379999998,0.00014663563985365963,0.1594895436625721,A,low_risk,35.89,medium,stable
21833,CAMOUFLAGE LED TORCH,4278.12,2628,120,2010-12-01,2011-12-07,372,7.06,fast_moving,1425554.4999999981,0.0004800722900451803,0.1599696159526173,A,meduim_risk,153.34,high,stable
21836,GINGHAM OVEN GLOVE RED HEART ,11.25,3,2,2010-12-05,2011-01-20,47,0.06,slow_moving,1425565.7499999981,1.262426781625639e-06,0.1599708783793989,A,low_risk,0.71,low,
21839,MUMMY MOUSE RED GINGHAM RIBBON,5.45,1,1,2011-03-27,2011-03-27,1,1.0,medium_moving,1425571.199999998,6.115756408764207e-07,0.1599714899550398,A,,,,stable
21841,BABY MOUSE RED GINGHAM DRESS,310.25,73,20,2011-03-07,2011-11-29,268,0.27,slow_moving,1425881.449999998,3.4814925244387063e-05,0.1600063048802842,A,High_risk,13.96,low,stable
21843,RED RETROSPOT CAKE STAND,17929.75,1809,421,2010-12-01,2011-12-08,373,4.85,fast_moving,1443811.199999998,0.0020119996966979823,0.16201830457698216,A,meduim_risk,98.67,high,stable
21844,RED RETROSPOT MUG,4972.1,1814,134,2010-12-01,2011-12-06,371,4.89,fast_moving,1448783.2999999982,0.0005579477511929636,0.16257625232817513,A,low_risk,85.73,medium,stable
21845,DAIRY MAID STRIPE MUG,1721.0900000000001,1907,82,2010-12-03,2011-11-28,361,5.28,fast_moving,1450504.3899999983,0.00019313334307449523,0.16276938567124966,A,meduim_risk,134.36,high,stable
21846,PINK DIAMANTE PEN IN GIFT BOX,365.62,72,24,2010-12-08,2011-12-08,366,0.2,slow_moving,1450870.0099999984,4.102830932426365e-05,0.16281041398057391,A,High_risk,9.68,low,stable
21847,GREEN  DIAMANTE PEN IN GIFT BOX,44.550000000000004,9,5,2011-03-28,2011-11-02,220,0.04,slow_moving,1450914.5599999984,4.999210055237531e-06,0.16281541319062917,A,low_risk,1.1,low,stable
21849,SILVER DIAMANTE PEN IN GIFT BOX,260.74,52,22,2010-12-02,2011-12-04,368,0.14,slow_moving,1451175.2999999984,2.9259125248095033e-05,0.16284467231587726,A,High_risk,6.56,low,stable
21850,BLUE  DIAMANTE PEN IN GIFT BOX,276.75,61,21,2010-12-01,2011-12-06,371,0.16,slow_moving,1451452.0499999984,3.105569882799072e-05,0.16287572801470523,A,High_risk,12.03,low,stable
21851,LILAC DIAMANTE PEN IN GIFT BOX,138.72,26,15,2010-12-02,2011-11-17,351,0.07,slow_moving,1451590.7699999984,1.5566563835298546e-05,0.16289129457854054,A,meduim_risk,2.09,low,stable
21864,UNION JACK FLAG PASSPORT COVER ,1192.44,610,96,2010-12-01,2011-12-08,373,1.64,medium_moving,1452783.2099999983,0.0001338105059094824,0.16302510508445,A,meduim_risk,34.4,medium,stable
21865,PINK UNION JACK  PASSPORT COVER ,463.38000000000005,223,68,2010-12-05,2011-12-08,369,0.6,slow_moving,1453246.5899999982,5.199851751730566e-05,0.1630771036019673,A,meduim_risk,12.01,low,stable
21866,UNION JACK FLAG LUGGAGE TAG,670.46,537,106,2010-12-01,2011-12-08,373,1.44,medium_moving,1453917.0499999982,7.523614755633119e-05,0.16315233974952364,A,low_risk,21.06,medium,stable
21867,PINK UNION JACK  LUGGAGE TAG,336.27,266,75,2010-12-01,2011-12-08,373,0.71,slow_moving,1454253.3199999982,3.773477812064476e-05,0.16319007452764428,A,low_risk,12.18,low,stable
21868,POTTING SHED TEA MUG,2926.98,2346,232,2010-12-02,2011-12-05,369,6.36,fast_moving,1457180.2999999982,0.00032845315033623227,0.1635185276779805,A,meduim_risk,129.65,high,stable
21870,I CAN ONLY PLEASE ONE PERSON MUG,1668.89,1357,137,2010-12-01,2011-06-06,188,7.22,fast_moving,1458849.189999998,0.00018727568280775225,0.16370580336078824,A,meduim_risk,140.1,high,stable
21871,SAVE THE PLANET MUG,6151.78,5265,270,2010-12-01,2011-12-09,374,14.08,fast_moving,1465000.969999998,0.0006903263845927976,0.16439612974538106,A,meduim_risk,303.27,high,stable
21872,GLAMOROUS  MUG,1370.73,1269,119,2010-12-02,2011-12-09,373,3.4,medium_moving,1466371.699999998,0.00015381744554468553,0.16454994719092575,A,High_risk,126.5,high,stable
21873,IF YOU CAN'T STAND THE HEAT MUG,1752.34,1586,88,2010-12-01,2011-12-08,373,4.25,fast_moving,1468124.0399999982,0.0001966400841345664,0.1647465872750603,A,High_risk,190.53,high,stable
21874,GIN AND TONIC MUG,3724.3599999999997,2852,194,2010-12-01,2011-12-09,374,7.63,fast_moving,1471848.3999999983,0.000417931716303579,0.16516451899136392,A,High_risk,256.68,high,stable
21875,KINGS CHOICE MUG,2249.56,2000,111,2010-12-02,2011-12-09,373,5.36,fast_moving,1474097.9599999983,0.00025243598141100196,0.16541695497277492,A,High_risk,204.8,high,stable
21876,POTTERING MUG,4058.7599999999998,3548,197,2010-12-05,2011-12-08,369,9.62,fast_moving,1478156.7199999983,0.00045545665103918916,0.1658724116238141,A,meduim_risk,245.22,high,stable
21877,HOME SWEET HOME MUG,6708.11,5347,293,2010-12-01,2011-12-09,374,14.3,fast_moving,1484864.8299999984,0.0007527553527191791,0.1666251669765333,A,High_risk,436.22,high,stable
21878,PACK OF 6 SANDCASTLE FLAGS ASSORTED,1973.75,2397,152,2010-12-03,2011-12-08,371,6.46,fast_moving,1486838.5799999984,0.0002214857653540982,0.1668466527418874,A,High_risk,187.81,high,stable
21879,HEARTS GIFT TAPE,303.23,1027,57,2010-12-09,2011-12-05,362,2.84,medium_moving,1487141.8099999984,3.402717093265267e-05,0.16688067991282005,A,High_risk,162.33,high,stable
21880,RED RETROSPOT TAPE,668.94,1458,99,2010-12-01,2011-12-07,372,3.92,medium_moving,1487810.7499999984,7.506557967116933e-05,0.1669557454924912,A,High_risk,122.13,high,stable
21881,CUTE CATS TAPE,315.55,975,45,2010-12-02,2011-12-05,369,2.64,medium_moving,1488126.2999999984,3.5409668528175146e-05,0.1669911551610194,A,High_risk,108.1,high,stable
21882,SKULLS TAPE,191.28000000000003,600,38,2010-12-03,2011-11-28,361,1.66,medium_moving,1488317.5799999984,2.1464621759053534e-05,0.16701261978277845,A,High_risk,92.91,medium,stable
21883,STARS GIFT TAPE ,581.0600000000001,1368,93,2010-12-01,2011-12-07,372,3.68,medium_moving,1488898.6399999985,6.520406273167945e-05,0.16707782384551012,A,High_risk,151.35,high,stable
21884,CAKES AND BOWS GIFT  TAPE,318.81,1017,44,2010-12-03,2011-12-04,367,2.77,medium_moving,1489217.4499999986,3.5775491755561777e-05,0.1671135993372657,A,High_risk,108.86,high,stable
21888,BINGO SET,5725.71,1553,280,2010-12-01,2011-12-04,369,4.21,fast_moving,1494943.1599999985,0.0006425146353619322,0.16775611397262763,A,meduim_risk,107.6,high,stable
21889,WOODEN BOX OF DOMINOES,7215.95,5778,449,2010-12-01,2011-12-08,373,15.49,fast_moving,1502159.1099999985,0.0008097429808774693,0.1685658569535051,A,meduim_risk,325.02,high,stable
21890,S/6 WOODEN SKITTLES IN COTTON BAG,3262.51,1075,173,2010-12-01,2011-12-08,373,2.88,medium_moving,1505421.6199999985,0.00036610488882857456,0.16893196184233367,A,meduim_risk,61.43,medium,stable
21891,TRADITIONAL WOODEN SKIPPING ROPE,10019.47,7919,340,2010-12-01,2011-12-08,373,21.23,fast_moving,1515441.0899999985,0.0011243419791728568,0.17005630382150652,A,low_risk,331.8,high,stable
21892,TRADITIONAL WOODEN CATCH CUP GAME ,3656.75,2914,295,2010-12-01,2011-12-06,371,7.85,fast_moving,1519097.8399999985,0.0004103448118852938,0.1704666486333918,A,low_risk,140.15,high,stable
21894,POTTING SHED SEED ENVELOPES,610.73,476,71,2010-12-01,2011-12-08,373,1.28,medium_moving,1519708.5699999984,6.853350296375347e-05,0.17053518213635557,A,low_risk,20.23,medium,stable
21895,POTTING SHED SOW 'N' GROW SET,4.25,1,1,2010-12-01,2010-12-01,1,1.0,medium_moving,1519712.8199999984,4.769167841696858e-07,0.17053565905313972,A,,,,
21896,POTTING SHED TWINE,2158.5,949,89,2010-12-08,2011-11-22,350,2.71,medium_moving,1521871.3199999984,0.00024221761850123927,0.17077787667164096,A,High_risk,142.32,high,stable
21897,POTTING SHED CANDLE CITRONELLA,1250.82,402,2,2011-03-24,2011-04-27,35,11.49,fast_moving,1523122.1399999985,0.00014036165928826505,0.17091823833092926,A,High_risk,199.4,high,stable
21898,POTTING SHED ROSE CANDLE,1423.03,445,7,2011-02-17,2011-04-27,70,6.36,fast_moving,1524545.1699999985,0.0001596863273828207,0.17107792465831206,A,High_risk,205.29,high,stable
21899,GARAGE KEY FOB,491.15000000000003,733,115,2011-07-03,2011-12-08,159,4.61,fast_moving,1525036.3199999984,5.5114747892927345e-05,0.17113303940620497,A,low_risk,41.8,medium,stable
21899,"KEY FOB , GARAGE DESIGN",1141.92,1872,103,2010-12-02,2011-07-04,215,8.71,fast_moving,1526178.2399999984,0.00012814136804212886,0.1712611807742471,A,High_risk,256.35,high,stable
21900,"KEY FOB , SHED",1963.0300000000002,3087,265,2010-12-02,2011-12-08,372,8.3,fast_moving,1528141.2699999984,0.0002202828129008514,0.17148146358714797,A,High_risk,232.46,high,stable
21901,"KEY FOB , BACK DOOR ",1142.8600000000001,1746,234,2010-12-02,2011-12-08,372,4.69,fast_moving,1529284.1299999985,0.00012824685081321582,0.1716097104379612,A,low_risk,49.33,medium,stable
21902,"KEY FOB , FRONT  DOOR ",1176.73,1915,161,2010-12-02,2011-12-08,372,5.15,fast_moving,1530460.8599999985,0.0001320475970437634,0.17174175803500494,A,High_risk,164.26,high,stable
21903,MAN FLU METAL SIGN,2360.5800000000004,1129,153,2010-12-05,2011-12-08,369,3.06,medium_moving,1532821.4399999985,0.00026489416997065344,0.1720066522049756,A,low_risk,41.33,medium,stable
21904,HOUSE WRECKING METAL SIGN ,107.10000000000001,51,23,2010-12-05,2011-05-25,172,0.3,slow_moving,1532928.5399999986,1.2018302961076085e-05,0.1720186705079367,A,meduim_risk,5.68,low,stable
21905,MORE BUTTER METAL SIGN ,707.4100000000001,685,110,2010-12-03,2011-12-06,369,1.86,medium_moving,1533635.9499999986,7.93825181857594e-05,0.17209805302612244,A,meduim_risk,46.03,medium,stable
21906,PHARMACIE FIRST AID TIN,3220.81,483,94,2010-12-03,2011-12-05,368,1.31,medium_moving,1536856.7599999986,0.0003614254935580155,0.17245947851968046,A,High_risk,47.26,medium,stable
21907,I'M ON HOLIDAY METAL SIGN,4761.55,2294,329,2010-12-01,2011-12-07,372,6.17,fast_moving,1541618.3099999987,0.0005343207326266277,0.1729937992523071,A,low_risk,91.92,medium,stable
21908,CHOCOLATE THIS WAY METAL SIGN,7208.52,3635,374,2010-12-02,2011-12-09,373,9.75,fast_moving,1548826.8299999987,0.0008089092181230268,0.17380270847043014,A,low_risk,140.24,high,stable
21910,WAY OUT METAL SIGN ,59.39999999999999,36,8,2010-12-05,2011-02-16,74,0.49,slow_moving,1548886.2299999986,6.665613406983373e-06,0.1738093740838371,A,High_risk,16.46,low,
21911,GARDEN METAL SIGN ,173.24999999999997,105,20,2010-12-02,2011-03-07,96,1.09,medium_moving,1549059.4799999986,1.9441372437034838e-05,0.17382881545627413,A,low_risk,13.38,low,
21912,VINTAGE SNAKES & LADDERS,5523.53,1575,268,2010-12-01,2011-12-08,373,4.22,fast_moving,1554583.0099999986,0.0006198268623211258,0.17444864231859528,A,low_risk,75.09,medium,stable
21913,VINTAGE SEASIDE JIGSAW PUZZLES,1142.53,305,89,2010-12-01,2011-12-07,372,0.82,slow_moving,1555725.5399999986,0.00012820981962762145,0.17457685213822288,A,meduim_risk,18.62,low,stable
21914,BLUE HARMONICA IN BOX ,9222.63,7434,517,2010-12-01,2011-12-09,374,19.88,fast_moving,1564948.1699999985,0.0010349240096910281,0.1756117761479139,A,low_risk,318.01,high,stable
21915,RED  HARMONICA IN BOX ,23793.93,20975,561,2010-12-01,2011-12-07,372,56.38,fast_moving,1588742.0999999985,0.0026700528419667325,0.17828182898988063,A,low_risk,957.68,high,stable
21916,SET 12 RETRO WHITE CHALK STICKS,1771.54,4363,248,2010-12-01,2011-12-09,374,11.67,fast_moving,1590513.6399999985,0.00019879462584187417,0.1784806236157225,A,meduim_risk,245.96,high,stable
21917,SET 12 KIDS  WHITE CHALK STICKS,1653.24,4095,186,2010-12-01,2011-12-08,373,10.98,fast_moving,1592166.8799999985,0.00018551950688486856,0.17866614312260737,A,low_risk,189.6,high,stable
21918,SET 12 KIDS COLOUR  CHALK STICKS,2814.7,7013,282,2010-12-02,2011-12-09,373,18.8,fast_moving,1594981.5799999984,0.0003158535699770387,0.1789819966925844,A,meduim_risk,370.21,high,stable
21922,UNION STRIPE WITH FRINGE  HAMMOCK,5682.09,759,167,2010-12-01,2011-12-06,371,2.05,medium_moving,1600663.6699999985,0.0006376197859206424,0.17961961647850505,A,High_risk,68.45,medium,stable
21925,UNION STRIPE CUSHION COVER ,503.75,403,65,2010-12-02,2011-12-06,370,1.09,medium_moving,1601167.4199999985,5.6528665888348054e-05,0.17967614514439342,A,meduim_risk,23.19,medium,stable
21926,RED/CREAM STRIPE CUSHION COVER ,509.9,414,60,2011-01-19,2011-12-08,324,1.28,medium_moving,1601677.3199999984,5.721879252897007e-05,0.17973336393692238,A,meduim_risk,24.34,medium,stable
21927,BLUE/CREAM STRIPE CUSHION COVER ,769.9,622,98,2010-12-02,2011-12-01,365,1.7,medium_moving,1602447.2199999983,8.639487814876261e-05,0.17981975881507112,A,low_risk,28.55,medium,stable
21928,JUMBO BAG SCANDINAVIAN BLUE PAISLEY,14632.970000000001,7757,451,2011-02-24,2011-12-07,287,27.03,fast_moving,1617080.1899999983,0.0016420491753532914,0.1814618079904244,A,low_risk,387.06,high,stable
21928,JUMBO BAG SCANDINAVIAN PAISLEY,3430.65,1947,91,2010-12-01,2011-05-11,162,12.02,fast_moving,1620510.8399999982,0.00038497283896746654,0.18184678082939187,A,meduim_risk,342.13,high,stable
21929,JUMBO BAG PINK VINTAGE PAISLEY,18429.98,9889,602,2010-12-01,2011-12-09,374,26.44,fast_moving,1638940.8199999982,0.002068133363273324,0.1839149141926652,A,low_risk,350.09,high,stable
21930,JUMBO STORAGE BAG SKULLS,10890.79,5706,471,2010-12-01,2011-12-08,373,15.3,fast_moving,1649831.6099999982,0.0012221177750276172,0.18513703196769282,A,low_risk,256.33,high,stable
21931,JUMBO STORAGE BAG SUKI,21790.95,11516,774,2010-12-01,2011-12-09,374,30.79,fast_moving,1671622.5599999982,0.002445287011294686,0.1875823189789875,A,low_risk,316.03,high,stable
21932,SCANDINAVIAN PAISLEY PICNIC BAG,4363.66,2467,319,2010-12-03,2011-12-07,370,6.67,fast_moving,1675986.219999998,0.0004896712222140921,0.18807199020120158,A,High_risk,205.12,high,stable
21933,PINK VINTAGE PAISLEY PICNIC BAG,4295.86,2410,283,2010-12-03,2011-12-08,371,6.5,fast_moving,1680282.0799999982,0.0004820629968101615,0.18855405319801175,A,High_risk,226.57,high,stable
21934,SKULL SHOULDER BAG,2081.2,1288,143,2010-12-01,2011-12-06,371,3.47,medium_moving,1682363.2799999982,0.00023354334381504708,0.18878759654182678,A,meduim_risk,70.73,medium,stable
21935,SUKI  SHOULDER BAG,2824.37,1763,204,2010-12-01,2011-12-08,373,4.73,fast_moving,1685187.6499999983,0.00031693869593066716,0.18910453523775747,A,low_risk,73.45,medium,stable
21936,RED RETROSPOT PICNIC BAG,10371.66,3758,385,2010-12-03,2011-12-07,370,10.16,fast_moving,1695559.3099999982,0.0011638632314591444,0.19026839846921662,A,High_risk,315.76,high,stable
21937,STRAWBERRY   PICNIC BAG,4433.45,1591,206,2010-12-03,2011-12-04,367,4.34,fast_moving,1699992.7599999981,0.0004975027568887279,0.19076590122610532,A,High_risk,177.93,high,stable
21942,SKULLS DESIGN FLANNEL,134.54999999999998,161,23,2010-12-10,2011-12-05,361,0.45,slow_moving,1700127.3099999982,1.509862430824264e-05,0.19078099985041358,A,High_risk,17.02,low,stable
21943,CAKES AND RABBITS DESIGN FLANNEL ,48.449999999999996,57,10,2010-12-12,2011-11-11,335,0.17,slow_moving,1700175.7599999981,5.436851339534418e-06,0.1907864367017531,A,meduim_risk,6.06,low,stable
21944,KITTENS DESIGN FLANNEL,177.88,232,33,2010-12-12,2011-12-08,362,0.64,slow_moving,1700353.639999998,1.9960931192494992e-05,0.19080639763294557,A,meduim_risk,19.84,medium,stable
21945,STRAWBERRIES  DESIGN FLANNEL ,190.79,225,29,2010-12-03,2011-12-06,369,0.61,slow_moving,1700544.429999998,2.1409636059231612e-05,0.19082780726900483,A,meduim_risk,19.73,medium,stable
21946,PARTY TIME DESIGN FLANNEL,58.9,72,11,2010-12-12,2011-12-05,359,0.2,slow_moving,1700603.329999998,6.609505550022234e-06,0.19083441677455484,A,low_risk,5.07,low,stable
21947,SET OF 6 HEART CHOPSTICKS,743.98,596,82,2010-12-03,2011-12-06,369,1.62,medium_moving,1701347.309999998,8.348624684389715e-05,0.19091790302139872,A,High_risk,53.23,medium,stable
21948,SET OF 6 CAKE CHOPSTICKS,543.07,418,54,2010-12-02,2011-12-05,369,1.13,medium_moving,1701890.379999998,6.094098775977207e-05,0.19097884400915852,A,meduim_risk,32.28,medium,stable
21949,SET OF 6 STRAWBERRY CHOPSTICKS,725.49,613,59,2010-12-02,2011-12-05,369,1.66,medium_moving,1702615.869999998,8.14113782934742e-05,0.19106025538745197,A,High_risk,57.53,medium,stable
21955,DOORMAT UNION JACK GUNS AND ROSES,6635.61,1159,155,2010-12-01,2011-12-07,372,3.12,medium_moving,1709251.4799999981,0.0007446197134598139,0.19180487510091182,A,High_risk,136.11,high,stable
21967,PACK OF 12 SKULL TISSUES,1506.24,5166,173,2010-12-01,2011-12-08,373,13.85,fast_moving,1710757.719999998,0.00016902379693829354,0.1919738988978501,A,High_risk,625.63,high,stable
21972,SET OF 36 DINOSAUR PAPER DOILIES,423.4,292,39,2010-12-23,2011-11-30,343,0.85,medium_moving,1711181.119999998,4.751213327469293e-05,0.19202141103112477,A,meduim_risk,18.12,low,stable
21973,SET OF 36 MUSHROOM PAPER DOILIES,230.54999999999998,159,30,2010-12-06,2011-11-28,358,0.44,slow_moving,1711411.669999998,2.5871332844781427e-05,0.19204728236396956,A,High_risk,17.31,low,stable
21974,SET OF 36 PAISLEY FLOWER DOILIES,2942.5099999999998,2036,229,2010-12-02,2011-12-07,371,5.49,fast_moving,1714354.179999998,0.0003301958603734452,0.192377478224343,A,low_risk,87.27,medium,stable
21975,PACK OF 60 DINOSAUR CAKE CASES,5934.68,12134,529,2010-12-01,2011-12-08,373,32.53,fast_moving,1720288.859999998,0.0006659643531002709,0.19304344257744327,A,low_risk,491.0,high,stable
21976,PACK OF 60 MUSHROOM CAKE CASES,2513.13,4967,276,2010-12-01,2011-12-08,373,13.32,fast_moving,1722801.989999998,0.0002820126771294971,0.19332545525457276,A,low_risk,215.54,high,stable
21977,PACK OF 60 PINK PAISLEY CAKE CASES,11629.7,24264,669,2010-12-01,2011-12-08,373,65.05,fast_moving,1734431.6899999978,0.0013050350882019284,0.1946304903427747,A,low_risk,945.77,high,stable
21980,PACK OF 12 RED RETROSPOT TISSUES ,2003.3099999999997,6523,250,2010-12-01,2011-12-08,373,17.49,fast_moving,1736434.999999998,0.00022480286185764075,0.19485529320463232,A,low_risk,307.49,high,stable
21981,PACK OF 12 WOODLAND TISSUES ,1512.9299999999998,5295,190,2010-12-01,2011-12-07,372,14.23,fast_moving,1737947.9299999978,0.00016977452006443358,0.19502506772469677,A,meduim_risk,308.11,high,stable
21982,PACK OF 12 SUKI TISSUES ,2083.58,7346,259,2010-12-01,2011-12-08,373,19.69,fast_moving,1740031.509999998,0.0002338104172141821,0.19525887814191095,A,meduim_risk,420.32,high,stable
21983,PACK OF 12 BLUE PAISLEY TISSUES ,712.7299999999999,2223,124,2010-12-01,2011-12-06,371,5.99,fast_moving,1740744.239999998,7.997950578382591e-05,0.19533885764769476,A,low_risk,79.34,medium,stable
21984,PACK OF 12 PINK PAISLEY TISSUES ,1003.9499999999999,3309,157,2010-12-01,2011-12-08,373,8.87,fast_moving,1741748.1899999978,0.00011265896599227202,0.19545151661368704,A,meduim_risk,181.85,high,stable
21985,PACK OF 12 HEARTS DESIGN TISSUES ,2550.29,8569,354,2010-12-01,2011-12-08,373,22.97,fast_moving,1744298.479999998,0.00028618261305884897,0.1957376992267459,A,meduim_risk,476.32,high,stable
21986,PACK OF 12 PINK POLKADOT TISSUES,1129.79,3985,155,2010-12-01,2011-12-08,373,10.68,fast_moving,1745428.269999998,0.00012678019143225162,0.19586447941817814,A,High_risk,366.36,high,stable
21987,PACK OF 6 SKULL PAPER CUPS,1254.74,2050,147,2010-12-02,2011-12-06,370,5.54,fast_moving,1746683.009999998,0.00014080154488684037,0.196005280963065,A,meduim_risk,122.81,high,stable
21988,PACK OF 6 SKULL PAPER PLATES,1663.3,2194,147,2010-12-02,2011-12-06,370,5.93,fast_moving,1748346.309999998,0.00018664839696692668,0.1961919293600319,A,meduim_risk,124.61,high,stable
21989,PACK OF 20 SKULL PAPER NAPKINS,1675.24,2068,205,2010-12-02,2011-12-07,371,5.57,fast_moving,1750021.549999998,0.0001879882525911587,0.19637991761262308,A,low_risk,89.58,medium,stable
21990,MODERN FLORAL STATIONERY SET,1745.05,1219,177,2010-12-02,2011-12-09,373,3.27,medium_moving,1751766.599999998,0.00019582203158007299,0.19657573964420316,A,High_risk,107.94,high,stable
21991,BOHEMIAN COLLAGE STATIONERY SET,675.53,471,102,2010-12-03,2011-12-07,370,1.27,medium_moving,1752442.129999998,7.580508122591714e-05,0.1966515447254291,A,High_risk,38.84,medium,stable
21992,VINTAGE PAISLEY STATIONERY SET,1658.69,1163,199,2010-12-01,2011-11-15,350,3.32,medium_moving,1754100.819999998,0.000186131082525745,0.1968376758079548,A,High_risk,100.36,high,stable
21993,FLORAL FOLK STATIONERY SET,1934.8500000000001,1366,205,2010-12-02,2011-12-08,372,3.67,medium_moving,1756035.669999998,0.00021712057408252157,0.19705479638203735,A,High_risk,115.99,high,stable
22021,BLUE FELT EASTER EGG BASKET,577.4999999999999,350,64,2010-12-05,2011-03-21,107,3.27,medium_moving,1756613.169999998,6.480457479011612e-05,0.19711960095682746,A,low_risk,38.34,medium,stable
22023,EMPIRE BIRTHDAY CARD,481.29,1143,84,2010-12-02,2011-12-06,370,3.09,medium_moving,1757094.459999998,5.400830095365367e-05,0.19717360925778113,A,low_risk,37.97,medium,stable
22024,RAINY LADIES BIRTHDAY CARD,928.99,2304,129,2010-12-01,2011-12-06,371,6.21,fast_moving,1758023.449999998,0.00010424727607665799,0.1972778565338578,A,low_risk,86.84,medium,stable
22025,RING OF ROSES BIRTHDAY CARD,707.04,1776,87,2010-12-01,2011-12-06,371,4.79,fast_moving,1758730.4899999981,7.934099837160816e-05,0.19735719753222938,A,low_risk,87.85,medium,stable
22026,BANQUET BIRTHDAY  CARD  ,647.28,1572,100,2010-12-07,2011-12-05,364,4.32,fast_moving,1759377.7699999982,7.263498730761276e-05,0.197429832519537,A,low_risk,64.34,medium,stable
22027,TEA PARTY BIRTHDAY CARD,1702.79,4165,262,2010-12-02,2011-12-08,372,11.2,fast_moving,1761080.5599999982,0.00019107979550971748,0.19762091231504672,A,low_risk,134.31,high,stable
22028,PENNY FARTHING BIRTHDAY CARD,1203.49,2915,185,2010-12-02,2011-12-08,372,7.84,fast_moving,1762284.0499999982,0.00013505048954832357,0.19775596280459506,A,low_risk,116.22,high,stable
22029,SPACEBOY BIRTHDAY CARD,3130.22,7858,394,2010-12-02,2011-12-08,372,21.12,fast_moving,1765414.2699999982,0.0003512598720337962,0.19810722267662884,A,low_risk,168.19,high,stable
22030,SWALLOWS GREETING CARD,2130.63,5361,242,2010-12-01,2011-12-08,373,14.37,fast_moving,1767544.899999998,0.00023909016655422537,0.19834631284318305,A,low_risk,292.15,high,stable
22031,BOTANICAL LAVENDER BIRTHDAY CARD,158.61,363,32,2010-12-02,2011-12-08,372,0.98,medium_moving,1767703.5099999981,1.7798534385212677e-05,0.1983641113775683,A,low_risk,15.09,low,stable
22032,BOTANICAL LILY GREETING CARD,151.62,361,31,2010-12-15,2011-11-25,346,1.04,medium_moving,1767855.1299999983,1.7014146544895945e-05,0.1983811255241132,A,low_risk,12.04,low,stable
22033,BOTANICAL ROSE GREETING CARD,141.12,336,21,2010-12-15,2011-07-21,219,1.53,medium_moving,1767996.2499999984,1.5835881548712016e-05,0.1983969614056619,A,low_risk,27.71,medium,stable
22034,ROBIN CHRISTMAS CARD,1.26,3,1,2010-12-05,2010-12-05,1,3.0,medium_moving,1767997.5099999984,1.4139179954207156e-07,0.19839710279746145,A,,,,
22035,VINTAGE CARAVAN GREETING CARD ,574.06,1406,87,2010-12-03,2011-10-17,319,4.41,fast_moving,1768571.5699999984,6.441855273422348e-05,0.19846152135019568,A,low_risk,70.21,medium,stable
22037,ROBOT BIRTHDAY CARD,1573.12,3795,257,2010-12-02,2011-12-08,372,10.2,fast_moving,1770144.6899999985,0.00017652878388541555,0.19863805013408112,A,low_risk,125.19,high,stable
22038,BOTANICAL LAVENDER GIFT WRAP ,199.5,475,19,2011-02-02,2011-12-06,308,1.54,medium_moving,1770344.1899999985,2.2387034927494664e-05,0.1986604371690086,A,low_risk,26.35,medium,stable
22039,BOTANICAL LILY GIFT WRAP,105.0,250,7,2011-04-10,2011-10-25,199,1.26,medium_moving,1770449.1899999985,1.1782649961839297e-05,0.19867221981897046,A,High_risk,55.9,medium,stable
22040,BOTANICAL ROSE GIFT WRAP,304.5,725,28,2010-12-16,2011-11-17,337,2.15,medium_moving,1770753.6899999985,3.4169684889333964e-05,0.19870638950385977,A,low_risk,40.73,medium,stable
22041,"RECORD FRAME 7"" SINGLE SIZE ",8450.82,3812,196,2010-12-01,2011-12-08,373,10.22,fast_moving,1779204.5099999986,0.000948314799528674,0.19965470430338847,A,low_risk,155.51,high,stable
22042,CHRISTMAS CARD SINGING ANGEL,156.24,372,25,2010-12-02,2011-12-06,370,1.01,medium_moving,1779360.7499999986,1.7532583143216875e-05,0.19967223688653168,A,low_risk,19.42,low,stable
22043,CHRISTMAS CARD SCREEN PRINT ,283.32,1188,43,2010-12-02,2011-12-02,366,3.25,medium_moving,1779644.0699999987,3.179295606846009e-05,0.19970402984260016,A,High_risk,165.53,high,stable
22044,CHRISTMAS CARD STACK OF PRESENTS,196.44,816,36,2010-12-02,2011-11-07,341,2.39,medium_moving,1779840.5099999986,2.204365484289249e-05,0.19972607349744304,A,High_risk,158.23,high,stable
22045,SPACEBOY GIFT WRAP,2662.84,6502,206,2010-12-02,2011-12-08,372,17.48,fast_moving,1782503.3499999987,0.0002988124916608015,0.20002488598910384,A,low_risk,272.02,high,stable
22046,TEA PARTY  WRAPPING PAPER ,929.0,2250,75,2010-12-23,2011-12-08,351,6.41,fast_moving,1783432.3499999987,0.00010424839823379721,0.20012913438733765,A,low_risk,78.04,medium,stable
22047,EMPIRE GIFT WRAP,1384.0,3400,105,2010-12-13,2011-12-05,358,9.5,fast_moving,1784816.3499999987,0.00015530654806843416,0.20028444093540607,A,low_risk,142.75,high,stable
22048,BIRTHDAY BANQUET GIFT WRAP,393.5,975,32,2010-12-08,2011-12-05,363,2.69,medium_moving,1785209.8499999987,4.4156883428416794e-05,0.2003285978188345,A,meduim_risk,61.35,medium,stable
22049,WRAP CHRISTMAS SCREEN PRINT,275.25,1025,31,2010-12-01,2011-10-20,324,3.16,medium_moving,1785485.0999999987,3.08873752571073e-05,0.2003594851940916,A,meduim_risk,186.39,high,stable
22050,PINK PAISLEY ROSE GIFT WRAP,498.5,1225,40,2010-12-06,2011-12-05,365,3.36,medium_moving,1785983.5999999987,5.593953339025609e-05,0.20041542472748186,A,meduim_risk,69.34,medium,stable
22051,BLUE SCANDINAVIAN PAISLEY WRAP,420.0,1000,39,2010-12-08,2011-11-24,352,2.84,medium_moving,1786403.5999999987,4.713059984735719e-05,0.2004625553273292,A,low_risk,34.27,medium,stable
22052,VINTAGE CARAVAN GIFT WRAP,239.82,571,23,2010-12-06,2011-07-11,218,2.62,medium_moving,1786643.4199999988,2.6911572512840955e-05,0.20048946689984207,A,meduim_risk,83.49,medium,stable
22053,EMPIRE DESIGN ROSETTE,3596.4199999999996,4236,26,2010-12-10,2011-11-08,334,12.68,fast_moving,1790239.8399999987,0.00040357483786436266,0.20089304173770642,A,High_risk,1252.67,high,stable
22055,MINI CAKE STAND  HANGING STRAWBERY,1665.08,1248,142,2010-12-10,2011-12-08,364,3.43,medium_moving,1791904.9199999988,0.00018684814093770835,0.20107988987864414,A,meduim_risk,74.77,medium,stable
22057,CERAMIC PLATE STRAWBERRY DESIGN,648.18,578,56,2010-12-08,2011-12-08,366,1.58,medium_moving,1792553.0999999987,7.273598145014281e-05,0.20115262586009428,A,High_risk,44.96,medium,stable
22059,CERAMIC STRAWBERRY DESIGN MUG,1973.1699999999998,1749,142,2010-12-01,2011-12-09,374,4.68,fast_moving,1794526.2699999986,0.00022142068024002328,0.20137404654033428,A,meduim_risk,123.72,high,stable
22060,LARGE CAKE STAND HANGING HEARTS,1118.95,233,34,2010-12-02,2011-05-23,173,1.35,medium_moving,1795645.2199999986,0.00012556377309333412,0.2014996103134276,A,meduim_risk,35.61,medium,stable
22061,LARGE CAKE STAND  HANGING STRAWBERY,3864.63,565,129,2010-12-02,2011-12-09,373,1.51,medium_moving,1799509.8499999985,0.00043367221449545717,0.20193328252792306,A,High_risk,57.97,medium,stable
22062,CERAMIC BOWL WITH LOVE HEART DESIGN,603.89,559,52,2010-12-16,2011-10-14,303,1.84,medium_moving,1800113.7399999984,6.776594748052508e-05,0.20200104847540357,A,meduim_risk,36.07,medium,stable
22063,CERAMIC BOWL WITH STRAWBERRY DESIGN,1127.2,544,81,2010-12-08,2011-12-08,366,1.49,medium_moving,1801240.9399999983,0.0001264895527331929,0.20212753802813677,A,High_risk,52.62,medium,stable
22064,PINK DOUGHNUT TRINKET POT ,2142.6,1608,164,2010-12-01,2011-12-08,373,4.31,fast_moving,1803383.5399999984,0.00024043338864987503,0.20236797141678664,A,meduim_risk,95.17,high,stable
22065,CHRISTMAS PUDDING TRINKET POT ,2892.02,6440,164,2010-12-01,2011-12-07,372,17.31,fast_moving,1806275.5599999984,0.00032453008897750935,0.20269250150576415,A,High_risk,1018.73,high,stable
22066,LOVE HEART TRINKET POT,1035.3799999999999,2248,131,2010-12-20,2011-12-06,352,6.39,fast_moving,1807310.9399999983,0.00011618590588084924,0.20280868741164498,A,meduim_risk,127.9,high,stable
22067,CHOC TRUFFLE GOLD TRINKET POT ,569.13,389,48,2010-12-03,2011-12-08,371,1.05,medium_moving,1807880.0699999982,6.386532926458665e-05,0.20287255274090957,A,low_risk,18.09,low,stable
22068,BLACK PIRATE TREASURE CHEST,509.36999999999995,437,81,2010-12-01,2011-12-09,374,1.17,medium_moving,1808389.4399999983,5.7159318200591255e-05,0.20292971205911017,A,High_risk,45.6,medium,stable
22069,BROWN  PIRATE TREASURE CHEST ,240.77999999999997,220,37,2010-12-05,2011-12-09,370,0.59,slow_moving,1808630.2199999983,2.701929959820634e-05,0.20295673135870837,A,High_risk,28.12,medium,stable
22070,SMALL RED RETROSPOT MUG IN BOX ,2034.43,874,84,2010-12-02,2011-12-08,372,2.35,medium_moving,1810664.6499999983,0.00022829501487490211,0.20318502637358327,A,High_risk,132.84,high,stable
22071,SMALL WHITE RETROSPOT MUG IN BOX ,1298.79,711,72,2010-12-02,2011-12-08,372,1.91,medium_moving,1811963.4399999983,0.00014574464708511675,0.2033307710206684,A,High_risk,142.13,high,stable
22072,RED RETROSPOT TEA CUP AND SAUCER ,2539.19,813,139,2010-12-03,2011-12-09,372,2.19,medium_moving,1814502.6299999983,0.0002849370186343117,0.2036157080393027,A,meduim_risk,51.24,medium,stable
22073,RED RETROSPOT STORAGE JAR,1074.6,300,45,2010-12-06,2011-05-04,150,2.0,medium_moving,1815577.2299999984,0.00012058700618088102,0.2037362950454836,A,meduim_risk,36.83,medium,stable
22074,6 RIBBONS SHIMMERING PINKS ,774.5899999999999,1001,75,2010-12-01,2011-12-09,374,2.68,medium_moving,1816351.8199999984,8.692116984705809e-05,0.20382321621533067,A,High_risk,106.12,high,stable
22075,6 RIBBONS ELEGANT CHRISTMAS ,2019.2299999999998,1565,120,2010-12-01,2011-12-09,374,4.18,fast_moving,1818371.0499999984,0.00022658933602328344,0.20404980555135394,A,High_risk,179.75,high,stable
22076,6 RIBBONS EMPIRE  ,1304.37,1035,113,2010-12-03,2011-12-09,372,2.78,medium_moving,1819675.4199999985,0.00014637081076880308,0.20419617636212276,A,High_risk,81.15,medium,stable
22077,6 RIBBONS RUSTIC CHARM,14988.589999999998,8605,726,2010-12-01,2011-12-09,374,23.01,fast_moving,1834664.0099999986,0.001681955327538332,0.2058781316896611,A,low_risk,284.68,high,stable
22078,RIBBON REEL LACE DESIGN ,2610.0,1300,143,2010-12-03,2011-12-09,372,3.49,medium_moving,1837274.0099999986,0.00029288301333714825,0.20617101470299826,A,meduim_risk,86.08,medium,stable
22079,RIBBON REEL HEARTS DESIGN ,2831.9900000000002,1715,225,2010-12-05,2011-12-07,368,4.66,fast_moving,1840105.9999999986,0.000317793779670755,0.206488808482669,A,meduim_risk,103.28,high,stable
22080,RIBBON REEL POLKADOTS ,1902.3,1182,126,2010-12-03,2011-12-09,372,3.18,medium_moving,1842008.2999999986,0.00021346795259435136,0.20670227643526334,A,meduim_risk,100.82,high,stable
22081,RIBBON REEL FLORA + FAUNA ,994.87,595,89,2010-12-01,2011-12-09,374,1.59,medium_moving,1843003.1699999988,0.00011164004730985773,0.20681391648257322,A,low_risk,25.31,medium,stable
22082,RIBBON REEL STRIPES DESIGN ,4208.78,2558,334,2010-12-01,2011-12-07,372,6.88,fast_moving,1847211.9499999988,0.00047229125244180944,0.20728620773501505,A,low_risk,89.29,medium,stable
22083,PAPER CHAIN KIT RETROSPOT,12043.210000000001,4307,444,2010-12-01,2011-12-09,374,11.52,fast_moving,1859255.1599999988,0.00135143740806593,0.20863764514308097,A,low_risk,122.77,high,stable
22084,PAPER CHAIN KIT EMPIRE,13435.150000000001,4893,374,2010-12-02,2011-12-08,372,13.15,fast_moving,1872690.3099999987,0.001507634948902907,0.21014528009198385,A,High_risk,754.12,high,stable
22085,PAPER CHAIN KIT SKULLS ,1415.65,507,73,2010-12-06,2011-12-07,367,1.38,medium_moving,1874105.9599999986,0.0001588581754140743,0.21030413826739794,A,meduim_risk,32.39,medium,stable
22086,PAPER CHAIN KIT 50'S CHRISTMAS ,42660.83,15617,980,2010-12-01,2011-12-09,374,41.76,fast_moving,1916766.7899999986,0.004787215494966979,0.2150913537623649,A,High_risk,1778.64,high,stable
22087,PAPER BUNTING WHITE LACE,10264.050000000001,3779,257,2010-12-01,2011-12-09,374,10.1,fast_moving,1927030.8399999987,0.0011517876984839682,0.2162431414608489,A,meduim_risk,363.2,high,stable
22088,PAPER BUNTING COLOURED LACE,4683.1,1698,169,2010-12-01,2011-07-06,218,7.79,fast_moving,1931713.9399999988,0.0005255174098694249,0.21676865887071833,A,meduim_risk,152.76,high,stable
22089,PAPER BUNTING VINTAGE PAISLEY,3398.5000000000005,1190,180,2010-12-02,2011-12-05,369,3.22,medium_moving,1935112.4399999988,0.0003813651037648653,0.2171500239744832,A,meduim_risk,62.81,medium,stable
22090,PAPER BUNTING RETROSPOT,18791.890000000003,6879,567,2010-12-02,2011-12-08,372,18.49,fast_moving,1953904.3299999987,0.002108745352298936,0.21925876932678212,A,meduim_risk,350.2,high,stable
22091,EMPIRE TISSUE BOX,922.7900000000001,1945,130,2010-12-05,2011-12-08,369,5.27,fast_moving,1954827.1199999987,0.00010355153865033987,0.21936232086543245,A,High_risk,202.92,high,stable
22092,BLUE PAISLEY TISSUE BOX,312.34000000000003,668,88,2010-12-01,2011-12-08,373,1.79,medium_moving,1955139.4599999988,3.5049456086484636e-05,0.21939737032151896,A,meduim_risk,57.95,medium,stable
22093,MOTORING TISSUE BOX,806.76,1828,153,2010-12-05,2011-12-06,367,4.98,fast_moving,1955946.2199999988,9.053114936393782e-05,0.2194879014708829,A,High_risk,180.64,high,stable
22094,RED RETROSPOT TISSUE BOX,933.24,2087,145,2010-12-01,2011-12-08,373,5.6,fast_moving,1956879.4599999988,0.00010472419286082767,0.2195926256637437,A,High_risk,195.25,high,stable
22095,LADS ONLY TISSUE BOX,1432.04,1578,102,2010-12-01,2011-12-09,374,4.22,fast_moving,1958311.4999999988,0.00016069739096526045,0.219753323054709,A,High_risk,138.68,high,stable
22096,PINK PAISLEY SQUARE TISSUE BOX ,564.48,1364,109,2010-12-01,2011-12-08,373,3.66,medium_moving,1958875.9799999988,6.334352619484806e-05,0.21981666658090382,A,High_risk,183.79,high,stable
22097,SWALLOW SQUARE TISSUE BOX,692.73,1591,132,2010-12-01,2011-12-08,373,4.27,fast_moving,1959568.7099999988,7.773519150538035e-05,0.2198944017724092,A,High_risk,154.62,high,stable
22098,BOUDOIR SQUARE TISSUE BOX,911.72,1957,143,2010-12-01,2011-12-08,373,5.25,fast_moving,1960480.4299999988,0.00010230931069722023,0.21999671108310642,A,High_risk,229.4,high,stable
22099,CARAVAN SQUARE TISSUE BOX,707.63,1405,122,2010-12-01,2011-12-08,373,3.77,medium_moving,1961188.0599999987,7.94072056428223e-05,0.22007611828874923,A,High_risk,132.08,high,stable
22100,SKULLS SQUARE TISSUE BOX,305.81,729,38,2010-12-01,2011-12-06,371,1.96,medium_moving,1961493.8699999987,3.4316687474572144e-05,0.22011043497622382,A,High_risk,77.23,medium,stable
22101,MIRROR MOSAIC VOTIVE HOLDER,631.62,837,24,2010-12-07,2011-12-06,365,2.29,medium_moving,1962125.4899999988,7.087768922758987e-05,0.2201813126654514,A,High_risk,197.38,high,stable
22102,MIRROR MOSAIC T-LIGHT HOLDER ,715.05,1533,18,2010-12-10,2011-11-28,354,4.33,fast_moving,1962840.5399999989,8.023984624012561e-05,0.22026155251169155,A,High_risk,452.21,high,stable
22103,MIRROR MOSAIC T-LIGHT HOLDER ROUND,714.09,1165,15,2011-01-12,2011-10-24,286,4.07,fast_moving,1963554.629999999,8.013211915476023e-05,0.2203416846308463,A,High_risk,325.58,high,stable
22104,MIRROR MOSAIC CANDLE PLATE,120.07,151,12,2011-04-04,2011-11-29,240,0.63,slow_moving,1963674.699999999,1.3473740770648042e-05,0.22035515837161695,A,High_risk,45.14,medium,stable
22105,MIRROR MOSAIC GOBLET CANDLE HOLDER,566.5,506,10,2010-12-10,2011-10-24,319,1.59,medium_moving,1964241.199999999,6.357020193697107e-05,0.22041872857355393,A,High_risk,179.8,high,stable
22106,MIRROR MOSAIC HURRICANE LAMP ,584.9,286,12,2011-04-06,2011-12-01,240,1.19,medium_moving,1964826.099999999,6.5634971073141e-05,0.22048436354462705,A,High_risk,90.61,medium,stable
22107,PIZZA PLATE IN BOX,967.48,293,69,2010-12-01,2011-12-07,372,0.79,slow_moving,1965793.579999999,0.00010856645890552651,0.22059293000353258,A,High_risk,21.87,medium,stable
22108,PING! MICROWAVE PLATE,246.53,101,28,2010-12-15,2011-12-08,359,0.28,slow_moving,1966040.109999999,2.7664539953259447e-05,0.22062059454348584,A,meduim_risk,9.18,low,stable
22109,FULL ENGLISH BREAKFAST PLATE,4993.05,1383,158,2010-12-01,2011-12-08,373,3.71,medium_moving,1971033.159999999,0.0005602986703996353,0.22118089321388548,A,meduim_risk,84.73,medium,stable
22110,BIRD HOUSE HOT WATER BOTTLE,1564.61,618,154,2010-12-01,2011-12-08,373,1.66,medium_moving,1972597.769999999,0.00017557382815993697,0.22135646704204545,A,High_risk,65.8,medium,stable
22111,SCOTTIE DOG HOT WATER BOTTLE,20104.350000000002,4259,656,2010-12-01,2011-12-09,374,11.39,fast_moving,1992702.1199999992,0.0022560239881933702,0.22361249103023884,A,High_risk,371.0,high,stable
22112,CHOCOLATE HOT WATER BOTTLE,23624.24,5160,700,2010-12-01,2011-12-09,374,13.8,fast_moving,2016326.3599999992,0.002651010957471261,0.2262635019877101,A,High_risk,444.97,high,stable
22113,GREY HEART HOT WATER BOTTLE,12191.15,3156,511,2010-12-01,2011-12-09,374,8.44,fast_moving,2028517.509999999,0.0013680386007835917,0.22763154058849366,A,High_risk,244.93,high,stable
22114,HOT WATER BOTTLE TEA AND SYMPATHY,15415.22,3736,514,2010-12-01,2011-12-09,374,9.99,fast_moving,2043932.729999999,0.0017298299175689939,0.22936137050606265,A,High_risk,455.75,high,stable
22115,METAL SIGN EMPIRE TEA,1706.8100000000002,1495,183,2010-12-01,2011-12-08,373,4.01,fast_moving,2045639.539999999,0.00019153090267968507,0.22955290140874235,A,meduim_risk,106.94,high,stable
22116,METAL SIGN HIS DINNER IS SERVED,493.39000000000004,505,90,2010-12-03,2011-12-08,371,1.36,medium_moving,2046132.929999999,5.536611109211325e-05,0.22960826751983446,A,meduim_risk,36.37,medium,stable
22117,METAL SIGN HER DINNER IS SERVED ,3802.5,1290,72,2010-12-01,2011-12-06,371,3.48,medium_moving,2049935.429999999,0.000426700252189466,0.23003496777202392,A,High_risk,215.61,high,stable
22118,JOY WOODEN BLOCK LETTERS,748.83,219,78,2010-12-01,2011-12-09,374,0.59,slow_moving,2050684.259999999,8.40304930564202e-05,0.23011899826508034,A,High_risk,25.7,medium,stable
22119,PEACE WOODEN BLOCK LETTERS,1731.3600000000001,348,103,2010-12-01,2011-12-09,374,0.93,medium_moving,2052415.6199999992,0.00019428579845647703,0.23031328406353682,A,High_risk,34.97,medium,stable
22120,WELCOME  WOODEN BLOCK LETTERS,4856.5199999999995,505,167,2010-12-01,2011-12-04,369,1.37,medium_moving,2057272.1399999992,0.0005449778589778265,0.23085826192251466,A,low_risk,20.64,medium,stable
22121,NOEL WOODEN BLOCK LETTERS ,1930.89,333,114,2010-12-01,2011-12-08,373,0.89,medium_moving,2059203.029999999,0.00021667619985538936,0.23107493812237004,A,meduim_risk,26.03,medium,stable
22123,PING MICROWAVE APRON,794.39,443,72,2010-12-05,2011-12-09,370,1.2,medium_moving,2059997.419999999,8.914304098271922e-05,0.23116408116335274,A,meduim_risk,27.5,medium,stable
22124,SET OF 2 TEA TOWELS PING MICROWAVE,130.37,79,23,2011-06-28,2011-12-08,164,0.48,slow_moving,2060127.789999999,1.4629562624047516e-05,0.23117871072597682,A,High_risk,16.53,low,stable
22125,UNION JACK HOT WATER BOTTLE ,23.8,4,1,2011-11-23,2011-11-23,1,4.0,fast_moving,2060151.5899999992,2.6707339913502408e-06,0.23118138145996817,A,,,,stable
22127,PARTY CONES CARNIVAL ASSORTED,479.7,402,20,2010-12-01,2011-03-23,113,3.56,medium_moving,2060631.289999999,5.3829877968517247e-05,0.23123521133793667,A,meduim_risk,73.87,medium,stable
22128,PARTY CONES CANDY ASSORTED,2042.69,1729,72,2010-12-01,2011-11-18,353,4.9,fast_moving,2062673.979999999,0.00022922191667190014,0.23146443325460858,A,meduim_risk,124.96,high,stable
22129,PARTY CONES CANDY DECORATION,233.27999999999997,296,8,2011-10-03,2011-12-05,64,4.62,fast_moving,2062907.259999999,2.6177681743789246e-05,0.23149061093635237,A,High_risk,134.44,high,stable
22129,PARTY CONES CANDY TREE DECORATION,557.28,696,28,2010-12-05,2011-08-10,249,2.8,medium_moving,2063464.539999999,6.253557305460764e-05,0.23155314650940698,A,meduim_risk,67.85,medium,stable
22130,PARTY CONE CHRISTMAS DECORATION ,1260.53,1505,88,2010-12-01,2011-12-08,373,4.03,fast_moving,2064725.0699999991,0.00014145127387045036,0.23169459778327742,A,meduim_risk,135.04,high,stable
22131,FOOD CONTAINER SET 3 LOVE HEART ,3370.42,1890,180,2010-12-02,2011-12-06,370,5.11,fast_moving,2068095.489999999,0.0003782140865179277,0.23207281186979534,A,low_risk,89.91,medium,stable
22132,RED LOVE HEART SHAPE CUP,772.91,935,83,2010-12-03,2011-12-08,371,2.52,medium_moving,2068868.399999999,8.673264744766868e-05,0.232159544517243,A,High_risk,72.13,medium,stable
22133,PINK LOVE HEART SHAPE CUP,585.78,702,60,2010-12-03,2011-12-06,369,1.9,medium_moving,2069454.179999999,6.57337209013926e-05,0.2322252782381444,A,meduim_risk,47.23,medium,stable
22134,LADLE LOVE HEART RED ,2.52,6,1,2010-12-05,2010-12-05,1,6.0,fast_moving,2069456.699999999,2.827835990841431e-07,0.2322255610217435,A,,,,
22134,MINI LADLE LOVE HEART RED ,252.66,631,54,2011-01-05,2011-12-06,336,1.88,medium_moving,2069709.359999999,2.8352422279603018e-05,0.23225391344402307,A,High_risk,83.19,medium,stable
22135,LADLE LOVE HEART PINK,7.98,19,3,2010-12-01,2010-12-05,5,3.8,medium_moving,2069717.339999999,8.954813970997866e-07,0.23225480892542016,A,,,,
22135,MINI LADLE LOVE HEART PINK,106.98,243,45,2011-01-13,2011-12-06,328,0.74,slow_moving,2069824.319999999,1.200483707540541e-05,0.23226681376249558,A,low_risk,12.65,low,stable
22136,LOVE HEART SOCK HANGER,531.9,334,50,2010-12-01,2011-10-31,335,1.0,medium_moving,2070356.2199999988,5.968753823526021e-05,0.23232650130073082,A,High_risk,33.84,medium,stable
22137,BATHROOM SET LOVE HEART DESIGN,191.0,68,11,2010-12-03,2011-08-11,252,0.27,slow_moving,2070547.2199999988,2.143320135915529e-05,0.23234793450209,A,meduim_risk,9.35,low,stable
22138,BAKING SET 9 PIECE RETROSPOT ,23007.55,4797,854,2010-12-21,2011-12-09,354,13.55,fast_moving,2093554.7699999989,0.0025818086488525304,0.23492974315094253,A,meduim_risk,293.59,high,stable
22139,RETROSPOT TEA SET CERAMIC 11 PC ,20470.780000000002,4248,823,2010-12-01,2011-12-09,374,11.36,fast_moving,2114025.549999999,0.0022971431922459112,0.23722688634318845,A,low_risk,184.69,high,stable
22141,CHRISTMAS CRAFT TREE TOP ANGEL,5025.580000000001,2448,348,2010-12-01,2011-12-09,374,6.55,fast_moving,2119051.129999999,0.000563949047573527,0.23779083539076198,A,High_risk,320.21,high,stable
22142,CHRISTMAS CRAFT WHITE FAIRY ,4339.29,3073,321,2010-12-01,2011-12-08,373,8.24,fast_moving,2123390.419999999,0.0004869365252658061,0.23827777191602778,A,High_risk,444.56,high,stable
22144,CHRISTMAS CRAFT LITTLE FRIENDS,7128.1,3468,421,2010-12-01,2011-12-09,374,9.27,fast_moving,2130518.519999999,0.0007998848304093971,0.2390776567464372,A,High_risk,427.98,high,stable
22145,CHRISTMAS CRAFT HEART STOCKING ,63.0,30,1,2010-12-08,2010-12-08,1,30.0,fast_moving,2130581.519999999,7.069589977103578e-06,0.23908472633641428,A,,,,
22146,EASTER CRAFT IVY WREATH WITH CHICK,1.95,1,1,2011-01-25,2011-01-25,1,1.0,medium_moving,2130583.4699999993,2.1882064214844408e-07,0.23908494515705647,A,,,,
22147,FELTCRAFT BUTTERFLY HEARTS,8314.55,6127,436,2010-12-01,2011-12-01,366,16.74,fast_moving,2138898.019999999,0.000933023164192485,0.24001796832124891,A,High_risk,579.26,high,stable
22148,EASTER CRAFT 4 CHICKS ,3367.0499999999997,1819,159,2011-01-04,2011-12-04,335,5.43,fast_moving,2142265.069999999,0.0003778359195620095,0.24039580424081092,A,High_risk,264.64,high,stable
22149,FELTCRAFT 6 FLOWER FRIENDS,11566.390000000001,5890,461,2010-12-01,2011-11-10,345,17.07,fast_moving,2153831.459999999,0.001297930711353509,0.24169373495216442,A,meduim_risk,437.1,high,stable
22150,3 STRIPEY MICE FELTCRAFT,5478.05,2923,402,2010-12-01,2011-12-08,373,7.84,fast_moving,2159309.509999999,0.0006147232916519406,0.24230845824381636,A,low_risk,96.96,high,stable
22151,PLACE SETTING WHITE HEART,5922.2699999999995,14877,289,2010-12-01,2011-12-09,374,39.78,fast_moving,2165231.779999999,0.0006645717560904953,0.24297302999990686,A,low_risk,581.46,high,stable
22152,PLACE SETTING WHITE STAR,967.55,2351,93,2010-12-01,2011-12-05,370,6.35,fast_moving,2166199.3299999987,0.00010857431400550107,0.24308160431391235,A,High_risk,239.78,high,stable
22153,ANGEL DECORATION STARS ON DRESS,1012.62,2459,86,2010-12-01,2011-12-09,374,6.57,fast_moving,2167211.949999999,0.00011363187623197818,0.24319523619014433,A,High_risk,263.88,high,stable
22154,ANGEL DECORATION 3 BUTTONS ,1457.52,3532,111,2010-12-03,2011-12-06,369,9.57,fast_moving,2168669.469999999,0.0001635566473560001,0.24335879283750034,A,meduim_risk,394.44,high,stable
22155,STAR DECORATION RUSTIC,925.26,2203,85,2010-12-03,2011-12-09,372,5.92,fast_moving,2169594.7299999986,0.00010382871146372788,0.24346262154896403,A,meduim_risk,253.13,high,stable
22156,HEART DECORATION WITH PEARLS ,1588.1599999999999,1875,152,2010-12-05,2011-12-06,367,5.11,fast_moving,2171182.8899999987,0.00017821650822280664,0.24364083805718686,A,low_risk,68.72,medium,stable
22157,ANGEL DECORATION WITH LACE PADDED,180.2,212,11,2010-12-05,2011-08-31,270,0.79,slow_moving,2171363.089999999,2.0221271648794677e-05,0.24366105932883567,A,low_risk,38.18,medium,stable
22158,3 HEARTS HANGING DECORATION RUSTIC,8161.21,2895,261,2010-12-03,2011-12-07,370,7.82,fast_moving,2179524.299999999,0.0009158160066196427,0.2445768753354553,A,High_risk,293.63,high,stable
22161,HEART DECORATION RUSTIC HANGING ,857.33,4143,153,2010-12-03,2011-12-06,369,11.23,fast_moving,2180381.629999999,9.620589801698748e-05,0.2446730812334723,A,High_risk,362.33,high,stable
22162,HEART GARLAND RUSTIC PADDED,312.7,106,27,2010-12-02,2011-11-22,356,0.3,slow_moving,2180694.329999999,3.508985374349665e-05,0.24470817108721582,A,low_risk,6.27,low,stable
22163,HEART STRING MEMO HOLDER HANGING,580.94,626,49,2010-12-08,2011-12-08,366,1.71,medium_moving,2181275.269999999,6.519059684600878e-05,0.24477336168406183,A,High_risk,99.26,high,stable
22164,STRING OF STARS CARD HOLDER,209.45000000000005,71,12,2010-12-01,2011-11-28,363,0.2,slow_moving,2181484.7199999993,2.3503581281021345e-05,0.24479686526534286,A,High_risk,14.46,low,stable
22165,"DIAMANTE HEART SHAPED WALL MIRROR, ",1490.65,267,38,2011-01-19,2011-12-09,325,0.82,slow_moving,2182975.369999999,0.00016727435395824523,0.2449641396193011,A,High_risk,52.97,medium,stable
22166,WALL MIRROR RECTANGLE DIAMANTE PINK,489.9000000000001,122,16,2010-12-08,2011-12-06,364,0.34,slow_moving,2183465.269999999,5.49744782505245e-05,0.24501911409755162,A,High_risk,27.11,medium,stable
22167, OVAL WALL MIRROR DIAMANTE ,1059.95,121,58,2010-12-08,2011-12-08,366,0.33,slow_moving,2184525.2199999993,0.00011894304597191965,0.24513805714352355,A,meduim_risk,8.73,low,stable
22168,ORGANISER WOOD ANTIQUE WHITE ,1171.3,139,75,2010-12-01,2011-04-12,133,1.05,medium_moving,2185696.519999999,0.00013143826571716542,0.2452694954092407,A,meduim_risk,24.6,medium,stable
22169,FAMILY ALBUM WHITE PICTURE FRAME,8416.64,1075,286,2010-12-02,2011-12-08,372,2.89,medium_moving,2194113.159999999,0.0009444792664268104,0.24621397467566752,A,low_risk,47.42,medium,stable
22170,PICTURE FRAME WOOD TRIPLE PORTRAIT,6378.150000000001,1023,225,2010-12-02,2011-12-09,373,2.74,medium_moving,2200491.309999999,0.000715728655753384,0.2469297033314209,A,low_risk,38.23,medium,stable
22171,3 HOOK PHOTO SHELF ANTIQUE WHITE,12294.380000000001,1723,304,2010-12-01,2011-12-09,374,4.61,fast_moving,2212785.689999999,0.0013796226289317889,0.24830932596035268,A,meduim_risk,123.72,high,stable
22173,METAL 4 HOOK HANGER FRENCH CHATEAU,6273.29,2151,337,2010-12-01,2011-12-07,372,5.78,fast_moving,2219058.979999999,0.0007039617159914938,0.24901328767634417,A,low_risk,72.09,medium,stable
22174,PHOTO CUBE,4032.5599999999995,2688,169,2010-12-01,2011-12-07,372,7.23,fast_moving,2223091.539999999,0.00045251659933442543,0.2494658042756786,A,High_risk,307.06,high,stable
22175,PINK OWL SOFT TOY,2384.9500000000003,841,139,2010-12-05,2011-12-09,370,2.27,medium_moving,2225476.4899999993,0.00026762886691893937,0.24973343314259758,A,High_risk,74.8,medium,stable
22176,BLUE OWL SOFT TOY,1423.3500000000001,489,98,2010-12-01,2011-10-31,335,1.46,medium_moving,2226899.8399999994,0.00015972223641127586,0.24989315537900886,A,meduim_risk,34.79,medium,stable
22178,VICTORIAN GLASS HANGING T-LIGHT,28776.51,22433,815,2010-12-01,2011-12-09,374,59.98,fast_moving,2255676.349999999,0.003229176613841601,0.25312233199285045,A,low_risk,661.49,high,stable
22179,SET 10 LIGHTS NIGHT OWL,2593.65,407,77,2010-12-01,2011-05-13,164,2.48,medium_moving,2258269.999999999,0.00029104828641451897,0.2534133802792649,A,low_risk,33.1,medium,stable
22179,SET 10 NIGHT OWL LIGHTS,2517.09,389,101,2011-05-18,2011-12-09,206,1.89,medium_moving,2260787.089999999,0.0002824570513566293,0.25369583733062157,A,meduim_risk,34.41,medium,stable
22180,RETROSPOT LAMP,2962.6499999999996,303,131,2010-12-01,2011-10-26,330,0.92,medium_moving,2263749.739999999,0.0003324558848518399,0.2540282932154734,A,low_risk,12.44,low,stable
22181,SNOWSTORM PHOTO FRAME FRIDGE MAGNET,477.96999999999997,577,46,2010-12-02,2011-11-29,363,1.59,medium_moving,2264227.709999999,5.36357447834317e-05,0.25408192896025683,A,meduim_risk,37.57,medium,stable
22182,CAKE STAND VICTORIAN FILIGREE SMALL,723.7,206,36,2011-01-06,2011-12-09,338,0.61,slow_moving,2264951.409999999,8.121051216555333e-05,0.2541631394724224,A,High_risk,26.48,medium,stable
22183,CAKE STAND VICTORIAN FILIGREE MED,466.95000000000005,74,17,2010-12-01,2011-11-13,348,0.21,slow_moving,2265418.3599999994,5.239912761600819e-05,0.2542155386000384,A,meduim_risk,8.4,low,stable
22184,CAKE STAND VICTORIAN FILIGREE LARGE,68.0,8,4,2010-12-13,2011-01-27,46,0.17,slow_moving,2265486.3599999994,7.630668546714973e-06,0.2542231692685851,A,meduim_risk,2.83,low,
22185,SLATE TILE NATURAL HANGING,2029.6999999999998,1428,126,2010-12-01,2011-12-09,374,3.82,medium_moving,2267516.0599999996,0.0002277642345480497,0.25445093350313325,A,meduim_risk,74.85,medium,stable
22186,RED STAR CARD HOLDER,1723.79,801,118,2010-12-01,2011-12-06,371,2.16,medium_moving,2269239.8499999996,0.00019343632550208534,0.2546443698286353,A,High_risk,118.13,high,stable
22187,GREEN CHRISTMAS TREE CARD HOLDER,2562.27,1183,145,2010-12-01,2011-12-07,372,3.18,medium_moving,2271802.1199999996,0.00028752695731163786,0.25493189678594697,A,High_risk,207.11,high,stable
22188,BLACK HEART CARD HOLDER,12261.9,4844,166,2010-12-01,2011-12-08,373,12.99,fast_moving,2284064.0199999996,0.001375977862543593,0.25630787464849053,A,High_risk,553.65,high,stable
22189,CREAM HEART CARD HOLDER,22715.57,8195,452,2010-12-01,2011-12-08,373,21.97,fast_moving,2306779.5899999994,0.002549043904701504,0.25885691855319204,A,meduim_risk,548.96,high,stable
22190,LOCAL CAFE MUG,785.13,566,52,2010-12-02,2011-12-09,373,1.52,medium_moving,2307564.7199999993,8.810392347179893e-05,0.2589450224766638,A,meduim_risk,38.92,medium,stable
22191,IVORY DINER WALL CLOCK,11587.2,1426,391,2010-12-01,2011-12-08,373,3.82,medium_moving,2319151.9199999995,0.0013002659203602315,0.26024528839702404,A,High_risk,117.19,high,stable
22192,BLUE DINER WALL CLOCK,7528.93,907,338,2010-12-01,2011-12-08,373,2.43,medium_moving,2326680.8499999996,0.0008448642550208642,0.26109015265204494,A,low_risk,32.35,medium,stable
22193,RED DINER WALL CLOCK,11074.390000000001,1352,416,2010-12-01,2011-12-08,373,3.62,medium_moving,2337755.2399999998,0.0012427205801037477,0.2623328732321487,A,meduim_risk,72.21,medium,stable
22194,BLACK DINER WALL CLOCK,450.5,53,33,2010-12-01,2011-07-07,219,0.24,slow_moving,2338205.7399999998,5.0553179121986695e-05,0.2623834264112707,A,low_risk,4.1,low,stable
22195,LARGE HEART MEASURING SPOONS,2841.87,1699,220,2010-12-01,2011-12-08,373,4.55,fast_moving,2341047.61,0.00031890247092430707,0.262702328882195,A,low_risk,81.89,medium,stable
22196,SMALL HEART MEASURING SPOONS,2013.7299999999998,2385,247,2010-12-01,2011-12-08,373,6.39,fast_moving,2343061.34,0.0002259721495967109,0.2629283010317917,A,low_risk,96.5,high,stable
22197,POPCORN HOLDER,23427.71,30931,632,2011-06-12,2011-12-09,181,170.89,fast_moving,2366489.05,0.002628957203214115,0.2655572582350058,A,low_risk,2562.0,high,stable
22197,SMALL POPCORN HOLDER,13798.72,18252,403,2010-12-01,2011-09-19,293,62.29,fast_moving,2380287.77,0.0015484332160136298,0.2671056914510195,A,High_risk,1951.66,high,stable
22198,LARGE POPCORN HOLDER ,1370.4499999999998,873,53,2010-12-01,2011-02-21,83,10.52,fast_moving,2381658.22,0.00015378602514478726,0.2672594774761643,A,High_risk,372.53,high,
22199,FRYING PAN RED POLKADOT ,4.25,1,1,2011-01-14,2011-01-14,1,1.0,medium_moving,2381662.47,4.769167841696858e-07,0.2672599543929485,A,,,,
22199,FRYING PAN RED RETROSPOT,1324.25,383,97,2010-12-05,2011-12-09,370,1.04,medium_moving,2382986.72,0.000148601659161578,0.26740855605211006,A,meduim_risk,22.22,medium,stable
22200,FRYING PAN PINK POLKADOT,1209.54,326,76,2010-12-03,2011-12-09,372,0.88,medium_moving,2384196.2600000002,0.00013572939461755336,0.2675442854467276,A,meduim_risk,20.62,medium,stable
22201,FRYING PAN BLUE POLKADOT,366.0,108,40,2010-12-10,2011-12-08,364,0.3,slow_moving,2384562.2600000002,4.107095129555412e-05,0.26758535639802317,A,High_risk,8.85,low,stable
22202,MILK PAN PINK POLKADOT,146.25,39,17,2010-12-02,2011-05-05,155,0.25,slow_moving,2384708.5100000002,1.6411548161133305e-05,0.2676017679461843,A,High_risk,8.56,low,stable
22203,MILK PAN RED RETROSPOT,996.13,310,91,2010-12-06,2011-12-08,368,0.84,medium_moving,2385704.64,0.0001117814391093998,0.2677135493852937,A,meduim_risk,17.58,low,stable
22204,MILK PAN BLUE POLKADOT,302.5,96,30,2010-12-14,2011-12-08,360,0.27,slow_moving,2386007.14,3.39452534614894e-05,0.26774749463875513,A,meduim_risk,6.11,low,stable
22207,FRYING PAN UNION FLAG,4731.36,1200,113,2010-12-02,2011-12-08,372,3.23,medium_moving,2390738.5,0.000530932940223314,0.26827842757897846,A,low_risk,48.7,medium,stable
22208,WOOD STAMP SET THANK YOU,1234.1,1289,199,2010-12-02,2011-12-08,372,3.47,medium_moving,2391972.6,0.00013848541255148452,0.26841691299153,A,meduim_risk,95.66,high,stable
22209,WOOD STAMP SET HAPPY BIRTHDAY,802.8199999999999,825,121,2010-12-02,2011-12-08,372,2.22,medium_moving,2392775.42,9.008901945108404e-05,0.26850700201098104,A,meduim_risk,44.76,medium,stable
22210,WOOD STAMP SET BEST WISHES,822.5699999999999,914,142,2010-12-02,2011-12-08,372,2.46,medium_moving,2393597.9899999998,9.230527980104905e-05,0.2685993072907821,A,High_risk,90.85,medium,stable
22211,WOOD STAMP SET FLOWERS,808.3799999999999,783,126,2010-12-07,2011-12-08,367,2.13,medium_moving,2394406.3699999996,9.07129388204919e-05,0.26869002022960253,A,meduim_risk,51.41,medium,stable
22212,FOUR HOOK  WHITE LOVEBIRDS,2917.4700000000003,1422,253,2010-12-01,2011-12-08,373,3.81,medium_moving,2397323.84,0.0003273859788968314,0.2690174062084994,A,low_risk,67.06,medium,stable
22214,CANDLE PLATE LACE WHITE,246.7,114,21,2010-12-13,2011-12-06,359,0.32,slow_moving,2397570.54,2.7683616624626233e-05,0.26904508982512404,A,High_risk,10.61,low,stable
22215,CAKE STAND WHITE TWO TIER LACE,2254.5,330,89,2010-12-02,2011-12-09,373,0.88,medium_moving,2399825.04,0.00025299032703777807,0.26929808015216183,A,meduim_risk,23.1,medium,stable
22216,T-LIGHT HOLDER WHITE LACE,182.31,327,20,2011-02-22,2011-12-09,291,1.12,medium_moving,2400007.35,2.0458046805170687e-05,0.269318538198967,A,High_risk,52.91,medium,stable
22217,T-LIGHT HOLDER HANGING LACE,647.51,765,64,2010-12-01,2011-12-09,374,2.05,medium_moving,2400654.86,7.266079692181489e-05,0.26939119899588876,A,High_risk,95.4,high,stable
22218,CAKE STAND LACE WHITE,4.25,1,1,2010-12-15,2010-12-15,1,1.0,medium_moving,2400659.11,4.769167841696858e-07,0.26939167591267293,A,,,,
22219,LOVEBIRD HANGING DECORATION WHITE ,2818.62,3372,311,2010-12-01,2011-12-07,372,9.06,fast_moving,2403477.73,0.00031629345557561406,0.2697079693682486,A,low_risk,139.2,high,stable
22220,CAKE STAND LOVEBIRD 2 TIER WHITE,1499.5,214,74,2010-12-01,2011-12-09,374,0.57,slow_moving,2404977.23,0.0001682674630264574,0.26987623683127504,A,High_risk,22.28,medium,stable
22221,CAKE STAND LOVEBIRD 2 TIER PINK,964.4,124,44,2010-12-17,2011-12-08,357,0.35,slow_moving,2405941.63,0.00010822083450664588,0.26998445766578166,A,High_risk,9.81,low,stable
22222,CAKE PLATE LOVEBIRD WHITE,2599.2,824,149,2010-12-01,2011-12-06,371,2.22,medium_moving,2408540.83,0.0002916710836267876,0.2702761287494085,A,High_risk,74.43,medium,stable
22223,CAKE PLATE LOVEBIRD PINK,902.85,315,42,2010-12-15,2011-12-04,355,0.89,medium_moving,2409443.68,0.00010131395731472961,0.2703774427067232,A,High_risk,36.42,medium,stable
22224,WHITE LOVEBIRD LANTERN,1973.6000000000001,688,115,2010-12-01,2011-12-07,372,1.85,medium_moving,2411417.2800000003,0.0002214689329970099,0.2705989116397202,A,low_risk,27.76,medium,stable
22227,HANGING HEART MIRROR DECORATION ,1276.8500000000001,1969,170,2010-12-01,2011-12-09,374,5.26,fast_moving,2412694.1300000004,0.00014328263432166198,0.2707421942740419,A,low_risk,59.42,medium,stable
22228,BUNNY WOODEN PAINTED WITH BIRD ,598.16,852,93,2010-12-10,2011-12-08,364,2.34,medium_moving,2413292.2900000005,6.712295143975042e-05,0.2708093172254817,A,High_risk,69.14,medium,stable
22229,BUNNY WOODEN PAINTED WITH FLOWER ,334.27,495,62,2010-12-10,2011-12-05,361,1.37,medium_moving,2413626.5600000005,3.7510346692800206e-05,0.2708468275721745,A,High_risk,40.6,medium,stable
22230,JIGSAW TREE WITH WATERING CAN,356.46,926,63,2010-12-12,2011-12-04,358,2.59,medium_moving,2413983.0200000005,4.000041338473558e-05,0.2708868279855592,A,High_risk,103.87,high,stable
22231,JIGSAW TREE WITH BIRDHOUSE,823.17,869,106,2010-12-05,2011-12-08,369,2.36,medium_moving,2414806.1900000004,9.237260922940242e-05,0.2709792005947886,A,low_risk,41.77,medium,stable
22232,JIGSAW TOADSTOOLS 3 PIECE,506.42999999999995,623,61,2010-12-12,2011-12-07,361,1.73,medium_moving,2415312.6200000006,5.682940400165976e-05,0.2710360299987903,A,meduim_risk,33.64,medium,stable
22233,JIGSAW RABBIT AND BIRDHOUSE,515.29,541,77,2010-12-06,2011-12-07,367,1.47,medium_moving,2415827.9100000006,5.7823635227011154e-05,0.2710938536340173,A,meduim_risk,37.71,medium,stable
22236,CAKE STAND 3 TIER MAGIC GARDEN,3624.5999999999995,308,88,2010-12-09,2011-11-23,350,0.88,medium_moving,2419452.5100000007,0.0004067370766826925,0.2715005907107,A,low_risk,16.69,low,stable
22241,GARLAND WOODEN HAPPY EASTER,2180.28,1788,165,2010-12-01,2011-11-23,358,4.99,fast_moving,2421632.7900000005,0.0002446616767504665,0.27174525238745045,A,High_risk,244.63,high,stable
22242,5 HOOK HANGER MAGIC TOADSTOOL,964.3499999999999,631,27,2010-12-01,2011-02-16,78,8.09,fast_moving,2422597.1400000006,0.00010821522372094976,0.2718534676111714,A,High_risk,226.0,high,
22243,5 HOOK HANGER RED MAGIC TOADSTOOL,4596.75,3055,108,2010-12-01,2011-11-30,365,8.37,fast_moving,2427193.8900000006,0.0005158275829722361,0.27236929519414366,A,High_risk,359.45,high,stable
22244,3 HOOK HANGER MAGIC GARDEN,2915.5499999999997,1617,94,2010-12-01,2011-09-28,302,5.35,fast_moving,2430109.4400000004,0.00032717052472610057,0.27269646571886974,A,low_risk,94.68,high,stable
22245,"HOOK, 1 HANGER ,MAGIC GARDEN",966.11,1199,56,2010-12-02,2011-09-01,274,4.38,fast_moving,2431075.5500000003,0.00010841272337745298,0.27280487844224716,A,High_risk,155.64,high,stable
22246,"GARLAND, MAGIC GARDEN 1.8M",23.4,12,1,2010-12-03,2010-12-03,1,12.0,fast_moving,2431098.95,2.625847705781329e-06,0.27280750428995293,A,,,,
22246,MAGIC GARDEN FELT GARLAND ,531.78,266,35,2011-01-27,2011-11-24,302,0.88,medium_moving,2431630.73,5.9674072349589534e-05,0.2728671783623025,A,low_risk,11.18,low,stable
22247,BUNNY DECORATION MAGIC GARDEN,408.09,485,56,2011-01-07,2011-11-25,323,1.5,medium_moving,2432038.82,4.579411069454284e-05,0.272912972472997,A,meduim_risk,76.07,medium,stable
22248,DECORATION  PINK CHICK MAGIC GARDEN,321.39,383,44,2011-01-07,2011-11-16,314,1.22,medium_moving,2432360.21,3.6065008297481254e-05,0.2729490374812945,A,High_risk,57.29,medium,stable
22249,DECORATION WHITE CHICK MAGIC GARDEN,544.09,645,75,2010-12-17,2011-11-28,347,1.86,medium_moving,2432904.3,6.105544778797279e-05,0.27301009292908246,A,High_risk,96.24,high,stable
22250,DECORATION  BUTTERFLY  MAGIC GARDEN,377.49,449,57,2011-01-07,2011-07-20,195,2.3,medium_moving,2433281.79,4.236030984852111e-05,0.273052453238931,A,High_risk,63.45,medium,stable
22251,BIRDHOUSE DECORATION MAGIC GARDEN,645.44,520,72,2010-12-05,2011-11-30,361,1.44,medium_moving,2433927.23,7.242851039399578e-05,0.27312488174932503,A,High_risk,60.73,medium,stable
22252,BIRDCAGE DECORATION TEALIGHT HOLDER,770.32,650,67,2010-12-05,2011-12-09,370,1.76,medium_moving,2434697.55,8.644200874860997e-05,0.2732113237580736,A,meduim_risk,34.96,medium,stable
22254,FELT TOADSTOOL LARGE,706.02,594,41,2010-12-09,2011-12-07,364,1.63,medium_moving,2435403.57,7.922653834340743e-05,0.273290550296417,A,High_risk,65.93,medium,stable
22255,FELT TOADSTOOL  SMALL,460.7,542,44,2010-12-05,2011-12-07,368,1.47,medium_moving,2435864.27,5.1697779403993944e-05,0.273342248075821,A,meduim_risk,37.96,medium,stable
22256,FELT FARM ANIMAL CHICKEN,327.5,262,33,2010-12-05,2011-04-12,129,2.03,medium_moving,2436191.77,3.675064630954638e-05,0.27337899872213056,A,High_risk,51.88,medium,stable
22257,FELT FARM ANIMAL SHEEP,194.39,283,16,2010-12-15,2011-10-30,320,0.88,medium_moving,2436386.16,2.1813612629351816e-05,0.27340081233475994,A,High_risk,51.25,medium,stable
22258,FELT FARM ANIMAL RABBIT,543.9399999999999,722,36,2010-12-15,2011-11-25,346,2.09,medium_moving,2436930.1,6.103861543088444e-05,0.2734618509501908,A,High_risk,108.98,high,stable
22259,FELT FARM ANIMAL HEN,240.96,384,16,2010-12-15,2011-04-26,133,2.89,medium_moving,2437171.06,2.7039498426712355e-05,0.2734888904486175,A,High_risk,87.41,medium,stable
22260,FELT EGG COSY BLUE RABBIT ,351.62,410,47,2010-12-01,2011-11-30,365,1.12,medium_moving,2437522.68,3.945728932935175e-05,0.2735283477379469,A,High_risk,57.32,medium,stable
22261,FELT EGG COSY WHITE RABBIT ,447.46,520,70,2010-12-01,2011-12-05,370,1.41,medium_moving,2437970.14,5.021204335166297e-05,0.2735785597812985,A,High_risk,71.85,medium,stable
22262,FELT EGG COSY CHICKEN,788.52,924,90,2010-12-01,2011-12-06,371,2.49,medium_moving,2438758.66,8.848433474199545e-05,0.27366704411604054,A,High_risk,91.35,medium,stable
22263,FELT EGG COSY LADYBIRD ,125.68,256,18,2010-12-16,2011-11-28,348,0.74,slow_moving,2438884.3400000003,1.4103270925752028e-05,0.2736811473869663,A,meduim_risk,39.72,medium,stable
22264,FELT FARM ANIMAL WHITE BUNNY ,518.77,1393,40,2010-12-02,2011-04-07,127,10.97,fast_moving,2439403.1100000003,5.8214145911460684e-05,0.27373936153287776,A,meduim_risk,249.0,high,stable
22265,EASTER DECORATION NATURAL CHICK,334.1,514,48,2010-12-08,2011-11-29,357,1.44,medium_moving,2439737.2100000004,3.7491270021433426e-05,0.2737768528028992,A,High_risk,54.57,medium,stable
22266,EASTER DECORATION HANGING BUNNY,563.35,1861,78,2011-01-07,2011-12-07,335,5.56,fast_moving,2440300.5600000005,6.32167224381159e-05,0.27384006952533735,A,High_risk,205.52,high,stable
22267,EASTER DECORATION EGG BUNNY ,654.7,828,75,2011-01-07,2011-12-05,333,2.49,medium_moving,2440955.2600000007,7.346762790491608e-05,0.2739135371532423,A,meduim_risk,61.66,medium,stable
22268,DECORATION SITTING BUNNY,257.61,1335,41,2011-05-29,2011-11-10,166,8.04,fast_moving,2441212.8700000006,2.89078900635183e-05,0.2739424450433058,A,meduim_risk,139.11,high,stable
22268,EASTER DECORATION SITTING BUNNY,408.83,503,54,2011-01-07,2011-05-22,136,3.7,medium_moving,2441621.7000000007,4.587715032284533e-05,0.2739883221936286,A,meduim_risk,88.02,medium,stable
22269,EGG CUP NATURAL CHICKEN,521.73,841,87,2010-12-15,2011-12-07,358,2.35,medium_moving,2442143.4300000006,5.854630442467064e-05,0.2740468684980533,A,High_risk,69.5,medium,stable
22270,HAPPY EASTER HANGING DECORATION,773.97,211,42,2010-12-14,2011-11-22,344,0.61,slow_moving,2442917.400000001,8.685159610442629e-05,0.27413372009415776,A,High_risk,28.52,medium,stable
22271,FELTCRAFT DOLL ROSIE,4716.870000000001,1653,256,2010-12-01,2011-11-25,360,4.59,fast_moving,2447634.270000001,0.0005293069345285803,0.27466302702868634,A,low_risk,65.83,medium,stable
22272,FELTCRAFT DOLL MARIA,553.1,194,46,2010-12-02,2011-05-22,172,1.13,medium_moving,2448187.370000001,6.206651137041253e-05,0.27472509354005675,A,low_risk,18.3,low,stable
22273,FELTCRAFT DOLL MOLLY,11762.99,4469,293,2010-12-01,2011-12-08,373,11.98,fast_moving,2459950.3600000013,0.001319992320710629,0.2760450858607674,A,High_risk,650.02,high,stable
22274,FELTCRAFT DOLL EMILY,3732.15,1301,231,2010-12-01,2011-12-06,371,3.51,medium_moving,2463682.510000001,0.00041880587671503365,0.2764638917374824,A,low_risk,61.19,medium,stable
22275,WEEKEND BAG VINTAGE ROSE PAISLEY,527.85,69,1,2010-12-02,2010-12-02,1,69.0,fast_moving,2464210.3600000013,5.923306459387498e-05,0.27652312480207636,A,,,,
22276,WASH BAG VINTAGE ROSE PAISLEY,645.15,253,62,2010-12-03,2011-12-08,371,0.68,slow_moving,2464855.510000001,7.239596783695831e-05,0.2765955207699133,A,meduim_risk,18.15,low,stable
22277,COSMETIC BAG VINTAGE ROSE PAISLEY,728.62,355,63,2010-12-01,2011-12-08,373,0.95,medium_moving,2465584.1300000013,8.176261347805095e-05,0.27667728338339137,A,High_risk,32.99,medium,stable
22278,OVERNIGHT BAG VINTAGE ROSE PAISLEY,1207.8000000000002,244,82,2010-12-01,2011-12-07,372,0.66,slow_moving,2466791.930000001,0.0001355341392753286,0.2768128175226667,A,low_risk,12.91,low,stable
22279,POCKET BAG BLUE PAISLEY RED SPOT,578.41,480,46,2010-12-06,2011-12-08,368,1.3,medium_moving,2467370.3400000012,6.49066910897854e-05,0.27687772421375645,A,High_risk,54.49,medium,stable
22280,POCKET BAG PINK PAISELY BROWN SPOT,224.88,177,30,2010-12-06,2011-12-08,368,0.48,slow_moving,2467595.220000001,2.5235069746842106e-05,0.2769029592835033,A,meduim_risk,15.22,low,stable
22281,EASTER TREE YELLOW BIRDS,648.5500000000001,109,43,2011-01-12,2011-12-07,330,0.33,slow_moving,2468243.770000001,7.277750126429407e-05,0.27697573678476756,A,meduim_risk,16.13,low,stable
22282,12 EGG HOUSE PAINTED WOOD,1425.27,111,64,2010-12-21,2011-12-08,353,0.31,slow_moving,2469669.040000001,0.00015993769058200662,0.2771356744753496,A,low_risk,5.59,low,stable
22283,6 EGG HOUSE PAINTED WOOD,2058.94,258,117,2010-12-05,2011-12-08,369,0.7,slow_moving,2471727.980000001,0.00023104542202313717,0.2773667198973727,A,low_risk,10.39,low,stable
22284,HEN HOUSE DECORATION,1486.6499999999999,901,99,2010-12-02,2011-12-05,369,2.44,medium_moving,2473214.630000001,0.00016682549110255609,0.27753354538847524,A,High_risk,74.19,medium,stable
22285,"DECORATION HEN ON NEST, HANGING",64.35,39,3,2010-12-02,2010-12-15,14,2.79,medium_moving,2473278.980000001,7.2210811908986545e-06,0.27754076646966613,A,,,,
22285,HANGING HEN ON NEST DECORATION,1311.7499999999998,795,87,2011-01-04,2011-12-05,336,2.37,medium_moving,2474590.730000001,0.00014719896273754948,0.2776879654324037,A,High_risk,72.63,medium,stable
22286,"DECORATION , WOBBLY RABBIT , METAL ",491.69999999999993,298,34,2010-12-19,2011-04-01,104,2.87,medium_moving,2475082.430000001,5.517646653558459e-05,0.2777431418989393,A,meduim_risk,51.68,medium,stable
22286,DECORATION WOBBLY RABBIT METAL ,375.57,753,45,2011-04-06,2011-12-01,240,3.14,medium_moving,2475458.000000001,4.214485567779033e-05,0.27778528675461706,A,meduim_risk,73.43,medium,stable
22287,"DECORATION , WOBBLY CHICKEN, METAL ",377.84999999999997,229,28,2011-01-13,2011-04-01,79,2.9,medium_moving,2475835.850000001,4.2400707505533123e-05,0.2778276874621226,A,meduim_risk,48.77,medium,stable
22287,DECORATION WOBBLY CHICKEN,256.11,521,29,2011-04-06,2011-12-01,240,2.17,medium_moving,2476091.960000001,2.8739566492634883e-05,0.27785642702861524,A,meduim_risk,59.37,medium,stable
22288,HANGING METAL RABBIT DECORATION,566.25,453,39,2011-01-05,2011-11-22,322,1.41,medium_moving,2476658.210000001,6.35421480084905e-05,0.27791996917662376,A,High_risk,79.09,medium,stable
22289,HANGING METAL CHICKEN DECORATION,157.5,126,19,2011-02-16,2011-11-22,280,0.45,slow_moving,2476815.710000001,1.7673974942758945e-05,0.2779376431515665,A,High_risk,36.9,medium,stable
22291,HANGING CHICK CREAM DECORATION,1802.35,1243,90,2010-12-10,2011-11-25,351,3.54,medium_moving,2478618.060000001,0.00020225199198781958,0.2781398951435543,A,High_risk,128.4,high,stable
22292,HANGING CHICK  YELLOW DECORATION,1520.0,1088,88,2010-12-02,2011-11-25,359,3.03,medium_moving,2480138.060000001,0.0001705678851618641,0.2783104630287162,A,High_risk,140.28,high,stable
22293,HANGING CHICK GREEN DECORATION,1190.4499999999998,821,82,2011-01-04,2011-11-22,323,2.54,medium_moving,2481328.510000001,0.00013358719663877705,0.278444050225355,A,High_risk,74.59,medium,stable
22294,HEART FILIGREE DOVE  SMALL,6671.07,5439,246,2010-12-01,2011-12-06,371,14.66,fast_moving,2487999.580000001,0.0007485988826754979,0.2791926491080305,A,low_risk,210.86,high,stable
22295,HEART FILIGREE DOVE LARGE,4420.169999999999,2737,212,2010-12-01,2011-12-08,373,7.34,fast_moving,2492419.750000001,0.00049601253220784,0.2796886616402383,A,low_risk,124.58,high,stable
22296,HEART IVORY TRELLIS LARGE,4988.829999999999,3055,270,2010-12-01,2011-12-05,370,8.26,fast_moving,2497408.580000001,0.0005598251200868832,0.2802484867603252,A,low_risk,98.51,high,stable
22297,HEART IVORY TRELLIS SMALL,4715.03,3863,221,2010-12-01,2011-12-07,372,10.38,fast_moving,2502123.610000001,0.0005291004576149632,0.2807775872179401,A,low_risk,162.44,high,stable
22299,PIG KEYRING WITH LIGHT & SOUND ,1231.34,1316,42,2010-12-03,2011-12-09,372,3.54,medium_moving,2503354.9500000007,0.00013817569718105904,0.28091576291512116,A,High_risk,153.69,high,stable
22300,COFFEE MUG DOG + BALL DESIGN,3047.3399999999997,1450,143,2010-12-03,2011-12-08,371,3.91,medium_moving,2506402.2900000005,0.00034195943366391773,0.2812577223487851,A,High_risk,123.79,high,stable
22301,COFFEE MUG CAT + BIRD DESIGN,4529.34,2118,181,2010-12-02,2011-12-08,372,5.69,fast_moving,2510931.6300000004,0.0005082631216967353,0.2817659854704818,A,meduim_risk,121.51,high,stable
22302,COFFEE MUG PEARS  DESIGN,4959.85,2288,190,2010-12-15,2011-12-08,359,6.37,fast_moving,2515891.4800000004,0.0005565731086974156,0.2823225585791792,A,meduim_risk,136.32,high,stable
22303,COFFEE MUG APPLES DESIGN,6124.15,2770,229,2010-12-16,2011-12-08,358,7.74,fast_moving,2522015.6300000004,0.000687225864417125,0.2830097844435963,A,meduim_risk,149.28,high,stable
22304,COFFEE MUG BLUE PAISLEY DESIGN,1268.06,744,47,2010-12-03,2011-12-08,371,2.01,medium_moving,2523283.6900000004,0.00014229625819628513,0.2831520807017926,A,High_risk,127.48,high,stable
22305,COFFEE MUG PINK PAISLEY DESIGN,1559.44,684,44,2010-12-05,2011-12-07,368,1.86,medium_moving,2524843.1300000004,0.0001749936729189588,0.28332707437471155,A,High_risk,79.24,medium,stable
22306,SILVER MUG BONE CHINA TREE OF LIFE,1303.29,1138,99,2010-12-03,2011-12-06,369,3.08,medium_moving,2526146.4200000004,0.000146249617797767,0.28347332399250935,A,High_risk,152.17,high,stable
22307,GOLD MUG BONE CHINA TREE OF LIFE,835.61,729,61,2010-12-03,2011-12-06,369,1.98,medium_moving,2526982.0300000003,9.376857271059557e-05,0.28356709256521995,A,meduim_risk,101.75,high,stable
22308,TEA COSY BLUE STRIPE,356.89,145,36,2010-12-10,2011-12-08,364,0.4,slow_moving,2527338.9200000004,4.004866614172216e-05,0.28360714123136166,A,High_risk,15.81,low,stable
22309,TEA COSY RED  STRIPE,709.38,293,64,2010-12-17,2011-12-08,357,0.82,slow_moving,2528048.3000000003,7.960358314218629e-05,0.28368674481450384,A,High_risk,33.39,medium,stable
22310,IVORY KNITTED MUG COSY ,841.79,531,51,2010-12-01,2011-12-08,373,1.42,medium_moving,2528890.0900000003,9.446206582263526e-05,0.2837812068803265,A,High_risk,64.92,medium,stable
22311,OFFICE MUG WARMER BLACK+SILVER ,2925.5,1054,93,2010-12-01,2011-12-06,371,2.84,medium_moving,2531815.5900000003,0.0003282870710796273,0.2841094939514061,A,High_risk,110.94,high,stable
22312,OFFICE MUG WARMER POLKADOT,1454.9900000000002,503,93,2010-12-01,2011-12-07,372,1.35,medium_moving,2533270.5800000005,0.00016327274159977676,0.2842727666930059,A,High_risk,37.65,medium,stable
22313,OFFICE MUG WARMER PINK,1482.89,553,54,2010-12-01,2011-12-09,374,1.48,medium_moving,2534753.4700000007,0.00016640356001820835,0.2844391702530241,A,High_risk,75.77,medium,stable
22314,OFFICE MUG WARMER CHOC+BLUE,1434.0900000000001,517,93,2010-12-01,2011-12-09,374,1.38,medium_moving,2536187.5600000005,0.00016092743317880112,0.2846000976862029,A,High_risk,40.41,medium,stable
22315,200 RED + WHITE BENDY STRAWS,914.77,761,119,2010-12-01,2011-12-07,372,2.05,medium_moving,2537102.3300000005,0.00010265156862468318,0.2847027492548276,A,low_risk,36.18,medium,stable
22316,200 BENDY SKULL STRAWS,706.3000000000001,638,41,2010-12-02,2011-12-06,370,1.72,medium_moving,2537808.6300000004,7.925795874330568e-05,0.2847820072135709,A,High_risk,76.7,medium,stable
22317,FIVE CATS HANGING DECORATION,506.32000000000005,172,39,2011-01-21,2011-11-28,312,0.55,slow_moving,2538314.95,5.681706027312832e-05,0.284838824273844,A,low_risk,9.11,low,stable
22318,FIVE HEART HANGING DECORATION,1161.0000000000002,396,89,2010-12-01,2011-12-02,367,1.08,medium_moving,2539475.95,0.00013028244386376596,0.28496910671770775,A,low_risk,16.67,low,stable
22319,HAIRCLIPS FORTIES FABRIC ASSORTED,587.86,1346,61,2010-12-09,2011-12-09,366,3.68,medium_moving,2540063.81,6.596712958635094e-05,0.2850350738472941,A,High_risk,159.07,high,stable
22320,BIRDS MOBILE VINTAGE DESIGN,1100.21,183,69,2010-12-02,2011-12-08,372,0.49,slow_moving,2541164.02,0.0001234608506144306,0.28515853469790853,A,meduim_risk,10.6,low,stable
22321,BIRD DECORATION RED RETROSPOT,646.0,760,57,2010-12-01,2011-11-24,359,2.12,medium_moving,2541810.02,7.249135119379225e-05,0.28523102604910233,A,meduim_risk,48.0,medium,stable
22322,BIRD DECORATION GREEN POLKADOT,331.5,390,37,2011-01-12,2011-11-10,303,1.29,medium_moving,2542141.52,3.7199509165235494e-05,0.28526822555826753,A,High_risk,56.05,medium,stable
22323,PINK POLKADOT KIDS BAG,1.95,1,1,2011-01-12,2011-01-12,1,1.0,medium_moving,2542143.47,2.1882064214844408e-07,0.28526844437890975,A,,,,
22324,BLUE POLKADOT KIDS BAG,456.35999999999996,228,29,2010-12-08,2011-12-05,363,0.63,slow_moving,2542599.83,5.121076320557125e-05,0.28531965514211527,A,High_risk,22.46,medium,stable
22325,MOBILE VINTAGE HEARTS ,755.2500000000001,153,58,2010-12-16,2011-11-29,349,0.44,slow_moving,2543355.08,8.475091793980124e-05,0.28540440606005507,A,meduim_risk,8.53,low,stable
22326,ROUND SNACK BOXES SET OF4 WOODLAND ,22175.52,8100,595,2010-12-01,2011-12-09,374,21.66,fast_moving,2565530.6,0.0024884418083977768,0.2878928478684529,A,low_risk,243.03,high,stable
22327,ROUND SNACK BOXES SET OF 4 SKULLS,2358.4,832,162,2010-12-01,2011-12-08,373,2.23,medium_moving,2567889.0,0.00026464953971430287,0.28815749740816715,A,low_risk,37.58,medium,stable
22328,ROUND SNACK BOXES SET OF 4 FRUITS ,17604.99,6481,458,2010-12-01,2011-12-09,374,17.33,fast_moving,2585493.99,0.001975556521444583,0.29013305392961175,A,meduim_risk,432.03,high,stable
22329,ROUND CONTAINER SET OF 5 RETROSPOT,2182.95,1387,151,2010-12-06,2011-12-06,366,3.79,medium_moving,2587676.9400000004,0.00024496129270663896,0.29037801522231843,A,meduim_risk,98.14,high,stable
22331,WOODLAND PARTY BAG + STICKER SET,2750.96,1768,143,2010-12-03,2011-12-09,372,4.75,fast_moving,2590427.9000000004,0.0003087009403716327,0.29068671616269004,A,meduim_risk,95.72,high,stable
22332,SKULLS PARTY BAG + STICKER SET,1562.6999999999998,982,129,2010-12-02,2011-12-05,369,2.66,medium_moving,2591990.6000000006,0.0001753594961463454,0.2908620756588364,A,meduim_risk,52.38,medium,stable
22333,RETROSPOT PARTY BAG + STICKER SET,6749.23,4391,267,2010-12-01,2011-12-07,372,11.8,fast_moving,2598739.8300000005,0.0007573696628756631,0.2916194453217121,A,low_risk,170.29,high,stable
22334,DINOSAUR PARTY BAG + STICKER SET,1101.44,684,91,2010-12-02,2011-12-07,371,1.84,medium_moving,2599841.2700000005,0.000123598875942555,0.2917430441976546,A,meduim_risk,41.95,medium,stable
22335,HEART DECORATION PAINTED ZINC ,1250.2,2024,123,2010-12-02,2011-12-06,370,5.47,fast_moving,2601091.4700000007,0.00014029208554563324,0.2918833362832003,A,meduim_risk,108.01,high,stable
22336,DOVE DECORATION PAINTED ZINC ,668.09,2283,49,2010-12-01,2011-10-14,318,7.18,fast_moving,2601759.5600000005,7.497019631433539e-05,0.2919583064795146,A,High_risk,347.63,high,stable
22337,ANGEL DECORATION PAINTED ZINC ,383.95000000000005,635,26,2010-12-05,2011-12-02,363,1.75,medium_moving,2602143.5100000007,4.308522336045903e-05,0.2920013917028751,A,meduim_risk,100.31,high,stable
22338,STAR DECORATION PAINTED ZINC ,925.71,4179,116,2010-12-01,2011-12-08,373,11.2,fast_moving,2603069.2200000007,0.00010387920853499292,0.2921052709114101,A,High_risk,709.83,high,stable
22339,CHRISTMAS TREE PAINTED ZINC ,569.2900000000001,2283,51,2010-12-06,2011-11-20,350,6.52,fast_moving,2603638.5100000007,6.388328377881423e-05,0.2921691541951889,A,meduim_risk,366.06,high,stable
22340,NOEL GARLAND PAINTED ZINC ,430.22999999999996,993,61,2011-08-24,2011-12-02,101,9.83,fast_moving,2604068.7400000007,4.8278566600782095e-05,0.2922174327617897,A,High_risk,204.84,high,stable
22341,LOVE GARLAND PAINTED ZINC ,672.6499999999999,405,41,2010-12-02,2011-12-05,369,1.1,medium_moving,2604741.3900000006,7.548189996982096e-05,0.2922929146617595,A,meduim_risk,25.66,medium,stable
22342,HOME GARLAND PAINTED ZINC ,769.65,833,52,2010-12-13,2011-11-28,351,2.37,medium_moving,2605511.0400000005,8.636682422028204e-05,0.29237928148597975,A,low_risk,41.9,medium,stable
22343,PARTY PIZZA DISH RED RETROSPOT,744.91,1705,63,2010-12-02,2011-12-08,372,4.58,fast_moving,2606255.9500000007,8.359060745784487e-05,0.29246287209343763,A,meduim_risk,125.81,high,stable
22344,PARTY PIZZA DISH PINK POLKADOT,373.31,1049,46,2010-12-05,2011-12-08,369,2.84,medium_moving,2606629.2600000007,4.189124816432598e-05,0.2925047633416019,A,High_risk,120.35,high,stable
22345,PARTY PIZZA DISH BLUE POLKADOT,318.47999999999996,972,41,2010-12-05,2011-12-08,369,2.63,medium_moving,2606947.7400000007,3.573846056996742e-05,0.2925405018021719,A,High_risk,116.23,high,stable
22346,PARTY PIZZA DISH GREEN POLKADOT,309.69,885,32,2010-12-05,2011-12-08,369,2.4,medium_moving,2607257.4300000006,3.475208444459059e-05,0.2925752538866165,A,High_risk,114.19,high,stable
22348,TEA BAG PLATE RED RETROSPOT,3223.49,3863,254,2010-12-03,2011-12-08,371,10.41,fast_moving,2610480.920000001,0.0003617262316713272,0.29293698011828784,A,low_risk,134.93,high,stable
22349,DOG BOWL CHASING BALL DESIGN,5227.929999999999,1341,114,2010-12-01,2011-12-05,370,3.62,medium_moving,2615708.850000001,0.0005866558972857001,0.2935236360155736,A,High_risk,225.54,high,stable
22350,ILLUSTRATED CAT BOWL ,3586.3199999999997,1356,88,2010-12-02,2011-12-08,372,3.65,medium_moving,2619295.170000001,0.00040244145915374765,0.29392607747472727,A,High_risk,251.35,high,stable
22351,DOTCOMGIFTSHOP TEA TOWEL,19.799999999999997,12,1,2011-02-18,2011-02-18,1,12.0,fast_moving,2619314.9700000007,2.2218711356611243e-06,0.29392829934586295,A,,,,
22352,LUNCH BOX WITH CUTLERY RETROSPOT ,6717.79,2853,324,2010-12-01,2011-12-08,373,7.65,fast_moving,2626032.7600000007,0.0007538416008299468,0.29468214094669287,A,low_risk,113.83,high,stable
22353,LUNCH BOX WITH CUTLERY FAIRY CAKES ,155.54999999999998,61,24,2011-02-06,2011-05-08,92,0.66,slow_moving,2626188.3100000005,1.7455154300610498e-05,0.29469959610099344,A,meduim_risk,11.87,low,stable
22354,RETROSPOT PADDED SEAT CUSHION,2502.82,700,65,2010-12-05,2011-11-23,354,1.98,medium_moving,2628691.1300000004,0.0002808557331189584,0.2949804518341124,A,low_risk,28.4,medium,stable
22355,CHARLOTTE BAG SUKI DESIGN,7138.65,8975,585,2010-12-01,2011-12-08,373,24.06,fast_moving,2635829.7800000003,0.0008010687061912771,0.29578152054030366,A,low_risk,170.03,high,stable
22356,CHARLOTTE BAG PINK POLKADOT,5840.64,7306,487,2010-12-02,2011-12-09,373,19.59,fast_moving,2641670.4200000004,0.0006554115873630197,0.2964369321276667,A,low_risk,270.47,high,stable
22357,KINGS CHOICE BISCUIT TIN,1332.6,324,87,2010-12-01,2011-12-06,371,0.87,medium_moving,2643003.0200000005,0.00014953866037282901,0.29658647078803957,A,meduim_risk,19.08,low,stable
22358,KINGS CHOICE TEA CADDY ,1341.2800000000002,456,110,2010-12-01,2011-12-04,369,1.24,medium_moving,2644344.3000000003,0.00015051269276967442,0.2967369834808092,A,meduim_risk,30.35,medium,stable
22359,GLASS JAR KINGS CHOICE,480.74000000000007,162,62,2010-12-03,2011-12-06,369,0.44,slow_moving,2644825.0400000005,5.394658231099642e-05,0.29679093006312024,A,low_risk,7.73,low,stable
22360,GLASS JAR ENGLISH CONFECTIONERY,2455.9,886,143,2010-12-01,2011-12-08,373,2.38,medium_moving,2647280.9400000004,0.00027559057182172504,0.29706652063494193,A,low_risk,40.61,medium,stable
22361,GLASS JAR DAISY FRESH COTTON WOOL,1513.2500000000002,539,123,2010-12-03,2011-12-08,371,1.45,medium_moving,2648794.1900000004,0.00016981042909288875,0.2972363310640348,A,meduim_risk,32.81,medium,stable
22362,GLASS JAR PEACOCK BATH SALTS,987.23,349,81,2010-12-03,2011-12-08,371,0.94,medium_moving,2649781.4200000004,0.00011078271925549152,0.2973471137832903,A,High_risk,31.49,medium,stable
22363,GLASS JAR MARMALADE ,1226.94,454,57,2010-12-12,2011-12-08,362,1.25,medium_moving,2651008.3600000003,0.00013768194803980103,0.29748479573133013,A,High_risk,44.38,medium,stable
22364,GLASS JAR DIGESTIVE BISCUITS,1429.97,519,95,2010-12-01,2011-12-08,373,1.39,medium_moving,2652438.3300000005,0.00016046510443744132,0.2976452608357676,A,meduim_risk,26.19,medium,stable
22365,DOORMAT RESPECTABLE HOUSE,4873.44,730,126,2010-12-02,2011-12-08,372,1.96,medium_moving,2657311.7700000005,0.0005468765488573915,0.29819213738462497,A,High_risk,79.64,medium,stable
22366,DOORMAT AIRMAIL ,4887.82,722,156,2010-12-01,2011-12-08,373,1.94,medium_moving,2662199.5900000003,0.0005484902108235938,0.2987406275954485,A,High_risk,53.93,medium,stable
22367,CHILDRENS APRON SPACEBOY DESIGN,6572.49,3543,448,2010-12-01,2011-12-09,374,9.47,fast_moving,2668772.0800000005,0.0007375366575970397,0.2994781642530456,A,low_risk,148.71,high,stable
22371,AIRLINE BAG VINTAGE TOKYO 78,3489.88,830,247,2010-12-01,2011-12-09,374,2.22,medium_moving,2672261.9600000004,0.0003916193757030831,0.29986978362874867,A,low_risk,33.44,medium,stable
22372,AIRLINE BAG VINTAGE WORLD CHAMPION ,935.33,221,101,2010-12-01,2011-12-06,371,0.6,slow_moving,2673197.2900000005,0.00010495872370292524,0.2999747423524516,A,meduim_risk,12.68,low,stable
22374,AIRLINE BAG VINTAGE JET SET RED,1882.8400000000001,448,156,2010-12-02,2011-12-06,370,1.21,medium_moving,2675080.1300000004,0.00021128423480142383,0.300186026587253,A,low_risk,21.2,medium,stable
22375,AIRLINE BAG VINTAGE JET SET BROWN,1056.05,253,96,2010-12-02,2011-12-06,370,0.68,slow_moving,2676136.18,0.00011850540468762276,0.3003045319919406,A,meduim_risk,13.77,low,stable
22376,AIRLINE BAG VINTAGE JET SET WHITE,820.69,193,82,2010-12-01,2011-12-06,371,0.52,slow_moving,2676956.87,9.209431425887518e-05,0.30039662630619945,A,meduim_risk,9.99,low,stable
22377,BOTTLE BAG RETROSPOT ,1510.89,1038,105,2010-12-10,2011-12-05,361,2.88,medium_moving,2678467.7600000002,0.00016954560000803217,0.30056617190620755,A,High_risk,100.16,high,stable
22378,WALL TIDY RETROSPOT ,2092.56,1685,103,2010-12-01,2011-12-05,370,4.55,fast_moving,2680560.3200000003,0.00023481811432520417,0.30080099002053273,A,High_risk,202.05,high,stable
22379,RECYCLING BAG RETROSPOT ,11942.43,6088,407,2010-12-01,2011-12-08,373,16.32,fast_moving,2692502.7500000005,0.0013401283084168427,0.3021411183289496,A,low_risk,248.57,high,stable
22380,TOY TIDY SPACEBOY  ,2274.75,1156,195,2010-12-02,2011-12-09,373,3.1,medium_moving,2694777.5000000005,0.0002552626952447042,0.3023963810241943,A,low_risk,30.61,medium,stable
22381,TOY TIDY PINK POLKADOT,6229.58,3169,289,2010-12-01,2011-12-05,370,8.56,fast_moving,2701007.0800000005,0.0006990567671359509,0.30309543779133025,A,low_risk,151.45,high,stable
22382,LUNCH BAG SPACEBOY DESIGN ,15881.199999999999,9912,988,2010-12-01,2011-12-08,373,26.57,fast_moving,2716888.2800000007,0.0017821201959424974,0.3048775579872728,A,low_risk,364.95,high,stable
22383,LUNCH BAG SUKI  DESIGN ,3339.65,2121,144,2010-12-01,2011-04-26,147,14.43,fast_moving,2720227.9300000006,0.00037476120900053914,0.3052523191962733,A,meduim_risk,342.59,high,stable
22383,LUNCH BAG SUKI DESIGN ,15384.05,9601,899,2011-02-22,2011-12-08,290,33.11,fast_moving,2735611.9800000004,0.0017263321537660365,0.3069786513500393,A,low_risk,497.89,high,stable
22384,LUNCH BAG PINK POLKADOT,16349.5,10254,931,2010-12-01,2011-12-08,373,27.49,fast_moving,2751961.4800000004,0.001834670814772301,0.3088133221648116,A,low_risk,429.98,high,stable
22385,JUMBO BAG SPACEBOY DESIGN,15331.02,8236,477,2010-12-02,2011-12-08,372,22.14,fast_moving,2767292.5000000005,0.001720381354456738,0.31053370351926834,A,low_risk,336.85,high,stable
22386,JUMBO BAG PINK POLKADOT,37289.590000000004,20165,871,2010-12-01,2011-12-09,374,53.92,fast_moving,2804582.0900000003,0.004184477963719077,0.3147181814829874,A,low_risk,886.71,high,stable
22389,PAPERWEIGHT SAVE THE PLANET,596.91,329,36,2010-12-06,2011-12-08,368,0.89,medium_moving,2805179.0000000005,6.698268179734756e-05,0.3147851641647848,A,High_risk,32.53,medium,stable
22390,PAPERWEIGHT CHILDHOOD MEMORIES,410.71999999999997,261,30,2010-12-05,2011-12-08,369,0.71,slow_moving,2805589.7200000007,4.608923802215843e-05,0.314831253402807,A,meduim_risk,18.67,low,stable
22391,PAPERWEIGHT HOME SWEET HOME,186.05999999999997,146,18,2010-12-10,2011-12-08,364,0.4,slow_moving,2805775.7800000007,2.0878855732379233e-05,0.31485213225853936,A,High_risk,17.72,low,stable
22393,PAPERWEIGHT VINTAGE COLLAGE,617.38,487,49,2010-12-10,2011-12-08,364,1.34,medium_moving,2806393.1600000006,6.927973746133662e-05,0.31492141199600066,A,High_risk,65.34,medium,stable
22394,PAPERWEIGHT KINGS CHOICE ,190.79999999999998,160,16,2010-12-16,2011-12-09,359,0.45,slow_moving,2806583.9600000004,2.1410758216370836e-05,0.31494282275421703,A,High_risk,19.03,low,stable
22395,PAPERWEIGHT VINTAGE PAISLEY,130.26,134,15,2010-12-16,2011-12-08,358,0.37,slow_moving,2806714.22,1.4617218895516063e-05,0.31495743997311254,A,High_risk,26.55,medium,stable
22396,MAGNETS PACK OF 4 RETRO PHOTO,572.8199999999999,1182,107,2010-12-03,2011-12-06,369,3.2,medium_moving,2807287.04,6.427940524895986e-05,0.3150217193783615,A,meduim_risk,87.34,medium,stable
22398,MAGNETS PACK OF 4 SWALLOWS,1528.68,2545,228,2010-12-03,2011-12-09,372,6.84,fast_moving,2808815.72,0.0001715419175587095,0.3151932612959202,A,meduim_risk,143.45,high,stable
22399,MAGNETS PACK OF 4 CHILDHOOD MEMORY,1309.9,1130,87,2010-12-01,2011-12-02,367,3.08,medium_moving,2810125.62,0.0001469913636667933,0.315340252659587,A,meduim_risk,82.09,medium,stable
22400,MAGNETS PACK OF 4 HOME SWEET HOME,714.6,1393,143,2010-12-01,2011-12-07,372,3.74,medium_moving,2810840.22,8.018934916886059e-05,0.31542044200875585,A,High_risk,120.24,high,stable
22402,MAGNETS PACK OF 4 VINTAGE COLLAGE,1008.14,1705,144,2010-12-01,2011-12-08,373,4.57,fast_moving,2811848.3600000003,0.00011312914983360637,0.3155335711585895,A,meduim_risk,112.87,high,stable
22403,MAGNETS PACK OF 4 VINTAGE LABELS ,569.75,1223,85,2010-12-05,2011-12-07,368,3.32,medium_moving,2812418.1100000003,6.393490300721847e-05,0.3155975060615967,A,High_risk,100.24,high,stable
22405,MONEY BOX POCKET MONEY DESIGN,351.19,347,54,2010-12-02,2011-12-08,372,0.93,medium_moving,2812769.3000000003,3.940903657236517e-05,0.31563691509816905,A,meduim_risk,22.87,medium,stable
22406,MONEY BOX KINGS CHOICE DESIGN,336.89,319,64,2010-12-02,2011-12-08,372,0.86,medium_moving,2813106.1900000004,3.780435186327658e-05,0.31567471945003234,A,High_risk,23.82,medium,stable
22407,MONEY BOX FIRST ADE DESIGN,63.75,51,13,2010-12-17,2011-07-15,211,0.24,slow_moving,2813169.9400000004,7.153751762545288e-06,0.31568187320179486,A,meduim_risk,6.8,low,stable
22407,MONEY BOX FIRST AID DESIGN,34.32,43,10,2011-07-31,2011-12-07,130,0.33,slow_moving,2813204.2600000002,3.851243301812616e-06,0.3156857244450967,A,High_risk,9.07,low,stable
22408,MONEY BOX CONFECTIONERY DESIGN,141.5,137,22,2010-12-02,2011-12-06,370,0.37,slow_moving,2813345.7600000002,1.587852352000248e-05,0.31570160296861666,A,High_risk,12.19,low,stable
22409,MONEY BOX BISCUITS DESIGN,270.0,216,45,2010-12-03,2011-12-06,369,0.59,slow_moving,2813615.7600000002,3.0298242759015337e-05,0.3157319012113757,A,meduim_risk,14.12,low,stable
22410,MONEY BOX HOUSEKEEPING DESIGN,212.88,223,46,2010-12-16,2011-12-08,358,0.62,slow_moving,2813828.64,2.388848117977476e-05,0.31575578969255547,A,High_risk,21.23,medium,stable
22411,JUMBO SHOPPER VINTAGE RED PAISLEY,20174.23,10518,790,2010-12-01,2011-12-09,374,28.12,fast_moving,2834002.87,0.002263865622282259,0.3180196553148377,A,low_risk,401.59,high,stable
22412,METAL SIGN NEIGHBOURHOOD WITCH ,1784.7000000000003,877,113,2010-12-05,2011-11-10,341,2.57,medium_moving,2835787.5700000003,0.0002002713846370914,0.3182199266994748,A,low_risk,47.13,medium,stable
22413,METAL SIGN TAKE IT OR LEAVE IT ,10647.300000000001,3690,351,2010-12-01,2011-12-08,373,9.89,fast_moving,2846434.87,0.0011947943708446815,0.3194147210703195,A,High_risk,375.27,high,stable
22414,DOORMAT NEIGHBOURHOOD WITCH ,1645.67,253,70,2010-12-03,2011-12-06,369,0.69,slow_moving,2848080.54,0.00018467003393047692,0.31959939110424995,A,High_risk,31.06,medium,stable
22415,WHITE TISSUE REAM,151.05,19,13,2010-12-05,2011-01-26,53,0.36,slow_moving,2848231.59,1.6950183587960245e-05,0.3196163412878379,A,low_risk,4.95,low,
22416,SET OF 36 DOILIES SPACEBOY DESIGN ,1102.3999999999999,800,56,2010-12-09,2011-10-25,321,2.49,medium_moving,2849333.9899999998,0.0001237066030279204,0.3197400478908658,A,High_risk,104.93,high,stable
22416,SET OF 36 SPACEBOY PAPER DOILIES,72.5,50,7,2011-10-25,2011-12-04,41,1.22,medium_moving,2849406.4899999998,8.13563925936523e-06,0.3197481835301252,A,meduim_risk,13.05,low,stable
22417,PACK OF 60 SPACEBOY CAKE CASES,4131.6900000000005,8103,407,2010-12-01,2011-12-08,373,21.72,fast_moving,2853538.1799999997,0.00046364054305554105,0.3202118240731807,A,low_risk,234.1,high,stable
22418,10 COLOUR SPACEBOY PEN,5209.17,6267,242,2010-12-01,2011-12-07,372,16.85,fast_moving,2858747.3499999996,0.0005845507304925182,0.32079637480367323,A,low_risk,226.31,high,stable
22419,LIPSTICK PEN RED,1236.1200000000001,2812,157,2010-12-02,2011-12-08,372,7.56,fast_moving,2859983.4699999997,0.00013871208829360754,0.3209350868919668,A,meduim_risk,148.97,high,stable
22420,LIPSTICK PEN BABY PINK,500.33,1199,84,2010-12-12,2011-12-08,362,3.31,medium_moving,2860483.8,5.614488814673386e-05,0.3209912317801136,A,meduim_risk,88.39,medium,stable
22421,LIPSTICK PEN FUSCHIA,795.2,1925,120,2010-12-01,2011-12-08,373,5.16,fast_moving,2861279.0,8.923393571099628e-05,0.3210804657158246,A,meduim_risk,123.5,high,stable
22422,TOOTHPASTE TUBE PEN,397.25,971,73,2010-12-02,2011-12-08,372,2.61,medium_moving,2861676.25,4.457769235562534e-05,0.3211250434081802,A,High_risk,140.9,high,stable
22423,REGENCY CAKESTAND 3 TIER,142592.94999999998,12402,1703,2010-12-01,2011-12-09,374,33.16,fast_moving,3004269.2,0.016001169684533835,0.33712621309271407,A,low_risk,290.01,high,stable
22424,ENAMEL BREAD BIN CREAM,8519.0,713,326,2010-12-01,2011-12-08,373,1.91,medium_moving,3012788.2,0.000955965666903895,0.338082178759618,A,low_risk,19.54,low,stable
22425,ENAMEL COLANDER CREAM,2086.11,434,141,2010-12-02,2011-12-07,371,1.17,medium_moving,3014874.31,0.0002340943229704055,0.3383162730825884,A,low_risk,15.81,low,stable
22426,ENAMEL WASH BOWL CREAM,2231.8,660,144,2010-12-02,2011-12-07,371,1.78,medium_moving,3017106.11,0.0002504430303317423,0.33856671611292005,A,low_risk,23.39,medium,stable
22427,ENAMEL FLOWER JUG CREAM,11444.93,1995,441,2010-12-01,2011-11-28,363,5.5,fast_moving,3028551.04,0.0012843009907405089,0.3398510171036606,A,low_risk,100.02,high,stable
22428,ENAMEL FIRE BUCKET CREAM,1528.73,221,92,2010-12-01,2011-12-07,372,0.59,slow_moving,3030079.77,0.0001715475283444056,0.34002256463200503,A,low_risk,8.53,low,stable
22429,ENAMEL MEASURING JUG CREAM,4954.29,1193,315,2010-12-01,2011-12-08,373,3.2,medium_moving,3035034.06,0.0005559491893280077,0.34057851382133303,A,low_risk,51.47,medium,stable
22430,ENAMEL WATERING CAN CREAM,2646.6,544,161,2010-12-02,2011-12-08,372,1.46,medium_moving,3037680.66,0.0002969901084667036,0.34087550392979976,A,meduim_risk,27.76,medium,stable
22431,WATERING CAN BLUE ELEPHANT,3686.6499999999996,1981,275,2010-12-02,2011-12-08,372,5.33,fast_moving,3041367.31,0.0004137000617315699,0.3412892039915313,A,meduim_risk,118.06,high,stable
22432,WATERING CAN PINK BUNNY,3100.58,1648,234,2010-12-02,2011-12-08,372,4.43,fast_moving,3044467.89,0.0003479337982731399,0.3416371377898044,A,meduim_risk,97.82,high,stable
22433,WATERING CAN GREEN DINOSAUR,2487.5299999999997,1341,189,2010-12-02,2011-12-08,372,3.6,medium_moving,3046955.42,0.0002791399548530867,0.3419162777446575,A,meduim_risk,96.0,high,stable
22434,BALLOON PUMP WITH 10 BALLOONS,1521.23,779,112,2010-12-02,2011-12-08,372,2.09,medium_moving,3048476.65,0.00017070591048998852,0.3420869836551475,A,meduim_risk,40.57,medium,stable
22435,SET OF 9 HEART SHAPED BALLOONS,3257.04,2680,213,2010-12-01,2011-12-07,372,7.2,fast_moving,3051733.69,0.0003654910688734197,0.3424524747240209,A,low_risk,130.89,high,stable
22436,12 COLOURED PARTY BALLOONS,1373.3,2110,139,2010-12-02,2011-12-07,371,5.69,fast_moving,3053106.9899999998,0.00015410583992946577,0.3426065805639504,A,low_risk,85.89,medium,stable
22437,SET OF 9 BLACK SKULL BALLOONS,2263.35,2727,173,2010-12-02,2011-12-07,371,7.35,fast_moving,3055370.34,0.0002539834361059902,0.3428605640000564,A,low_risk,108.47,high,stable
22438,BALLOON ART MAKE YOUR OWN FLOWERS,825.24,900,68,2010-12-01,2011-12-08,373,2.41,medium_moving,3056195.58,9.260489575722154e-05,0.3429531688958136,A,High_risk,159.16,high,stable
22439,6 ROCKET BALLOONS ,1176.8000000000002,1768,156,2010-12-05,2011-12-08,369,4.79,fast_moving,3057372.38,0.00013205545214373796,0.34308522434795735,A,low_risk,72.32,medium,stable
22440,BALLOON WATER BOMB PACK OF 35,2254.14,5897,138,2010-12-02,2011-12-06,370,15.94,fast_moving,3059626.52,0.000252949929380766,0.3433381742773381,A,High_risk,742.2,high,stable
22441,GROW YOUR OWN BASIL IN ENAMEL MUG,2069.4,994,167,2010-12-01,2011-12-08,373,2.66,medium_moving,3061695.92,0.00023221919839076422,0.3435703934757289,A,low_risk,37.57,medium,stable
22442,GROW YOUR OWN FLOWERS SET OF 3,1177.8,292,74,2010-12-02,2011-12-09,373,0.78,slow_moving,3062873.7199999997,0.00013216766785766022,0.3437025611435865,A,High_risk,55.41,medium,stable
22443,GROW YOUR OWN HERBS SET OF 3,1216.3500000000001,153,80,2010-12-02,2011-08-05,247,0.62,slow_moving,3064090.07,0.0001364935836293641,0.3438390547272159,A,low_risk,10.36,low,stable
22444,GROW YOUR OWN PLANT IN A CAN ,935.51,763,33,2010-12-01,2011-04-13,134,5.69,fast_moving,3065025.5799999996,0.00010497892253143125,0.3439440336497473,A,meduim_risk,138.73,high,stable
22445,PENCIL CASE LIFE IS BEAUTIFUL,1368.2,472,93,2010-12-01,2011-12-08,373,1.27,medium_moving,3066393.78,0.00015353353978846216,0.34409756718953577,A,meduim_risk,30.14,medium,stable
22446,PIN CUSHION BABUSHKA PINK,432.99,161,38,2010-12-02,2011-12-08,372,0.43,slow_moving,3066826.77,4.8588281971207596e-05,0.344146155471507,A,High_risk,15.42,low,stable
22447,PIN CUSHION BABUSHKA BLUE,223.95000000000002,75,16,2011-01-17,2011-12-09,327,0.23,slow_moving,3067050.72,2.513070913289439e-05,0.3441712861806399,A,meduim_risk,7.18,low,stable
22448,PIN CUSHION BABUSHKA RED,576.3100000000001,187,34,2010-12-08,2011-12-06,364,0.51,slow_moving,3067627.0300000003,6.467103809054862e-05,0.34423595721873046,A,High_risk,16.04,low,stable
22449,SILK PURSE BABUSHKA PINK,1217.68,365,87,2010-12-01,2011-11-24,359,1.02,medium_moving,3068844.7100000004,0.00013664283052888072,0.34437260004925935,A,meduim_risk,22.76,medium,stable
22450,SILK PURSE BABUSHKA BLUE,614.0,184,52,2010-12-02,2011-11-28,362,0.51,slow_moving,3069458.7100000004,6.890044834827931e-05,0.34444150049760763,A,High_risk,21.0,medium,stable
22451,SILK PURSE BABUSHKA RED,657.5000000000001,202,38,2010-12-01,2011-05-13,164,1.23,medium_moving,3070116.2100000004,7.378183190389847e-05,0.34451528232951156,A,High_risk,45.99,medium,stable
22452,MEASURING TAPE BABUSHKA PINK,1094.8000000000002,388,66,2010-12-02,2011-12-06,370,1.05,medium_moving,3071211.0100000002,0.0001228537636021111,0.3446381360931136,A,High_risk,36.35,medium,stable
22453,MEASURING TAPE BABUSHKA BLUE,951.7,334,46,2010-12-01,2011-12-08,373,0.9,medium_moving,3072162.7100000004,0.00010679569493983294,0.3447449317880535,A,High_risk,35.07,medium,stable
22454,MEASURING TAPE BABUSHKA RED,639.0,228,37,2010-12-01,2011-11-16,351,0.65,slow_moving,3072801.7100000004,7.17058411963363e-05,0.3448166376292498,A,High_risk,48.84,medium,stable
22456,NATURAL SLATE CHALKBOARD LARGE ,6833.200000000001,1452,303,2010-12-03,2011-12-06,369,3.93,medium_moving,3079634.9100000006,0.000766792416373717,0.3455834300456236,A,low_risk,45.18,medium,stable
22457,NATURAL SLATE HEART CHALKBOARD ,24245.52,8480,967,2010-12-01,2011-12-09,374,22.67,fast_moving,3103880.4300000006,0.0027207283362168946,0.3483041583818405,A,low_risk,129.97,high,stable
22458,CAST IRON HOOK GARDEN FORK,1371.4299999999998,513,14,2010-12-05,2011-04-20,137,3.74,medium_moving,3105251.860000001,0.0001538959965444311,0.3484580543783849,A,High_risk,138.23,high,stable
22459,CAST IRON HOOK GARDEN TROWEL,962.73,375,15,2010-12-05,2011-04-27,144,2.6,medium_moving,3106214.590000001,0.00010803343426439568,0.3485660878126493,A,High_risk,107.0,high,stable
22460,EMBOSSED GLASS TEALIGHT HOLDER,2871.84,2381,162,2010-12-02,2011-12-09,373,6.38,fast_moving,3109086.4300000006,0.0003222655758705578,0.34888835338851987,A,low_risk,112.72,high,stable
22461,SAVOY ART DECO CLOCK,1251.25,231,45,2010-12-05,2011-08-12,251,0.92,medium_moving,3110337.6800000006,0.00014040991204525164,0.3490287633005651,A,High_risk,34.41,medium,stable
22464,HANGING METAL HEART LANTERN,4823.499999999999,3200,277,2010-12-01,2011-12-09,374,8.56,fast_moving,3115161.1800000006,0.0005412724961041127,0.34957003579666923,A,low_risk,93.92,high,stable
22465,HANGING METAL STAR LANTERN,2839.6299999999997,1965,159,2010-12-01,2011-12-09,374,5.25,fast_moving,3118000.8100000005,0.0003186511077251211,0.34988868690439434,A,meduim_risk,123.68,high,stable
22466,FAIRY TALE COTTAGE NIGHT LIGHT,1719.1499999999999,913,81,2011-09-07,2011-12-09,94,9.71,fast_moving,3119719.9600000004,0.00019291564458948597,0.3500816025489838,A,low_risk,140.76,high,stable
22466,FAIRY TALE COTTAGE NIGHTLIGHT,3352.7999999999997,2016,69,2010-12-01,2011-10-06,310,6.5,fast_moving,3123072.7600000002,0.0003762368456386171,0.3504578393946224,A,High_risk,286.05,high,stable
22467,GUMBALL COAT RACK,17580.350000000002,7688,570,2010-12-01,2011-12-09,374,20.56,fast_moving,3140653.1100000003,0.0019727915262535384,0.35243063092087595,A,low_risk,252.51,high,stable
22468,BABUSHKA LIGHTS STRING OF 10,3032.39,467,116,2010-12-01,2011-12-06,371,1.26,medium_moving,3143685.5000000005,0.00034028180874077964,0.35277091272961675,A,low_risk,22.88,medium,stable
22469,HEART OF WICKER SMALL,28228.64,16775,961,2010-12-01,2011-12-09,374,44.85,fast_moving,3171914.1400000006,0.0031676969906550023,0.35593860972027175,A,low_risk,831.21,high,stable
22470,HEART OF WICKER LARGE,28520.95,9591,801,2010-12-01,2011-12-08,373,25.71,fast_moving,3200435.090000001,0.003200498765991624,0.3591391084862634,A,meduim_risk,582.35,high,stable
22471,TV DINNER TRAY AIR HOSTESS ,1097.68,360,64,2010-12-01,2011-12-07,372,0.97,medium_moving,3201532.770000001,0.00012317694485820723,0.3592622854311216,A,High_risk,35.3,medium,stable
22472,TV DINNER TRAY DOLLY GIRL,1234.0700000000002,293,80,2010-12-01,2011-12-08,373,0.79,slow_moving,3202766.840000001,0.0001384820460800669,0.3594007674772017,A,meduim_risk,21.74,medium,stable
22473,TV DINNER TRAY VINTAGE PAISLEY,1239.39,437,79,2010-12-01,2011-12-08,373,1.17,medium_moving,3204006.230000001,0.0001390790336781334,0.35953984651087983,A,High_risk,51.15,medium,stable
22474,SPACEBOY TV DINNER TRAY,1009.0400000000001,244,83,2010-12-02,2011-12-08,372,0.66,slow_moving,3205015.270000001,0.00011323014397613643,0.35965307665485596,A,meduim_risk,18.15,low,stable
22475,SKULL DESIGN TV DINNER TRAY,1225.95,281,109,2010-12-05,2011-12-08,369,0.76,slow_moving,3206241.220000001,0.00013757085448301798,0.359790647509339,A,meduim_risk,20.86,medium,stable
22476,EMPIRE UNION JACK TV DINNER TRAY,2150.77,811,78,2010-12-01,2011-12-09,374,2.17,medium_moving,3208391.990000001,0.00024135019103262005,0.36003199770037164,A,High_risk,170.49,high,stable
22477,WATERING CAN GARDEN MARKER,1778.1,1290,70,2010-12-02,2011-11-28,362,3.56,medium_moving,3210170.0900000012,0.0001995307609252043,0.36023152846129686,A,High_risk,168.56,high,stable
22478,BIRDHOUSE GARDEN MARKER ,1936.85,1417,76,2010-12-05,2011-12-07,368,3.85,medium_moving,3212106.9400000013,0.00021734500551036612,0.3604488734668072,A,High_risk,154.04,high,stable
22479,DAISY GARDEN MARKER,1513.1,1078,54,2010-12-05,2011-12-01,362,2.98,medium_moving,3213620.0400000014,0.00016979359673580037,0.360618667063543,A,High_risk,149.95,high,stable
22480,RED TEA TOWEL CLASSIC DESIGN,729.77,613,67,2010-12-01,2011-08-28,271,2.26,medium_moving,3214349.8100000015,8.189166154906156e-05,0.3607005587250921,A,meduim_risk,45.48,medium,stable
22481,BLACK TEA TOWEL CLASSIC DESIGN,608.52,694,84,2010-12-01,2011-12-09,374,1.86,medium_moving,3214958.3300000015,6.828550623598522e-05,0.36076884423132805,A,meduim_risk,40.48,medium,stable
22482,BLUE TEA TOWEL CLASSIC DESIGN,523.52,448,48,2010-12-01,2011-07-05,217,2.06,medium_moving,3215481.8500000015,5.874717055259151e-05,0.36082759140188064,A,High_risk,54.98,medium,stable
22483,RED GINGHAM TEDDY BEAR ,2041.7800000000002,726,130,2010-12-05,2011-12-07,368,1.97,medium_moving,3217523.6300000013,0.00022911980037223088,0.36105671120225286,A,meduim_risk,44.69,medium,stable
22485,SET OF 2 WOODEN MARKET CRATES,5652.9,462,165,2010-12-01,2011-12-09,374,1.24,medium_moving,3223176.530000001,0.000634344209231251,0.3616910554114841,A,low_risk,23.15,medium,stable
22486,PLASMATRONIC LAMP,288.94,52,10,2010-12-06,2011-12-06,366,0.14,slow_moving,3223465.470000001,3.24236083807033e-05,0.3617234790198648,A,High_risk,8.12,low,stable
22487,WHITE WOOD GARDEN PLANT LADDER,6778.8099999999995,724,379,2010-12-01,2011-12-08,373,1.94,medium_moving,3230244.280000001,0.0007606890036934842,0.3624841680235583,A,low_risk,29.67,medium,stable
22488,NATURAL SLATE RECTANGLE CHALKBOARD,4636.91,2911,309,2010-12-01,2011-12-08,373,7.8,fast_moving,3234881.1900000013,0.0005203341660433547,0.3630045021896017,A,low_risk,91.67,medium,stable
22489,PACK OF 12 TRADITIONAL CRAYONS,3754.89,9314,318,2010-12-01,2011-12-09,374,24.9,fast_moving,3238636.0800000015,0.00042135766204962625,0.3634258598516513,A,low_risk,286.31,high,stable
22491,PACK OF 12 COLOURED PENCILS,3130.8399999999997,3910,200,2010-12-02,2011-12-09,373,10.48,fast_moving,3241766.9200000013,0.00035132944577642803,0.36377718929742775,A,low_risk,179.14,high,stable
22492,MINI PAINT SET VINTAGE ,16039.240000000002,26076,325,2010-12-01,2011-12-08,373,69.91,fast_moving,3257806.1600000015,0.0017998547673707748,0.3655770440647985,A,low_risk,906.95,high,stable
22493,PAINT YOUR OWN CANVAS SET,3740.58,2354,176,2010-12-01,2011-12-08,373,6.31,fast_moving,3261546.7400000016,0.00041975185518339843,0.3659967959199819,A,High_risk,200.23,high,stable
22494,EMERGENCY FIRST AID TIN ,1102.64,890,119,2010-12-01,2011-12-06,371,2.4,medium_moving,3262649.3800000018,0.00012373353479926174,0.3661205294547812,A,low_risk,43.33,medium,stable
22495,SET OF 2 ROUND TINS CAMEMBERT ,515.1800000000001,242,65,2010-12-08,2011-12-09,367,0.66,slow_moving,3263164.560000002,5.781129149847971e-05,0.3661783407462797,A,High_risk,23.34,medium,stable
22496,SET OF 2 ROUND TINS DUTCH CHEESE,477.09000000000003,243,69,2010-12-01,2011-12-09,374,0.65,slow_moving,3263641.650000002,5.35369949551801e-05,0.3662318777412349,A,High_risk,28.62,medium,stable
22497,SET OF 2 TINS VINTAGE BATHROOM ,756.5,178,59,2010-12-01,2011-12-05,370,0.48,slow_moving,3264398.150000002,8.489118758220408e-05,0.3663167689288171,A,meduim_risk,9.01,low,stable
22498,WOODEN REGATTA BUNTING,1362.5500000000002,229,96,2010-12-07,2011-12-08,367,0.62,slow_moving,3265760.7000000016,0.0001528995210048013,0.3664696684498219,A,meduim_risk,11.84,low,stable
22499,WOODEN UNION JACK BUNTING,9928.83,1734,296,2010-12-02,2011-12-06,370,4.69,fast_moving,3275689.5300000017,0.0011141707468629415,0.3675838391966848,A,High_risk,190.11,high,stable
22500,SET OF 2 TINS JARDIN DE PROVENCE,840.2,240,85,2010-12-01,2011-12-09,374,0.64,slow_moving,3276529.730000002,9.428364283749884e-05,0.36767812283952234,A,High_risk,23.88,medium,stable
22501,PICNIC BASKET WICKER LARGE,10818.9,1194,257,2010-12-01,2011-11-06,341,3.5,medium_moving,3287348.6300000018,0.0012140505873537444,0.3688921734268761,A,High_risk,160.21,high,stable
22502,PICNIC BASKET WICKER 60 PIECES,39619.5,61,2,2011-06-10,2011-06-10,1,61.0,fast_moving,3326968.1300000018,0.004445930477743733,0.3733381039046198,A,,,,stable
22502,PICNIC BASKET WICKER SMALL,7746.700000000001,1427,232,2010-12-01,2011-09-25,299,4.77,fast_moving,3334714.830000002,0.0008693014710417189,0.37420740537566155,A,meduim_risk,128.76,high,stable
22503,CABIN BAG VINTAGE PAISLEY,1279.2,64,16,2010-12-03,2011-11-27,360,0.18,slow_moving,3335994.030000002,0.00014354634124937932,0.3743509517169109,A,meduim_risk,7.07,low,stable
22504,CABIN BAG VINTAGE RETROSPOT,3012.4,160,39,2010-12-03,2011-12-05,368,0.43,slow_moving,3339006.430000002,0.00033803861661947334,0.37468899033353037,A,High_risk,20.19,medium,stable
22505,MEMO BOARD COTTAGE DESIGN,6306.1900000000005,1365,262,2010-12-02,2011-12-09,373,3.66,medium_moving,3345312.620000002,0.0007076536129795367,0.3753966439465099,A,meduim_risk,70.65,medium,stable
22507,MEMO BOARD RETROSPOT  DESIGN,12411.02,2786,348,2010-12-02,2011-12-08,372,7.49,fast_moving,3357723.640000002,0.0013927114698036834,0.3767893554163136,A,meduim_risk,142.48,high,stable
22508,DOORSTOP RETROSPOT HEART,5938.21,1516,236,2010-12-01,2011-12-06,371,4.09,fast_moving,3363661.850000002,0.0006663604745704164,0.377455715890884,A,High_risk,211.27,high,stable
22509,SEWING BOX RETROSPOT DESIGN ,1931.75,205,80,2010-12-03,2011-12-08,371,0.55,slow_moving,3365593.600000002,0.0002167727053693625,0.3776724885962534,A,High_risk,29.63,medium,stable
22510,GINGHAM BABUSHKA DOORSTOP,404.62,210,41,2010-12-08,2011-12-08,366,0.57,slow_moving,3365998.220000002,4.5404722167232536e-05,0.37771789331842065,A,High_risk,31.09,medium,stable
22511,RETROSPOT BABUSHKA DOORSTOP,455.87,245,48,2010-12-01,2011-12-08,373,0.66,slow_moving,3366454.090000002,5.115577750574934e-05,0.3777690490959264,A,High_risk,40.81,medium,stable
22512,DOORSTOP RACING CAR DESIGN,236.0,118,32,2010-12-13,2011-12-06,359,0.33,slow_moving,3366690.090000002,2.648290848565785e-05,0.37779553200441207,A,meduim_risk,14.2,low,stable
22513,DOORSTOP FOOTBALL DESIGN,408.73,135,51,2010-12-08,2011-12-09,367,0.37,slow_moving,3367098.820000002,4.5865928751453106e-05,0.3778413979331635,A,High_risk,15.27,low,stable
22514,CHILDS GARDEN SPADE BLUE,539.1,261,75,2010-12-02,2011-11-29,363,0.72,slow_moving,3367637.9200000023,6.049549137550062e-05,0.377901893424539,A,meduim_risk,19.94,medium,stable
22515,CHILDS GARDEN SPADE PINK,488.70000000000005,237,63,2010-12-07,2011-12-06,365,0.65,slow_moving,3368126.6200000024,5.483981939381776e-05,0.37795673324393286,A,meduim_risk,18.65,low,stable
22516,CHILDS GARDEN RAKE BLUE,350.1,171,41,2010-12-09,2011-11-27,354,0.48,slow_moving,3368476.7200000025,3.928672144418989e-05,0.3779960199653771,A,High_risk,17.82,low,stable
22517,CHILDS GARDEN RAKE PINK,381.6,186,54,2010-12-21,2011-12-06,351,0.53,slow_moving,3368858.3200000026,4.282151643274168e-05,0.37803884148180983,A,High_risk,14.24,low,stable
22518,CHILDS GARDEN BRUSH BLUE,663.3000000000001,333,57,2010-12-07,2011-05-16,161,2.07,medium_moving,3369521.6200000024,7.443268304464768e-05,0.3781132741648544,A,low_risk,28.45,medium,stable
22519,CHILDS GARDEN BRUSH PINK,741.0000000000001,370,65,2010-12-01,2011-06-07,189,1.96,medium_moving,3370262.6200000024,8.315184401640877e-05,0.3781964260088708,A,low_risk,26.67,medium,stable
22520,CHILDS GARDEN TROWEL BLUE ,599.25,705,105,2010-12-14,2011-05-17,155,4.55,fast_moving,3370861.8700000024,6.72452665679257e-05,0.37826367127543875,A,low_risk,68.33,medium,stable
22521,CHILDS GARDEN TROWEL PINK,515.9499999999999,607,94,2010-12-09,2011-05-01,144,4.22,fast_moving,3371377.8200000026,5.789769759819985e-05,0.378321568973037,A,meduim_risk,88.02,medium,stable
22522,CHILDS GARDEN FORK BLUE ,759.59,923,120,2010-12-14,2011-12-08,360,2.56,medium_moving,3372137.4100000025,8.523793413822392e-05,0.3784068069071752,A,High_risk,79.22,medium,stable
22523,CHILDS GARDEN FORK PINK,717.4,844,118,2010-12-09,2011-12-05,362,2.33,medium_moving,3372854.8100000024,8.050355316784296e-05,0.378487310460343,A,meduim_risk,59.66,medium,stable
22524,CHILDRENS GARDEN GLOVES BLUE,721.0,592,65,2010-12-01,2011-05-24,175,3.38,medium_moving,3373575.8100000024,8.090752973796317e-05,0.378568217990081,A,low_risk,45.3,medium,stable
22525,CHILDRENS GARDEN GLOVES PINK,553.5,458,52,2010-12-05,2011-04-18,135,3.39,medium_moving,3374129.3100000024,6.211139765598144e-05,0.37863032938773694,A,low_risk,57.73,medium,stable
22526,WHEELBARROW FOR CHILDREN ,1406.4,112,67,2010-12-21,2011-12-01,346,0.32,slow_moving,3375535.7100000023,0.00015782018006029323,0.37878814956779727,A,meduim_risk,7.46,low,stable
22529,MAGIC DRAWING SLATE GO TO THE FAIR ,329.76,816,61,2010-12-01,2011-12-08,373,2.19,medium_moving,3375865.470000002,3.7004253823010726e-05,0.37882515382162024,A,High_risk,66.03,medium,stable
22530,MAGIC DRAWING SLATE DOLLY GIRL ,1431.96,3514,181,2010-12-01,2011-12-08,373,9.42,fast_moving,3377297.430000002,0.00016068841370814666,0.3789858422353284,A,meduim_risk,215.95,high,stable
22531,MAGIC DRAWING SLATE CIRCUS PARADE  ,1348.5,3293,163,2010-12-01,2011-12-08,373,8.83,fast_moving,3378645.930000002,0.00015132289022419326,0.37913716512555257,A,meduim_risk,170.21,high,stable
22532,MAGIC DRAWING SLATE LEAP FROG ,360.06,1063,66,2010-12-05,2011-12-08,369,2.88,medium_moving,3379005.990000002,4.040438995485578e-05,0.37917756951550746,A,High_risk,93.76,high,stable
22533,MAGIC DRAWING SLATE BAKE A CAKE ,607.62,1745,78,2010-12-01,2011-12-08,373,4.68,fast_moving,3379613.610000002,6.818451209345517e-05,0.3792457540276009,A,High_risk,170.13,high,stable
22534,MAGIC DRAWING SLATE SPACEBOY ,1735.5,4331,202,2010-12-01,2011-12-08,373,11.61,fast_moving,3381349.110000002,0.00019475037151211525,0.37944050439911303,A,low_risk,217.44,high,stable
22535,MAGIC DRAWING SLATE BUNNIES ,631.44,1716,110,2010-12-06,2011-12-02,362,4.74,fast_moving,3381980.550000002,7.085749039908387e-05,0.3795113618895121,A,meduim_risk,102.15,high,stable
22536,MAGIC DRAWING SLATE PURDEY,1782.18,4721,144,2010-12-02,2011-12-08,372,12.69,fast_moving,3383762.7300000023,0.00019998860103800722,0.3797113504905501,A,meduim_risk,349.87,high,stable
22537,MAGIC DRAWING SLATE DINOSAUR,763.5600000000001,1818,135,2010-12-01,2011-12-05,370,4.91,fast_moving,3384526.2900000024,8.568343052249538e-05,0.3797970339210726,A,meduim_risk,100.94,high,stable
22538,MINI JIGSAW GO TO THE FAIR,151.5,387,26,2010-12-20,2011-12-05,351,1.1,medium_moving,3384677.7900000024,1.7000680659225272e-05,0.37981403460173185,A,High_risk,41.17,medium,stable
22539,MINI JIGSAW DOLLY GIRL,1050.41,2824,85,2010-12-01,2011-12-09,374,7.55,fast_moving,3385728.2000000025,0.00011787250806110111,0.37993190710979297,A,low_risk,129.16,high,stable
22540,MINI JIGSAW CIRCUS PARADE ,915.78,2451,65,2010-12-01,2011-12-07,372,6.59,fast_moving,3386643.9800000023,0.00010276490649574467,0.3800346720162887,A,meduim_risk,136.98,high,stable
22541,MINI JIGSAW LEAP FROG,181.04,466,21,2011-02-04,2011-12-05,305,1.53,medium_moving,3386825.0200000023,2.0315532848489393e-05,0.3800549875491372,A,High_risk,69.7,medium,stable
22543,MINI JIGSAW BAKE A CAKE ,516.61,1436,39,2010-12-01,2011-12-08,373,3.85,medium_moving,3387341.630000002,5.7971759969388565e-05,0.38011295930910655,A,High_risk,157.23,high,stable
22544,MINI JIGSAW SPACEBOY,1628.3,4414,124,2010-12-01,2011-12-09,374,11.8,fast_moving,3388969.930000002,0.0001827208469796469,0.38029568015608617,A,low_risk,182.19,high,stable
22545,MINI JIGSAW BUNNIES,391.10999999999996,1089,47,2010-12-07,2011-12-09,368,2.96,medium_moving,3389361.040000002,4.3888687872142544e-05,0.3803395688439583,A,High_risk,81.31,medium,stable
22546,MINI JIGSAW PURDEY,767.8299999999999,2065,59,2010-12-12,2011-12-08,362,5.7,fast_moving,3390128.870000002,8.616259162094348e-05,0.3804257314355793,A,High_risk,165.82,high,stable
22547,MINI JIGSAW DINOSAUR ,279.51,738,50,2010-12-01,2011-12-08,373,1.98,medium_moving,3390408.3800000018,3.136541419841621e-05,0.38045709684977763,A,meduim_risk,44.48,medium,stable
22548,HEADS AND TAILS SPORTING FUN,2097.96,1873,179,2010-12-01,2011-11-13,348,5.38,fast_moving,3392506.3400000017,0.0002354240791803845,0.38069252092895806,A,High_risk,154.66,high,stable
22549,PICTURE DOMINOES,4237.04,2992,244,2010-12-01,2011-12-09,374,8.0,fast_moving,3396743.3800000018,0.0004754624685172531,0.38116798339747526,A,meduim_risk,177.3,high,stable
22550,HOLIDAY FUN LUDO,3810.71,1102,176,2010-12-03,2011-12-08,371,2.97,medium_moving,3400554.0900000017,0.0004276215432007679,0.38159560494067607,A,meduim_risk,62.92,medium,stable
22551,PLASTERS IN TIN SPACEBOY,12151.8,7664,579,2010-12-01,2011-12-09,374,20.49,fast_moving,3412705.8900000015,0.00136362291244075,0.38295922785311676,A,low_risk,325.39,high,stable
22553,PLASTERS IN TIN SKULLS,6505.799999999999,4036,439,2010-12-01,2011-12-08,373,10.82,fast_moving,3419211.6900000013,0.0007300529916355627,0.38368928084475235,A,low_risk,158.69,high,stable
22554,PLASTERS IN TIN WOODLAND ANIMALS,11637.429999999998,7307,587,2010-12-01,2011-12-09,374,19.54,fast_moving,3430849.1200000015,0.0013059025156705473,0.3849951833604229,A,low_risk,289.07,high,stable
22555,PLASTERS IN TIN STRONGMAN,9462.289999999999,5885,449,2010-12-01,2011-12-09,374,15.74,fast_moving,3440311.4100000015,0.0010618176276896414,0.3860570009881125,A,low_risk,202.73,high,stable
22556,PLASTERS IN TIN CIRCUS PARADE ,9596.96,5952,521,2010-12-01,2011-12-09,374,15.91,fast_moving,3449908.3700000015,0.0010769297178835548,0.3871339307059961,A,low_risk,160.8,high,stable
22557,PLASTERS IN TIN VINTAGE PAISLEY ,7346.69,4573,480,2010-12-01,2011-12-08,373,12.26,fast_moving,3457255.0600000015,0.000824414063315668,0.38795834476931174,A,low_risk,162.02,high,stable
22558,CLOTHES PEGS RETROSPOT PACK 24 ,12545.38,8418,639,2010-12-01,2011-12-08,373,22.57,fast_moving,3469800.4400000013,0.0014077887731262808,0.38936613354243804,A,low_risk,248.41,high,stable
22559,SEASIDE FLYING DISC,472.77,387,39,2010-12-02,2011-12-05,369,1.05,medium_moving,3470273.2100000014,5.305222307103585e-05,0.38941918576550905,A,High_risk,34.14,medium,stable
22560,TRADITIONAL MODELLING CLAY,9311.47,8014,336,2010-12-02,2011-12-09,373,21.49,fast_moving,3479584.6800000016,0.0010448932537158835,0.390464079019225,A,low_risk,296.69,high,stable
22561,WOODEN SCHOOL COLOURING SET,9072.869999999999,5695,395,2010-12-01,2011-12-09,374,15.23,fast_moving,3488657.5500000017,0.0010181185843740276,0.391482197603599,A,meduim_risk,291.78,high,stable
22562,MONSTERS STENCIL CRAFT,1720.42,1398,190,2010-12-02,2011-12-08,372,3.76,medium_moving,3490377.9700000016,0.0001930581585461673,0.3916752557621452,A,meduim_risk,72.79,medium,stable
22563,HAPPY STENCIL CRAFT,3254.6000000000004,2785,252,2010-12-05,2011-12-08,369,7.55,fast_moving,3493632.5700000017,0.00036521726253144936,0.3920404730246766,A,low_risk,115.71,high,stable
22564,ALPHABET STENCIL CRAFT,3005.44,2673,165,2010-12-02,2011-12-08,372,7.19,fast_moving,3496638.0100000016,0.00033725759525057424,0.3923777306199272,A,High_risk,274.27,high,stable
22565,FELTCRAFT HAIRBANDS PINK AND WHITE ,712.4599999999999,818,108,2010-12-01,2011-12-05,370,2.21,medium_moving,3497350.4700000016,7.99492075410669e-05,0.39245767982746826,A,low_risk,40.92,medium,stable
22566,FELTCRAFT HAIRBAND PINK AND PURPLE,721.38,834,118,2010-12-01,2011-12-08,373,2.24,medium_moving,3498071.8500000015,8.095017170925364e-05,0.3925386299991775,A,meduim_risk,58.26,medium,stable
22567,20 DOLLY PEGS RETROSPOT,3048.2,2368,182,2010-12-01,2011-12-09,374,6.33,fast_moving,3501120.0500000017,0.0003420559391778909,0.3928806859383554,A,High_risk,195.48,high,stable
22568,FELTCRAFT CUSHION OWL,11783.05,3284,417,2010-12-01,2011-12-07,372,8.83,fast_moving,3512903.1000000015,0.0013222433679319096,0.3942029293062873,A,meduim_risk,217.0,high,stable
22569,FELTCRAFT CUSHION BUTTERFLY,9655.48,2698,294,2010-12-01,2011-10-25,329,8.2,fast_moving,3522558.5800000015,0.0010834965814622865,0.3952864258877496,A,low_risk,129.55,high,stable
22570,FELTCRAFT CUSHION RABBIT,10694.81,3018,324,2010-12-01,2011-11-18,353,8.55,fast_moving,3533253.3900000015,0.0012001257394131288,0.39648655162716273,A,meduim_risk,166.72,high,stable
22571,ROCKING HORSE RED CHRISTMAS ,1813.55,2207,176,2010-12-01,2011-12-08,373,5.92,fast_moving,3535066.9400000013,0.0002035088079837491,0.39669006043514643,A,High_risk,239.18,high,stable
22572,ROCKING HORSE GREEN CHRISTMAS ,1050.29,1265,126,2010-12-01,2011-11-29,364,3.48,medium_moving,3536117.2300000014,0.00011785904217543042,0.39680791947732186,A,meduim_risk,176.17,high,stable
22573,STAR WOODEN CHRISTMAS DECORATION,2040.81,2445,154,2010-12-01,2011-12-09,374,6.54,fast_moving,3538158.0400000014,0.00022901095112972623,0.3970369304284516,A,High_risk,305.08,high,stable
22574,HEART WOODEN CHRISTMAS DECORATION,1854.54,2124,157,2010-12-01,2011-12-08,373,5.69,fast_moving,3540012.5800000015,0.00020810853009742332,0.397245038958549,A,High_risk,280.68,high,stable
22575,METAL MERRY CHRISTMAS WREATH,1160.1,622,76,2010-12-01,2011-12-05,370,1.68,medium_moving,3541172.6800000016,0.00013018144972123588,0.3973752204082703,A,meduim_risk,74.81,medium,stable
22576,SWALLOW WOODEN CHRISTMAS DECORATION,1218.6299999999999,1419,125,2010-12-01,2011-12-09,374,3.79,medium_moving,3542391.3100000015,0.00013674943545710687,0.3975119698437274,A,meduim_risk,162.92,high,stable
22577,WOODEN HEART CHRISTMAS SCANDINAVIAN,3416.4799999999996,9784,463,2010-12-01,2011-12-08,373,26.23,fast_moving,3545807.7900000014,0.0003833827423011878,0.39789535258602854,A,High_risk,1404.27,high,stable
22578,WOODEN STAR CHRISTMAS SCANDINAVIAN,3165.22,9630,433,2010-12-01,2011-12-07,372,25.89,fast_moving,3548973.0100000016,0.000355187422021076,0.39825054000804966,A,High_risk,1775.66,high,stable
22579,WOODEN TREE CHRISTMAS SCANDINAVIAN,1665.1599999999999,4808,276,2010-12-01,2011-11-28,363,13.25,fast_moving,3550638.170000002,0.0001868571181948221,0.3984373971262445,A,High_risk,949.61,high,stable
22580,ADVENT CALENDAR GINGHAM SACK,4787.68,836,166,2010-12-01,2011-12-05,370,2.26,medium_moving,3555425.850000002,0.0005372529292314169,0.39897465005547594,A,High_risk,121.16,high,stable
22581,WOOD STOCKING CHRISTMAS SCANDISPOT,705.7199999999999,1090,98,2010-12-01,2011-12-09,374,2.91,medium_moving,3556131.570000002,7.919287362923074e-05,0.3990538429291052,A,meduim_risk,115.32,high,stable
22582,PACK OF 6 SWEETIE GIFT BOXES,2496.7599999999998,1029,77,2010-12-01,2011-12-08,373,2.76,medium_moving,3558628.330000002,0.00028017570589258936,0.39933401863499773,A,High_risk,104.71,high,stable
22583,PACK OF 6 HANDBAG GIFT BOXES,1348.9499999999998,529,77,2010-12-01,2011-12-06,371,1.43,medium_moving,3559977.280000002,0.00015137338729545827,0.3994853920222932,A,meduim_risk,31.83,medium,stable
22584,PACK OF 6 PANETTONE GIFT BOXES,513.91,226,14,2011-11-17,2011-12-08,22,10.27,fast_moving,3560491.1900000023,5.766877754179841e-05,0.39954306079983504,A,meduim_risk,97.58,high,stable
22584,PACK OF 6 PANNETONE GIFT BOXES,4982.68,2015,139,2010-12-01,2011-11-16,351,5.74,fast_moving,3565473.8700000024,0.0005591349934462612,0.4001021957932813,A,meduim_risk,140.99,high,stable
22585,PACK OF 6 BIRDY GIFT TAGS,7149.7,6062,319,2010-12-01,2011-12-09,374,16.21,fast_moving,3572623.5700000026,0.0008023086898301183,0.4009045044831115,A,meduim_risk,364.96,high,stable
22586,FELTCRAFT HAIRBAND PINK AND BLUE,676.5999999999999,796,117,2010-12-03,2011-12-08,371,2.15,medium_moving,3573300.1700000027,7.592515203981397e-05,0.4009804296351513,A,low_risk,36.94,medium,stable
22587,FELTCRAFT HAIRBAND RED AND BLUE,718.25,845,120,2010-12-01,2011-12-08,373,2.27,medium_moving,3574018.4200000027,8.05989365246769e-05,0.40106102857167597,A,meduim_risk,58.15,medium,stable
22588,CARD HOLDER GINGHAM HEART,1732.4099999999999,605,135,2010-12-01,2011-12-06,371,1.63,medium_moving,3575750.830000003,0.00019440362495609537,0.40125543219663207,A,meduim_risk,45.53,medium,stable
22589,CARDHOLDER GINGHAM STAR,940.49,323,57,2010-12-01,2011-12-05,370,0.87,medium_moving,3576691.320000003,0.0001055377567867642,0.40136096995341886,A,High_risk,42.62,medium,stable
22591,CARDHOLDER GINGHAM CHRISTMAS TREE,1250.84,374,63,2010-12-08,2011-12-05,363,1.03,medium_moving,3577942.160000003,0.00014036390360254347,0.4015013338570214,A,High_risk,58.36,medium,stable
22592,CARDHOLDER HOLLY WREATH METAL,1886.08,506,91,2010-12-01,2011-12-08,373,1.36,medium_moving,3579828.240000003,0.000211647813714532,0.40171298167073594,A,meduim_risk,63.43,medium,stable
22593,CHRISTMAS GINGHAM STAR,1736.9699999999998,2049,138,2010-12-01,2011-12-08,373,5.49,fast_moving,3581565.210000003,0.00019491532861158097,0.40190789699934754,A,High_risk,234.12,high,stable
22594,CHRISTMAS GINGHAM TREE,1480.06,1744,125,2010-12-01,2011-12-08,373,4.68,fast_moving,3583045.2700000033,0.00016608598954780828,0.40207398298889535,A,High_risk,210.96,high,stable
22595,CHRISTMAS GINGHAM HEART,450.47999999999996,552,30,2010-12-01,2011-01-12,43,12.84,fast_moving,3583495.7500000033,5.055093480770825e-05,0.40212453392370306,A,High_risk,357.8,high,
22595,GINGHAM HEART DECORATION,4828.38,5964,331,2011-02-02,2011-12-08,310,19.24,fast_moving,3588324.130000003,0.0005418201087880536,0.4026663540324911,A,High_risk,736.25,high,stable
22596,CHRISTMAS STAR WISH LIST CHALKBOARD,3567.7,3290,234,2011-06-13,2011-12-09,180,18.28,fast_moving,3591891.8300000033,0.0004003520025605148,0.4030667060350516,A,meduim_risk,350.13,high,stable
22597,CHRISTMAS MUSICAL ZINC HEART ,29.75,35,5,2010-12-01,2010-12-13,13,2.69,medium_moving,3591921.5800000033,3.3384174891878007e-06,0.4030700444525408,A,,,,
22597,MUSICAL ZINC HEART DECORATION ,943.93,2499,113,2011-02-16,2011-12-08,296,8.44,fast_moving,3592865.5100000035,0.00010592377884265683,0.4031759682313835,A,High_risk,359.88,high,stable
22598,CHRISTMAS MUSICAL ZINC TREE,291.33,815,51,2010-12-05,2011-12-08,369,2.21,medium_moving,3593156.8400000036,3.2691803936977545e-05,0.40320866003532047,A,High_risk,149.89,high,stable
22599,CHRISTMAS MUSICAL ZINC STAR,528.2099999999999,1489,70,2010-12-01,2011-12-08,373,3.99,medium_moving,3593685.0500000035,5.9273462250886995e-05,0.4032679334975714,A,High_risk,281.55,high,stable
22600,CHRISTMAS RETROSPOT STAR WOOD,1303.54,1540,143,2010-12-01,2011-12-08,373,4.13,fast_moving,3594988.5900000036,0.0001462776717262476,0.4034142111692976,A,meduim_risk,154.1,high,stable
22601,CHRISTMAS RETROSPOT ANGEL WOOD,1827.4199999999998,2238,150,2010-12-01,2011-12-07,372,6.02,fast_moving,3596816.0100000035,0.0002050652399358511,0.40361927640923345,A,meduim_risk,287.71,high,stable
22602,CHRISTMAS RETROSPOT HEART WOOD,93.5,110,10,2010-12-02,2010-12-13,12,9.17,fast_moving,3596909.5100000035,1.0492169251733089e-05,0.4036297685784852,A,,,,
22602,RETROSPOT WOODEN HEART DECORATION,1553.9199999999998,1852,164,2011-02-16,2011-12-07,295,6.28,fast_moving,3598463.4300000034,0.0001743742421781078,0.4038041428206633,A,meduim_risk,128.12,high,stable
22603,CHRISTMAS RETROSPOT TREE WOOD,1089.83,1295,125,2010-12-01,2011-12-08,373,3.47,medium_moving,3599553.2600000035,0.00012229605150391732,0.4039264388721672,A,meduim_risk,144.03,high,stable
22604,SET OF 4 NAPKIN CHARMS CUTLERY,2647.96,1173,108,2010-12-01,2011-12-08,373,3.14,medium_moving,3602201.2200000035,0.00029714272183763797,0.40422358159400484,A,High_risk,107.14,high,stable
22605,WOODEN CROQUET GARDEN SET,9555.98,709,240,2010-12-02,2011-12-08,372,1.91,medium_moving,3611757.2000000034,0.0010723311179270199,0.4052959127119319,A,low_risk,29.11,medium,stable
22606,WOODEN SKITTLES GARDEN SET,4336.75,305,132,2010-12-06,2011-12-08,368,0.83,slow_moving,3616093.9500000034,0.0004866514973524435,0.4057825642092843,A,meduim_risk,17.69,low,stable
22607,WOODEN ROUNDERS GARDEN SET ,11601.14,1269,303,2010-12-01,2011-12-08,373,3.4,medium_moving,3627695.0900000036,0.001301830207412308,0.40708439441669664,A,meduim_risk,94.08,high,stable
22608,PENS ASSORTED FUNKY JEWELED ,984.73,4933,84,2010-12-14,2011-12-07,359,13.74,fast_moving,3628679.8200000036,0.00011050217997068582,0.4071948965966673,A,meduim_risk,289.4,high,stable
22609,PENS ASSORTED SPACEBALL,1219.8799999999999,5636,118,2010-12-14,2011-12-05,357,15.79,fast_moving,3629899.7000000034,0.00013688970509950971,0.4073317863017668,A,meduim_risk,325.91,high,stable
22610,PENS ASSORTED FUNNY FACE,2320.58,9146,171,2010-12-01,2011-12-07,372,24.59,fast_moving,3632220.2800000035,0.00026040554141376225,0.4075921918431806,A,meduim_risk,502.07,high,stable
22611,VINTAGE UNION JACK SHOPPING BAG,1016.85,219,40,2010-12-13,2011-11-25,348,0.63,slow_moving,3633237.1300000036,0.00011410654870186942,0.4077062983918825,A,meduim_risk,22.65,medium,stable
22613,PACK OF 20 SPACEBOY NAPKINS,1150.3799999999999,1488,114,2010-12-07,2011-12-09,368,4.04,fast_moving,3634387.5100000035,0.00012909071298191133,0.4078353891048644,A,meduim_risk,97.7,high,stable
22614,PACK OF 12 SPACEBOY TISSUES,961.29,2957,170,2010-12-01,2011-12-08,373,7.93,fast_moving,3635348.8000000035,0.0001078718436363476,0.4079432609485007,A,low_risk,137.23,high,stable
22615,PACK OF 12 CIRCUS PARADE TISSUES ,618.42,2024,69,2010-12-01,2011-12-07,372,5.44,fast_moving,3635967.2200000035,6.939644180381579e-05,0.4080126573903045,A,meduim_risk,119.63,high,stable
22616,PACK OF 12 LONDON TISSUES ,7266.71,25345,382,2010-12-01,2011-12-08,373,67.95,fast_moving,3643233.9300000034,0.0008154390505161642,0.4088280964408207,A,low_risk,889.67,high,stable
22617,BAKING SET SPACEBOY DESIGN,10210.890000000001,2153,424,2010-12-02,2011-12-09,373,5.77,fast_moving,3653444.8200000036,0.0011458223111318598,0.40997391875195255,A,meduim_risk,156.03,high,stable
22618,COOKING SET RETROSPOT,621.66,66,25,2010-12-01,2011-05-06,157,0.42,slow_moving,3654066.4800000037,6.976002071692397e-05,0.4100436787726695,A,High_risk,14.31,low,stable
22619,SET OF 6 SOLDIER SKITTLES,8597.5,2297,339,2010-12-01,2011-12-08,373,6.16,fast_moving,3662663.9800000037,0.0009647746004467939,0.4110084533731163,A,low_risk,75.58,medium,stable
22620,4 TRADITIONAL SPINNING TOPS,5960.08,4491,364,2010-12-01,2011-12-08,373,12.04,fast_moving,3668624.060000004,0.0006688146322338967,0.4116772680053502,A,low_risk,185.42,high,stable
22621,TRADITIONAL KNITTING NANCY,9297.869999999999,5895,509,2010-12-03,2011-12-09,372,15.85,fast_moving,3677921.930000004,0.0010433671200065404,0.4127206351253568,A,meduim_risk,308.57,high,stable
22622,BOX OF VINTAGE ALPHABET BLOCKS,13035.66,1295,231,2010-12-01,2011-12-09,374,3.46,medium_moving,3690957.590000004,0.0014628058933480958,0.41418344101870486,A,meduim_risk,82.53,medium,stable
22623,BOX OF VINTAGE JIGSAW BLOCKS ,5031.570000000001,920,219,2010-12-01,2011-12-07,372,2.47,medium_moving,3695989.160000004,0.0005646212196999215,0.41474806223840477,A,meduim_risk,49.03,medium,stable
22624,IVORY KITCHEN SCALES,14788.33,1783,620,2010-12-01,2011-12-09,374,4.77,fast_moving,3710777.490000004,0.0016594830086682564,0.416407545247073,A,low_risk,67.63,medium,stable
22625,RED KITCHEN SCALES,11895.73,1476,448,2010-12-01,2011-12-09,374,3.95,medium_moving,3722673.220000004,0.0013348878345766722,0.4177424330816497,A,low_risk,54.41,medium,stable
22626,BLACK KITCHEN SCALES,4159.53,504,183,2010-12-01,2011-12-08,373,1.35,medium_moving,3726832.7500000037,0.00046676462853113723,0.41820919771018084,A,low_risk,22.16,medium,stable
22627,MINT KITCHEN SCALES,6599.79,792,304,2010-12-01,2011-12-09,374,2.12,medium_moving,3733432.5400000038,0.0007406001465871179,0.41894979785676795,A,meduim_risk,40.37,medium,stable
22628,PICNIC BOXES SET OF 3 RETROSPOT ,3612.25,775,118,2010-12-10,2011-12-09,365,2.12,medium_moving,3737044.7900000038,0.0004053512126157524,0.4193551490693837,A,meduim_risk,53.23,medium,stable
22629,SPACEBOY LUNCH BOX ,24694.59,13919,704,2010-12-01,2011-12-09,374,37.22,fast_moving,3761739.3800000036,0.0027711210468679723,0.42212627011625165,A,low_risk,453.33,high,stable
22630,DOLLY GIRL LUNCH BOX,20129.44,11336,616,2010-12-01,2011-12-08,373,30.39,fast_moving,3781868.8200000036,0.00225883948045568,0.42438510959670733,A,low_risk,433.61,high,stable
22631,CIRCUS PARADE LUNCH BOX ,6122.629999999999,3375,256,2010-12-01,2011-12-09,374,9.02,fast_moving,3787991.4500000034,0.000687055296531963,0.4250721648932393,A,low_risk,144.16,high,stable
22632,HAND WARMER RED POLKA DOT,225.00000000000003,120,18,2010-12-01,2010-12-03,3,40.0,fast_moving,3788216.4500000034,2.5248535632512783e-05,0.4250974134288718,A,,,,
22632,HAND WARMER RED RETROSPOT,8526.12,4274,341,2010-12-01,2011-12-09,374,11.43,fast_moving,3796742.5700000036,0.0009567646427870217,0.4260541780716588,A,meduim_risk,493.34,high,stable
22633,HAND WARMER UNION JACK,9550.560000000001,4746,441,2010-12-01,2011-12-09,374,12.69,fast_moving,3806293.1300000036,0.0010717229087575612,0.4271259009804164,A,High_risk,532.66,high,stable
22634,CHILDS BREAKFAST SET SPACEBOY ,6681.849999999999,731,203,2010-12-01,2011-12-07,372,1.97,medium_moving,3812974.9800000037,0.00074980856807158,0.42787570954848797,A,low_risk,27.19,medium,stable
22635,CHILDS BREAKFAST SET DOLLY GIRL ,6063.0,657,180,2010-12-01,2011-12-07,372,1.77,medium_moving,3819037.9800000037,0.0006803638735107777,0.42855607342199875,A,meduim_risk,33.77,medium,stable
22636,CHILDS BREAKFAST SET CIRCUS PARADE,4656.3,565,182,2010-12-02,2011-12-08,372,1.52,medium_moving,3823694.2800000035,0.0005225100287363078,0.429078583450735,A,low_risk,20.32,medium,stable
22637,PIGGY BANK RETROSPOT ,6308.57,2619,262,2010-12-01,2011-11-27,362,7.23,fast_moving,3830002.8500000034,0.0007079206863786717,0.4297865041371137,A,High_risk,249.11,high,stable
22638,SET OF 4 NAPKIN CHARMS CROWNS ,394.41999999999996,255,38,2010-12-01,2011-12-08,373,0.68,slow_moving,3830397.2700000033,4.426012188522529e-05,0.4298307642589989,A,High_risk,23.81,medium,stable
22639,SET OF 4 NAPKIN CHARMS HEARTS,1733.37,763,127,2010-12-01,2011-12-07,372,2.05,medium_moving,3832130.6400000034,0.00019451135204146078,0.43002527561104037,A,low_risk,29.62,medium,stable
22640,SET OF 4 NAPKIN CHARMS 3 KEYS ,344.21999999999997,186,41,2010-12-01,2011-12-06,371,0.5,slow_moving,3832474.8600000036,3.8626893046326883e-05,0.4300639025040867,A,High_risk,15.52,low,stable
22641,SET OF 4 NAPKIN CHARMS INSTRUMENT,225.92,112,24,2010-12-01,2011-12-07,372,0.3,slow_moving,3832700.7800000035,2.5351774089321273e-05,0.43008925427817607,A,High_risk,11.5,low,stable
22642,SET OF 4 NAPKIN CHARMS STARS   ,516.8,253,43,2010-12-01,2011-12-08,373,0.68,slow_moving,3833217.5800000033,5.799308095503379e-05,0.43014724735913107,A,meduim_risk,23.67,medium,stable
22643,SET OF 4 NAPKIN CHARMS LEAVES   ,334.63,185,30,2010-12-01,2011-12-08,373,0.5,slow_moving,3833552.210000003,3.755074434981223e-05,0.43018479810348087,A,meduim_risk,14.58,low,stable
22644,CERAMIC CHERRY CAKE MONEY BANK,2328.7799999999997,2052,188,2010-12-01,2011-12-09,374,5.49,fast_moving,3835880.990000003,0.0002613257102679249,0.43044612381374875,A,meduim_risk,139.66,high,stable
22645,CERAMIC HEART FAIRY CAKE MONEY BANK,2255.93,1757,233,2010-12-01,2011-12-09,374,4.7,fast_moving,3838136.920000003,0.00025315079550868686,0.4306992746092575,A,low_risk,83.19,medium,stable
22646,CERAMIC STRAWBERRY CAKE MONEY BANK,4756.91,3927,279,2010-12-01,2011-12-09,374,10.5,fast_moving,3842893.8300000033,0.0005338000517140283,0.4312330746609715,A,low_risk,181.88,high,stable
22647,CERAMIC LOVE HEART MONEY BANK,429.84999999999997,721,36,2010-12-14,2011-12-08,360,2.0,medium_moving,3843323.6800000034,4.823592462949163e-05,0.43128131058560104,A,High_risk,107.47,high,stable
22649,STRAWBERRY FAIRY CAKE TEAPOT,3653.75,751,160,2010-12-02,2011-12-04,368,2.04,medium_moving,3846977.4300000034,0.000410008164743527,0.43169131875034455,A,low_risk,21.74,medium,stable
22650,CERAMIC PIRATE CHEST MONEY BANK,1136.0,800,106,2010-12-01,2011-12-06,371,2.16,medium_moving,3848113.4300000034,0.00012747705101570896,0.43181879580136023,A,low_risk,31.78,medium,stable
22651,GENTLEMAN SHIRT REPAIR KIT ,1602.7199999999998,1992,94,2010-12-01,2011-12-08,373,5.34,fast_moving,3849716.1500000036,0.000179850369017515,0.4319986461703778,A,meduim_risk,126.78,high,stable
22652,TRAVEL SEWING KIT,7787.36,4864,394,2010-12-01,2011-11-15,350,13.9,fast_moving,3857503.5100000035,0.0008738641619697987,0.4328725103323476,A,low_risk,212.58,high,stable
22653,BUTTON BOX ,2022.66,1072,118,2010-12-01,2011-12-07,372,2.88,medium_moving,3859526.1700000037,0.00022697423592203688,0.43309948456826963,A,High_risk,103.29,high,stable
22654,DELUXE SEWING KIT ,5974.62,1058,222,2010-12-01,2011-12-07,372,2.84,medium_moving,3865500.7900000038,0.0006704462487143267,0.43376993081698395,A,meduim_risk,71.81,medium,stable
22655,VINTAGE RED KITCHEN CABINET,8125.0,60,38,2010-12-02,2011-11-01,335,0.18,slow_moving,3873625.7900000038,0.000911752675618517,0.4346816834926025,A,meduim_risk,4.13,low,stable
22656,VINTAGE BLUE KITCHEN CABINET,3685.0,26,20,2010-12-13,2011-10-12,304,0.09,slow_moving,3877310.7900000038,0.00041351490580359817,0.4350951983984061,A,meduim_risk,2.82,low,stable
22659,LUNCH BOX I LOVE LONDON,19353.219999999998,11094,504,2010-12-01,2011-12-08,373,29.74,fast_moving,3896664.010000004,0.0021717353989949284,0.43726693379740106,A,low_risk,499.73,high,stable
22660,DOORMAT I LOVE LONDON,2157.33,327,69,2010-12-01,2011-12-07,372,0.88,medium_moving,3898821.340000004,0.0002420863261159502,0.437509020123517,A,High_risk,32.6,medium,stable
22661,CHARLOTTE BAG DOLLY GIRL DESIGN,4028.19,5085,343,2010-12-01,2011-12-07,372,13.67,fast_moving,3902849.530000004,0.0004520262166645851,0.43796104634018157,A,low_risk,180.9,high,stable
22662,LUNCH BAG DOLLY GIRL DESIGN,10360.69,6545,598,2010-12-01,2011-12-08,373,17.55,fast_moving,3913210.220000004,0.001162632225077417,0.43912367856525897,A,low_risk,259.65,high,stable
22663,JUMBO BAG DOLLY GIRL DESIGN,6008.41,3097,317,2010-12-01,2011-12-08,373,8.3,fast_moving,3919218.630000004,0.0006742380176877605,0.43979791658294676,A,low_risk,154.87,high,stable
22664,TOY TIDY DOLLY GIRL DESIGN,1178.18,642,102,2010-12-01,2011-12-09,374,1.72,medium_moving,3920396.8100000042,0.0001322103098289507,0.4399301268927757,A,low_risk,28.75,medium,stable
22665,RECIPE BOX BLUE SKETCHBOOK DESIGN,3425.01,1219,231,2010-12-01,2011-11-08,343,3.55,medium_moving,3923821.820000004,0.0003843399423409449,0.44031446683511666,A,low_risk,66.17,medium,stable
22666,RECIPE BOX PANTRY YELLOW DESIGN,20859.27,7373,828,2010-12-01,2011-12-09,374,19.71,fast_moving,3944681.090000004,0.002340737874947577,0.44265520471006425,A,low_risk,307.16,high,stable
22667,RECIPE BOX RETROSPOT ,7952.900000000001,2870,441,2010-12-01,2011-12-09,374,7.67,fast_moving,3952633.990000004,0.0008924403512524929,0.4435476450613167,A,low_risk,115.48,high,stable
22668,PINK BABY BUNTING,5448.11,1965,204,2010-12-19,2011-12-08,355,5.54,fast_moving,3958082.100000004,0.0006113635531771075,0.4441590086144938,A,meduim_risk,105.17,high,stable
22669,RED BABY BUNTING ,2969.65,1027,167,2010-12-02,2011-12-08,372,2.76,medium_moving,3961051.7500000037,0.0003332413948492959,0.4444922500093431,A,low_risk,33.58,medium,stable
22670,FRENCH WC SIGN BLUE METAL,2193.99,1754,208,2010-12-01,2011-12-09,374,4.69,fast_moving,3963245.740000004,0.00024620015418834094,0.4447384501635315,A,low_risk,30.39,medium,stable
22671,FRENCH LAUNDRY SIGN BLUE METAL,1465.31,919,103,2010-12-03,2011-12-08,371,2.48,medium_moving,3964711.050000004,0.00016443080776745467,0.44490288097129893,A,High_risk,79.17,medium,stable
22672,FRENCH BATHROOM SIGN BLUE METAL,2227.62,1382,158,2010-12-02,2011-12-08,372,3.72,medium_moving,3966938.670000004,0.00024997396864754717,0.4451528549399465,A,meduim_risk,77.67,medium,stable
22673,FRENCH GARDEN SIGN BLUE METAL,960.58,772,110,2010-12-06,2011-12-08,368,2.1,medium_moving,3967899.250000004,0.00010779217047946278,0.44526064711042596,A,low_risk,31.79,medium,stable
22674,FRENCH TOILET SIGN BLUE METAL,1536.71,1274,144,2010-12-05,2011-12-08,369,3.45,medium_moving,3969435.960000004,0.0001724430097415054,0.44543309012016746,A,low_risk,64.18,medium,stable
22675,FRENCH KITCHEN SIGN BLUE METAL,1423.89,1176,123,2010-12-13,2011-12-08,361,3.26,medium_moving,3970859.8500000043,0.00015978283289679387,0.44559287295306427,A,meduim_risk,74.49,medium,stable
22676,FRENCH BLUE METAL DOOR SIGN 1,1303.64,1040,138,2010-12-02,2011-12-02,366,2.84,medium_moving,3972163.4900000044,0.00014628889329763983,0.4457391618463619,A,low_risk,38.08,medium,stable
22677,FRENCH BLUE METAL DOOR SIGN 2,1092.51,874,113,2010-12-12,2011-12-02,356,2.46,medium_moving,3973256.000000004,0.00012259678961722904,0.4458617586359791,A,low_risk,34.39,medium,stable
22678,FRENCH BLUE METAL DOOR SIGN 3,941.18,751,102,2010-12-01,2011-12-06,371,2.02,medium_moving,3974197.1800000044,0.00010561518562937056,0.4459673738216085,A,low_risk,29.41,medium,stable
22679,FRENCH BLUE METAL DOOR SIGN 4,810.57,647,91,2010-12-09,2011-12-06,363,1.78,medium_moving,3975007.750000004,9.095869123398171e-05,0.4460583325128425,A,low_risk,30.44,medium,stable
22680,FRENCH BLUE METAL DOOR SIGN 5,932.47,745,100,2010-12-01,2011-12-02,367,2.03,medium_moving,3975940.2200000044,0.00010463778676110752,0.4461629702996036,A,low_risk,28.79,medium,stable
22681,FRENCH BLUE METAL DOOR SIGN 6,785.57,627,81,2010-12-06,2011-12-05,365,1.72,medium_moving,3976725.790000004,8.815329838592474e-05,0.4462511235979895,A,low_risk,26.91,medium,stable
22682,FRENCH BLUE METAL DOOR SIGN 7,773.11,618,79,2010-12-21,2011-12-06,351,1.76,medium_moving,3977498.900000004,8.675509059045314e-05,0.44633787868857994,A,low_risk,21.71,medium,stable
22683,FRENCH BLUE METAL DOOR SIGN 8,720.57,575,80,2010-12-06,2011-12-02,362,1.59,medium_moving,3978219.470000004,8.08592769809766e-05,0.4464187379655609,A,low_risk,23.71,medium,stable
22684,FRENCH BLUE METAL DOOR SIGN 9,579.4,464,60,2010-12-05,2011-12-02,363,1.28,medium_moving,3978798.870000004,6.501778464656847e-05,0.44648375575020743,A,low_risk,21.46,medium,stable
22685,FRENCH BLUE METAL DOOR SIGN 0,678.15,543,70,2010-12-06,2011-12-02,362,1.5,medium_moving,3979477.0200000037,7.609908639639352e-05,0.4465598548366038,A,low_risk,21.66,medium,stable
22686,FRENCH BLUE METAL DOOR SIGN No,997.2,859,73,2010-12-01,2011-12-08,373,2.3,medium_moving,3980474.220000004,0.00011190150992329665,0.44667175634652717,A,High_risk,65.46,medium,stable
22687,DOORMAT CHRISTMAS VILLAGE,2991.7,568,35,2011-06-23,2011-12-05,166,3.42,medium_moving,3983465.920000004,0.0003357157513412821,0.44700747209786845,A,High_risk,204.47,high,stable
22688,DOORMAT PEACE ON EARTH BLUE,3442.04,700,27,2010-12-01,2011-12-08,373,1.88,medium_moving,3986907.960000004,0.0003862509759490413,0.44739372307381753,A,High_risk,236.65,high,stable
22689,DOORMAT MERRY CHRISTMAS RED ,4340.44,614,112,2010-12-09,2011-11-28,355,1.73,medium_moving,3991248.400000004,0.0004870655733368167,0.4478807886471543,A,High_risk,114.18,high,stable
22690,DOORMAT HOME SWEET HOME BLUE ,9635.89,1597,261,2010-12-05,2011-12-08,369,4.33,fast_moving,4000884.290000004,0.0010812982756265492,0.4489620869227809,A,High_risk,144.74,high,stable
22691,DOORMAT WELCOME SUNRISE,2268.64,344,95,2010-12-06,2011-12-08,368,0.93,medium_moving,4003152.9300000044,0.00025457705723263906,0.44921666398001353,A,High_risk,35.02,medium,stable
22692,DOORMAT WELCOME TO OUR HOME,9468.08,1378,338,2010-12-10,2011-12-08,364,3.79,medium_moving,4012621.0100000044,0.0010624673566732516,0.4502791313366868,A,meduim_risk,89.97,medium,stable
22693,GROW A FLYTRAP OR SUNFLOWER IN TIN,17226.2,15940,239,2010-12-06,2011-12-09,369,43.2,fast_moving,4029847.2100000046,0.001933050331167963,0.45221218166785476,A,meduim_risk,1088.11,high,stable
22694,WICKER STAR ,3337.2000000000003,1612,303,2010-12-01,2011-12-09,374,4.31,fast_moving,4033184.410000005,0.0003744862805014296,0.4525866679483562,A,High_risk,161.37,high,stable
22695,WICKER WREATH SMALL,850.87,695,96,2010-12-01,2011-12-09,374,1.86,medium_moving,4034035.280000005,9.548098450504955e-05,0.4526821489328613,A,High_risk,69.41,medium,stable
22696,WICKER WREATH LARGE,1307.36,694,123,2010-12-01,2011-12-07,372,1.87,medium_moving,4035342.640000005,0.00014670633575343067,0.4528288552686147,A,High_risk,54.83,medium,stable
22697,GREEN REGENCY TEACUP AND SAUCER,17806.34,6430,691,2010-12-01,2011-12-09,374,17.19,fast_moving,4053148.9800000046,0.0019981511554428336,0.45482700642405754,A,low_risk,141.63,high,stable
22698,PINK REGENCY TEACUP AND SAUCER,14769.49,5343,556,2010-12-09,2011-12-09,366,14.6,fast_moving,4067918.470000005,0.0016573688646179608,0.4564843752886755,A,low_risk,202.1,high,stable
22699,ROSES REGENCY TEACUP AND SAUCER ,24865.600000000002,9132,783,2010-12-01,2011-12-09,374,24.42,fast_moving,4092784.070000005,0.0027903110561058216,0.45927468634478136,A,low_risk,312.77,high,stable
22700,BLACK AND WHITE DOG BOWL,2584.68,1194,48,2010-12-06,2011-10-07,306,3.9,medium_moving,4095368.750000005,0.0002900417114606361,0.459564728056242,A,High_risk,226.75,high,stable
22701,PINK DOG BOWL,613.24,436,52,2010-12-03,2011-12-08,371,1.18,medium_moving,4095981.9900000053,6.881516440569839e-05,0.4596335432206477,A,High_risk,37.68,medium,stable
22702,BLACK AND WHITE CAT BOWL,2661.8999999999996,1357,43,2010-12-03,2011-11-27,360,3.77,medium_moving,4098643.8900000053,0.0002987070088897145,0.45993225022953743,A,High_risk,271.55,high,stable
22703,PINK CAT BOWL,249.42000000000002,168,40,2010-12-08,2011-12-08,366,0.46,slow_moving,4098893.310000005,2.7988843366494835e-05,0.4599602390729039,A,High_risk,21.62,medium,stable
22704,WRAP RED APPLES ,2167.5,5275,173,2010-12-01,2011-12-09,374,14.1,fast_moving,4101060.810000005,0.00024322755992653978,0.46020346663283046,A,low_risk,191.26,high,stable
22705,WRAP GREEN PEARS ,798.0,1900,74,2010-12-02,2011-12-06,370,5.14,fast_moving,4101858.810000005,8.954813970997866e-05,0.4602930147725404,A,low_risk,78.29,medium,stable
22706,WRAP COWBOYS  ,845.0,2050,69,2010-12-01,2011-12-07,372,5.51,fast_moving,4102703.810000005,9.482227826432577e-05,0.46038783705080477,A,meduim_risk,119.63,high,stable
22707,WRAP MONSTER FUN ,525.0,1250,47,2010-12-19,2011-12-02,349,3.58,medium_moving,4103228.810000005,5.8913249809196485e-05,0.46044675030061394,A,low_risk,61.95,medium,stable
22708,WRAP DOLLY GIRL,1149.5,2775,99,2010-12-08,2011-12-08,366,7.58,fast_moving,4104378.310000005,0.00012899196315365973,0.46057574226376763,A,low_risk,94.99,high,stable
22709,WRAP WEDDING DAY,528.5,1325,39,2011-01-05,2011-12-08,338,3.92,medium_moving,4104906.810000005,5.930600480792446e-05,0.46063504826857554,A,meduim_risk,81.25,medium,stable
22710,WRAP I LOVE LONDON ,1742.5,4425,100,2010-12-08,2011-12-06,364,12.16,fast_moving,4106649.310000005,0.0001955358815095712,0.4608305841500851,A,meduim_risk,246.34,high,stable
22711,WRAP CIRCUS PARADE,1181.84,2852,100,2010-12-14,2011-12-09,361,7.9,fast_moving,4107831.150000005,0.00013262101934190623,0.460963205169427,A,low_risk,118.63,high,stable
22712,CARD DOLLY GIRL ,1721.37,4319,213,2010-12-01,2011-12-08,373,11.58,fast_moving,4109552.520000005,0.00019316476347439342,0.4611563699329014,A,meduim_risk,245.27,high,stable
22713,CARD I LOVE LONDON ,1312.12,3309,149,2010-12-01,2011-12-06,371,8.92,fast_moving,4110864.6400000053,0.00014724048255170073,0.4613036104154531,A,meduim_risk,168.77,high,stable
22714,CARD BIRTHDAY COWBOY,1324.8899999999999,3367,155,2010-12-01,2011-12-06,371,9.08,fast_moving,4112189.5300000054,0.00014867347721848824,0.4614522838926716,A,low_risk,168.89,high,stable
22715,CARD WEDDING DAY,615.24,1506,98,2011-01-05,2011-11-27,327,4.61,fast_moving,4112804.7700000056,6.903959583354295e-05,0.46152132348850516,A,low_risk,67.18,medium,stable
22716,CARD CIRCUS PARADE,1272.27,3088,214,2010-12-01,2011-12-09,374,8.26,fast_moving,4114077.0400000056,0.00014276868635189794,0.4616640921748571,A,low_risk,82.44,medium,stable
22717,CARD DOG AND BALL ,487.08,1170,87,2010-12-02,2011-11-28,362,3.23,medium_moving,4114564.1200000057,5.4658029937263664e-05,0.46171875020479436,A,low_risk,39.13,medium,stable
22718,CARD CAT AND TREE ,646.56,1560,104,2010-12-02,2011-12-07,371,4.2,fast_moving,4115210.6800000058,7.255419199358872e-05,0.46179130439678795,A,low_risk,58.79,medium,stable
22719,GUMBALL MONOCHROME COAT RACK,508.07000000000005,463,34,2010-12-01,2011-04-28,149,3.11,medium_moving,4115718.7500000056,5.7013437772492306e-05,0.46184831783456043,A,low_risk,35.22,medium,stable
22720,SET OF 3 CAKE TINS PANTRY DESIGN ,33347.8,7020,1146,2010-12-13,2011-12-09,362,19.39,fast_moving,4149066.5500000054,0.003742147184737377,0.4655904650192978,A,meduim_risk,375.15,high,stable
22721,SET OF 3 CAKE TINS SKETCHBOOK,3949.7200000000003,910,246,2010-12-14,2011-12-09,361,2.52,medium_moving,4153016.2700000056,0.0004432206495931039,0.4660336856688909,A,meduim_risk,51.77,medium,stable
22722,SET OF 6 SPICE TINS PANTRY DESIGN,20530.0,5372,653,2010-12-13,2011-12-08,361,14.88,fast_moving,4173546.2700000056,0.0023037886068243882,0.4683374742757153,A,meduim_risk,297.46,high,stable
22723,SET OF 6 HERB TINS SKETCHBOOK,3705.8900000000003,1059,235,2010-12-13,2011-12-09,362,2.93,medium_moving,4177252.1600000057,0.00041585909206743465,0.46875333336778274,A,meduim_risk,59.95,medium,stable
22725,ALARM CLOCK BAKELIKE CHOCOLATE,6574.26,1776,322,2010-12-01,2011-12-08,373,4.76,fast_moving,4183826.4200000055,0.0007377352794106821,0.4694910686471934,A,low_risk,79.44,medium,stable
22726,ALARM CLOCK BAKELIKE GREEN,20880.4,5641,789,2010-12-01,2011-12-09,374,15.08,fast_moving,4204706.820000006,0.002343108992982755,0.4718341776401762,A,low_risk,226.56,high,stable
22727,ALARM CLOCK BAKELIKE RED ,25925.2,7221,877,2010-12-01,2011-12-09,374,19.31,fast_moving,4230632.020000006,0.002909214826577868,0.47474339246675407,A,low_risk,299.25,high,stable
22728,ALARM CLOCK BAKELIKE PINK,18569.09,5074,613,2010-12-01,2011-12-09,374,13.57,fast_moving,4249201.110000006,0.0020837436912370523,0.4768271361579911,A,meduim_risk,296.08,high,stable
22729,ALARM CLOCK BAKELIKE ORANGE,7995.63,2182,359,2010-12-01,2011-10-24,328,6.65,fast_moving,4257196.740000006,0.0008972353287083918,0.4777243714866995,A,low_risk,114.53,high,stable
22730,ALARM CLOCK BAKELIKE IVORY,10285.61,2728,468,2010-12-01,2011-12-09,374,7.29,fast_moving,4267482.350000006,0.0011542070692761323,0.47887857855597565,A,meduim_risk,140.43,high,stable
22731,3D CHRISTMAS STAMPS STICKERS ,1361.95,1075,105,2010-12-01,2011-12-07,372,2.89,medium_moving,4268844.300000006,0.00015283219157644792,0.4790314107475521,A,meduim_risk,133.27,high,stable
22732,3D VINTAGE CHRISTMAS STICKERS ,1930.38,1522,126,2010-12-03,2011-12-07,370,4.11,fast_moving,4270774.680000006,0.00021661896984128898,0.47924802971739344,A,meduim_risk,203.74,high,stable
22733,3D TRADITIONAL CHRISTMAS STICKERS,1882.31,1471,141,2010-12-02,2011-12-07,371,3.96,medium_moving,4272656.990000006,0.000211224760473045,0.4794592544778664,A,meduim_risk,186.74,high,stable
22734,SET OF 6 RIBBONS VINTAGE CHRISTMAS,8051.83,2843,329,2010-12-09,2011-12-09,366,7.77,fast_moving,4280708.820000006,0.0009035418518308239,0.48036279632969725,A,High_risk,412.6,high,stable
22735,RIBBON REEL SOCKS AND MITTENS,1106.13,673,86,2010-12-01,2011-12-05,370,1.82,medium_moving,4281814.950000006,0.0001241251676408505,0.48048692149733807,A,meduim_risk,84.06,medium,stable
22736,RIBBON REEL MAKING SNOWMEN ,1825.46,1102,152,2010-12-01,2011-12-09,374,2.95,medium_moving,4283640.410000006,0.00020484529713656345,0.4806917667944747,A,High_risk,123.74,high,stable
22737,RIBBON REEL CHRISTMAS PRESENT ,2075.39,1227,187,2010-12-01,2011-12-08,373,3.29,medium_moving,4285715.800000005,0.00023289137051715864,0.48092465816499175,A,High_risk,149.56,high,stable
22738,RIBBON REEL SNOWY VILLAGE,3219.43,2007,176,2010-12-01,2011-12-08,373,5.38,fast_moving,4288935.230000005,0.0003612706358728027,0.4812859288008645,A,meduim_risk,233.68,high,stable
22739,RIBBON REEL CHRISTMAS SOCK BAUBLE,2704.44,1588,204,2010-12-01,2011-12-08,373,4.26,fast_moving,4291639.6700000055,0.00030348066535996825,0.4815894094662245,A,High_risk,167.54,high,stable
22740,POLKADOT PEN,5475.25,6625,107,2010-12-01,2011-09-26,300,22.08,fast_moving,4297114.9200000055,0.0006144090876529582,0.4822038185538775,A,low_risk,397.02,high,stable
22741,FUNKY DIVA PEN,7010.94,8328,155,2010-12-09,2011-12-08,365,22.82,fast_moving,4304125.860000006,0.0007867376373662629,0.4829905561912438,A,low_risk,303.49,high,stable
22742,MAKE YOUR OWN PLAYTIME CARD KIT,1245.88,628,88,2010-12-01,2011-12-08,373,1.68,medium_moving,4305371.740000006,0.000139807313661489,0.4831303635049053,A,High_risk,69.7,medium,stable
22743,MAKE YOUR OWN FLOWERPOWER CARD KIT,2030.6100000000001,867,148,2010-12-01,2011-12-08,373,2.32,medium_moving,4307402.350000006,0.000227866350847719,0.48335822985575305,A,meduim_risk,59.02,medium,stable
22744,MAKE YOUR OWN MONSOON CARD KIT,1898.8300000000002,833,146,2010-12-01,2011-12-08,373,2.23,medium_moving,4309301.180000006,0.00021307856406704108,0.4835713084198201,A,meduim_risk,59.71,medium,stable
22745,POPPY'S PLAYHOUSE BEDROOM ,3689.9500000000003,1788,316,2010-12-01,2011-12-08,373,4.79,fast_moving,4312991.130000006,0.0004140703735875135,0.48398537879340764,A,low_risk,64.06,medium,stable
22746,POPPY'S PLAYHOUSE LIVINGROOM ,2733.02,1319,252,2010-12-02,2011-12-08,372,3.55,medium_moving,4315724.150000006,0.000306687790463867,0.48429206658387147,A,low_risk,51.36,medium,stable
22747,POPPY'S PLAYHOUSE BATHROOM,1800.9,879,169,2010-12-03,2011-12-09,372,2.36,medium_moving,4317525.050000006,0.00020208927920263228,0.48449415586307415,A,low_risk,42.49,medium,stable
22748,POPPY'S PLAYHOUSE KITCHEN,3933.7100000000005,1895,346,2010-12-01,2011-12-08,373,5.08,fast_moving,4321458.760000006,0.00044142407601320825,0.4849355799390873,A,low_risk,70.8,medium,stable
22749,FELTCRAFT PRINCESS CHARLOTTE DOLL,8071.51,2223,401,2010-12-01,2011-12-09,374,5.94,fast_moving,4329530.270000006,0.0009057502570808143,0.4858413301961681,A,low_risk,100.28,high,stable
22750,FELTCRAFT PRINCESS LOLA DOLL,7166.94,1964,378,2010-12-01,2011-12-08,373,5.27,fast_moving,4336697.2100000065,0.0008042432887381384,0.4866455734849063,A,low_risk,90.77,medium,stable
22751,FELTCRAFT PRINCESS OLIVIA DOLL,5446.1,1514,251,2010-12-01,2011-12-08,373,4.06,fast_moving,4342143.310000006,0.0006111379995921238,0.4872567114844984,A,meduim_risk,102.71,high,stable
22752,SET 7 BABUSHKA NESTING BOXES,12665.29,1654,297,2010-12-01,2011-12-08,373,4.43,fast_moving,4354808.600000006,0.0014212445593827013,0.4886779560438811,A,High_risk,128.9,high,stable
22753,SMALL YELLOW BABUSHKA NOTEBOOK ,614.63,918,166,2010-12-01,2011-12-09,374,2.45,medium_moving,4355423.230000006,6.897114424805035e-05,0.4887469271881291,A,meduim_risk,61.46,medium,stable
22754,SMALL RED BABUSHKA NOTEBOOK ,1106.4399999999998,1802,194,2010-12-01,2011-12-09,374,4.82,fast_moving,4356529.670000006,0.00012415995451216637,0.4888710871426413,A,High_risk,151.91,high,stable
22755,SMALL PURPLE BABUSHKA NOTEBOOK ,1012.78,1577,193,2010-12-01,2011-12-09,374,4.22,fast_moving,4357542.450000007,0.00011364983074620574,0.48898473697338757,A,meduim_risk,116.06,high,stable
22756,LARGE YELLOW BABUSHKA NOTEBOOK ,546.88,554,93,2010-12-03,2011-12-08,371,1.49,medium_moving,4358089.330000007,6.136852962981596e-05,0.48904610550301736,A,High_risk,44.79,medium,stable
22757,LARGE RED BABUSHKA NOTEBOOK ,950.46,1009,113,2010-12-03,2011-12-08,371,2.72,medium_moving,4359039.790000007,0.00010665654745456932,0.4891527620504719,A,High_risk,90.72,medium,stable
22758,LARGE PURPLE BABUSHKA NOTEBOOK  ,942.02,1122,127,2010-12-03,2011-12-08,371,3.02,medium_moving,4359981.810000006,0.00010570944682906529,0.48925847149730095,A,High_risk,136.55,high,stable
22759,SET OF 3 NOTEBOOKS IN PARCEL,8283.75,5207,319,2010-12-01,2011-11-30,365,14.27,fast_moving,4368265.560000006,0.0009295669202036788,0.49018803841750463,A,meduim_risk,360.47,high,stable
22760,"TRAY, BREAKFAST IN BED",3089.85,259,66,2010-12-01,2011-09-05,279,0.93,medium_moving,4371355.410000006,0.0003467297236627538,0.49053476814116737,A,low_risk,13.21,low,stable
22761,CHEST 7 DRAWER MA CAMPAGNE,821.3,34,24,2010-12-08,2011-12-02,360,0.09,slow_moving,4372176.710000006,9.216276584436776e-05,0.4906269309070117,A,meduim_risk,2.07,low,stable
22762,CUPBOARD 3 DRAWER MA CAMPAGNE,2070.95,145,87,2010-12-07,2011-12-07,366,0.4,slow_moving,4374247.660000006,0.00023239313274734373,0.49085932403975907,A,low_risk,4.88,low,stable
22763,KEY CABINET MA CAMPAGNE,1865.6499999999999,191,93,2010-12-02,2011-12-08,372,0.51,slow_moving,4376113.310000006,0.00020935524667909983,0.4910686792864382,A,low_risk,5.99,low,stable
22764,"RUSTIC WOODEN CABINET, GLASS DOORS",74.85,3,2,2011-03-09,2011-03-25,17,0.18,slow_moving,4376188.160000006,8.399346187082583e-06,0.49107707863262523,A,,,,stable
22765,NEWSPAPER STAND,257.37,25,3,2010-12-01,2010-12-07,7,3.57,medium_moving,4376445.530000006,2.8880958292176953e-05,0.49110595959091746,A,,,,
22766,PHOTO FRAME CORNICE,9365.78,3206,454,2010-12-01,2011-12-08,373,8.6,fast_moving,4385811.310000006,0.0010509876891390026,0.4921569472800565,A,meduim_risk,177.6,high,stable
22767,TRIPLE PHOTO FRAME CORNICE ,6932.83,761,208,2010-12-01,2011-12-08,373,2.04,medium_moving,4392744.140000006,0.0007779724679517937,0.4929349197480083,A,meduim_risk,48.69,medium,stable
22768,FAMILY PHOTO FRAME CORNICE,7646.839999999999,837,233,2010-12-01,2011-12-09,374,2.24,medium_moving,4400390.980000006,0.0008580956098494401,0.4937930153578577,A,meduim_risk,45.99,medium,stable
22769,CHALKBOARD KITCHEN ORGANISER,137.7,6,3,2010-12-09,2010-12-16,8,0.75,slow_moving,4400528.680000006,1.545210380709782e-05,0.4938084674616648,A,,,,
22770,MIRROR CORNICE,1223.25,83,55,2010-12-05,2011-12-04,365,0.23,slow_moving,4401751.930000006,0.00013726787205542781,0.4939457353337202,A,low_risk,2.66,low,stable
22771,CLEAR DRAWER KNOB ACRYLIC EDWARDIAN,6923.17,5753,321,2010-12-01,2011-12-07,372,15.47,fast_moving,4408675.100000006,0.0007768884641553045,0.4947226237978755,A,low_risk,148.79,high,stable
22772,PINK DRAWER KNOB ACRYLIC EDWARDIAN,3926.72,3345,170,2010-12-01,2011-12-02,367,9.11,fast_moving,4412601.820000006,0.00044063968817289144,0.4951632634860484,A,low_risk,151.95,high,stable
22773,GREEN DRAWER KNOB ACRYLIC EDWARDIAN,2242.52,1852,145,2010-12-01,2011-12-07,372,4.98,fast_moving,4414844.340000005,0.0002516459827849891,0.4954149094688333,A,low_risk,72.6,medium,stable
22774,RED DRAWER KNOB ACRYLIC EDWARDIAN,2322.27,2007,97,2010-12-01,2011-12-07,372,5.4,fast_moving,4417166.610000005,0.0002605951859702909,0.4956755046548036,A,meduim_risk,119.46,high,stable
22775,PURPLE DRAWERKNOB ACRYLIC EDWARDIAN,3169.87,2614,145,2010-12-01,2011-12-08,373,7.01,fast_moving,4420336.480000005,0.0003557092250908146,0.4960312138798944,A,low_risk,107.85,high,stable
22776,"CAKESTAND, 3 TIER, LOVEHEART",19.9,2,1,2010-12-02,2010-12-02,1,2.0,medium_moving,4420356.3800000055,2.2330927070533522e-06,0.4960334469726015,A,,,,
22776,SWEETHEART 3 TIER CAKE STAND ,2174.1,222,122,2011-08-31,2011-12-08,100,2.22,medium_moving,4422530.480000005,0.00024396818363842682,0.4962774151562399,A,meduim_risk,34.48,medium,stable
22776,SWEETHEART CAKESTAND 3 TIER,8376.6,892,326,2010-12-01,2011-10-10,314,2.84,medium_moving,4430907.080000005,0.0009399861492413625,0.4972174013054812,A,low_risk,51.27,medium,stable
22777,GLASS BELL JAR LARGE,17.0,2,1,2010-12-02,2010-12-02,1,2.0,medium_moving,4430924.080000005,1.9076671366787434e-06,0.4972193089726179,A,,,,
22777,GLASS CLOCHE LARGE,2581.4500000000003,329,41,2010-12-02,2011-07-21,232,1.42,medium_moving,4433505.530000005,0.00028967925470466723,0.4975089882273226,A,meduim_risk,50.16,medium,stable
22778,GLASS BELL JAR SMALL,15.8,4,1,2010-12-02,2010-12-02,1,4.0,fast_moving,4433521.330000005,1.7730082799720085e-06,0.4975107612356025,A,,,,
22778,GLASS CLOCHE SMALL,2727.95,753,106,2010-12-01,2011-11-24,359,2.1,medium_moving,4436249.280000005,0.00030611885679428106,0.49781688009239683,A,low_risk,27.31,medium,stable
22779,WOODEN OWLS LIGHT GARLAND ,5781.35,1535,147,2010-12-01,2011-12-08,373,4.12,fast_moving,4442030.630000005,0.0006487583176845678,0.49846563841008135,A,High_risk,122.5,high,stable
22780,LIGHT GARLAND BUTTERFILES PINK,5018.84,1340,130,2010-12-01,2011-12-08,373,3.59,medium_moving,4447049.470000004,0.0005631927136616908,0.499028831123743,A,High_risk,110.3,high,stable
22781,GUMBALL MAGAZINE RACK,3916.79,533,160,2010-12-01,2011-12-05,370,1.44,medium_moving,4450966.260000004,0.00043952538613364325,0.4994683565098767,A,low_risk,21.13,medium,stable
22782,SET 3 WICKER STORAGE BASKETS ,3399.95,241,74,2010-12-13,2011-12-07,360,0.67,slow_moving,4454366.210000005,0.00038152781655005256,0.49984988432642674,A,High_risk,26.23,medium,stable
22783,SET 3 WICKER OVAL BASKETS W LIDS,5922.12,462,32,2010-12-01,2011-06-14,196,2.36,medium_moving,4460288.330000005,0.000664554923733407,0.5005144392501601,A,High_risk,100.74,high,stable
22784,LANTERN CREAM GAZEBO ,5721.42,1214,259,2010-12-01,2011-12-08,373,3.25,medium_moving,4466009.750000005,0.0006420332299492056,0.5011564724801094,A,low_risk,41.26,medium,stable
22785,SQUARECUSHION COVER PINK UNION FLAG,415.3,62,25,2010-12-01,2011-04-13,134,0.46,slow_moving,4466425.0500000045,4.660318599192248e-05,0.5012030756661012,A,low_risk,7.89,low,stable
22785,SQUARECUSHION COVER PINK UNION JACK,382.14,150,29,2011-04-15,2011-12-09,239,0.63,slow_moving,4466807.190000004,4.2882112918259704e-05,0.5012459577790195,A,High_risk,42.19,medium,stable
22786,CUSHION COVER PINK UNION JACK,576.64,108,37,2010-12-01,2011-12-07,372,0.29,slow_moving,4467383.830000004,6.470806927614297e-05,0.5013106658482956,A,meduim_risk,7.03,low,stable
22788,BROCANTE COAT RACK,1734.05,205,46,2010-12-06,2011-06-15,192,1.07,medium_moving,4469117.880000004,0.00019458765872692793,0.5015052535070225,A,High_risk,29.85,medium,stable
22789,T-LIGHT HOLDER SWEETHEART HANGING,1605.84,838,126,2010-12-08,2011-12-08,366,2.29,medium_moving,4470723.720000003,0.00018020048204495253,0.5016854539890674,A,meduim_risk,42.52,medium,stable
22791,T-LIGHT GLASS FLUTED ANTIQUE,8378.890000000001,7336,260,2010-12-01,2011-12-09,374,19.61,fast_moving,4479102.610000003,0.0009402431232262446,0.5026256971122937,A,low_risk,256.03,high,stable
22792,FLUTED ANTIQUE CANDLE HOLDER,1888.31,2313,128,2010-12-02,2011-12-06,370,6.25,fast_moving,4480990.920000003,0.0002118980547565787,0.5028375951670502,A,High_risk,200.2,high,stable
22794,SWEETHEART WIRE MAGAZINE RACK,2373.0,300,157,2010-12-01,2011-12-09,374,0.8,slow_moving,4483363.920000003,0.00026628788913756813,0.5031038830561877,A,low_risk,8.25,low,stable
22795,SWEETHEART RECIPE BOOK STAND,7084.650000000001,1099,287,2010-12-01,2011-12-08,373,2.95,medium_moving,4490448.570000003,0.0007950090576394741,0.5038988921138272,A,low_risk,43.61,medium,stable
22796,PHOTO FRAME 3 CLASSIC HANGING,5377.45,554,212,2010-12-02,2011-12-08,372,1.49,medium_moving,4495826.020000003,0.0006034343908313593,0.5045023265046586,A,low_risk,13.38,low,stable
22797,CHEST OF DRAWERS GINGHAM HEART ,2459.04,146,79,2010-12-01,2011-12-07,372,0.39,slow_moving,4498285.060000003,0.000275942929163441,0.5047782694338221,A,meduim_risk,9.32,low,stable
22798,ANTIQUE GLASS DRESSING TABLE POT,4687.01,1643,188,2010-12-01,2011-12-09,374,4.39,fast_moving,4502972.070000003,0.0005259561733108611,0.505304225607133,A,low_risk,65.36,medium,stable
22799,SWEETHEART WIRE FRUIT BOWL,1497.8,198,79,2010-12-05,2011-12-06,367,0.54,slow_moving,4504469.870000003,0.0001680766963127895,0.5054723023034456,A,low_risk,9.42,low,stable
22800,ANTIQUE TALL SWIRLGLASS TRINKET POT,2817.13,765,138,2010-12-01,2011-12-08,373,2.05,medium_moving,4507287.000000003,0.0003161262541618699,0.5057884285576075,A,meduim_risk,48.79,medium,stable
22801,ANTIQUE GLASS PEDESTAL BOWL,3223.35,890,159,2010-12-01,2011-12-08,373,2.39,medium_moving,4510510.350000002,0.0003617105214713781,0.5061501390790789,A,low_risk,34.29,medium,stable
22802,FAUX FUR CHOCOLATE THROW,1055.7,66,34,2010-12-03,2011-12-07,370,0.18,slow_moving,4511566.050000003,0.00011846612918774996,0.5062686052082667,A,meduim_risk,5.46,low,stable
22803,IVORY EMBROIDERED QUILT ,1715.9,46,25,2010-12-01,2011-11-13,348,0.13,slow_moving,4513281.950000003,0.0001925509435192386,0.5064611561517859,A,High_risk,7.68,low,stable
22804,CANDLEHOLDER PINK HANGING HEART,5771.780000000001,2046,343,2010-12-01,2011-10-17,321,6.37,fast_moving,4519053.730000003,0.0006476844133023316,0.5071088405650883,A,low_risk,75.65,medium,stable
22804,PINK HANGING HEART T-LIGHT HOLDER,1476.13,823,66,2011-10-13,2011-12-08,57,14.44,fast_moving,4520529.860000003,0.00016564498179209375,0.5072744855468804,A,High_risk,397.58,high,stable
22805,BLUE DRAWER KNOB ACRYLIC EDWARDIAN,1924.18,1574,122,2010-12-01,2011-12-08,373,4.22,fast_moving,4522454.040000003,0.00021592323241497084,0.5074904087792953,A,low_risk,72.2,medium,stable
22806,SET OF 6 T-LIGHTS WEDDING CAKE ,595.6500000000001,243,28,2010-12-02,2011-12-08,372,0.65,slow_moving,4523049.690000003,6.68412899978055e-05,0.5075572500692932,A,meduim_risk,20.77,medium,stable
22807,SET OF 6 T-LIGHTS TOADSTOOLS,1796.64,676,107,2010-12-01,2011-12-09,374,1.81,medium_moving,4524846.330000003,0.0002016112402613234,0.5077588613095545,A,low_risk,30.42,medium,stable
22808,SET OF 6 T-LIGHTS EASTER CHICKS,899.8000000000002,320,54,2010-12-05,2011-12-09,370,0.86,medium_moving,4525746.130000003,0.00010097169938726668,0.5078598330089417,A,meduim_risk,29.73,medium,stable
22809,SET OF 6 T-LIGHTS SANTA,3517.6600000000003,1198,173,2010-12-01,2011-12-08,373,3.21,medium_moving,4529263.790000003,0.00039473672823584405,0.5082545697371775,A,High_risk,147.71,high,stable
22810,SET OF 6 T-LIGHTS SNOWMEN,2792.0800000000004,908,137,2010-12-01,2011-12-05,370,2.45,medium_moving,4532055.870000003,0.00031331525052811685,0.5085678849877057,A,High_risk,116.27,high,stable
22811,SET OF 6 T-LIGHTS CACTI ,1987.9299999999998,775,55,2010-12-06,2011-12-09,369,2.1,medium_moving,4534043.800000003,0.00022307698417751613,0.5087909619718831,A,High_risk,70.07,medium,stable
22812,PACK 3 BOXES CHRISTMAS PANETTONE,95.67,39,12,2011-11-14,2011-12-05,22,1.77,medium_moving,4534139.4700000025,1.0735677350944434e-05,0.5088016976492341,A,High_risk,21.92,medium,stable
22812,PACK 3 BOXES CHRISTMAS PANNETONE,2869.1,1532,110,2010-12-01,2011-11-10,345,4.44,fast_moving,4537008.570000002,0.00032195810481441074,0.5091236557540485,A,High_risk,247.65,high,stable
22813,PACK 3 BOXES BIRD PANETTONE ,340.33,177,14,2011-11-14,2011-12-07,24,7.38,fast_moving,4537348.900000002,3.819037391916922e-05,0.5091618461279677,A,low_risk,54.45,medium,stable
22813,PACK 3 BOXES BIRD PANNETONE ,3862.9999999999995,2088,140,2010-12-01,2011-11-29,364,5.74,fast_moving,4541211.900000002,0.0004334893028817638,0.5095953354308494,A,meduim_risk,141.49,high,stable
22814,CARD PARTY GAMES ,633.78,1581,95,2010-12-01,2011-12-07,372,4.25,fast_moving,4541845.6800000025,7.1120075169662e-05,0.5096664555060191,A,low_risk,48.1,medium,stable
22815,CARD PSYCHEDELIC APPLES,747.24,1810,113,2010-12-01,2011-12-07,372,4.87,fast_moving,4542592.920000003,8.385207007128377e-05,0.5097503075760904,A,low_risk,68.61,medium,stable
22816,CARD MOTORBIKE SANTA,1420.2,3438,176,2010-12-01,2011-12-09,374,9.19,fast_moving,4544013.120000003,0.00015936875691242066,0.5099096763330029,A,High_risk,440.32,high,stable
22817,CARD SUKI BIRTHDAY,763.08,1858,126,2010-12-05,2011-12-04,365,5.09,fast_moving,4544776.200000003,8.562956697981268e-05,0.5099953058999827,A,low_risk,73.72,medium,stable
22818,CARD CHRISTMAS VILLAGE,1319.4,3162,162,2010-12-01,2011-12-08,373,8.48,fast_moving,4546095.600000003,0.00014805741294905494,0.5101433633129318,A,High_risk,414.93,high,stable
22819,"BIRTHDAY CARD, RETRO SPOT",758.88,1848,126,2010-12-01,2011-12-08,373,4.95,fast_moving,4546854.480000003,8.51582609813391e-05,0.5102285215739131,A,low_risk,66.77,medium,stable
22820,GIFT BAG BIRTHDAY,494.83000000000004,761,45,2010-12-08,2011-12-01,359,2.12,medium_moving,4547349.310000003,5.552770172016133e-05,0.5102840492756333,A,meduim_risk,52.55,medium,stable
22821,GIFT BAG PSYCHEDELIC APPLES,542.46,834,66,2010-12-02,2011-12-01,365,2.28,medium_moving,4547891.770000003,6.0872536174279484e-05,0.5103449218118076,A,low_risk,37.8,medium,stable
22822,CREAM WALL PLANTER HEART SHAPED,2402.6600000000003,417,144,2010-12-02,2011-12-08,372,1.12,medium_moving,4550294.430000003,0.00026961620721250294,0.51061453801902,A,meduim_risk,25.51,medium,stable
22823,CHEST NATURAL WOOD 20 DRAWERS,2745.0,24,13,2010-12-21,2011-11-15,330,0.07,slow_moving,4553039.430000003,0.00030803213471665593,0.5109225701537368,A,meduim_risk,1.96,low,stable
22824,3 TIER SWEETHEART GARDEN SHELF,1938.2500000000002,55,43,2010-12-09,2011-11-23,350,0.16,slow_moving,4554977.680000003,0.00021750210750985733,0.5111400722612466,A,meduim_risk,3.06,low,stable
22825,DECORATIVE PLANT POT WITH FRIEZE,544.5,70,25,2010-12-01,2011-11-27,362,0.19,slow_moving,4555522.180000003,6.110145623068093e-05,0.5112011737174772,A,meduim_risk,4.11,low,stable
22826,LOVE SEAT ANTIQUE WHITE METAL,6210.0,58,41,2010-12-10,2011-11-23,349,0.17,slow_moving,4561732.180000003,0.0006968595834573527,0.5118980333009346,A,meduim_risk,4.83,low,stable
22827,RUSTIC  SEVENTEEN DRAWER SIDEBOARD,5415.0,35,26,2010-12-01,2011-11-17,352,0.1,slow_moving,4567147.180000003,0.0006076480908891409,0.5125056813918237,A,low_risk,1.78,low,stable
22828,REGENCY MIRROR WITH SHUTTERS,1530.0,10,7,2010-12-08,2011-11-16,344,0.03,slow_moving,4568677.180000003,0.0001716900423010869,0.5126773714341248,A,low_risk,0.82,low,stable
22829,SWEETHEART WIRE WALL TIDY,2066.75,215,97,2010-12-01,2011-11-11,346,0.62,slow_moving,4570743.930000003,0.00023192182674887016,0.5129092932608738,A,low_risk,11.47,low,stable
22830,UTILTY CABINET WITH HOOKS,2610.29,131,6,2010-12-05,2011-01-16,43,3.05,medium_moving,4573354.220000003,0.0002929155558941857,0.5132022088167679,A,High_risk,89.8,medium,
22831,WHITE BROCANTE SOAP DISH,1960.2000000000003,684,104,2010-12-05,2011-12-01,362,1.89,medium_moving,4575314.420000004,0.00021996524243045136,0.5134221740591983,A,meduim_risk,46.06,medium,stable
22832,BROCANTE SHELF WITH HOOKS,1645.45,155,69,2010-12-02,2011-11-29,363,0.43,slow_moving,4576959.870000004,0.00018464534647341402,0.5136068194056718,A,meduim_risk,10.69,low,stable
22833,HALL CABINET WITH 3 DRAWERS,2503.5299999999997,75,4,2010-12-05,2011-02-03,61,1.23,medium_moving,4579463.400000004,0.00028093540627584316,0.5138877548119477,A,High_risk,41.57,medium,
22834,HAND WARMER BABUSHKA DESIGN,6149.33,4633,288,2010-12-01,2011-12-09,374,12.39,fast_moving,4585612.730000004,0.000690051456093688,0.5145778062680414,A,High_risk,919.55,high,stable
22835,HOT WATER BOTTLE I AM SO POORLY,13847.28,2972,505,2010-12-01,2011-12-09,374,7.95,fast_moving,4599460.010000004,0.001553882411081696,0.5161316886791231,A,High_risk,256.22,high,stable
22837,HOT WATER BOTTLE BABUSHKA ,4442.0,984,133,2010-12-01,2011-09-25,299,3.29,medium_moving,4603902.010000004,0.0004984622012427634,0.5166301508803659,A,High_risk,343.44,high,stable
22837,HOT WATER BOTTLE BABUSHKA LARGE,37.2,8,1,2010-12-20,2010-12-20,1,8.0,fast_moving,4603939.210000005,4.17442455790878e-06,0.5166343253049238,A,,,,
22838,3 TIER CAKE TIN RED AND CREAM,8737.78,652,136,2010-12-01,2011-12-08,373,1.75,medium_moving,4612676.990000005,0.0009805162207958112,0.5176148415257197,A,meduim_risk,44.39,medium,stable
22839,3 TIER CAKE TIN GREEN AND CREAM,4954.5599999999995,364,136,2010-12-01,2011-12-06,371,0.98,medium_moving,4617631.5500000045,0.0005559794875707667,0.5181708210132904,A,meduim_risk,19.43,low,stable
22840,ROUND CAKE TIN VINTAGE RED,6600.7300000000005,891,250,2010-12-02,2011-12-08,372,2.4,medium_moving,4624232.280000005,0.0007407056293582048,0.5189115266426486,A,meduim_risk,47.99,medium,stable
22841,ROUND CAKE TIN VINTAGE GREEN,3895.48,516,199,2010-12-02,2011-12-08,372,1.39,medium_moving,4628127.760000005,0.0004371340692699595,0.5193486607119187,A,low_risk,24.36,medium,stable
22842,BISCUIT TIN VINTAGE RED,3609.8,572,146,2010-12-01,2011-11-29,364,1.57,medium_moving,4631737.560000005,0.00040507628411664285,0.5197537369960352,A,low_risk,30.11,medium,stable
22843,BISCUIT TIN VINTAGE GREEN,2691.88,434,114,2010-12-05,2011-11-30,361,1.2,medium_moving,4634429.440000005,0.00030207123599310445,0.5200558082320283,A,meduim_risk,30.0,medium,stable
22844,VINTAGE CREAM DOG FOOD CONTAINER,6779.35,826,292,2010-12-03,2011-12-08,371,2.23,medium_moving,4641208.790000005,0.0007607496001790023,0.5208165578322073,A,low_risk,26.62,medium,stable
22845,VINTAGE CREAM CAT FOOD CONTAINER,4208.09,704,235,2010-12-03,2011-12-08,371,1.9,medium_moving,4645416.880000005,0.00047221382359920313,0.5212887716558064,A,low_risk,27.15,medium,stable
22846,BREAD BIN DINER STYLE RED ,9597.31,626,249,2010-12-01,2011-12-08,373,1.68,medium_moving,4655014.190000004,0.0010769689933834276,0.5223657406491898,A,low_risk,23.85,medium,stable
22847,BREAD BIN DINER STYLE IVORY,13131.89,847,341,2010-12-01,2011-12-08,373,2.27,medium_moving,4668146.080000004,0.0014736044114988366,0.5238393450606886,A,low_risk,45.87,medium,stable
22847,"BREAD BIN, DINER STYLE, IVORY",59.8,4,1,2010-12-05,2010-12-05,1,4.0,fast_moving,4668205.880000004,6.710499692552285e-06,0.5238460555603812,A,,,,
22848,BREAD BIN DINER STYLE PINK,4598.349999999999,302,111,2010-12-01,2011-10-30,334,0.9,medium_moving,4672804.230000003,0.0005160071281145117,0.5243620626884956,A,low_risk,14.92,low,stable
22849,BREAD BIN DINER STYLE MINT,4646.5599999999995,304,118,2010-12-02,2011-10-20,323,0.94,medium_moving,4677450.790000003,0.0005214170476827047,0.5248834797361783,A,meduim_risk,24.8,medium,stable
22849,"BREAD BIN, DINER STYLE, MINT",59.8,4,1,2010-12-05,2010-12-05,1,4.0,fast_moving,4677510.590000003,6.710499692552285e-06,0.5248901902358708,A,,,,
22851,SET 20 NAPKINS FAIRY CAKES DESIGN ,2148.23,2609,286,2010-12-01,2011-12-07,372,7.01,fast_moving,4679658.820000003,0.00024106516311925746,0.5251312553989902,A,meduim_risk,140.09,high,stable
22852,DOG BOWL VINTAGE CREAM,1507.92,354,108,2010-12-10,2011-12-08,364,0.97,medium_moving,4681166.740000003,0.000169212319337683,0.5253004677183278,A,low_risk,9.18,low,stable
22853,CAT BOWL VINTAGE CREAM,1396.95,431,101,2010-12-05,2011-12-08,369,1.17,medium_moving,4682563.690000003,0.00015675974156372768,0.5254572274598915,A,low_risk,15.87,low,stable
22854,CREAM SWEETHEART EGG HOLDER,3547.3,750,147,2010-12-01,2011-09-22,296,2.53,medium_moving,4686110.990000003,0.0003980628019965004,0.525855290261888,A,meduim_risk,54.56,medium,stable
22855,FINE WICKER HEART ,2984.52,2508,179,2010-12-01,2011-08-30,273,9.19,fast_moving,4689095.510000003,0.00033491004251532015,0.5261902003044033,A,meduim_risk,202.01,high,stable
22856,ASSORTED EASTER DECORATIONS  BELLS,650.28,564,22,2010-12-10,2011-11-20,346,1.63,medium_moving,4689745.790000003,7.297163444937959e-05,0.5262631719388527,A,High_risk,98.32,high,stable
22857,ASSORTED EASTER GIFT TAGS,945.16,1156,58,2010-12-12,2011-10-24,317,3.65,medium_moving,4690690.950000003,0.00010606180417078123,0.5263692337430236,A,High_risk,162.69,high,stable
22858,EASTER TIN KEEPSAKE,1718.85,1081,110,2010-12-12,2011-10-06,299,3.62,medium_moving,4692409.800000003,0.00019288197987530928,0.5265621157228988,A,meduim_risk,130.83,high,stable
22859,EASTER TIN BUNNY BOUQUET,1832.6999999999998,1150,127,2010-12-05,2011-11-15,346,3.32,medium_moving,4694242.500000003,0.00020565773890536074,0.5267677734618041,A,meduim_risk,98.47,high,stable
22860,EASTER TIN CHICKS PINK DAISY,935.55,567,85,2010-12-05,2011-11-18,349,1.62,medium_moving,4695178.050000003,0.00010498341115998813,0.5268727568729642,A,High_risk,90.11,medium,stable
22861,EASTER TIN CHICKS IN GARDEN,481.79999999999995,292,38,2010-12-12,2011-04-19,129,2.26,medium_moving,4695659.850000002,5.406553096775403e-05,0.5269268224039318,A,low_risk,34.49,medium,stable
22862,LOVE HEART NAPKIN BOX ,607.75,143,45,2010-12-02,2011-01-25,55,2.6,medium_moving,4696267.600000002,6.819910013626507e-05,0.5269950215040682,A,low_risk,30.41,medium,
22863,SOAP DISH BROCANTE,1948.3500000000001,693,93,2010-12-02,2011-12-06,370,1.87,medium_moving,4698215.950000002,0.00021863548622047234,0.5272136569902885,A,meduim_risk,43.23,medium,stable
22865,HAND WARMER OWL DESIGN,16237.630000000001,8115,572,2010-12-01,2011-12-09,374,21.7,fast_moving,4714453.580000002,0.0018221172428558156,0.5290357742331444,A,High_risk,879.37,high,stable
22866,HAND WARMER SCOTTY DOG DESIGN,12248.760000000002,6118,471,2010-12-01,2011-12-08,373,16.4,fast_moving,4726702.340000002,0.0013745033480626547,0.530410277581207,A,High_risk,729.29,high,stable
22867,HAND WARMER BIRD DESIGN,12081.430000000002,6001,474,2010-12-01,2011-12-08,373,16.09,fast_moving,4738783.770000001,0.0013557262926520396,0.531766003873859,A,High_risk,654.68,high,stable
22868,NUMBER TILE COTTAGE GARDEN 0 ,105.3,54,10,2010-12-15,2011-08-21,250,0.22,slow_moving,4738889.070000001,1.1816314676015981e-05,0.531777820188535,A,meduim_risk,4.8,low,stable
22869,NUMBER TILE COTTAGE GARDEN 1,134.54999999999998,69,19,2010-12-15,2011-11-29,350,0.2,slow_moving,4739023.620000001,1.509862430824264e-05,0.5317929188128432,A,High_risk,5.66,low,stable
22870,NUMBER TILE COTTAGE GARDEN 2,130.65,67,15,2010-12-15,2011-11-02,323,0.21,slow_moving,4739154.270000001,1.4660983023945754e-05,0.5318075797958672,A,meduim_risk,5.66,low,stable
22871,NUMBER TILE COTTAGE GARDEN 3 ,101.39999999999999,52,10,2010-12-15,2011-10-26,316,0.16,slow_moving,4739255.670000002,1.1378673391719092e-05,0.531818958469259,A,meduim_risk,4.89,low,stable
22872,NUMBER TILE COTTAGE GARDEN 4,107.25,55,13,2010-12-15,2011-08-21,250,0.22,slow_moving,4739362.920000002,1.2035135318164425e-05,0.5318309936045772,A,High_risk,6.88,low,stable
22873,NUMBER TILE COTTAGE GARDEN 5,91.64999999999999,47,13,2010-12-15,2011-10-26,316,0.15,slow_moving,4739454.570000002,1.028457018097687e-05,0.5318412781747581,A,meduim_risk,5.5,low,stable
22874,NUMBER TILE COTTAGE GARDEN 6,105.3,54,11,2010-12-15,2011-09-18,278,0.19,slow_moving,4739559.870000002,1.1816314676015981e-05,0.5318530944894342,A,low_risk,4.79,low,stable
22875,NUMBER TILE COTTAGE GARDEN 7,99.45,51,14,2010-12-15,2011-09-20,280,0.18,slow_moving,4739659.320000002,1.115985274957065e-05,0.5318642543421838,A,meduim_risk,5.26,low,stable
22876,NUMBER TILE COTTAGE GARDEN 8,101.39999999999999,52,11,2010-12-01,2011-08-21,264,0.2,slow_moving,4739760.7200000025,1.1378673391719092e-05,0.5318756330155755,A,meduim_risk,5.06,low,stable
22877,NUMBER TILE COTTAGE GARDEN 9,109.2,56,13,2010-12-15,2011-07-28,226,0.25,slow_moving,4739869.920000003,1.2253955960312869e-05,0.5318878869715359,A,meduim_risk,5.63,low,stable
22878,NUMBER TILE COTTAGE GARDEN No,109.2,52,11,2010-12-15,2011-08-30,259,0.2,slow_moving,4739979.120000003,1.2253955960312869e-05,0.5319001409274962,A,low_risk,2.94,low,stable
22879,NUMBER TILE VINTAGE FONT 0,69.34,62,8,2010-12-14,2011-09-29,290,0.21,slow_moving,4740048.460000003,7.781037603370828e-06,0.5319079219650995,A,High_risk,11.77,low,stable
22880,NUMBER TILE VINTAGE FONT 1,88.84,72,11,2010-12-14,2011-11-15,337,0.21,slow_moving,4740137.300000003,9.969244024855268e-06,0.5319178912091244,A,High_risk,10.94,low,stable
22881,NUMBER TILE VINTAGE FONT 2,102.49,79,13,2010-12-14,2011-11-15,337,0.23,slow_moving,4740239.790000003,1.1500988519894375e-05,0.5319293921976443,A,High_risk,10.7,low,stable
22882,NUMBER TILE VINTAGE FONT 3,110.28999999999999,83,20,2010-12-14,2011-12-05,357,0.23,slow_moving,4740350.080000003,1.2376271088488152e-05,0.5319417684687328,A,High_risk,10.21,low,stable
22883,NUMBER TILE VINTAGE FONT 4,100.53999999999999,78,11,2010-12-14,2011-10-09,300,0.26,slow_moving,4740450.620000003,1.1282167877745932e-05,0.5319530506366106,A,High_risk,10.38,low,stable
22884,NUMBER TILE VINTAGE FONT 5,94.69,75,16,2010-12-13,2011-11-30,353,0.21,slow_moving,4740545.310000003,1.06257059513006e-05,0.5319636763425619,A,High_risk,10.1,low,stable
22885,NUMBER TILE VINTAGE FONT 6 ,102.49,79,12,2010-12-14,2011-11-24,346,0.23,slow_moving,4740647.800000004,1.1500988519894375e-05,0.5319751773310818,A,High_risk,10.64,low,stable
22886,NUMBER TILE VINTAGE FONT 7,92.74,74,13,2010-12-14,2011-12-01,353,0.21,slow_moving,4740740.540000004,1.0406885309152156e-05,0.531985584216391,A,High_risk,10.37,low,stable
22887,NUMBER TILE VINTAGE FONT 8,77.14,66,11,2010-12-13,2011-12-05,358,0.18,slow_moving,4740817.680000003,8.656320171964604e-06,0.5319942405365629,A,High_risk,11.32,low,stable
22888,NUMBER TILE VINTAGE FONT 9 ,71.28999999999999,63,8,2010-12-14,2011-11-24,346,0.18,slow_moving,4740888.970000003,7.99985824551927e-06,0.5320022403948085,A,High_risk,11.7,low,stable
22889,NUMBER TILE VINTAGE FONT No ,164.58,147,7,2010-12-14,2011-11-15,337,0.44,slow_moving,4741053.550000004,1.8468462197328682e-05,0.5320207088570058,A,High_risk,39.6,medium,stable
22890,NOVELTY BISCUITS CAKE STAND 3 TIER,3505.12,366,143,2010-12-02,2011-12-08,372,0.98,medium_moving,4744558.670000004,0.0003933295431832586,0.5324140384001891,A,meduim_risk,21.74,medium,stable
22891,TEA FOR ONE POLKADOT,1519.01,345,104,2010-12-05,2011-12-07,368,0.94,medium_moving,4746077.680000003,0.00017045679160508106,0.5325844951917941,A,meduim_risk,17.92,low,stable
22892,SET OF SALT AND PEPPER TOADSTOOLS,3007.85,2461,196,2010-12-03,2011-11-22,355,6.93,fast_moving,4749085.530000003,0.00033752803512112695,0.5329220232269152,A,low_risk,76.98,medium,stable
22893,MINI CAKE STAND T-LIGHT HOLDER,591.84,1464,65,2010-12-02,2011-12-08,372,3.94,medium_moving,4749677.370000003,6.641374812776162e-05,0.532988436975043,A,meduim_risk,117.02,high,stable
22894,TABLECLOTH RED APPLES DESIGN ,2821.95,291,109,2010-12-05,2011-12-09,370,0.79,slow_moving,4752499.320000003,0.00031666713390297526,0.5333051041089459,A,low_risk,12.72,low,stable
22895,SET OF 2 TEA TOWELS APPLE AND PEARS,5855.24,1980,238,2010-12-01,2011-12-07,372,5.32,fast_moving,4758354.560000003,0.000657049936786285,0.5339621540457322,A,low_risk,88.42,medium,stable
22896,PEG BAG APPLE DESIGN,210.0,100,1,2011-01-14,2011-01-14,1,100.0,fast_moving,4758564.560000003,2.3565299923678594e-05,0.5339857193456559,A,,,,
22896,PEG BAG APPLES DESIGN,3356.77,1398,220,2010-12-02,2011-12-07,371,3.77,medium_moving,4761921.330000003,0.00037668234202288856,0.5343624016876788,A,low_risk,63.17,medium,stable
22897,OVEN MITT APPLES DESIGN,1850.66,1298,172,2010-12-05,2011-12-08,369,3.52,medium_moving,4763771.990000003,0.0002076731331274049,0.5345700748208062,A,low_risk,52.63,medium,stable
22898,CHILDRENS APRON APPLES DESIGN,4120.85,2201,277,2010-12-02,2011-12-07,371,5.93,fast_moving,4767892.840000003,0.00046242412471662355,0.5350324989455227,A,low_risk,85.58,medium,stable
22899,CHILDREN'S APRON DOLLY GIRL ,3986.88,1982,259,2010-12-01,2011-12-09,374,5.3,fast_moving,4771879.7200000025,0.0004473905855224558,0.5354798895310452,A,low_risk,69.58,medium,stable
22900, SET 2 TEA TOWELS I LOVE LONDON ,7208.95,2627,192,2010-12-01,2011-06-23,205,12.81,fast_moving,4779088.670000003,0.0008089574708800133,0.5362888470019253,A,meduim_risk,319.95,high,stable
22900,SET 2 TEA TOWELS I LOVE LONDON ,5859.25,1953,176,2011-06-02,2011-12-08,190,10.28,fast_moving,4784947.920000003,0.0006574999217991134,0.5369463469237243,A,low_risk,130.09,high,stable
22902,TOTE BAG I LOVE LONDON,2306.58,1212,94,2010-12-01,2011-12-04,369,3.28,medium_moving,4787254.500000003,0.0002588345214188503,0.5372051814451432,A,low_risk,54.46,medium,stable
22903,CALENDAR FAMILY FAVOURITES,427.43,153,32,2010-12-07,2011-12-02,361,0.42,slow_moving,4787681.9300000025,4.7964362601799725e-05,0.537253145807745,A,meduim_risk,13.13,low,stable
22904,CALENDAR PAPER CUT DESIGN,5072.64,1768,234,2010-12-01,2011-11-17,352,5.02,fast_moving,4792754.570000002,0.0005692299190707095,0.5378223757268157,A,low_risk,79.84,medium,stable
22905,CALENDAR IN SEASON DESIGN,1225.49,478,67,2010-12-01,2011-12-08,373,1.28,medium_moving,4793980.060000002,0.0001375192352546137,0.5379598949620703,A,High_risk,35.69,medium,stable
22906,12 MESSAGE CARDS WITH ENVELOPES,2590.2,1628,187,2010-12-01,2011-12-09,374,4.35,fast_moving,4796570.260000003,0.0002906611422014871,0.5382505561042717,A,low_risk,53.26,medium,stable
22907,PACK OF 20 NAPKINS PANTRY DESIGN,4966.32,6102,533,2010-12-01,2011-12-09,374,16.32,fast_moving,4801536.580000003,0.0005572991443664928,0.5388078552486383,A,low_risk,191.66,high,stable
22908,PACK OF 20 NAPKINS RED APPLES,3330.64,4234,313,2010-12-07,2011-12-09,368,11.51,fast_moving,4804867.2200000025,0.0003737501454180994,0.5391816053940564,A,low_risk,189.89,high,stable
22909,SET OF 20 VINTAGE CHRISTMAS NAPKINS,6530.259999999999,8122,489,2010-12-01,2011-12-09,374,21.72,fast_moving,4811397.480000002,0.0007327977879981018,0.5399144031820544,A,meduim_risk,783.32,high,stable
22910,PAPER CHAIN KIT VINTAGE CHRISTMAS,25669.27,9433,697,2010-12-01,2011-12-09,374,25.22,fast_moving,4837066.750000002,0.0028804954589137393,0.5427948986409681,A,High_risk,960.34,high,stable
22911,PAPER CHAIN KIT LONDON,1246.94,438,81,2010-12-01,2011-12-05,370,1.18,medium_moving,4838313.690000002,0.0001399262623182466,0.5429348249032865,A,meduim_risk,27.62,medium,stable
22912,YELLOW COAT RACK PARIS FASHION,1222.74,270,90,2010-12-01,2011-11-28,363,0.74,slow_moving,4839536.4300000025,0.00013721064204132746,0.5430720355453278,A,meduim_risk,21.51,medium,stable
22913,RED COAT RACK PARIS FASHION,1479.69,327,95,2010-12-01,2011-12-01,366,0.89,medium_moving,4841016.120000003,0.00016604446973365704,0.5432380800150615,A,High_risk,34.72,medium,stable
22914,BLUE COAT RACK PARIS FASHION,1979.64,428,134,2010-12-01,2011-12-08,373,1.15,medium_moving,4842995.760000003,0.00022214671590910044,0.5434602267309705,A,High_risk,34.51,medium,stable
22915,ASSORTED BOTTLE TOP  MAGNETS ,1104.36,2928,133,2010-12-01,2011-12-09,374,7.83,fast_moving,4844100.120000003,0.00012392654582720804,0.5435841532767978,A,low_risk,137.16,high,stable
22916,HERB MARKER THYME,1170.3500000000001,1819,186,2010-12-01,2011-12-08,373,4.88,fast_moving,4845270.4700000025,0.00013133166078893927,0.5437154849375867,A,meduim_risk,93.7,high,stable
22917,HERB MARKER ROSEMARY,1195.7,1858,190,2010-12-01,2011-12-08,373,4.98,fast_moving,4846466.170000003,0.00013417632913686903,0.5438496612667236,A,meduim_risk,94.54,high,stable
22918,HERB MARKER PARSLEY,1122.4,1776,187,2010-12-01,2011-12-08,373,4.76,fast_moving,4847588.570000003,0.00012595091730636598,0.54397561218403,A,low_risk,88.84,medium,stable
22919,HERB MARKER MINT,1072.8500000000001,1669,191,2010-12-01,2011-12-08,373,4.47,fast_moving,4848661.420000003,0.00012039062868151706,0.5440960028127114,A,meduim_risk,94.47,high,stable
22920,HERB MARKER BASIL,2000.3500000000001,3329,188,2010-12-01,2011-12-08,373,8.92,fast_moving,4850661.770000002,0.00022447070334443084,0.5443204735160558,A,High_risk,446.2,high,stable
22921,HERB MARKER CHIVES ,1059.2,1648,166,2010-12-01,2011-12-08,373,4.42,fast_moving,4851720.9700000025,0.00011885888418647795,0.5444393324002423,A,meduim_risk,91.23,medium,stable
22922,FRIDGE MAGNETS US DINER ASSORTED,1226.3999999999999,1482,88,2010-12-01,2011-12-08,373,3.97,medium_moving,4852947.370000003,0.00013762135155428296,0.5445769537517967,A,low_risk,44.17,medium,stable
22923,FRIDGE MAGNETS LES ENFANTS ASSORTED,1042.05,1281,75,2010-12-01,2011-12-08,373,3.43,medium_moving,4853989.420000003,0.00011693438469271085,0.5446938881364893,A,meduim_risk,65.43,medium,stable
22924,FRIDGE MAGNETS LA VIE EN ROSE,978.5999999999999,1188,74,2010-12-02,2011-12-08,372,3.19,medium_moving,4854968.020000002,0.00010981429764434224,0.5448037024341337,A,low_risk,57.4,medium,stable
22925,BLUE GIANT GARDEN THERMOMETER,2517.67,427,162,2010-12-01,2011-10-28,332,1.29,medium_moving,4857485.690000002,0.0002825221364707042,0.5450862245706044,A,meduim_risk,29.67,medium,stable
22926,IVORY GIANT GARDEN THERMOMETER,3313.55,569,182,2010-12-01,2011-05-10,161,3.53,medium_moving,4860799.240000002,0.0003718323788671677,0.5454580569494715,A,low_risk,30.9,medium,stable
22927,GREEN GIANT GARDEN THERMOMETER,2278.25,395,129,2010-12-01,2011-09-29,303,1.3,medium_moving,4863077.490000002,0.0002556554502434322,0.5457137123997149,A,low_risk,18.35,low,stable
22928,YELLOW GIANT GARDEN THERMOMETER,1535.5700000000002,251,88,2010-12-02,2011-12-08,372,0.67,slow_moving,4864613.060000002,0.00017231508382763402,0.5458860274835426,A,High_risk,20.12,medium,stable
22929,SCHOOL DESK AND CHAIR ,1199.75,19,13,2010-12-17,2011-10-26,314,0.06,slow_moving,4865812.810000002,0.00013463080277825425,0.5460206582863208,A,low_risk,1.5,low,stable
22930,BAKING MOULD HEART MILK CHOCOLATE,2515.67,1041,145,2010-12-08,2011-12-08,366,2.84,medium_moving,4868328.480000002,0.0002822977050428597,0.5463029559913637,A,meduim_risk,72.93,medium,stable
22931,BAKING MOULD HEART WHITE CHOCOLATE,1878.61,794,110,2010-12-08,2011-12-08,366,2.17,medium_moving,4870207.090000003,0.00021080956233153258,0.5465137655536952,A,High_risk,92.28,medium,stable
22932,BAKING MOULD TOFFEE CUP  CHOCOLATE,15.299999999999999,6,1,2010-12-14,2010-12-14,1,6.0,fast_moving,4870222.390000002,1.7169004230108689e-06,0.5465154824541183,A,,,,
22932,BAKING MOULD TOFFEE CUP CHOCOLATE,1935.6000000000001,866,63,2010-12-08,2011-12-08,366,2.37,medium_moving,4872157.990000002,0.00021720473586796327,0.5467326871899862,A,High_risk,79.33,medium,stable
22933,BAKING MOULD EASTER EGG MILK CHOC,2272.2000000000003,876,91,2010-12-09,2011-12-05,362,2.42,medium_moving,4874430.190000002,0.0002549765451742024,0.5469876637351604,A,High_risk,133.44,high,stable
22934,BAKING MOULD EASTER EGG WHITE CHOC,1527.2,560,69,2010-12-10,2011-10-25,320,1.75,medium_moving,4875957.390000002,0.00017137583830210452,0.5471590395734626,A,High_risk,83.7,medium,stable
22935,BAKING MOULD ROSE MILK CHOCOLATE,1964.25,673,52,2010-12-08,2011-12-08,366,1.84,medium_moving,4877921.640000002,0.00022041971607183656,0.5473794592895344,A,meduim_risk,47.27,medium,stable
22936,BAKING MOULD ROSE WHITE CHOCOLATE,766.88,258,33,2010-12-08,2011-12-08,366,0.7,slow_moving,4878688.520000002,8.605598669271733e-05,0.5474655152762271,A,High_risk,32.23,medium,stable
22937,BAKING MOULD CHOCOLATE CUP CAKES,30.599999999999998,12,2,2010-12-09,2010-12-09,1,12.0,fast_moving,4878719.120000002,3.4338008460217378e-06,0.5474689490770731,A,,,,
22937,BAKING MOULD CHOCOLATE CUPCAKES,2363.99,917,133,2010-12-08,2011-12-07,365,2.51,medium_moving,4881083.110000002,0.0002652768255551284,0.5477342259026282,A,High_risk,70.89,medium,stable
22937,BAKING MOULD CUPCAKE CHOCOLATE,30.599999999999998,12,1,2010-12-14,2010-12-14,1,12.0,fast_moving,4881113.710000002,3.4338008460217378e-06,0.5477376597034742,A,,,,
22938,CUPCAKE LACE PAPER SET 6,4355.33,2321,170,2010-12-01,2011-12-08,373,6.22,fast_moving,4885469.040000002,0.0004887364653171195,0.5482263961687913,A,low_risk,112.2,high,stable
22939,ADULT APRON APPLE DELIGHT,896.88,180,40,2011-08-04,2011-12-06,125,1.44,medium_moving,4886365.920000002,0.0001006440295026136,0.5483270401982939,A,low_risk,19.99,medium,stable
22939,APRON APPLE DELIGHT,1291.6000000000001,268,62,2010-12-05,2011-08-21,260,1.03,medium_moving,4887657.520000001,0.0001449378161020156,0.548471978014396,A,meduim_risk,19.72,medium,stable
22940,FELTCRAFT CHRISTMAS FAIRY,7722.68,1896,302,2010-12-01,2011-12-08,373,5.08,fast_moving,4895380.200000001,0.0008666060495933057,0.5493385840639892,A,High_risk,176.37,high,stable
22941,CHRISTMAS LIGHTS 10 REINDEER,12150.0,1572,253,2010-12-01,2011-12-09,374,4.2,fast_moving,4907530.200000001,0.00136342092415569,0.5507020049881448,A,High_risk,224.28,high,stable
22942,CHRISTMAS LIGHTS 10 SANTAS ,4108.75,581,131,2010-12-01,2011-12-09,374,1.55,medium_moving,4911638.950000001,0.0004610663145781639,0.551163071302723,A,low_risk,58.15,medium,stable
22943,CHRISTMAS LIGHTS 10 VINTAGE BAUBLES,5968.9800000000005,1280,159,2010-12-01,2011-12-05,370,3.46,medium_moving,4917607.930000002,0.0006698133520878051,0.5518328846548108,A,High_risk,183.52,high,stable
22944,CHRISTMAS METAL POSTCARD WITH BELLS,1125.94,2704,57,2010-12-03,2011-12-06,369,7.33,fast_moving,4918733.870000002,0.00012634816093365085,0.5519592328157445,A,High_risk,503.57,high,stable
22945,CHRISTMAS METAL TAGS ASSORTED ,2401.0299999999997,2863,136,2010-12-01,2011-12-05,370,7.74,fast_moving,4921134.900000002,0.00026943329559880956,0.5522286661113435,A,High_risk,294.76,high,stable
22946,WOODEN ADVENT CALENDAR CREAM,5340.0,370,89,2010-12-01,2011-12-08,373,0.99,medium_moving,4926474.900000002,0.00059923191234497,0.5528278980236884,A,High_risk,40.76,medium,stable
22947,WOODEN ADVENT CALENDAR RED,5047.6,536,104,2010-12-01,2011-11-29,364,1.47,medium_moving,4931522.500000002,0.0005664200375940956,0.5533943180612825,A,High_risk,122.99,high,stable
22948,METAL DECORATION NAUGHTY CHILDREN ,1286.56,1456,98,2010-12-03,2011-12-08,371,3.92,medium_moving,4932809.060000001,0.0001443722489038473,0.5535386903101862,A,low_risk,57.75,medium,stable
22949,36 DOILIES DOLLY GIRL,1312.25,905,74,2010-12-05,2011-11-18,349,2.59,medium_moving,4934121.310000001,0.00014725507059451065,0.5536859453807808,A,meduim_risk,63.12,medium,stable
22949,SET OF 36 DOLLY GIRL PAPER DOILIES,60.9,42,12,2011-10-25,2011-11-29,36,1.17,medium_moving,4934182.210000002,6.833936977866792e-06,0.5536927793177586,A,High_risk,26.87,medium,stable
22950,36 DOILIES VINTAGE CHRISTMAS,7006.25,5153,160,2011-06-08,2011-11-07,153,33.68,fast_moving,4941188.460000002,0.0007862113456679673,0.5544789906634267,A,High_risk,859.58,high,stable
22950,SET OF 36 VINTAGE CHRISTMAS DOILIES,39.15,27,6,2011-10-25,2011-10-27,3,9.0,fast_moving,4941227.610000002,4.393245200057223e-06,0.5544833839086267,A,,,,stable
22951,60 CAKE CASES DOLLY GIRL DESIGN,3755.4100000000003,7247,354,2010-12-01,2011-12-08,373,19.43,fast_moving,4944983.020000002,0.0004214160142208659,0.5549047999228476,A,low_risk,259.21,high,stable
22952,60 CAKE CASES VINTAGE CHRISTMAS,7417.85,14735,466,2010-12-01,2011-12-09,374,39.4,fast_moving,4952400.870000002,0.0008323993335183775,0.555737199256366,A,High_risk,1556.65,high,stable
22952,72 CAKE CASES VINTAGE CHRISTMAS,13.200000000000001,24,1,2010-12-06,2010-12-06,1,24.0,fast_moving,4952414.070000002,1.4812474237740832e-06,0.5557386805037897,A,,,,
22953,BIRTHDAY BANNER TAPE,30.0,24,1,2010-12-20,2010-12-20,1,24.0,fast_moving,4952444.070000002,3.3664714176683707e-06,0.5557420469752075,A,,,,
22953,BIRTHDAY PARTY CORDON BARRIER TAPE,548.63,436,81,2010-12-01,2011-12-08,373,1.17,medium_moving,4952992.700000002,6.156490712917994e-05,0.5558036118823366,A,meduim_risk,26.83,medium,stable
22954,HEN PARTY CORDON BARRIER TAPE,206.25,165,28,2010-12-13,2011-11-24,347,0.48,slow_moving,4953198.950000002,2.3144490996470048e-05,0.555826756373333,A,low_risk,6.36,low,stable
22955,36 FOIL STAR CAKE CASES ,1929.14,1005,106,2010-12-01,2011-12-09,374,2.69,medium_moving,4955128.090000002,0.00021647982235602537,0.5560432361956891,A,meduim_risk,71.52,medium,stable
22956,36 FOIL HEART CAKE CASES,3823.5600000000004,2003,170,2010-12-01,2011-12-09,374,5.36,fast_moving,4958951.650000001,0.0004290635151246692,0.5564722997108137,A,low_risk,91.64,medium,stable
22957,SET 3 PAPER VINTAGE CHICK PAPER EGG,4881.150000000001,1749,196,2011-01-14,2011-09-29,259,6.75,fast_moving,4963832.800000002,0.0005477417320117323,0.5570200414428255,A,meduim_risk,249.48,high,stable
22959,WRAP CHRISTMAS VILLAGE,2003.92,4876,140,2011-07-17,2011-12-08,145,33.63,fast_moving,4965836.720000002,0.00022487131344313337,0.5572449127562685,A,meduim_risk,657.42,high,stable
22960,JAM MAKING SET WITH JARS,32662.97,8151,878,2010-12-01,2011-12-08,373,21.85,fast_moving,4998499.690000001,0.003665298497371982,0.5609102112536405,A,low_risk,219.1,high,stable
22961,JAM MAKING SET PRINTED,21170.75,15055,868,2010-12-01,2011-12-08,373,40.36,fast_moving,5019670.440000001,0.0023756908255200887,0.5632859020791606,A,low_risk,403.0,high,stable
22962,JAM JAR WITH PINK LID,2952.5699999999997,3681,246,2010-12-01,2011-12-05,370,9.95,fast_moving,5022623.010000002,0.0003313247504555033,0.5636172268296161,A,low_risk,181.72,high,stable
22963,JAM JAR WITH BLUE LID,17.28,24,1,2010-12-14,2010-12-14,1,24.0,fast_moving,5022640.290000002,1.9390875365769818e-06,0.5636191659171528,A,,,,
22963,JAM JAR WITH GREEN LID,2434.73,3047,209,2010-12-01,2011-12-05,370,8.24,fast_moving,5025075.020000002,0.0002732149651579904,0.5638923808823108,A,low_risk,139.09,high,stable
22964,3 PIECE SPACEBOY COOKIE CUTTER SET,5034.64,2514,296,2010-12-01,2011-12-08,373,6.74,fast_moving,5030109.660000002,0.0005649657219416629,0.5644573466042524,A,low_risk,123.69,high,stable
22965,3 TRADITIONAL COOKIE CUTTERS  SET,304.20000000000005,162,4,2010-12-01,2011-01-20,51,3.18,medium_moving,5030413.860000002,3.413602017515728e-05,0.5644914826244276,A,High_risk,89.1,medium,
22965,3 TRADITIONAl BISCUIT CUTTERS  SET,2422.2200000000003,1156,202,2010-12-02,2011-12-07,371,3.12,medium_moving,5032836.080000002,0.00027181114657682273,0.5647632937710044,A,low_risk,40.77,medium,stable
22966,GINGERBREAD MAN COOKIE CUTTER,8625.130000000001,7204,554,2010-12-01,2011-12-08,373,19.31,fast_moving,5041461.210000002,0.0009678751206224665,0.5657311688916269,A,low_risk,243.9,high,stable
22967,SET 3 SONG BIRD PAPER EGGS ASSORTED,3230.55,1161,131,2011-01-14,2011-12-07,328,3.54,medium_moving,5044691.760000002,0.0003625184746116185,0.5660936873662384,A,High_risk,168.78,high,stable
22968,ROSE COTTAGE KEEPSAKE BOX ,6574.95,729,144,2010-12-01,2011-11-14,349,2.09,medium_moving,5051266.710000002,0.0007378127082532884,0.5668315000744918,A,High_risk,61.34,medium,stable
22969,HOMEMADE JAM SCENTED CANDLES,17521.6,12092,518,2010-12-01,2011-12-08,373,32.42,fast_moving,5068788.310000001,0.001966198853060604,0.5687976989275523,A,low_risk,512.31,high,stable
22970,LONDON BUS COFFEE MUG,9666.3,4246,276,2010-12-15,2011-12-08,359,11.83,fast_moving,5078454.610000001,0.0010847107554869256,0.5698824096830392,A,meduim_risk,218.35,high,stable
22971,QUEENS GUARD COFFEE MUG,5603.57,2365,233,2010-12-16,2011-12-08,358,6.61,fast_moving,5084058.180000002,0.000628808608063465,0.5705112182911027,A,low_risk,98.64,high,stable
22972,CHILDREN'S SPACEBOY MUG,2751.1099999999997,1691,178,2010-12-01,2011-12-08,373,4.53,fast_moving,5086809.290000002,0.000308717772728721,0.5708199360638314,A,low_risk,72.3,medium,stable
22972,CHILDRENS SPACEBOY MUG,39.599999999999994,24,2,2010-12-01,2010-12-08,8,3.0,medium_moving,5086848.8900000015,4.443742271322249e-06,0.5708243798061028,A,,,,
22973,CHILDREN'S CIRCUS PARADE MUG,1924.4799999999998,1192,110,2010-12-01,2011-12-07,372,3.2,medium_moving,5088773.370000002,0.0002159568971291475,0.571040336703232,A,low_risk,45.86,medium,stable
22974,CHILDRENS DOLLY GIRL MUG,2457.99,1523,157,2010-12-01,2011-12-05,370,4.12,fast_moving,5091231.360000002,0.0002758251026638226,0.5713161618058958,A,meduim_risk,88.66,medium,stable
22975,SPACEBOY CHILDRENS EGG CUP,1405.97,1118,142,2010-12-01,2011-12-07,372,3.01,medium_moving,5092637.330000002,0.00015777192730330664,0.5714739337331991,A,low_risk,49.8,medium,stable
22976,CIRCUS PARADE CHILDRENS EGG CUP ,1313.59,1047,112,2010-12-01,2011-12-09,374,2.8,medium_moving,5093950.920000002,0.0001474054396511665,0.5716213391728502,A,meduim_risk,53.77,medium,stable
22977,DOLLY GIRL CHILDRENS EGG CUP,1132.46,905,111,2010-12-02,2011-12-05,369,2.45,medium_moving,5095083.380000002,0.0001270798073884241,0.5717484189802386,A,meduim_risk,61.55,medium,stable
22978,PANTRY ROLLING PIN,9184.279999999999,2407,197,2011-02-17,2011-12-04,291,8.27,fast_moving,5104267.660000002,0.0010306205370621086,0.5727790395173008,A,High_risk,238.57,high,stable
22979,PANTRY WASHING UP BRUSH,5795.86,3920,304,2011-03-02,2011-12-08,282,13.9,fast_moving,5110063.520000002,0.0006503865676935801,0.5734294260849944,A,meduim_risk,257.13,high,stable
22980,PANTRY SCRUBBING BRUSH,3661.8899999999994,2289,242,2011-02-16,2011-12-08,296,7.73,fast_moving,5113725.410000002,0.00041092160065485427,0.5738403476856492,A,meduim_risk,187.84,high,stable
22981,PANTRY APPLE CORER,603.4,436,72,2011-03-03,2011-12-07,280,1.56,medium_moving,5114328.810000002,6.771096178070316e-05,0.57390805864743,A,High_risk,52.34,medium,stable
22982,PANTRY PASTRY BRUSH,1308.3,1045,146,2011-03-02,2011-12-08,282,3.71,medium_moving,5115637.110000002,0.00014681181852451764,0.5740548704659545,A,meduim_risk,97.77,high,stable
22983,CARD BILLBOARD FONT,2072.79,5038,332,2010-12-01,2011-12-07,372,13.54,fast_moving,5117709.900000002,0.0002325996096609607,0.5742874700756154,A,low_risk,144.43,high,stable
22984,CARD GINGHAM ROSE ,1073.74,2678,140,2010-12-05,2011-12-06,367,7.3,fast_moving,5118783.640000002,0.00012049050066690787,0.5744079605762824,A,low_risk,131.67,high,stable
22985,WRAP BILLBOARD FONTS DESIGN,756.0,1800,62,2011-03-25,2011-12-09,260,6.92,fast_moving,5119539.640000002,8.483507972524294e-05,0.5744927956560076,A,low_risk,91.13,medium,stable
22985,"WRAP, BILLBOARD FONTS DESIGN",731.0,1950,34,2010-12-02,2011-05-10,160,12.19,fast_moving,5120270.640000002,8.202968687718596e-05,0.5745748253428847,A,High_risk,512.84,high,stable
22986,GINGHAM ROSE WRAP,766.5,1825,72,2010-12-02,2011-06-20,201,9.08,fast_moving,5121037.140000002,8.601334472142686e-05,0.5746608386876062,A,low_risk,142.05,high,stable
22986,WRAP GINGHAM ROSE ,943.92,2276,82,2011-06-07,2011-12-08,185,12.3,fast_moving,5121981.060000002,0.0001059226566855176,0.5747667613442917,A,low_risk,112.77,high,stable
22987,WRAP SUMMER ROSE DESIGN,42.0,100,4,2011-05-03,2011-09-02,123,0.81,slow_moving,5122023.060000002,4.713059984735719e-06,0.5747714744042765,A,low_risk,0.0,low,stable
22988,SOLDIERS EGG CUP ,10150.220000000001,8821,327,2010-12-01,2011-12-08,373,23.65,fast_moving,5132173.280000002,0.0011390141837681951,0.5759104885880446,A,low_risk,315.34,high,stable
22989,SET 2 PANTRY DESIGN TEA TOWELS,8323.17,2697,311,2011-02-03,2011-12-08,309,8.73,fast_moving,5140496.450000002,0.0009339904636464951,0.5768444790516911,A,meduim_risk,170.06,high,stable
22990,COTTON APRON PANTRY DESIGN,2695.29,607,140,2011-02-06,2011-12-08,306,1.98,medium_moving,5143191.740000002,0.0003024538915775794,0.5771469329432687,A,meduim_risk,42.18,medium,stable
22991,GIRAFFE WOODEN RULER,6820.74,3710,234,2011-02-17,2011-12-09,296,12.53,fast_moving,5150012.480000002,0.0007653942085782454,0.5779123271518469,A,meduim_risk,269.42,high,stable
22992,REVOLVER WOODEN RULER ,8950.289999999999,4917,285,2011-02-17,2011-12-09,296,16.61,fast_moving,5158962.770000002,0.0010043631821614347,0.5789166903340084,A,meduim_risk,329.27,high,stable
22993,SET OF 4 PANTRY JELLY MOULDS,14180.17,11792,866,2011-02-16,2011-12-09,297,39.7,fast_moving,5173142.940000002,0.0015912379000892834,0.5805079282340977,A,low_risk,309.48,high,stable
22994,TRAVEL CARD WALLET RETROSPOT,883.5,2107,160,2011-02-16,2011-12-09,297,7.09,fast_moving,5174026.440000002,9.914258325033351e-05,0.580607070817348,A,low_risk,93.56,medium,stable
22995,TRAVEL CARD WALLET SUKI,936.24,2236,183,2011-02-17,2011-12-08,295,7.58,fast_moving,5174962.6800000025,0.00010506084000259451,0.5807121316573506,A,low_risk,85.35,medium,stable
22996,TRAVEL CARD WALLET VINTAGE TICKET,1880.16,4552,292,2011-02-17,2011-12-08,295,15.43,fast_moving,5176842.840000003,0.00021098349668811212,0.5809231151540387,A,low_risk,197.68,high,stable
22997,TRAVEL CARD WALLET UNION JACK,1059.9,2527,181,2011-02-17,2011-12-07,294,8.6,fast_moving,5177902.740000003,0.00011893743518622354,0.581042052589225,A,low_risk,76.14,medium,stable
22998,TRAVEL CARD WALLET KEEP CALM,4693.4,11769,437,2011-02-16,2011-12-09,297,39.63,fast_moving,5182596.140000003,0.0005266732317228243,0.5815687258209479,A,low_risk,522.73,high,stable
22999,TRAVEL CARD WALLET RETRO PETALS,624.36,1490,88,2011-02-17,2011-06-24,128,11.64,fast_moving,5183220.500000004,7.006300314451413e-05,0.5816387888240925,A,meduim_risk,201.27,high,stable
22999,TRAVEL CARD WALLET VINTAGE LEAF,581.7,1385,97,2011-07-01,2011-12-08,161,8.6,fast_moving,5183802.200000004,6.527588078858972e-05,0.581704064704881,A,low_risk,66.7,medium,stable
23000,TRAVEL CARD WALLET TRANSPORT,1275.6,3044,205,2011-02-16,2011-12-09,297,10.25,fast_moving,5185077.800000004,0.00014314236467925911,0.5818472070695603,A,low_risk,105.85,high,stable
23002,TRAVEL CARD WALLET SKULLS,871.32,2078,140,2011-02-16,2011-12-09,297,7.0,fast_moving,5185949.120000004,9.777579585476016e-05,0.5819449828654151,A,low_risk,90.66,medium,stable
23003,TRAVEL CARD WALLET VINTAGE ROSE ,225.78,541,52,2011-02-16,2011-06-12,117,4.62,fast_moving,5186174.900000004,2.533606388937216e-05,0.5819703189293045,A,meduim_risk,78.43,medium,stable
23004,TRAVEL CARD WALLET PANTRY,783.68,1862,123,2011-02-16,2011-12-09,297,6.27,fast_moving,5186958.580000004,8.794121068661162e-05,0.5820582601399911,A,low_risk,49.36,medium,stable
23005,TRAVEL CARD WALLET I LOVE LONDON,1788.72,4396,175,2011-02-17,2011-12-08,295,14.9,fast_moving,5188747.300000004,0.00020072249180705894,0.5822589826317981,A,meduim_risk,375.05,high,stable
23006,TRAVEL CARD WALLET FLOWER MEADOW,712.14,1699,130,2011-02-16,2011-12-06,294,5.78,fast_moving,5189459.440000003,7.991329851261178e-05,0.5823388959303106,A,low_risk,74.22,medium,stable
23007, SPACEBOY BABY GIFT SET,7065.499999999999,450,142,2011-03-09,2011-12-08,275,1.64,medium_moving,5196524.940000003,0.0007928601267178623,0.5831317560570285,A,meduim_risk,36.33,medium,stable
23008,DOLLY GIRL BABY GIFT SET,6567.95,421,120,2011-03-09,2011-12-04,271,1.55,medium_moving,5203092.890000003,0.0007370271982558324,0.5838687832552844,A,meduim_risk,34.35,medium,stable
23009,I LOVE LONDON BABY GIFT SET,3262.5499999999997,209,61,2011-03-09,2011-12-07,274,0.76,slow_moving,5206355.440000003,0.0003661093774571314,0.5842348926327414,A,low_risk,12.22,low,stable
23010,CIRCUS PARADE BABY GIFT SET,4444.75,285,89,2011-03-10,2011-12-04,270,1.06,medium_moving,5210800.190000003,0.0004987707944560497,0.5847336634271976,A,High_risk,29.64,medium,stable
23012,GLASS APOTHECARY BOTTLE PERFUME,3775.4900000000002,1017,198,2011-06-14,2011-12-08,178,5.71,fast_moving,5214575.680000003,0.0004236693057564252,0.585157332732954,A,low_risk,74.89,medium,stable
23013,GLASS APOTHECARY BOTTLE TONIC,3215.0400000000004,866,180,2011-06-14,2011-12-08,178,4.87,fast_moving,5217790.720000003,0.00036077800888868397,0.5855181107418427,A,low_risk,61.49,medium,stable
23014,GLASS APOTHECARY BOTTLE ELIXIR,2959.6800000000003,800,160,2011-06-14,2011-12-08,178,4.49,fast_moving,5220750.400000003,0.0003321226041814908,0.5858502333460242,A,low_risk,63.5,medium,stable
23015,CORDIAL GLASS JUG,255.75,31,13,2011-06-22,2011-11-24,156,0.2,slow_moving,5221006.150000003,2.8699168835622858e-05,0.5858789325148598,A,meduim_risk,5.67,low,stable
23015,CORDIAL JUG,49.5,6,2,2011-08-23,2011-10-30,69,0.09,slow_moving,5221055.650000003,5.554677839152812e-06,0.5858844871926989,A,low_risk,1.41,low,stable
23016,GLASS TWIST BON BON JAR,512.85,69,19,2011-06-16,2011-12-06,174,0.4,slow_moving,5221568.500000003,5.75498288850408e-05,0.5859420370215839,A,meduim_risk,7.34,low,stable
23017,APOTHECARY MEASURING JAR,751.4000000000001,64,21,2011-06-26,2011-11-21,149,0.43,slow_moving,5222319.900000003,8.431888744120047e-05,0.5860263559090251,A,low_risk,3.88,low,stable
23018,LARGE APOTHECARY MEASURING JAR ,587.2,50,20,2011-06-26,2011-11-16,144,0.35,slow_moving,5222907.100000003,6.589306721516224e-05,0.5860922489762403,A,meduim_risk,5.89,low,stable
23019,SMALL APOTHECARY MEASURING JAR ,629.0500000000001,81,28,2011-06-21,2011-12-08,171,0.47,slow_moving,5223536.150000003,7.058929484280963e-05,0.5861628382710831,A,low_risk,6.02,low,stable
23020,GLASS  SONGBIRD STORAGE JAR,1965.3,165,69,2011-06-14,2011-12-06,176,0.94,medium_moving,5225501.450000003,0.00022053754257145495,0.5863833758136545,A,low_risk,12.26,low,stable
23020,GLASS SONGBIRD STORAGE JAR,126.7,11,3,2011-06-28,2011-10-03,98,0.11,slow_moving,5225628.150000003,1.4217730953952752e-05,0.5863975935446085,A,High_risk,3.79,low,stable
23021,GLASS BONNE JAM JAR,480.1,118,25,2011-06-22,2011-12-06,168,0.7,slow_moving,5226108.250000003,5.3874764254086157e-05,0.5864514683088625,A,meduim_risk,14.01,low,stable
23022,SMALL BONNE JAM JAR  T-LIGHT HOLDER,795.6800000000001,416,21,2011-06-15,2011-12-05,174,2.39,medium_moving,5226903.9300000025,8.928779925367897e-05,0.5865407561081162,A,low_risk,36.73,medium,stable
23023,RIDGED BONNE JAM JAR T-LIGHT HOLDER,431.23999999999995,272,23,2011-06-20,2011-12-05,169,1.61,medium_moving,5227335.170000003,4.83919044718436e-05,0.5865891480125881,A,meduim_risk,29.81,medium,stable
23024,LARGE BONNE JAM JAR  T-LIGHT HOLDER,662.0600000000001,254,10,2011-06-22,2011-11-14,146,1.74,medium_moving,5227997.230000002,7.429353555938406e-05,0.5866634415481474,A,High_risk,41.44,medium,stable
23025,DRAWER KNOB VINTAGE GLASS BALL,669.61,317,46,2011-06-27,2011-12-02,159,1.99,medium_moving,5228666.840000003,7.514076419949725e-05,0.586738582312347,A,meduim_risk,29.73,medium,stable
23026,DRAWER KNOB VINTAGE GLASS STAR,1019.0500000000001,504,53,2011-06-16,2011-12-07,175,2.88,medium_moving,5229685.890000002,0.00011435342327249844,0.5868529357356195,A,low_risk,42.71,medium,stable
23027,DRAWER KNOB VINTAGE GLASS HEXAGON,596.96,287,27,2011-06-22,2011-12-02,164,1.75,medium_moving,5230282.850000002,6.698829258304369e-05,0.5869199240282025,A,meduim_risk,31.22,medium,stable
23028,DOORKNOB CRACKED GLAZE BLUE,238.49999999999997,162,3,2011-06-15,2011-07-13,29,5.59,fast_moving,5230521.350000002,2.6763447770463544e-05,0.5869466874759729,A,High_risk,97.58,high,stable
23028,DRAWER KNOB CRACKLE GLAZE BLUE,1761.6899999999998,1085,111,2011-06-14,2011-11-02,142,7.64,fast_moving,5232283.040000003,0.00019768930105973972,0.5871443767770327,A,meduim_risk,134.09,high,stable
23029,DOORKNOB CRACKED GLAZE GREEN,19.799999999999997,12,2,2011-06-27,2011-07-04,8,1.5,medium_moving,5232302.840000003,2.2218711356611243e-06,0.5871465986481683,A,low_risk,0.0,low,stable
23029,DRAWER KNOB CRACKLE GLAZE GREEN,2060.3999999999996,1272,136,2011-06-14,2011-12-08,178,7.15,fast_moving,5234363.240000003,0.00023120925696546365,0.5873778079051338,A,low_risk,87.16,medium,stable
23031,DOORKNOB CRACKED GLAZE PINK,19.799999999999997,12,2,2011-06-27,2011-07-04,8,1.5,medium_moving,5234383.040000003,2.2218711356611243e-06,0.5873800297762695,A,low_risk,0.0,low,stable
23031,DRAWER KNOB CRACKLE GLAZE PINK,1997.6999999999998,1234,136,2011-06-14,2011-12-07,177,6.97,fast_moving,5236380.740000003,0.00022417333170253679,0.587604203107972,A,low_risk,92.51,medium,stable
23032,DOORKNOB CRACKED GLAZE IVORY,268.2,180,5,2011-06-15,2011-08-23,70,2.57,medium_moving,5236648.940000003,3.0096254473955232e-05,0.587634299362446,A,High_risk,78.0,medium,stable
23032,DRAWER KNOB CRACKLE GLAZE IVORY,3361.7999999999997,2084,177,2011-06-14,2011-11-27,167,12.48,fast_moving,5240010.740000003,0.0003772467870639176,0.5880115461495099,A,low_risk,202.23,high,stable
23033,DRAWER KNOB CERAMIC RED,952.4499999999999,685,59,2011-06-14,2011-12-09,179,3.83,medium_moving,5240963.190000003,0.00010687985672527464,0.5881184260062352,A,meduim_risk,77.22,medium,stable
23034,DRAWER KNOB CERAMIC BLACK,1332.35,947,78,2011-06-14,2011-12-09,179,5.29,fast_moving,5242295.540000003,0.00014951060644434843,0.5882679366126795,A,low_risk,88.28,medium,stable
23035,DOORKNOB CERAMIC IVORY,52.199999999999996,36,1,2011-07-27,2011-07-27,1,36.0,fast_moving,5242347.740000003,5.857660266742964e-06,0.5882737942729462,A,,,,stable
23035,DRAWER KNOB CERAMIC IVORY,2889.49,2053,165,2011-06-14,2011-12-07,177,11.6,fast_moving,5245237.230000003,0.000324246183221286,0.5885980404561676,A,low_risk,100.69,high,stable
23036,T-LIGHT HOLDER SILVER PETIT FOUR ,228.75,183,15,2011-06-22,2011-12-06,168,1.09,medium_moving,5245465.980000003,2.5669344559721325e-05,0.5886237098007273,A,meduim_risk,20.38,medium,stable
23037,CANDLE HOLDER SILVER MADELINE,315.28999999999996,193,18,2011-06-24,2011-12-09,169,1.14,medium_moving,5245781.270000003,3.538049244255535e-05,0.5886590902931699,A,low_risk,13.95,low,stable
23038,T-LIGHT HOLDER SILVER SAUCER,38.029999999999994,41,6,2011-07-11,2011-12-05,148,0.28,slow_moving,5245819.300000004,4.26756360046427e-06,0.5886633578567704,A,High_risk,10.21,low,stable
23039,T-LIGHT HOLDER SILVER HEART HANDLE,370.79999999999995,192,22,2011-06-19,2011-12-05,170,1.13,medium_moving,5246190.100000003,4.1609586722381055e-05,0.5887049674434928,A,meduim_risk,26.32,medium,stable
23040,PAPER LANTERN 9 POINT SNOW STAR,69.0,12,4,2011-05-05,2011-09-05,124,0.1,slow_moving,5246259.100000003,7.742884260637252e-06,0.5887127103277534,A,High_risk,31.41,medium,stable
23040,PAPER LANTERN 9 POINT SNOW STAR ,1249.5,234,32,2011-04-28,2011-12-09,226,1.04,medium_moving,5247508.600000003,0.00014021353454588762,0.5888529238622993,A,High_risk,44.98,medium,stable
23041,PAPER LANTERN 6 POINT SNOW STAR,107.9,26,6,2011-05-05,2011-09-05,124,0.21,slow_moving,5247616.500000004,1.2108075532213906e-05,0.5888650319378315,A,low_risk,3.79,low,stable
23041,PAPER LANTERN 9 POINT SNOW STAR,971.1,234,42,2011-04-28,2011-12-09,226,1.04,medium_moving,5248587.600000003,0.00010897267978992516,0.5889740046176214,A,High_risk,31.41,medium,stable
23042,PAPER LANTERN 7 POINT SNOW STAR,658.35,99,25,2011-04-28,2011-12-01,218,0.45,slow_moving,5249245.950000003,7.38772152607324e-05,0.589047881832882,A,High_risk,12.44,low,stable
23043,PAPER LANTERN 9 POINT HOLLY STAR 40,37.5,6,3,2011-05-05,2011-05-11,7,0.86,medium_moving,5249283.450000003,4.2080892720854635e-06,0.5890520899221542,A,,,,stable
23043,PAPER LANTERN 9 POINT HOLLY STAR L,431.25,69,16,2011-05-08,2011-11-24,201,0.34,slow_moving,5249714.700000003,4.839302662898283e-05,0.5891004829487831,A,meduim_risk,12.01,low,stable
23044,PAPER LANTERN 9 POINT HOLLY STAR 23,74.7,18,5,2011-05-08,2011-08-11,96,0.19,slow_moving,5249789.400000003,8.382513829994243e-06,0.5891088654626132,A,meduim_risk,5.29,low,stable
23044,PAPER LANTERN 9 POINT HOLLY STAR S,352.75,85,19,2011-05-08,2011-12-01,208,0.41,slow_moving,5250142.150000003,3.9584093086083925e-05,0.5891484495556992,A,meduim_risk,8.93,low,stable
23045,PAPER LANTERN 5 POINT STAR MOON ,439.90000000000003,106,18,2011-06-02,2011-11-29,181,0.59,slow_moving,5250582.050000004,4.936369255441054e-05,0.5891978132482537,A,High_risk,21.37,medium,stable
23045,PAPER LANTERN 5 POINT STAR MOON 30,41.5,10,5,2011-05-05,2011-08-11,99,0.1,slow_moving,5250623.550000004,4.65695212777458e-06,0.5892024702003815,A,meduim_risk,4.24,low,stable
23046,PAPER LANTERN 9 POINT DELUXE STAR,2091.55,347,34,2011-05-08,2011-12-05,212,1.64,medium_moving,5252715.100000003,0.0002347047764541427,0.5894371749768356,A,High_risk,94.99,high,stable
23047,PAPER LANTERN 5 POINT SEQUIN STAR,287.5,50,21,2011-05-08,2011-11-24,201,0.25,slow_moving,5253002.600000003,3.226201775265522e-05,0.5894694369945883,A,low_risk,3.67,low,stable
23047,PAPER LANTERN 5 POINT STUDDED STAR,46.0,8,4,2011-05-08,2011-08-11,96,0.08,slow_moving,5253048.600000003,5.161922840424835e-06,0.5894745989174287,A,low_risk,1.15,low,stable
23048,SET OF 10 LANTERNS FAIRY LIGHT STAR,2264.7400000000002,564,85,2011-04-28,2011-12-05,222,2.54,medium_moving,5255313.340000004,0.0002541394159483422,0.589728738333377,A,High_risk,81.77,medium,stable
23049,RECYCLED ACAPULCO MAT RED,3572.75,435,169,2011-03-04,2011-12-01,273,1.59,medium_moving,5258886.090000004,0.0004009186919158224,0.5901296570252929,A,meduim_risk,30.89,medium,stable
23050,RECYCLED ACAPULCO MAT GREEN,3763.55,459,176,2011-03-04,2011-12-05,277,1.66,medium_moving,5262649.640000003,0.0004223294501321932,0.5905519864754251,A,meduim_risk,32.73,medium,stable
23051,RECYCLED ACAPULCO MAT BLUE,2741.35,335,133,2011-03-04,2011-12-05,277,1.21,medium_moving,5265390.990000003,0.00030762254736083956,0.5908596090227859,A,meduim_risk,24.59,medium,stable
23052,RECYCLED ACAPULCO MAT TURQUOISE,4694.75,571,221,2011-03-04,2011-12-02,274,2.08,medium_moving,5270085.740000003,0.0005268247229366194,0.5913864337457224,A,meduim_risk,43.7,medium,stable
23053,RECYCLED ACAPULCO MAT PINK,2598.15,319,129,2011-03-04,2011-12-08,280,1.14,medium_moving,5272683.890000003,0.0002915532571271692,0.5916779870028497,A,meduim_risk,27.59,medium,stable
23054,RECYCLED ACAPULCO MAT LAVENDER,2206.2,268,109,2011-03-04,2011-12-05,277,0.97,medium_moving,5274890.090000004,0.00024757030805533197,0.591925557310905,A,meduim_risk,20.05,medium,stable
23055,IVORY CHANDELIER T-LIGHT HOLDER,1292.97,561,36,2011-04-19,2011-11-15,211,2.66,medium_moving,5276183.060000003,0.0001450915516300891,0.5920706488625351,A,High_risk,121.81,high,stable
23056,CRYSTAL CHANDELIER T-LIGHT HOLDER,18.75,3,1,2011-05-11,2011-05-11,1,3.0,medium_moving,5276201.810000003,2.1040446360427318e-06,0.5920727529071711,A,,,,stable
23056,FLOWERS CHANDELIER T-LIGHT HOLDER,2789.66,866,36,2011-04-19,2011-11-23,219,3.95,medium_moving,5278991.470000003,0.00031304368850042485,0.5923857965956716,A,High_risk,217.76,high,stable
23057,BEADED CHANDELIER T-LIGHT HOLDER,1313.29,599,34,2011-04-18,2011-11-16,213,2.81,medium_moving,5280304.7600000035,0.0001473717749369898,0.5925331683706085,A,High_risk,117.2,high,stable
23057,GEMSTONE CHANDELIER T-LIGHT HOLDER,347.70000000000005,78,7,2011-04-18,2011-07-01,75,1.04,medium_moving,5280652.460000004,3.901740373077642e-05,0.5925721857743393,A,High_risk,20.29,medium,stable
23058,CHRISTMAS HANGING SNOWFLAKE,421.02000000000004,486,44,2011-09-14,2011-12-07,85,5.72,fast_moving,5281073.480000003,4.7245059875557914e-05,0.5926194308342149,A,High_risk,126.42,high,stable
23060,HEART BEADED TRELLIS DECORATION,507.52000000000004,244,39,2011-04-18,2011-12-07,234,1.04,medium_moving,5281581.000000003,5.695171912983505e-05,0.5926763825533446,A,meduim_risk,20.18,medium,stable
23061,VINTAGE EMBOSSED HEART,1124.96,904,84,2011-04-19,2011-12-06,232,3.9,medium_moving,5282705.960000003,0.000126238189534007,0.5928026207428787,A,low_risk,50.13,medium,stable
23061,VINTAGE ENGRAVED HEART,75.0,60,4,2011-05-11,2011-06-09,30,2.0,medium_moving,5282780.960000003,8.416178544170927e-06,0.5928110369214228,A,low_risk,8.49,low,stable
23064,CINDERELLA CHANDELIER ,3617.6000000000004,220,22,2011-04-28,2011-11-03,190,1.16,medium_moving,5286398.560000002,0.0004059515666852366,0.593216988488108,A,High_risk,41.83,medium,stable
23065,LARGE DECO JEWELLERY STAND,2990.3,247,88,2011-04-15,2011-10-20,189,1.31,medium_moving,5289388.860000002,0.00033555864934179096,0.5935525471374498,A,meduim_risk,23.91,medium,stable
23065,LARGE JEWELLERY STAND,125.0,10,4,2011-05-12,2011-05-20,9,1.11,medium_moving,5289513.860000002,1.4026964240284878e-05,0.5935665741016901,A,,,,stable
23066,SMALL DECO JEWELLERY STAND,1831.65,229,70,2011-04-18,2011-10-07,173,1.32,medium_moving,5291345.510000003,0.00020553991240574237,0.5937721140140959,A,meduim_risk,24.47,medium,stable
23066,SMALL JEWELLERY STAND,132.0,16,6,2011-05-12,2011-05-22,11,1.45,medium_moving,5291477.510000003,1.481247423774083e-05,0.5937869264883336,A,,,,stable
23067,HANGING ENGRAVED METAL HEART,1149.5500000000002,277,71,2011-04-26,2011-12-07,226,1.23,medium_moving,5292627.060000002,0.00012899757393935586,0.5939159240622729,A,meduim_risk,23.78,medium,stable
23068,ALUMINIUM HEART,74.7,30,6,2011-05-11,2011-07-01,52,0.58,slow_moving,5292701.760000003,8.382513829994243e-06,0.593924306576103,A,meduim_risk,6.93,low,stable
23068,ALUMINIUM STAMPED HEART,1862.5100000000002,775,124,2011-04-18,2011-12-06,233,3.33,medium_moving,5294564.270000002,0.00020900288933738392,0.5941333094654403,A,low_risk,48.62,medium,stable
23069,EDWARDIAN PHOTO FRAME,556.25,89,31,2011-04-26,2011-12-04,223,0.4,slow_moving,5295120.520000002,6.24199908692677e-05,0.5941957294563096,A,low_risk,6.33,low,stable
23070,EDWARDIAN HEART PHOTO FRAME,610.0500000000001,147,33,2011-05-04,2011-12-04,215,0.68,slow_moving,5295730.570000002,6.845719627828632e-05,0.5942641866525878,A,low_risk,10.98,low,stable
23071,MARIE ANTOIENETT TRINKET BOX GOLD,12.5,1,1,2011-04-20,2011-04-20,1,1.0,medium_moving,5295743.070000002,1.4026964240284877e-06,0.5942655893490119,A,,,,stable
23071,MARIE ANTOINETTE TRINKET BOX GOLD,1217.6,316,16,2011-05-08,2011-10-26,172,1.84,medium_moving,5296960.670000002,0.00013663385327176693,0.5944022232022836,A,High_risk,117.36,high,stable
23072,MARIE ANTOINETTE TRINKET BOX SILVER,1099.0,326,22,2011-05-08,2011-10-26,172,1.9,medium_moving,5298059.670000002,0.00012332506960058463,0.5945255482718842,A,High_risk,133.0,high,stable
23073,GEORGIAN TRINKET BOX,1694.0,142,59,2011-04-19,2011-12-01,227,0.63,slow_moving,5299753.670000002,0.00019009341938434066,0.5947156416912686,A,meduim_risk,12.64,low,stable
23074,EMBOSSED HEART TRINKET BOX,452.34000000000003,225,35,2011-09-11,2011-12-08,89,2.53,medium_moving,5300206.010000002,5.0759656035603696e-05,0.5947664013473041,A,meduim_risk,42.84,medium,stable
23075,DOUBLE CERAMIC PARLOUR HOOK,91.30000000000001,22,5,2011-04-18,2011-09-06,142,0.15,slow_moving,5300297.310000001,1.0245294681104075e-05,0.5947766466419852,A,low_risk,3.0,low,stable
23075,PARLOUR CERAMIC WALL HOOK,1840.0000000000002,448,72,2011-04-18,2011-12-08,235,1.91,medium_moving,5302137.310000001,0.00020647691361699343,0.5949831235556022,A,low_risk,27.47,medium,stable
23076,ICE CREAM SUNDAE LIP GLOSS,9668.16,7920,248,2011-03-24,2011-12-08,260,30.46,fast_moving,5311805.470000002,0.0010849194767148212,0.596068043032317,A,low_risk,368.71,high,stable
23077,DOUGHNUT LIP GLOSS ,11640.7,9662,308,2011-03-24,2011-12-09,261,37.02,fast_moving,5323446.170000002,0.0013062694610550736,0.5973743124933721,A,low_risk,505.45,high,stable
23078,ICE CREAM PEN LIP GLOSS ,8077.31,6607,213,2011-03-24,2011-12-07,259,25.51,fast_moving,5331523.480000001,0.0009064011082215636,0.5982807136015936,A,low_risk,297.67,high,stable
23079, TOADSTOOL BEDSIDE LIGHT ,17.9,2,1,2011-06-15,2011-06-15,1,2.0,medium_moving,5331541.380000002,2.0086612792087942e-06,0.5982827222628729,A,,,,stable
23079,TOADSTOOL BEDSIDE LIGHT ,2198.6,248,103,2011-05-11,2011-12-07,211,1.18,medium_moving,5333739.980000001,0.00024671746862952264,0.5985294397315024,A,low_risk,17.82,low,stable
23080,RED METAL BOX TOP SECRET,7962.03,1003,221,2011-05-11,2011-12-08,212,4.73,fast_moving,5341702.010000002,0.0008934648807206032,0.599422904612223,A,meduim_risk,90.58,medium,stable
23081,GREEN METAL BOX ARMY SUPPLIES,3482.64,438,111,2011-05-10,2011-12-08,213,2.06,medium_moving,5345184.650000001,0.0003908069339342858,0.5998137115461573,A,meduim_risk,36.04,medium,stable
23081,GREEN METAL BOX TOP SECRET,132.0,16,4,2011-05-11,2011-08-23,105,0.15,slow_moving,5345316.650000001,1.481247423774083e-05,0.599828524020395,A,meduim_risk,5.66,low,stable
23082,SET 6 PAPER TABLE LANTERN HEARTS ,8129.43,2265,263,2011-05-11,2011-12-09,213,10.63,fast_moving,5353446.080000001,0.0009122497912311927,0.6007407738116262,A,low_risk,131.71,high,stable
23083,SET 6 PAPER TABLE LANTERN STARS ,6739.63,1860,209,2011-05-16,2011-12-08,207,8.99,fast_moving,5360185.710000001,0.0007562923920220094,0.6014970662036482,A,meduim_risk,212.6,high,stable
23084,RABBIT NIGHT LIGHT,51346.2,27202,801,2011-05-10,2011-12-09,214,127.11,fast_moving,5411531.910000001,0.005761850490196123,0.6072589166938442,A,High_risk,4156.76,high,stable
23085,ANTIQUE SILVER BAUBLE LAMP  ,3489.7000000000003,374,72,2011-05-16,2011-12-08,207,1.81,medium_moving,5415021.610000001,0.0003915991768745771,0.6076505158707189,A,meduim_risk,50.54,medium,stable
23086,ZINC  STAR T-LIGHT HOLDER ,1361.54,1186,35,2011-05-16,2011-12-05,204,5.81,fast_moving,5416383.150000001,0.00015278618313373978,0.6078033020538527,A,meduim_risk,123.4,high,stable
23086,ZINC STAR T-LIGHT HOLDER ,10.0,8,1,2011-05-26,2011-05-26,1,8.0,fast_moving,5416393.150000001,1.1221571392227903e-06,0.6078044242109919,A,,,,stable
23087,ZINC  HEART T-LIGHT HOLDER,997.1800000000001,830,49,2011-05-13,2011-11-25,197,4.21,fast_moving,5417390.330000001,0.0001118992656090182,0.6079163234766009,A,low_risk,76.35,medium,stable
23088,ZINC HEART FLOWER T-LIGHT HOLDER,947.18,760,57,2011-05-13,2011-12-07,209,3.64,medium_moving,5418337.510000001,0.00010628847991290424,0.6080226119565137,A,meduim_risk,68.91,medium,stable
23089,GLASS BON BON JAR,3497.22,2136,134,2011-05-12,2011-12-07,210,10.17,fast_moving,5421834.73,0.0003924430390432726,0.6084150549955569,A,low_risk,158.97,high,stable
23090,VINTAGE GLASS T-LIGHT HOLDER,1723.62,2130,122,2011-05-16,2011-12-07,206,10.34,fast_moving,5423558.350000001,0.00019341724883071854,0.6086084722443877,A,low_risk,133.98,high,stable
23091,METAL HERB GERDEN CONTAINER,139.68,24,5,2011-05-13,2011-09-12,123,0.2,slow_moving,5423698.03,1.5674290920663935e-05,0.6086241465353083,A,low_risk,4.58,low,stable
23091,ZINC HERB GARDEN CONTAINER,3348.57,546,187,2011-05-11,2011-11-10,184,2.97,medium_moving,5427046.600000001,0.00037576217316872586,0.6089999087084771,A,meduim_risk,58.2,medium,stable
23092,LARGE ANTIQUE WHITE PHOTO FRAME,3584.0600000000004,509,125,2011-05-16,2011-12-08,207,2.46,medium_moving,5430630.66,0.0004021878516402834,0.6094020965601173,A,meduim_risk,61.05,medium,stable
23093,SMALL PARISIENNE HEART PHOTO FRAME ,2125.1600000000003,916,123,2011-05-11,2011-12-02,206,4.45,fast_moving,5432755.82,0.00023847634659907051,0.6096405729067164,A,meduim_risk,81.84,medium,stable
23094,LE GRAND TRAY CHIC SET,1837.5,147,74,2011-05-11,2011-11-21,195,0.75,slow_moving,5434593.32,0.00020619637433218769,0.6098467692810486,A,low_risk,9.81,low,stable
23096,PETIT TRAY CHIC,1629.83,1007,117,2011-05-10,2011-12-05,210,4.8,fast_moving,5436223.15,0.000182892537021948,0.6100296618180705,A,meduim_risk,94.73,high,stable
23099,FRENCH CARRIAGE LANTERN,858.9000000000001,132,54,2011-05-16,2011-12-07,206,0.64,slow_moving,5437082.050000001,9.638207668784546e-05,0.6101260438947584,A,low_risk,10.28,low,stable
23100,SILVER BELLS TABLE DECORATION,2565.85,2093,213,2011-05-11,2011-12-08,212,9.87,fast_moving,5439647.9,0.0002879286895674796,0.6104139725843258,A,meduim_risk,215.91,high,stable
23101,SILVER STARS TABLE DECORATION,1574.6,1948,190,2011-05-12,2011-12-08,211,9.23,fast_moving,5441222.5,0.00017669486314202053,0.6105906674474678,A,meduim_risk,200.41,high,stable
23102,SILVER HEARTS TABLE DECORATION,1006.9499999999999,1245,139,2011-05-11,2011-12-04,208,5.99,fast_moving,5442229.45,0.00011299561313403885,0.6107036630606019,A,low_risk,99.17,high,stable
23103,BELL HEART DECORATION,387.0,252,9,2011-05-11,2011-09-12,125,2.02,medium_moving,5442616.45,4.342748128792198e-05,0.6107470905418898,A,High_risk,78.0,medium,stable
23103,JINGLE BELL HEART DECORATION,6069.15,3687,307,2011-05-12,2011-12-09,212,17.39,fast_moving,5448685.600000001,0.0006810540001513997,0.6114281445420413,A,meduim_risk,377.13,high,stable
23104,IVORY CAFE HANGING LAMP ,1330.5,114,43,2011-05-19,2011-12-07,203,0.56,slow_moving,5450016.100000001,0.00014930300737359223,0.6115774475494149,A,High_risk,14.66,low,stable
23104,IVORY PANTRY HANGING LAMP ,25.0,2,1,2011-05-11,2011-05-11,1,2.0,medium_moving,5450041.100000001,2.8053928480569754e-06,0.6115802529422629,A,,,,stable
23106,ZINC HEARTS PLANT POT HOLDER,746.15,275,49,2011-05-13,2011-12-08,210,1.31,medium_moving,5450787.250000001,8.372975494310849e-05,0.6116639826972061,A,low_risk,12.49,low,stable
23106,ZINC PLANT POT HOLDER,23.12,8,1,2011-05-13,2011-05-13,1,8.0,fast_moving,5450810.370000001,2.594427305883091e-06,0.611666577124512,A,,,,stable
23107,WHITE HEARTS WIRE PLANT POT HOLDER,873.5600000000001,324,59,2011-05-13,2011-12-08,210,1.54,medium_moving,5451683.930000001,9.802715905394607e-05,0.6117646042835658,A,low_risk,25.16,medium,stable
23107,WHITE WIRE PLANT POT HOLDER,46.24,16,2,2011-05-12,2011-05-26,15,1.07,medium_moving,5451730.170000001,5.188854611766182e-06,0.6117697931381777,A,,,,stable
23108,SET OF 10 LED DOLLY LIGHTS,12985.23,2194,351,2011-05-11,2011-12-08,212,10.35,fast_moving,5464715.400000001,0.0014571468548949952,0.6132269399930727,A,low_risk,173.99,high,stable
23109,LED TEA LIGHTS,1679.24,596,54,2011-05-11,2011-10-03,146,4.08,fast_moving,5466394.6400000015,0.0001884371154468478,0.6134153771085196,A,High_risk,113.67,high,stable
23109,PACK OF SIX LED TEA LIGHTS,4849.01,1729,174,2011-07-17,2011-12-08,145,11.92,fast_moving,5471243.650000001,0.0005441351189662702,0.6139595122274858,A,meduim_risk,210.42,high,stable
23110,PARISIENNE KEY CABINET ,3685.2,664,219,2011-05-11,2011-12-09,213,3.12,medium_moving,5474928.8500000015,0.00041353734894638265,0.6143730495764322,A,low_risk,33.92,medium,stable
23111,PARISIENNE SEWING BOX,3464.8,296,124,2011-05-11,2011-12-09,213,1.39,medium_moving,5478393.650000001,0.00038880500559791237,0.6147618545820301,A,low_risk,23.05,medium,stable
23112,PARISIENNE CURIO CABINET,3444.8,472,183,2011-05-11,2011-12-07,211,2.24,medium_moving,5481838.450000001,0.00038656069131946677,0.6151484152733495,A,low_risk,22.93,medium,stable
23113,PANTRY CHOPPING BOARD,5695.86,1138,43,2011-09-16,2011-12-07,83,13.71,fast_moving,5487534.310000001,0.0006391649963013522,0.615787580269651,A,High_risk,465.2,high,stable
23114,VINTAGE LEAF CHOPPING BOARD  ,684.0000000000001,144,41,2011-09-30,2011-12-07,69,2.09,medium_moving,5488218.310000001,7.675554832283887e-05,0.6158643358179738,A,High_risk,38.13,medium,stable
23115,RED APPLES CHOPPING BOARD   ,698.85,147,38,2011-09-30,2011-12-07,69,2.13,medium_moving,5488917.160000001,7.842195167458469e-05,0.6159427577696484,A,High_risk,36.05,medium,stable
23116,VEGETABLE GARDEN CHOPPING BOARD,327.6,72,17,2011-09-30,2011-12-05,67,1.07,medium_moving,5489244.760000001,3.6761867880938606e-05,0.6159795196375293,A,High_risk,23.58,medium,stable
23117,POPPY FIELDS CHOPPING BOARD,420.75,85,39,2011-09-30,2011-12-06,68,1.25,medium_moving,5489665.510000001,4.7214761632798895e-05,0.616026734399162,A,High_risk,21.67,medium,stable
23118,PARISIENNE JEWELLERY DRAWER ,5399.02,765,225,2011-05-10,2011-12-09,214,3.57,medium_moving,5495064.53,0.0006058548837806629,0.6166325892829426,A,low_risk,48.71,medium,stable
23119,PACK OF 6 LARGE FRUIT STRAWS ,1276.33,2156,116,2011-06-17,2011-12-05,172,12.53,fast_moving,5496340.86,0.00014322428215042237,0.616775813565093,A,meduim_risk,279.45,high,stable
23120,PACK OF 6 SMALL FRUIT STRAWS,657.6,1648,79,2011-06-17,2011-12-06,173,9.53,fast_moving,5496998.46,7.379305347529069e-05,0.6168496066185684,A,High_risk,278.24,high,stable
23121,PACK OF 6 COCKTAIL PARASOL STRAWS,960.42,2465,87,2011-06-17,2011-12-06,173,14.25,fast_moving,5497958.88,0.00010777421596523521,0.6169573808345336,A,High_risk,431.94,high,stable
23122,PARTY CHARMS 50 PIECES,1554.31,2093,94,2011-06-17,2011-12-09,176,11.89,fast_moving,5499513.1899999995,0.0001744180063065375,0.61713179884084,A,High_risk,350.97,high,stable
23123,COCKTAIL SWORDS 50 PIECES,706.0799999999999,900,68,2011-06-17,2011-12-08,175,5.14,fast_moving,5500219.27,7.923327128624276e-05,0.6172110321121262,A,low_risk,82.74,medium,stable
23124,18PC WOODEN CUTLERY SET DISPOSABLE,595.15,503,24,2011-06-17,2011-10-11,117,4.3,fast_moving,5500814.42,6.678518214084435e-05,0.6172778172942672,A,High_risk,136.89,high,stable
23125,6PC WOOD PLATE SET DISPOSABLE,443.25,405,16,2011-06-17,2011-11-27,164,2.47,medium_moving,5501257.67,4.9739615196050175e-05,0.6173275569094633,A,High_risk,154.74,high,stable
23126,DOLLCRAFT GIRL AMELIE,178.2,36,8,2011-03-08,2011-05-19,73,0.49,slow_moving,5501435.87,1.999684022095012e-05,0.6173475537496842,A,meduim_risk,10.58,low,stable
23126,DOLLCRAFT GIRL AMELIE KIT,294.7,66,8,2011-03-02,2011-05-19,79,0.84,medium_moving,5501730.57,3.3069970892895626e-05,0.6173806237205771,A,High_risk,29.46,medium,stable
23126,FELTCRAFT GIRL AMELIE KIT,4824.13,987,255,2011-03-03,2011-12-09,282,3.5,medium_moving,5506554.7,0.0005413431920038839,0.6179219669125809,A,low_risk,57.98,medium,stable
23127,DOLLCRAFT GIRL NICOLE,336.6,68,12,2011-03-02,2011-05-19,79,0.86,medium_moving,5506891.3,3.777180930623912e-05,0.6179597387218871,A,High_risk,32.33,medium,stable
23127,FELTCRAFT GIRL NICOLE KIT,3174.7400000000002,646,170,2011-03-03,2011-12-09,282,2.29,medium_moving,5510066.04,0.00035625571561761615,0.6183159944375048,A,low_risk,37.9,medium,stable
23128,DOLLCRAFT BOY JEAN-PAUL ,373.9,82,12,2011-03-04,2011-05-19,77,1.06,medium_moving,5510439.94,4.195745543554012e-05,0.6183579518929404,A,High_risk,38.7,medium,stable
23128,FELTCRAFT BOY JEAN-PAUL KIT,1735.98,354,117,2011-03-03,2011-12-08,281,1.26,medium_moving,5512175.920000001,0.00019480423505479795,0.6185527561279952,A,low_risk,18.03,low,stable
23129,HEART SHAPED HOLLY WREATH,3933.1800000000003,942,165,2011-05-18,2011-12-05,202,4.66,fast_moving,5516109.100000001,0.0004413646016848294,0.6189941207296801,A,High_risk,139.51,high,stable
23130,MISELTOE HEART WREATH ,312.8,80,5,2011-05-12,2011-10-05,147,0.54,slow_moving,5516421.9,3.5101075314888876e-05,0.6190292218049949,A,meduim_risk,28.28,medium,stable
23130,MISTLETOE HEART WREATH GREEN,3435.6200000000003,838,162,2011-05-01,2011-12-04,218,3.84,medium_moving,5519857.5200000005,0.00038553055106566026,0.6194147523560606,A,High_risk,110.84,high,stable
23131,MISELTOE HEART WREATH CREAM,996.0000000000001,240,1,2011-07-31,2011-07-31,1,240.0,fast_moving,5520853.5200000005,0.00011176685106658991,0.6195265192071272,A,,,,stable
23131,MISELTOE HEART WREATH WHITE,304.5,78,4,2011-05-12,2011-10-05,147,0.53,slow_moving,5521158.0200000005,3.4169684889333964e-05,0.6195606888920165,A,meduim_risk,29.7,medium,stable
23131,MISTLETOE HEART WREATH CREAM,2336.28,576,103,2011-04-26,2011-12-08,227,2.54,medium_moving,5523494.300000001,0.00026216732812234207,0.6198228562201389,A,meduim_risk,60.55,medium,stable
23132,SMALL IVORY HEART WALL ORGANISER,5069.58,1022,141,2011-04-19,2011-12-08,234,4.37,fast_moving,5528563.880000001,0.0005688865389861073,0.620391742759125,A,High_risk,116.86,high,stable
23133,LARGE IVORY HEART WALL ORGANISER,5142.91,759,134,2011-04-20,2011-12-08,233,3.26,medium_moving,5533706.790000001,0.000577115317288028,0.620968858076413,A,High_risk,90.6,medium,stable
23134,LARGE ZINC HEART WALL ORGANISER,6414.48,1064,37,2011-04-20,2011-09-18,152,7.0,fast_moving,5540121.270000001,0.0007198054526401802,0.6216886635290533,A,High_risk,198.72,high,stable
23135,SMALL ZINC HEART WALL ORGANISER,5378.8,1538,42,2011-04-19,2011-12-08,234,6.57,fast_moving,5545500.070000001,0.0006035858820451544,0.6222922494110984,A,High_risk,195.44,high,stable
23136,IVORY WIRE SWEETHEART LETTER TRAY,467.05,127,44,2011-04-21,2011-12-06,230,0.55,slow_moving,5545967.120000001,5.241034918740042e-05,0.6223446597602857,A,low_risk,6.37,low,stable
23137,ZINC WIRE SWEETHEART LETTER TRAY,253.24,80,20,2011-04-21,2011-12-07,231,0.35,slow_moving,5546220.360000001,2.841750739367794e-05,0.6223730772676795,A,meduim_risk,8.4,low,stable
23138,SINGLE WIRE HOOK IVORY HEART,1209.1499999999999,875,75,2011-04-21,2011-11-22,216,4.05,fast_moving,5547429.510000002,0.00013568563048912366,0.6225087628981687,A,High_risk,109.9,high,stable
23139,SINGLE WIRE HOOK PINK HEART,503.83,407,22,2011-04-21,2011-12-07,231,1.76,medium_moving,5547933.340000002,5.653764314546184e-05,0.6225653005413141,A,High_risk,87.26,medium,stable
23140,TRIPLE WIRE HOOK IVORY HEART,658.5400000000001,160,35,2011-04-19,2011-11-13,209,0.77,slow_moving,5548591.880000002,7.389853624637763e-05,0.6226391990775605,A,meduim_risk,14.91,low,stable
23141,TRIPLE WIRE HOOK PINK HEART,215.00000000000003,68,18,2011-04-19,2011-12-09,235,0.29,slow_moving,5548806.880000002,2.4126378493289992e-05,0.6226633254560539,A,meduim_risk,6.78,low,stable
23142,IVORY WIRE KITCHEN ORGANISER,1137.65,116,36,2011-04-21,2011-11-27,221,0.52,slow_moving,5549944.530000002,0.00012766220694368074,0.6227909876629976,A,High_risk,23.14,medium,stable
23143,ZINC WIRE KITCHEN ORGANISER,156.8,25,12,2011-05-04,2011-12-09,220,0.11,slow_moving,5550101.330000002,1.759542394301335e-05,0.6228085830869405,A,High_risk,6.2,low,stable
23144,ZINC T-LIGHT HOLDER STARS SMALL,3879.9799999999996,4894,237,2011-04-21,2011-12-08,232,21.09,fast_moving,5553981.310000002,0.0004353947257041641,0.6232439778126447,A,low_risk,343.36,high,stable
23145,ZINC T-LIGHT HOLDER STAR LARGE,1896.5399999999997,2030,148,2011-04-21,2011-12-09,233,8.71,fast_moving,5555877.850000002,0.00021282159008215903,0.6234567994027269,A,low_risk,134.49,high,stable
23145,ZINC T-LIGHT HOLDER STARS LARGE,22.799999999999997,24,2,2011-05-23,2011-07-18,57,0.42,slow_moving,5555900.650000002,2.558518277427961e-06,0.6234593579210043,A,low_risk,0.0,low,stable
23146,TRIPLE HOOK ANTIQUE IVORY ROSE,2535.89,781,211,2011-04-19,2011-12-05,231,3.38,medium_moving,5558436.540000002,0.00028456670677836813,0.6237439246277826,A,low_risk,46.94,medium,stable
23147,SINGLE ANTIQUE ROSE HOOK IVORY,2672.85,1845,250,2011-04-21,2011-12-08,232,7.95,fast_moving,5561109.3900000015,0.0002999357709571635,0.6240438603987397,A,low_risk,123.07,high,stable
23148,MINIATURE ANTIQUE ROSE HOOK IVORY,1715.6999999999998,2070,230,2011-04-21,2011-12-08,232,8.92,fast_moving,5562825.090000002,0.00019252850037645408,0.6242363888991163,A,low_risk,126.38,high,stable
23148,MINITURE ANTIQUE ROSE HOOK IVORY,40.8,48,4,2011-05-03,2011-05-24,22,2.18,medium_moving,5562865.8900000015,4.578401128028984e-06,0.6242409673002443,A,,,,stable
23149,ANTIQUE IVORY WIRE BOWL SMALL,241.53000000000003,97,19,2011-05-03,2011-11-29,211,0.46,slow_moving,5563107.420000002,2.7103461383648055e-05,0.6242680707616279,A,High_risk,17.66,low,stable
23150,IVORY SWEETHEART SOAP DISH,346.11,139,40,2011-04-21,2011-12-05,229,0.61,slow_moving,5563453.530000002,3.883898074563999e-05,0.6243069097423736,A,low_risk,7.81,low,stable
23151,ZINC SWEETHEART SOAP DISH,106.9,60,19,2011-05-05,2011-12-09,219,0.27,slow_moving,5563560.4300000025,1.1995859818291628e-05,0.6243189056021919,A,meduim_risk,8.06,low,stable
23152,IVORY SWEETHEART WIRE LETTER RACK ,2013.51,545,149,2011-04-20,2011-12-04,229,2.38,medium_moving,5565573.940000002,0.00022594746213964803,0.6245448530643315,A,low_risk,37.71,medium,stable
23153,ZINC SWEETHEART WIRE LETTER RACK,923.63,248,78,2011-04-18,2011-12-08,235,1.06,medium_moving,5566497.570000002,0.00010364579985003457,0.6246484988641816,A,low_risk,13.85,low,stable
23154,SET OF 4 JAM JAR MAGNETS,4986.49,2472,214,2011-03-25,2011-12-07,258,9.58,fast_moving,5571484.060000002,0.0005595625353163051,0.6252080613994979,A,low_risk,81.73,medium,stable
23155,KNICKERBOCKERGLORY MAGNET ASSORTED ,1679.34,2106,111,2011-03-25,2011-12-08,259,8.13,fast_moving,5573163.400000002,0.00018844833701824005,0.6253965097365162,A,meduim_risk,147.12,high,stable
23156,SET OF 5 MINI GROCERY MAGNETS,3311.78,1638,184,2011-03-25,2011-12-08,259,6.32,fast_moving,5576475.1800000025,0.00037163375705352524,0.6257681434935697,A,low_risk,79.76,medium,stable
23157,SET OF 6 NATIVITY MAGNETS ,5058.59,2543,145,2011-03-31,2011-11-29,244,10.42,fast_moving,5581533.770000002,0.0005676532882901014,0.6263357967818598,A,meduim_risk,322.18,high,stable
23158,SET OF 5 LUCKY CAT MAGNETS ,5121.4800000000005,2538,187,2011-03-25,2011-12-08,259,9.8,fast_moving,5586655.250000003,0.0005747105345386736,0.6269105073163985,A,low_risk,76.62,medium,stable
23159,SET OF 5 PANCAKE DAY MAGNETS,4620.97,2283,195,2011-03-25,2011-11-28,249,9.17,fast_moving,5591276.2200000025,0.0005185454475634337,0.6274290527639619,A,low_risk,88.61,medium,stable
23160,REGENCY TEA SPOON,1666.8,1404,60,2011-05-03,2011-11-25,207,6.78,fast_moving,5592943.020000002,0.00018704115196565467,0.6276160939159275,A,low_risk,110.77,high,stable
23161,REGENCY CAKE FORK,1896.6000000000001,1608,68,2011-05-03,2011-11-29,211,7.62,fast_moving,5594839.620000002,0.0002128283230249944,0.6278289222389525,A,low_risk,113.64,high,stable
23162,REGENCY TEA STRAINER,4789.24,1362,142,2011-04-27,2011-12-05,223,6.11,fast_moving,5599628.860000002,0.0005374279857451355,0.6283663502246977,A,meduim_risk,106.44,high,stable
23163,REGENCY SUGAR TONGS,3949.7000000000003,1714,134,2011-04-27,2011-12-08,226,7.58,fast_moving,5603578.560000002,0.00044321840527882547,0.6288095686299765,A,low_risk,108.08,high,stable
23164,REGENCY CAKE SLICE,2579.21,564,80,2011-05-03,2011-12-04,216,2.61,medium_moving,5606157.770000002,0.0002894278915054813,0.6290989965214819,A,meduim_risk,47.02,medium,stable
23165,LARGE CERAMIC TOP STORAGE JAR,4624.499999999999,2954,220,2011-05-12,2011-12-09,212,13.93,fast_moving,5610782.270000002,0.0005189415690335792,0.6296179380905156,A,low_risk,124.14,high,stable
23166,MEDIUM CERAMIC TOP STORAGE JAR,81416.73000000001,77916,195,2011-01-18,2011-12-09,326,239.01,fast_moving,5692199.000000003,0.009136236482167433,0.638754174572683,A,High_risk,24585.02,high,stable
23167,SMALL CERAMIC TOP STORAGE JAR ,4184.179999999999,5666,177,2011-05-11,2011-12-09,213,26.6,fast_moving,5696383.1800000025,0.00046953074587932137,0.6392237053185623,A,High_risk,750.81,high,stable
23168,CLASSIC CAFE SUGAR DISPENSER,3038.35,2634,208,2011-05-12,2011-12-09,212,12.42,fast_moving,5699421.530000002,0.00034095061439575646,0.6395646559329581,A,low_risk,129.64,high,stable
23168,CLASSIC SUGAR DISPENSER,247.32,216,12,2011-05-12,2011-06-30,50,4.32,fast_moving,5699668.850000002,2.7753190367258046e-05,0.6395924091233253,A,low_risk,67.88,medium,stable
23169,CLASSIC GLASS COOKIE JAR,5358.5,1334,248,2011-05-12,2011-12-06,209,6.38,fast_moving,5705027.350000002,0.0006013079030525321,0.6401937170263778,A,low_risk,102.84,high,stable
23169,CLASSIC GLASS SWEET JAR,479.45000000000005,119,14,2011-05-12,2011-08-11,92,1.29,medium_moving,5705506.800000003,5.380182404003668e-05,0.6402475188504179,A,High_risk,32.52,medium,stable
23170,REGENCY TEA PLATE ROSES ,10190.789999999999,6575,328,2011-05-10,2011-12-08,213,30.87,fast_moving,5715697.590000003,0.0011435667752820217,0.6413910856256999,A,meduim_risk,557.22,high,stable
23171,REGENCY TEA PLATE GREEN ,9184.9,5966,270,2011-05-10,2011-12-08,213,28.01,fast_moving,5724882.490000003,0.0010306901108047405,0.6424217757365047,A,meduim_risk,598.44,high,stable
23172,REGENCY TEA PLATE PINK,5793.28,3688,224,2011-05-10,2011-12-08,213,17.31,fast_moving,5730675.770000003,0.0006500970511516606,0.6430718727876564,A,meduim_risk,353.39,high,stable
23173,REGENCY TEAPOT ROSES ,23073.32,2666,354,2011-05-10,2011-12-09,214,12.46,fast_moving,5753749.090000004,0.0025891890763571988,0.6456610618640136,A,meduim_risk,273.9,high,stable
23174,REGENCY SUGAR BOWL GREEN,11575.54,2956,268,2011-05-10,2011-12-07,212,13.94,fast_moving,5765324.630000004,0.0012989574851358977,0.6469600193491496,A,meduim_risk,340.11,high,stable
23175,REGENCY MILK JUG PINK ,9008.0,3066,272,2011-05-10,2011-12-06,211,14.53,fast_moving,5774332.630000004,0.0010108391510118893,0.6479708585001615,A,meduim_risk,351.24,high,stable
23176,ABC TREASURE BOOK BOX ,4377.76,2090,186,2011-03-02,2011-12-08,282,7.41,fast_moving,5778710.390000003,0.0004912534637803962,0.6484621119639418,A,meduim_risk,160.75,high,stable
23177,TREASURE ISLAND BOOK BOX,5036.55,2431,214,2011-03-02,2011-12-05,279,8.71,fast_moving,5783746.940000003,0.0005651800539552544,0.649027292017897,A,meduim_risk,175.87,high,stable
23178,JAM CLOCK MAGNET,845.5,312,55,2011-03-03,2011-12-09,282,1.11,medium_moving,5784592.440000003,9.487838612128692e-05,0.6491221704040183,A,High_risk,35.75,medium,stable
23179,CLOCK MAGNET MUM'S KITCHEN,837.88,304,40,2011-03-03,2011-12-08,281,1.08,medium_moving,5785430.320000003,9.402330238119914e-05,0.6492161937063995,A,High_risk,44.38,medium,stable
23180,MUM'S KITCHEN CLOCK,471.90000000000003,104,36,2011-03-04,2011-12-08,280,0.37,slow_moving,5785902.220000003,5.295459539992347e-05,0.6492691483017995,A,meduim_risk,7.83,low,stable
23181,BULL DOG BOTTLE TOP WALL CLOCK,1484.25,185,69,2011-03-08,2011-12-01,269,0.69,slow_moving,5787386.470000003,0.00016655617338914264,0.6494357044751886,A,low_risk,8.55,low,stable
23182,TOILET SIGN OCCUPIED OR VACANT,2837.5699999999997,3414,254,2011-03-01,2011-12-09,284,12.02,fast_moving,5790224.040000004,0.00031841994335444124,0.6497541244185431,A,low_risk,171.63,high,stable
23183,MOTHER'S KITCHEN SPOON REST ,690.71,178,58,2011-03-03,2011-11-24,267,0.67,slow_moving,5790914.750000004,7.750851576325734e-05,0.6498316329343063,A,meduim_risk,15.82,low,stable
23184,BULL DOG BOTTLE OPENER,3749.5,778,197,2011-03-06,2011-12-09,279,2.79,medium_moving,5794664.250000004,0.0004207528193515852,0.650252385753658,A,low_risk,44.4,medium,stable
23185,FRENCH STYLE STORAGE JAR JAM,116.58999999999999,323,30,2011-03-04,2011-12-06,278,1.16,medium_moving,5794780.840000004,1.308323008619851e-05,0.6502654689837442,A,meduim_risk,32.41,medium,stable
23186,FRENCH STYLE STORAGE JAR CAFE ,819.4599999999999,1982,70,2011-03-08,2011-12-07,275,7.21,fast_moving,5795600.300000004,9.195628893075076e-05,0.6503574252726748,A,High_risk,245.82,high,stable
23187,FRENCH STYLE STORAGE JAR BONBONS,695.06,2338,74,2011-03-08,2011-11-03,241,9.7,fast_moving,5796295.360000003,7.799665411881925e-05,0.6504354219267936,A,meduim_risk,297.28,high,stable
23188,VINTAGE  2 METER FOLDING RULER,2904.1199999999994,1776,155,2011-06-14,2011-11-08,148,12.0,fast_moving,5799199.480000003,0.00032588789911596887,0.6507613098259096,A,low_risk,183.73,high,stable
23188,VINTAGE  2 METRE FOLDING RULER,2199.3399999999997,1322,127,2011-10-06,2011-12-08,64,20.66,fast_moving,5801398.820000003,0.0002468005082578251,0.6510081103341674,A,low_risk,257.4,high,stable
23189,SET OF 12 FORK CANDLES,3319.35,1215,113,2011-08-03,2011-12-08,128,9.49,fast_moving,5804718.170000003,0.00037248323000791685,0.6513805935641753,A,low_risk,134.74,high,stable
23190,BUNDLE OF 3 SCHOOL EXERCISE BOOKS  ,2691.14,1678,179,2011-05-09,2011-12-09,215,7.8,fast_moving,5807409.310000002,0.00030198819636480196,0.6516825817605401,A,low_risk,116.0,high,stable
23191,BUNDLE OF 3 RETRO EXERCISE BOOKS,98.99999999999999,60,5,2011-05-10,2011-05-22,13,4.62,fast_moving,5807508.310000002,1.1109355678305622e-05,0.6516936911162183,A,,,,stable
23191,BUNDLE OF 3 RETRO NOTE BOOKS,3421.3999999999996,2116,240,2011-05-10,2011-12-08,213,9.93,fast_moving,5810929.710000003,0.0003839348436136854,0.6520776259598321,A,low_risk,109.61,high,stable
23192,BUNDLE OF 3 ALPHABET EXERCISE BOOKS,5225.219999999999,3286,312,2011-05-11,2011-12-08,212,15.5,fast_moving,5816154.9300000025,0.0005863517927009707,0.652663977752533,A,low_risk,116.55,high,stable
23193,BUFFALO BILL TREASURE BOOK BOX,3768.57,1855,137,2011-03-02,2011-12-09,283,6.55,fast_moving,5819923.500000003,0.00042289277301608307,0.6530868705255491,A,meduim_risk,164.55,high,stable
23194,GYMKHANA TREASURE BOOK BOX,3426.83,1634,156,2011-03-03,2011-12-09,282,5.79,fast_moving,5823350.330000003,0.0003845441749402834,0.6534714147004894,A,meduim_risk,151.94,high,stable
23194,GYMKHANNA TREASURE BOOK BOX,261.84000000000003,120,14,2011-03-02,2011-09-05,188,0.64,slow_moving,5823612.170000003,2.938256253340954e-05,0.6535007972630228,A,High_risk,38.85,medium,stable
23196,LEAVES MAGNETIC  SHOPPING LIST,34.8,24,2,2011-07-01,2011-07-14,14,1.71,medium_moving,5823646.9700000025,3.905106844495309e-06,0.6535047023698674,A,,,,stable
23196,RETO LEAVES MAGNETIC SHOPPING LIST,52.199999999999996,36,3,2011-06-24,2011-09-22,91,0.4,slow_moving,5823699.170000003,5.857660266742964e-06,0.6535105600301341,A,low_risk,0.0,low,stable
23196,RETRO LEAVES MAGNETIC NOTEPAD,150.79999999999998,104,17,2011-06-23,2011-07-20,28,3.71,medium_moving,5823849.9700000025,1.6922129659479674e-05,0.6535274821597935,A,low_risk,2.83,low,stable
23196,VINTAGE LEAF MAGNETIC NOTEPAD,2247.0,1596,211,2011-07-06,2011-12-08,156,10.23,fast_moving,5826096.9700000025,0.00025214870918336096,0.653779630868977,A,low_risk,129.6,high,stable
23197,SKETCHBOOK MAGNETIC SHOPPING LIST,1921.24,1332,180,2011-06-23,2011-12-09,170,7.84,fast_moving,5828018.210000003,0.00021559331821603936,0.6539952241871929,A,low_risk,91.4,medium,stable
23197,VEGETABLE MAGNETIC  SHOPPING LIST,49.8,36,3,2011-06-24,2011-07-29,36,1.0,medium_moving,5828068.010000003,5.588342553329495e-06,0.6540008125297463,A,low_risk,8.49,low,stable
23198,PANTRY MAGNETIC  SHOPPING LIST,4346.99,3067,374,2011-06-22,2011-12-09,171,17.94,fast_moving,5832415.000000003,0.00048780058626300763,0.6544886131160093,A,low_risk,201.31,high,stable
23199,JUMBO BAG APPLES,26451.260000000002,13887,718,2011-04-11,2011-12-09,243,57.15,fast_moving,5858866.260000003,0.0029682470250438223,0.6574568601410531,A,low_risk,783.64,high,stable
23200,JUMBO BAG PEARS,13043.24,6733,470,2011-05-08,2011-12-07,214,31.46,fast_moving,5871909.500000003,0.0014636564884596265,0.6589205166295128,A,low_risk,398.74,high,stable
23201,JUMBO BAG ALPHABET,24175.0,12540,752,2011-04-11,2011-12-09,243,51.6,fast_moving,5896084.500000003,0.0027128148840710954,0.6616333315135838,A,low_risk,525.02,high,stable
23202,JUMBO BAG VINTAGE LEAF,20963.93,10716,772,2011-05-08,2011-12-08,215,49.84,fast_moving,5917048.4300000025,0.0023524823715666827,0.6639858138851505,A,low_risk,447.69,high,stable
23203,JUMBO BAG DOILEY PATTERNS,16741.260000000002,8737,454,2011-05-08,2011-11-09,186,46.97,fast_moving,5933789.690000002,0.001878632442858493,0.665864446328009,A,meduim_risk,1072.76,high,stable
23203,JUMBO BAG VINTAGE DOILEY ,268.44,143,6,2011-08-04,2011-08-09,6,23.83,fast_moving,5934058.130000003,3.012318624529658e-05,0.6658945695142543,A,,,,stable
23203,JUMBO BAG VINTAGE DOILY ,20674.68,10636,621,2011-08-05,2011-12-09,127,83.75,fast_moving,5954732.810000002,0.0023200239763146637,0.6682145934905689,A,low_risk,914.03,high,stable
23204,CHARLOTTE BAG APPLES DESIGN,5632.15,7039,425,2011-04-11,2011-12-09,243,28.97,fast_moving,5960364.960000003,0.0006320157331673637,0.6688466092237363,A,low_risk,369.44,high,stable
23205,CHARLOTTE BAG ALPHABET  DESIGN,320.5,400,22,2011-04-12,2011-06-06,56,7.14,fast_moving,5960685.460000003,3.5965136312090425e-05,0.6688825743600484,A,meduim_risk,102.63,high,stable
23205,CHARLOTTE BAG VINTAGE ALPHABET ,3786.22,4752,323,2011-04-11,2011-12-09,243,19.56,fast_moving,5964471.6800000025,0.00042487338036681127,0.6693074477404152,A,low_risk,235.74,high,stable
23206,LUNCH BAG APPLE DESIGN,18278.25,11565,866,2011-04-11,2011-12-08,242,47.79,fast_moving,5982749.9300000025,0.0020511068729998964,0.6713585546134151,A,low_risk,546.3,high,stable
23207,LUNCH BAG ALPHABET DESIGN,12029.06,7554,647,2011-04-11,2011-12-09,243,31.09,fast_moving,5994778.990000002,0.0013498495557139297,0.672708404169129,A,low_risk,482.17,high,stable
23208,LUNCH BAG VINTAGE LEAF DESIGN,10006.45,6225,597,2011-04-12,2011-12-08,241,25.83,fast_moving,6004785.440000002,0.0011228809305775889,0.6738312850997066,A,low_risk,204.04,high,stable
23209,LUNCH BAG DOILEY PATTERN ,10331.3,6482,464,2011-05-08,2011-10-21,167,38.81,fast_moving,6015116.740000002,0.001159334205245241,0.6749906193049519,A,meduim_risk,1022.9,high,stable
23209,LUNCH BAG VINTAGE DOILEY ,115.5,70,4,2011-08-09,2011-08-12,4,17.5,fast_moving,6015232.240000002,1.2960914958023227e-05,0.6750035802199098,A,,,,stable
23209,LUNCH BAG VINTAGE DOILY ,10370.76,6452,538,2011-08-05,2011-12-08,126,51.21,fast_moving,6025603.000000002,0.0011637622373166143,0.6761673424572264,A,low_risk,509.37,high,stable
23210,WHITE ROCKING HORSE HAND PAINTED,3377.75,2803,154,2011-06-02,2011-12-09,191,14.68,fast_moving,6028980.750000002,0.00037903662770097797,0.6765463790849274,A,meduim_risk,306.93,high,stable
23211,RED ROCKING HORSE HAND PAINTED,2634.0,2208,116,2011-06-02,2011-12-08,190,11.62,fast_moving,6031614.750000002,0.00029557619047128293,0.6768419552753987,A,low_risk,182.33,high,stable
23212,HEART WREATH DECORATION WITH BELL,2567.63,2167,144,2011-06-02,2011-12-08,190,11.41,fast_moving,6034182.380000002,0.0002881284335382613,0.6771300837089369,A,low_risk,172.46,high,stable
23212,PAINTED HEART WREATH WITH BELL,15.0,12,1,2011-09-11,2011-09-11,1,12.0,fast_moving,6034197.380000002,1.6832357088341853e-06,0.6771317669446458,A,,,,stable
23213,STAR WREATH DECORATION WITH BELL,1923.19,1595,121,2011-06-02,2011-12-08,190,8.39,fast_moving,6036120.570000002,0.0002158121388581878,0.677347579083504,A,meduim_risk,176.69,high,stable
23214,BELL HEART ANTIQUE GOLD,24.96,12,1,2011-07-01,2011-07-01,1,12.0,fast_moving,6036145.530000002,2.8009042195000843e-06,0.6773503799877235,A,,,,stable
23214,JINGLE BELL HEART ANTIQUE GOLD,1610.27,765,91,2011-06-01,2011-12-08,191,4.01,fast_moving,6037755.800000002,0.00018069759765762823,0.6775310775853811,A,meduim_risk,93.69,medium,stable
23215,JINGLE BELL HEART ANTIQUE SILVER,6962.04,3547,197,2011-06-01,2011-12-09,192,18.47,fast_moving,6044717.840000002,0.0007812502889554634,0.6783123278743366,A,High_risk,532.25,high,stable
23216,LAUREL HEART ANTIQUE GOLD,613.51,518,40,2011-06-02,2011-12-06,188,2.76,medium_moving,6045331.3500000015,6.88454626484574e-05,0.678381173336985,A,High_risk,84.21,medium,stable
23217,LAUREL HEART ANTIQUE SILVER,1567.0,1290,84,2011-06-02,2011-12-06,188,6.86,fast_moving,6046898.3500000015,0.00017584202371621123,0.6785570153607012,A,meduim_risk,138.66,high,stable
23218,LAUREL STAR ANTIQUE GOLD,465.81,372,33,2011-07-18,2011-12-01,137,2.72,medium_moving,6047364.160000001,5.227120170213679e-05,0.6786092865624033,A,meduim_risk,58.89,medium,stable
23219,LAUREL STAR ANTIQUE SILVER ,504.6,404,49,2011-06-02,2011-12-06,188,2.15,medium_moving,6047868.760000001,5.6624049245181994e-05,0.6786659106116484,A,meduim_risk,53.36,medium,stable
23220,REINDEER HEART DECORATION GOLD,775.26,930,77,2011-06-09,2011-12-08,183,5.08,fast_moving,6048644.0200000005,8.699635437538603e-05,0.6787529069660238,A,meduim_risk,132.37,high,stable
23221,REINDEER HEART DECORATION SILVER,1241.59,1461,110,2011-06-02,2011-12-08,190,7.69,fast_moving,6049885.61,0.0001393259082487624,0.6788922328742726,A,meduim_risk,201.2,high,stable
23222,CHRISTMAS TREE HANGING GOLD,690.64,776,64,2011-06-23,2011-12-08,169,4.59,fast_moving,6050576.25,7.750066066328278e-05,0.6789697335349357,A,meduim_risk,114.41,high,stable
23223,CHRISTMAS TREE HANGING SILVER ,671.77,747,67,2011-06-23,2011-12-08,169,4.42,fast_moving,6051248.02,7.538315014156938e-05,0.6790451166850773,A,meduim_risk,102.1,high,stable
23224,CHERUB HEART DECORATION GOLD,620.4499999999999,719,59,2011-06-02,2011-12-08,190,3.78,medium_moving,6051868.47,6.962423970307801e-05,0.6791147409247804,A,High_risk,101.6,high,stable
23225,CHERUB HEART DECORATION SILVER ,1090.4299999999998,1297,69,2011-06-02,2011-12-05,187,6.94,fast_moving,6052958.899999999,0.00012236338093227068,0.6792371043057126,A,High_risk,198.56,high,stable
23226,FILIGREE HEART DAISY WHITE,1478.59,1199,71,2011-05-31,2011-12-05,189,6.34,fast_moving,6054437.489999999,0.00016592103244834251,0.679403025338161,A,meduim_risk,104.56,high,stable
23227,FILIGREE HEART BUTTERFLY WHITE ,1947.06,1592,87,2011-05-26,2011-12-08,197,8.08,fast_moving,6056384.549999999,0.00021849072794951258,0.6796215160661104,A,low_risk,124.2,high,stable
23228,FILIGREE HEART BIRD WHITE ,1726.3,1397,78,2011-05-26,2011-12-08,197,7.09,fast_moving,6058110.849999999,0.00019371798694403026,0.6798152340530544,A,low_risk,110.57,high,stable
23229,DONKEY TAIL GAME ,189.54000000000002,54,4,2011-06-14,2011-09-22,101,0.53,slow_moving,6058300.389999999,2.1269366416828766e-05,0.6798365034194712,A,High_risk,15.0,low,stable
23229,VINTAGE DONKEY TAIL GAME ,6146.89,1750,215,2011-06-14,2011-12-09,179,9.78,fast_moving,6064447.279999998,0.0006897776497517177,0.680526281069223,A,low_risk,113.5,high,stable
23230,WRAP ALPHABET DESIGN,3207.0,7950,232,2011-01-13,2011-12-08,330,24.09,fast_moving,6067654.279999998,0.0003598757945487488,0.6808861568637717,A,low_risk,330.55,high,stable
23231,WRAP  VINTAGE DOILEY ,42.0,100,2,2011-08-05,2011-08-09,5,20.0,fast_moving,6067696.279999998,4.713059984735719e-06,0.6808908699237565,A,,,,stable
23231,WRAP  VINTAGE DOILY ,1029.0,2450,93,2011-08-09,2011-12-08,122,20.08,fast_moving,6068725.279999998,0.00011546996962602512,0.6810063398933824,A,low_risk,243.41,high,stable
23231,WRAP DOILEY DESIGN,1915.5,4675,162,2011-01-12,2011-08-18,219,21.35,fast_moving,6070640.779999998,0.00021494920001812547,0.6812212890934006,A,low_risk,227.54,high,stable
23232,WRAP VINTAGE LEAF DESIGN,2140.92,5326,134,2011-06-22,2011-12-08,170,31.33,fast_moving,6072781.699999998,0.0002402448662504856,0.681461533959651,A,low_risk,432.61,high,stable
23232,WRAP VINTAGE PETALS  DESIGN,1338.0,3300,104,2011-01-17,2011-07-24,189,17.46,fast_moving,6074119.699999998,0.00015014462522800932,0.681611678584879,A,low_risk,259.18,high,stable
23233,WRAP POPPIES  DESIGN,2105.5,5175,158,2011-01-16,2011-12-08,327,15.83,fast_moving,6076225.199999998,0.00023627018566335848,0.6818479487705424,A,meduim_risk,283.27,high,stable
23234,BISCUIT TIN VINTAGE CHRISTMAS,4576.05,1635,232,2011-06-14,2011-12-08,178,9.19,fast_moving,6080801.249999998,0.000513504717694045,0.6823614534882364,A,meduim_risk,164.08,high,stable
23235,BISCUIT TIN VINTAGE LEAF,64.56,24,3,2011-06-14,2011-07-21,38,0.63,slow_moving,6080865.809999998,7.244646490822333e-06,0.6823686981347272,A,low_risk,0.0,low,stable
23235,STORAGE TIN VINTAGE LEAF,1838.13,705,93,2011-06-08,2011-12-09,185,3.81,medium_moving,6082703.939999998,0.00020626707023195875,0.6825749652049592,A,meduim_risk,103.47,high,stable
23236,DOILEY BISCUIT TIN,327.6,120,13,2011-06-09,2011-09-14,98,1.22,medium_moving,6083031.539999997,3.6761867880938606e-05,0.6826117270728401,A,High_risk,48.0,medium,stable
23236,DOILEY STORAGE TIN,2934.98,1082,112,2011-06-08,2011-11-10,156,6.94,fast_moving,6085966.519999998,0.0003293508760476105,0.6829410779488877,A,High_risk,210.91,high,stable
23236,STORAGE TIN VINTAGE DOILEY ,17.34,6,1,2011-08-09,2011-08-09,1,6.0,fast_moving,6085983.859999998,1.945820479412318e-06,0.6829430237693671,A,,,,stable
23236,STORAGE TIN VINTAGE DOILY ,3548.39,1251,158,2011-08-05,2011-12-08,126,9.93,fast_moving,6089532.249999997,0.00039818511712467564,0.6833412088864917,A,meduim_risk,187.45,high,stable
23237,SET OF 4 KNICK KNACK TINS LEAF,2975.0,740,116,2011-07-05,2011-12-09,158,4.68,fast_moving,6092507.249999997,0.0003338417489187801,0.6836750506354106,A,low_risk,49.24,medium,stable
23237,SET OF 4 KNICK KNACK TINS LEAVES ,1237.2,304,53,2011-06-08,2011-09-30,115,2.64,medium_moving,6093744.449999997,0.00013883328126464362,0.6838138839166752,A,High_risk,120.36,high,stable
23238,SET OF 4 KNICK KNACK TINS LONDON ,7170.6,1788,233,2011-06-07,2011-12-09,186,9.61,fast_moving,6100915.049999997,0.000804653998251094,0.6846185379149262,A,low_risk,77.85,medium,stable
23239,SET OF 4 KNICK KNACK TINS POPPIES,3188.05,823,155,2011-06-08,2011-12-09,185,4.45,fast_moving,6104103.099999997,0.0003577493067699217,0.6849762872216961,A,low_risk,58.3,medium,stable
23240,SET OF 4 KNICK KNACK TINS  DOILEY ,24.900000000000002,6,1,2011-08-09,2011-08-09,1,6.0,fast_moving,6104127.999999997,2.794171276664748e-06,0.6849790813929729,A,,,,stable
23240,SET OF 4 KNICK KNACK TINS DOILEY ,7136.85,1803,172,2011-06-07,2011-10-06,122,14.78,fast_moving,6111264.849999997,0.000800866717906217,0.6857799481108791,A,High_risk,353.49,high,stable
23240,SET OF 4 KNICK KNACK TINS DOILY ,9270.5,2294,312,2011-08-05,2011-12-09,127,18.06,fast_moving,6120535.349999997,0.0010402957759164876,0.6868202438867955,A,low_risk,203.77,high,stable
23241,TREASURE TIN GYMKHANA DESIGN,4099.52,2024,284,2011-06-08,2011-12-08,184,11.0,fast_moving,6124634.869999996,0.0004600305635386613,0.6872802744503341,A,low_risk,119.73,high,stable
23242,TREASURE TIN BUFFALO BILL ,2898.56,1436,187,2011-06-08,2011-12-07,183,7.85,fast_moving,6127533.429999996,0.00032526397974656107,0.6876055384300807,A,low_risk,99.02,high,stable
23243,SET OF TEA COFFEE SUGAR TINS PANTRY,22133.83,4663,385,2011-06-08,2011-12-09,185,25.21,fast_moving,6149667.259999996,0.002483763535284357,0.690089301965365,A,High_risk,650.3,high,stable
23244,CANNISTER VINTAGE LEAF DESIGN,23.4,12,2,2011-06-14,2011-06-14,1,12.0,fast_moving,6149690.659999996,2.625847705781329e-06,0.6900919278130708,A,,,,stable
23244,ROUND STORAGE TIN VINTAGE LEAF,1552.5099999999998,853,96,2011-06-08,2011-12-07,183,4.66,fast_moving,6151243.169999996,0.00017421601802147736,0.6902661438310923,A,low_risk,76.29,medium,stable
23244,STORAGE TIN VINTAGE LEAF,117.0,60,7,2011-06-09,2011-09-22,106,0.57,slow_moving,6151360.169999996,1.3129238528906646e-05,0.6902792730696212,A,meduim_risk,103.47,high,stable
23245,SET OF 3 REGENCY CAKE TINS,26625.68,5856,718,2011-06-08,2011-12-09,185,31.65,fast_moving,6177985.849999996,0.002987819689866146,0.6932670927594873,A,low_risk,396.94,high,stable
23247,BISCUIT TIN 50'S CHRISTMAS,5795.2,2060,271,2011-06-08,2011-12-08,184,11.2,fast_moving,6183781.049999996,0.0006503125053223914,0.6939174052648097,A,meduim_risk,240.0,high,stable
23249,ENAMEL DINNER PLATE PANTRY,19.799999999999997,12,1,2011-09-06,2011-09-06,1,12.0,fast_moving,6183800.849999996,2.2218711356611243e-06,0.6939196271359453,A,,,,stable
23249,VINTAGE RED ENAMEL TRIM PLATE,1274.6999999999998,790,67,2011-06-14,2011-12-07,177,4.46,fast_moving,6185075.549999996,0.00014304137053672904,0.6940626685064821,A,low_risk,69.28,medium,stable
23250,ENAMEL BOWL PANTRY,30.0,24,2,2011-07-14,2011-09-06,55,0.44,slow_moving,6185105.549999996,3.3664714176683707e-06,0.6940660349778998,A,low_risk,0.0,low,stable
23250,VINTAGE RED TRIM ENAMEL BOWL ,1328.59,1079,87,2011-06-14,2011-12-08,178,6.06,fast_moving,6186434.139999996,0.00014908867536000066,0.6942151236532598,A,low_risk,68.74,medium,stable
23251,ENAMEL MUG PANTRY,15.0,12,1,2011-07-14,2011-07-14,1,12.0,fast_moving,6186449.139999996,1.6832357088341853e-06,0.6942168068889686,A,,,,stable
23251,VINTAGE RED ENAMEL TRIM MUG ,1941.7,1634,101,2011-06-14,2011-12-09,179,9.13,fast_moving,6188390.839999996,0.00021788925172288917,0.6944346961406915,A,low_risk,91.81,medium,stable
23252,ENAMEL JUG PANTRY,30.0,8,2,2011-07-14,2011-09-06,55,0.15,slow_moving,6188420.839999996,3.3664714176683707e-06,0.6944380626121092,A,low_risk,0.0,low,stable
23252,VINTAGE RED ENAMEL TRIM JUG ,2138.34,582,123,2011-06-12,2011-12-08,180,3.23,medium_moving,6190559.179999996,0.00023995534970856614,0.6946780179618177,A,low_risk,49.02,medium,stable
23253,16 PC CUTLERY SET PANTRY DESIGN,63.8,4,1,2011-05-24,2011-05-24,1,4.0,fast_moving,6190622.979999996,7.1593625482414015e-06,0.694685177324366,A,,,,stable
23253,16 PIECE CUTLERY SET PANTRY DESIGN,3018.2999999999997,210,46,2011-04-21,2011-12-08,232,0.91,medium_moving,6193641.279999996,0.00033870068933161473,0.6950238780136976,A,High_risk,23.33,medium,stable
23254,CHILDRENS CUTLERY DOLLY GIRL ,6554.6,1628,268,2011-04-07,2011-12-09,247,6.59,fast_moving,6200195.879999995,0.0007355291184749701,0.6957594071321724,A,low_risk,105.11,high,stable
23254,KIDS CUTLERY DOLLY GIRL ,149.4,36,8,2011-04-12,2011-09-30,172,0.21,slow_moving,6200345.279999996,1.6765027659988486e-05,0.6957761721598326,A,meduim_risk,7.57,low,stable
23255,CHILDRENS CUTLERY CIRCUS PARADE,3856.59,963,143,2011-04-10,2011-12-09,244,3.95,medium_moving,6204201.869999995,0.00043277000015552204,0.696208942159988,A,low_risk,53.3,medium,stable
23256,CHILDRENS CUTLERY SPACEBOY ,7974.38,1982,316,2011-04-07,2011-12-09,247,8.02,fast_moving,6212176.249999995,0.0008948507447875434,0.6971037929047755,A,low_risk,102.82,high,stable
23256,KIDS CUTLERY SPACEBOY ,149.4,36,8,2011-04-12,2011-09-30,172,0.21,slow_moving,6212325.649999996,1.6765027659988486e-05,0.6971205579324355,A,meduim_risk,7.57,low,stable
23263,SET OF 3 WOODEN HEART DECORATIONS,4829.08,3747,389,2011-06-02,2011-12-08,190,19.72,fast_moving,6217154.729999996,0.0005418986597877991,0.6976624565922234,A,low_risk,340.64,high,stable
23264,SET OF 3 WOODEN SLEIGH DECORATIONS,2400.45,1845,249,2011-06-12,2011-12-08,180,10.25,fast_moving,6219555.179999996,0.00026936821048473465,0.6979318248027081,A,meduim_risk,240.51,high,stable
23265,SET OF 3 WOODEN TREE DECORATIONS,2172.46,1680,246,2011-06-12,2011-12-08,180,9.33,fast_moving,6221727.639999996,0.00024378414986759428,0.6981756089525757,A,meduim_risk,228.47,high,stable
23266,SET OF 3 WOODEN STOCKING DECORATION,2543.39,1975,274,2011-06-12,2011-12-08,180,10.97,fast_moving,6224271.029999996,0.00028540832463278524,0.6984610172772084,A,meduim_risk,235.97,high,stable
23267,SET OF 4 SANTA PLACE SETTINGS,1427.34,1158,91,2011-06-23,2011-12-08,169,6.85,fast_moving,6225698.369999995,0.0001601699771098257,0.6986211872543183,A,meduim_risk,152.12,high,stable
23268,SET OF 2 CERAMIC CHRISTMAS REINDEER,1981.6299999999999,1435,78,2011-06-12,2011-11-20,162,8.86,fast_moving,6227679.999999995,0.00022237002517980575,0.6988435572794981,A,High_risk,256.78,high,stable
23269,SET OF 2 CERAMIC CHRISTMAS TREES,1075.55,755,76,2011-06-12,2011-12-08,180,4.19,fast_moving,6228755.549999995,0.0001206936111091072,0.6989642508906072,A,High_risk,131.09,high,stable
23270,SET OF 2 CERAMIC PAINTED HEARTS ,1625.8999999999999,1166,118,2011-06-02,2011-12-09,191,6.1,fast_moving,6230381.4499999955,0.00018245152926623344,0.6991467024198734,A,meduim_risk,116.27,high,stable
23271,CHRISTMAS TABLE CANDLE SILVER SPIKE,13.28,16,1,2011-06-13,2011-06-13,1,16.0,fast_moving,6230394.729999996,1.4902246808878653e-06,0.6991481926445544,A,,,,stable
23271,CHRISTMAS TABLE SILVER CANDLE SPIKE,1303.54,1606,74,2011-06-24,2011-12-07,167,9.62,fast_moving,6231698.269999996,0.0001462776717262476,0.6992944703162806,A,meduim_risk,240.11,high,stable
23272,TREE T-LIGHT HOLDER WILLIE WINKIE,522.7399999999999,352,35,2011-06-22,2011-12-09,171,2.06,medium_moving,6232221.009999996,5.8659642295732126e-05,0.6993531299585763,A,low_risk,29.08,medium,stable
23273,HEART T-LIGHT HOLDER WILLIE WINKIE,1533.84,928,97,2011-06-05,2011-12-06,185,5.02,fast_moving,6233754.849999996,0.00017212095064254843,0.6995252509092189,A,low_risk,84.31,medium,stable
23274,STAR T-LIGHT HOLDER WILLIE WINKIE,1875.0599999999997,1142,98,2011-06-05,2011-12-09,188,6.07,fast_moving,6235629.9099999955,0.00021041119654710848,0.699735662105766,A,meduim_risk,150.85,high,stable
23275,SET OF 3 HANGING OWLS OLLIE BEAK,4327.42,3642,270,2011-06-02,2011-12-09,191,19.07,fast_moving,6239957.329999995,0.00048560452474154866,0.7002212666305075,A,meduim_risk,470.6,high,stable
23280,FOLDING BUTTERFLY MIRROR HOT PINK ,1427.99,1839,128,2011-05-09,2011-12-08,214,8.59,fast_moving,6241385.319999996,0.00016024291732387523,0.7003815095478314,A,low_risk,129.71,high,stable
23280,FOLDING MIRROR HOT PINK ,118.91999999999999,156,5,2011-05-11,2011-09-19,132,1.18,medium_moving,6241504.239999996,1.334469269963742e-05,0.700394854240531,A,High_risk,93.34,medium,stable
23281,FOLDING BUTTERFLY MIRROR RED  ,961.28,1252,89,2011-05-10,2011-12-08,213,5.88,fast_moving,6242465.519999996,0.00010787072147920838,0.7005027249620103,A,meduim_risk,120.95,high,stable
23281,FOLDING MIRROR RED  ,14.939999999999998,18,2,2011-05-13,2011-05-13,1,18.0,fast_moving,6242480.459999996,1.6765027659988483e-06,0.7005044014647763,A,,,,stable
23282,FOLDING BUTTERFLY MIRROR IVORY ,597.78,735,100,2011-05-09,2011-12-05,211,3.48,medium_moving,6243078.2399999965,6.708030946845995e-05,0.7005714817742448,A,low_risk,59.51,medium,stable
23282,FOLDING MIRROR IVORY ,14.939999999999998,18,2,2011-05-13,2011-05-13,1,18.0,fast_moving,6243093.179999997,1.6765027659988483e-06,0.7005731582770108,A,,,,stable
23283,DOORMAT VINTAGE LEAF,3766.57,541,121,2011-07-07,2011-12-08,155,3.49,medium_moving,6246859.749999997,0.0004226683415882385,0.7009958266185992,A,low_risk,54.56,medium,stable
23283,DOORMAT VINTAGE LEAVES DESIGN ,2833.7000000000003,426,88,2011-04-27,2011-07-24,89,4.79,fast_moving,6249693.449999997,0.0003179856685415621,0.7013138122871407,A,High_risk,139.69,high,stable
23284,DOORMAT KEEP CALM AND COME IN,35913.85,5342,648,2011-04-27,2011-12-08,226,23.64,fast_moving,6285607.299999997,0.00403009831744764,0.7053439106045883,A,meduim_risk,478.33,high,stable
23285,PINK VINTAGE SPOT BEAKER,4384.83,4679,132,2011-06-12,2011-12-02,174,26.89,fast_moving,6289992.129999997,0.0004920468288778267,0.7058359574334662,A,High_risk,744.66,high,stable
23286,BLUE VINTAGE SPOT BEAKER,4528.29,4901,164,2011-06-12,2011-12-07,179,27.38,fast_moving,6294520.419999997,0.0005081452951971169,0.7063441027286632,A,High_risk,710.97,high,stable
23287,RED VINTAGE SPOT BEAKER,1452.3,1782,146,2011-06-13,2011-12-06,177,10.07,fast_moving,6295972.719999997,0.0001629708813293258,0.7065070736099925,A,meduim_risk,209.0,high,stable
23288,GREEN VINTAGE SPOT BEAKER,4261.889999999999,4505,134,2011-06-12,2011-12-05,177,25.45,fast_moving,6300234.609999997,0.00047825102900822167,0.7069853246390008,A,High_risk,743.81,high,stable
23289,DOLLY GIRL CHILDRENS BOWL,1854.8500000000001,1553,141,2011-06-13,2011-12-07,178,8.72,fast_moving,6302089.459999996,0.00020814331696873925,0.7071934679559695,A,low_risk,129.34,high,stable
23290,SPACEBOY CHILDRENS BOWL,2757.15,2367,174,2011-06-13,2011-12-08,179,13.22,fast_moving,6304846.609999997,0.0003093955556408116,0.7075028635116103,A,low_risk,107.29,high,stable
23291,DOLLY GIRL CHILDRENS CUP,1881.39,1549,144,2011-06-13,2011-12-08,179,8.65,fast_moving,6306727.999999996,0.00021112152201623654,0.7077139850336265,A,low_risk,128.4,high,stable
23292,SPACE BOY CHILDRENS CUP,143.3,130,5,2011-06-13,2011-06-23,11,11.82,fast_moving,6306871.299999996,1.6080511805062586e-05,0.7077300655454315,A,,,,stable
23292,SPACEBOY CHILDRENS CUP,2344.32,1952,159,2011-06-17,2011-12-08,175,11.15,fast_moving,6309215.619999996,0.0002630695424622772,0.7079931350878939,A,low_risk,113.43,high,stable
23293,SET OF 12 FAIRY CAKE BAKING CASES,6469.45,8243,465,2011-07-12,2011-12-09,151,54.59,fast_moving,6315685.069999997,0.0007259739504344879,0.7087191090383284,A,low_risk,598.75,high,stable
23294,SET OF 6 SNACK LOAF BAKING CASES,3360.18,4292,291,2011-07-12,2011-12-07,149,28.81,fast_moving,6319045.249999996,0.0003770649976073635,0.7090961740359357,A,low_risk,448.2,high,stable
23295,SET OF 12 MINI LOAF BAKING CASES,4675.61,5963,359,2011-07-12,2011-12-08,150,39.75,fast_moving,6323720.859999997,0.000524676914172147,0.7096208509501079,A,low_risk,440.1,high,stable
23296,SET OF 6 TEA TIME BAKING CASES,5687.150000000001,4879,319,2011-07-12,2011-12-08,150,32.53,fast_moving,6329408.009999997,0.0006381875974330891,0.710259038547541,A,meduim_risk,558.58,high,stable
23297,SET 40 HEART SHAPE PETIT FOUR CASES,6677.0,4260,140,2011-07-12,2011-11-22,134,31.79,fast_moving,6336085.009999997,0.000749264321859057,0.7110083028694001,A,High_risk,884.88,high,stable
23298,"BUNTING , SPOTTY ",634.7,146,7,2011-05-06,2011-06-24,50,2.92,medium_moving,6336719.709999997,7.12233136264705e-05,0.7110795261830265,A,High_risk,94.75,high,stable
23298,SPOTTY BUNTING,35539.25,7639,1003,2011-05-04,2011-12-09,220,34.72,fast_moving,6372258.959999997,0.0039880623110123544,0.715067588494039,A,low_risk,487.73,high,stable
23299,"FOOD COVER WITH BEADS , SET 2 SIZES",11.25,3,1,2011-05-08,2011-05-08,1,3.0,medium_moving,6372270.209999997,1.262426781625639e-06,0.7150688509208205,A,,,,stable
23299,FOOD COVER WITH BEADS SET 2 ,3556.42,980,121,2011-05-04,2011-11-29,210,4.67,fast_moving,6375826.629999997,0.0003990862093074716,0.715467937130128,A,High_risk,159.45,high,stable
23300,GARDENERS KNEELING PAD CUP OF TEA ,9963.39,6303,635,2011-05-15,2011-12-09,209,30.16,fast_moving,6385790.019999997,0.0011180489219360956,0.716585986052064,A,low_risk,288.55,high,stable
23301,GARDENERS KNEELING PAD KEEP CALM ,12493.48,7740,756,2011-05-15,2011-12-09,209,37.03,fast_moving,6398283.499999997,0.0014019647775737145,0.7179879508296378,A,low_risk,529.76,high,stable
23302,KNEELING MAT HOUSEWORK  DESIGN,1993.9099999999999,1481,187,2011-05-15,2011-12-09,209,7.09,fast_moving,6400277.409999997,0.00022374803414677133,0.7182116988637846,A,low_risk,108.26,high,stable
23303,SET 4 PICNIC CUTLERY FONDANT,126.75,65,6,2011-10-26,2011-12-05,41,1.59,medium_moving,6400404.159999997,1.4223341739648865e-05,0.7182259222055243,A,low_risk,8.39,low,stable
23304,SET 4 PICNIC CUTLERY CHERRY ,138.45,71,9,2011-10-30,2011-12-06,38,1.87,medium_moving,6400542.609999998,1.553626559253953e-05,0.7182414584711169,A,low_risk,15.5,low,stable
23305,SET 4 PICNIC CUTLERY BLUEBERRY,159.9,82,9,2011-10-23,2011-12-06,45,1.82,medium_moving,6400702.509999998,1.7943292656172416e-05,0.718259401763773,A,low_risk,3.51,low,stable
23306,SET OF 36 DOILIES PANTRY DESIGN,3761.9199999999996,2653,195,2011-06-05,2011-11-07,156,17.01,fast_moving,6404464.429999998,0.00042214653851849985,0.7186815483022915,A,meduim_risk,335.25,high,stable
23306,SET OF 36 PANTRY PAPER DOILIES,58.019999999999996,39,14,2011-10-25,2011-12-04,41,0.95,medium_moving,6404522.449999997,6.510755721770628e-06,0.7186880590580133,A,High_risk,19.08,low,stable
23307,SET OF 60 PANTRY DESIGN CAKE CASES ,5982.09,11675,504,2011-06-03,2011-12-08,189,61.77,fast_moving,6410504.539999997,0.0006712845000973261,0.7193593435581106,A,low_risk,739.04,high,stable
23308,SET OF 60 VINTAGE LEAF CAKE CASES ,3098.21,5967,305,2011-06-05,2011-12-08,187,31.91,fast_moving,6413602.749999997,0.0003476678470311441,0.7197070114051417,A,low_risk,368.87,high,stable
23309,SET OF 60 I LOVE LONDON CAKE CASES ,3729.05,7727,294,2011-06-02,2011-12-08,190,40.67,fast_moving,6417331.799999997,0.0004184580080018746,0.7201254694131436,A,low_risk,351.88,high,stable
23310,BUBBLEGUM RING ASSORTED,4894.83,11891,213,2011-06-09,2011-12-08,183,64.98,fast_moving,6422226.629999997,0.000549276842978189,0.7206747462561217,A,low_risk,747.84,high,stable
23311,VINTAGE CHRISTMAS STOCKING ,5564.25,2199,281,2011-07-14,2011-12-07,147,14.96,fast_moving,6427790.879999997,0.000624396286192041,0.7212991425423138,A,meduim_risk,312.3,high,stable
23312,VINTAGE CHRISTMAS GIFT SACK,5527.150000000001,1365,193,2011-07-17,2011-12-07,144,9.48,fast_moving,6433318.0299999975,0.0006202330832055246,0.7219193756255193,A,low_risk,140.74,high,stable
23313,VINTAGE CHRISTMAS BUNTING,12994.77,2755,359,2011-07-12,2011-12-09,151,18.25,fast_moving,6446312.799999997,0.0014582173928058139,0.7233775930183252,A,meduim_risk,343.7,high,stable
23314,VINTAGE CHRISTMAS TABLECLOTH,4663.52,393,104,2011-07-15,2011-12-08,147,2.67,medium_moving,6450976.319999997,0.0005233202261908267,0.7239009132445159,A,meduim_risk,44.9,medium,stable
23315,IVORY REFECTORY CLOCK,1894.7,202,76,2011-06-23,2011-12-06,167,1.21,medium_moving,6452871.019999997,0.00021261511316854207,0.7241135283576845,A,low_risk,17.84,low,stable
23316,RED REFECTORY CLOCK ,2222.2,236,95,2011-06-23,2011-12-08,169,1.4,medium_moving,6455093.219999997,0.0002493657594780884,0.7243628941171626,A,low_risk,19.29,low,stable
23317,BLUE REFECTORY CLOCK ,1557.8999999999999,162,70,2011-06-26,2011-12-09,167,0.97,medium_moving,6456651.119999997,0.00017482086071951848,0.7245377149778821,A,low_risk,13.53,low,stable
23318,BOX OF 6 MINI VINTAGE CRACKERS,8350.41,3647,329,2011-07-07,2011-12-09,156,23.38,fast_moving,6465001.5299999975,0.0009370472196937379,0.7254747621975759,A,meduim_risk,459.3,high,stable
23319,BOX OF 6 MINI 50'S CRACKERS,8216.79,3539,365,2011-07-07,2011-12-09,156,22.69,fast_moving,6473218.3199999975,0.0009220529559994432,0.7263968151535753,A,meduim_risk,490.69,high,stable
23320,GIANT 50'S CHRISTMAS CRACKER,6926.110000000001,2635,310,2011-07-05,2011-12-09,158,16.68,fast_moving,6480144.429999998,0.0007772183783542361,0.7271740335319296,A,low_risk,260.01,high,stable
23321,SMALL WHITE HEART OF WICKER,6832.829999999999,4283,582,2011-06-09,2011-12-08,183,23.4,fast_moving,6486977.259999998,0.0007667508965595656,0.7279407844284892,A,low_risk,307.74,high,stable
23322,LARGE WHITE HEART OF WICKER,8184.700000000001,2908,511,2011-06-12,2011-12-08,180,16.16,fast_moving,6495161.959999998,0.0009184519537396772,0.7288592363822288,A,low_risk,243.78,high,stable
23323,WHITE WICKER STAR ,2963.1000000000004,1426,270,2011-06-23,2011-12-08,169,8.44,fast_moving,6498125.059999998,0.000332506381923105,0.7291917427641519,A,meduim_risk,180.78,high,stable
23324,RUSTIC STRAWBERRY JAM POT LARGE ,531.84,261,33,2011-08-16,2011-11-27,104,2.51,medium_moving,6498656.899999998,5.968080529242488e-05,0.7292514235694444,A,meduim_risk,52.91,medium,stable
23324,RUSTIC STRAWBERRY JAMPOT LARGE ,238.56,120,6,2011-08-05,2011-10-06,63,1.9,medium_moving,6498895.459999997,2.6770180713298885e-05,0.7292781937501576,A,meduim_risk,30.2,medium,stable
23325,RUSTIC STRAWBERRY JAM POT SMALL,641.9999999999999,408,27,2011-08-15,2011-11-27,105,3.89,medium_moving,6499537.459999997,7.204248833810312e-05,0.7293502362384957,A,low_risk,47.24,medium,stable
23325,RUSTIC STRAWBERRY JAMPOT SMALL,59.39999999999999,36,3,2011-08-11,2011-10-06,57,0.63,slow_moving,6499596.859999998,6.665613406983373e-06,0.7293569018519027,A,low_risk,0.0,low,stable
23326,HANGING MINI COLOURED BOTTLES,2000.2200000000003,3370,55,2011-08-11,2011-12-09,121,27.85,fast_moving,6501597.079999997,0.00022445611530162097,0.7295813579672044,A,low_risk,402.09,high,stable
23327,HANGING CLEAR MINI BOTTLE,1012.0200000000001,1710,34,2011-08-10,2011-12-05,118,14.49,fast_moving,6502609.099999997,0.00011356454680362483,0.7296949225140079,A,meduim_risk,239.63,high,stable
23328,SET 6 SCHOOL MILK BOTTLES IN CRATE,7510.29,2067,281,2011-08-10,2011-12-09,122,16.94,fast_moving,6510119.389999997,0.0008427725541133528,0.7305376950681213,A,low_risk,121.46,high,stable
23329,DECORATIVE WICKER HEART LARGE,2812.7999999999997,1712,215,2011-08-07,2011-12-08,124,13.81,fast_moving,6512932.189999997,0.0003156403601205864,0.7308533354282418,A,low_risk,141.97,high,stable
23330,DECORATIVE WICKER HEART MEDIUM,2193.69,1761,195,2011-08-08,2011-12-08,123,14.32,fast_moving,6515125.879999997,0.00024616648947416424,0.731099501917716,A,meduim_risk,241.12,high,stable
23331,DECORATIVE WICKER HEART SMALL,932.2800000000001,1492,81,2011-08-10,2011-12-08,121,12.33,fast_moving,6516058.159999997,0.0001046164657754623,0.7312041183834915,A,low_risk,159.4,high,stable
23332,IVORY WICKER HEART LARGE,3283.7999999999997,1996,267,2011-08-07,2011-12-07,123,16.23,fast_moving,6519341.959999997,0.00036849396137797984,0.7315726123448695,A,low_risk,160.7,high,stable
23333,IVORY WICKER HEART MEDIUM,2524.9,2030,216,2011-08-08,2011-12-07,122,16.64,fast_moving,6521866.859999998,0.0002833334560823623,0.7318559458009519,A,low_risk,251.51,high,stable
23334,IVORY WICKER HEART SMALL,1345.5,2154,95,2011-08-08,2011-12-09,124,17.37,fast_moving,6523212.359999998,0.00015098624308242643,0.7320069320440343,A,low_risk,263.24,high,stable
23335,EGG FRYING PAN IVORY ,724.6400000000001,359,81,2011-06-13,2011-12-08,179,2.01,medium_moving,6523936.999999997,8.131599493664028e-05,0.7320882480389709,A,meduim_risk,36.05,medium,stable
23336,EGG FRYING PAN PINK ,418.05,200,63,2011-06-13,2011-12-08,179,1.12,medium_moving,6524355.049999997,4.6911779205208744e-05,0.7321351598181761,A,meduim_risk,20.16,medium,stable
23337,EGG FRYING PAN MINT ,351.52000000000004,169,60,2011-06-13,2011-12-08,179,0.94,medium_moving,6524706.569999997,3.944606775795952e-05,0.732174605885934,A,meduim_risk,17.65,low,stable
23338,EGG FRYING PAN RED ,820.32,405,91,2011-06-12,2011-12-09,181,2.24,medium_moving,6525526.889999997,9.205279444472393e-05,0.7322666586803788,A,low_risk,26.43,medium,stable
23339,EGG FRYING PAN BLUE ,312.0,150,58,2011-06-13,2011-12-08,179,0.84,medium_moving,6525838.889999997,3.5011302743751056e-05,0.7323016699831225,A,low_risk,13.73,low,stable
23340,VINTAGE CHRISTMAS CAKE FRILL,3899.2499999999995,2465,122,2011-07-31,2011-12-08,131,18.82,fast_moving,6529738.139999997,0.0004375571225114464,0.732739227105634,A,High_risk,444.46,high,stable
23341,PINK DINER WALL CLOCK,2325.6,282,98,2011-06-24,2011-12-08,168,1.68,medium_moving,6532063.7399999965,0.0002609688642976521,0.7330001959699316,A,low_risk,23.08,medium,stable
23342,MINT DINER CLOCK,17.0,2,1,2011-09-04,2011-09-04,1,2.0,medium_moving,6532080.7399999965,1.9076671366787434e-06,0.7330021036370682,A,,,,stable
23342,MINT DINER WALL CLOCK,3051.5,365,154,2011-06-24,2011-12-07,167,2.19,medium_moving,6535132.2399999965,0.0003424262510338344,0.7333445298881021,A,meduim_risk,40.84,medium,stable
23343,JUMBO BAG VINTAGE CHRISTMAS ,9748.34,4908,385,2011-06-13,2011-12-09,180,27.27,fast_moving,6544880.579999996,0.0010939169326571094,0.7344384468207592,A,meduim_risk,577.6,high,stable
23344,JUMBO BAG 50'S CHRISTMAS ,17679.72,8954,586,2011-06-15,2011-12-09,178,50.3,fast_moving,6562560.299999996,0.001983942401745995,0.7364223892225051,A,meduim_risk,1079.55,high,stable
23345, DOLLY GIRL BEAKER,2759.5,2398,133,2011-07-24,2011-12-08,138,17.38,fast_moving,6565319.799999996,0.00030965926256852893,0.7367320484850737,A,meduim_risk,359.48,high,stable
23346,SPACEBOY BEAKER,2975.75,2571,138,2011-07-24,2011-12-08,138,18.63,fast_moving,6568295.549999996,0.0003339259107042218,0.7370659743957779,A,meduim_risk,358.26,high,stable
23347,I LOVE LONDON BEAKER,999.75,827,70,2011-07-24,2011-12-07,137,6.04,fast_moving,6569295.299999996,0.00011218765999379845,0.7371781620557717,A,High_risk,144.73,high,stable
23348,CHILDRENS TOY COOKING UTENSIL SET,1371.48,680,122,2011-08-26,2011-11-23,90,7.56,fast_moving,6570666.779999997,0.00015390160733012723,0.7373320636631019,A,low_risk,92.79,medium,stable
23349,ROLL WRAP VINTAGE CHRISTMAS,3462.89,2857,246,2011-08-04,2011-12-09,128,22.32,fast_moving,6574129.669999996,0.00038859067358432077,0.7377206543366861,A,meduim_risk,402.03,high,stable
23350,ROLL WRAP VINTAGE SPOT ,3165.65,2593,246,2011-08-04,2011-12-09,128,20.26,fast_moving,6577295.319999997,0.0003552356747780626,0.7380758900114642,A,low_risk,278.47,high,stable
23351,ROLL WRAP 50'S CHRISTMAS,3699.02,3058,271,2011-08-04,2011-12-09,128,23.89,fast_moving,6580994.339999996,0.00041508817011278853,0.7384909781815769,A,meduim_risk,468.12,high,stable
23352,ROLL WRAP 50'S RED CHRISTMAS ,1964.76,1596,162,2011-08-04,2011-12-09,128,12.47,fast_moving,6582959.099999996,0.00022047694608593694,0.7387114551276629,A,low_risk,183.93,high,stable
23353,6 GIFT TAGS VINTAGE CHRISTMAS ,3076.2899999999995,3735,253,2011-08-02,2011-12-09,130,28.73,fast_moving,6586035.389999996,0.00034520807858196765,0.7390566632062449,A,low_risk,467.11,high,stable
23354,6 GIFT TAGS 50'S CHRISTMAS ,2753.4199999999996,3346,261,2011-08-02,2011-12-07,128,26.14,fast_moving,6588788.809999996,0.0003089769910278815,0.7393656401972728,A,meduim_risk,503.18,high,stable
23355,HOT WATER BOTTLE KEEP CALM,24426.300000000003,5338,719,2011-08-22,2011-12-09,110,48.53,fast_moving,6613215.109999996,0.0027410146929797642,0.7421066548902525,A,meduim_risk,782.14,high,stable
23356,LOVE HOT WATER BOTTLE,13115.400000000001,2352,449,2011-08-22,2011-12-09,110,21.38,fast_moving,6626330.509999996,0.0014717539743762584,0.7435784088646288,A,meduim_risk,411.26,high,stable
23357,HOT WATER BOTTLE SEX BOMB,1843.5500000000002,435,88,2011-08-21,2011-12-08,110,3.95,medium_moving,6628174.059999996,0.0002068752794014175,0.7437852841440302,A,meduim_risk,57.22,medium,stable
23358,HOT STUFF HOT WATER BOTTLE,1689.9,528,67,2011-08-21,2011-12-09,111,4.76,fast_moving,6629863.959999996,0.00018963333495725934,0.7439749174789875,A,low_risk,68.86,medium,stable
23359,SET OF 12 T-LIGHTS VINTAGE DOILEY,118.94999999999999,61,6,2011-08-02,2011-10-06,66,0.92,medium_moving,6629982.909999996,1.3348059171055088e-05,0.7439882655381586,A,low_risk,7.23,low,stable
23359,SET OF 12 T-LIGHTS VINTAGE DOILY,1721.6999999999998,918,70,2011-08-11,2011-12-08,120,7.65,fast_moving,6631704.609999997,0.00019320179465998777,0.7441814673328185,A,low_risk,91.98,medium,stable
23360,SET 8 CANDLES VINTAGE DOILEY,216.29999999999998,122,7,2011-08-02,2011-10-06,66,1.85,medium_moving,6631920.909999996,2.4272258921388948e-05,0.74420573959174,A,meduim_risk,38.18,medium,stable
23360,SET 8 CANDLES VINTAGE DOILY,1941.75,1029,100,2011-08-05,2011-12-08,126,8.17,fast_moving,6633862.659999996,0.00021789486250858528,0.7444236344542485,A,low_risk,114.27,high,stable
23365,SET 12 COLOUR PENCILS LOVE LONDON,992.7500000000001,1531,128,2011-09-22,2011-12-07,77,19.88,fast_moving,6634855.409999996,0.00011140214999634251,0.7445350366042449,A,meduim_risk,251.31,high,stable
23366,SET 12 COLOUR PENCILS DOILEY,31.200000000000003,48,3,2011-09-22,2011-10-21,30,1.6,medium_moving,6634886.609999997,3.5011302743751057e-06,0.7445385377345193,A,low_risk,11.31,low,stable
23366,SET 12 COLOURING PENCILS DOILEY,0.65,1,1,2011-10-06,2011-10-06,1,1.0,medium_moving,6634887.259999997,7.294021404948136e-08,0.7445386106747334,A,,,,stable
23366,SET 12 COLOURING PENCILS DOILY,1179.7,1874,137,2011-09-22,2011-12-08,78,24.03,fast_moving,6636066.959999997,0.00013238087771411258,0.7446709915524475,A,meduim_risk,344.11,high,stable
23367,SET 12 COLOUR PENCILS SPACEBOY ,1807.8500000000001,2785,231,2011-09-22,2011-12-09,79,35.25,fast_moving,6637874.809999997,0.00020286917841439215,0.7448738607308618,A,meduim_risk,459.26,high,stable
23368,SET 12 COLOUR PENCILS DOLLY GIRL ,1398.3500000000001,2155,178,2011-09-22,2011-12-08,78,27.63,fast_moving,6639273.159999996,0.00015691684356321887,0.745030777574425,A,meduim_risk,440.55,high,stable
23369,SET 36 COLOUR PENCILS LOVE LONDON,1053.29,901,95,2011-09-22,2011-12-08,78,11.55,fast_moving,6640326.449999996,0.00011819568931719726,0.7451489732637422,A,low_risk,110.95,high,stable
23370,SET 36 COLOUR PENCILS DOILEY,80.0,64,3,2011-09-22,2011-10-03,12,5.33,fast_moving,6640406.449999996,8.977257113782322e-06,0.745157950520856,A,meduim_risk,22.63,medium,stable
23370,SET 36 COLOURING PENCILS DOILEY,1.25,1,1,2011-10-06,2011-10-06,1,1.0,medium_moving,6640407.699999996,1.4026964240284879e-07,0.7451580907904984,A,,,,stable
23370,SET 36 COLOURING PENCILS DOILY,1568.8600000000001,1294,102,2011-09-22,2011-12-08,78,16.59,fast_moving,6641976.559999997,0.00017605074494410667,0.7453341415354425,A,meduim_risk,272.21,high,stable
23371,SET 36 COLOUR PENCILS SPACEBOY ,1783.97,1505,133,2011-09-22,2011-12-09,79,19.05,fast_moving,6643760.529999997,0.0002001894671659281,0.7455343310026085,A,meduim_risk,294.06,high,stable
23372,SET 36 COLOUR PENCILS DOLLY GIRL,1522.72,1296,99,2011-09-22,2011-12-07,77,16.83,fast_moving,6645283.249999996,0.00017087311190373272,0.7457052041145121,A,meduim_risk,281.22,high,stable
23373,VINTAGE CHRISTMAS PAPER GIFT BAG,1241.6599999999999,1563,88,2011-08-02,2011-12-05,126,12.4,fast_moving,6646524.909999996,0.00013933376334873695,0.7458445378778609,A,meduim_risk,270.95,high,stable
23374,RED SPOT PAPER GIFT BAG,1944.08,2444,122,2011-08-02,2011-12-08,129,18.95,fast_moving,6648468.9899999965,0.0002181563251220242,0.746062694202983,A,low_risk,288.62,high,stable
23375,50'S CHRISTMAS PAPER GIFT BAG,1068.1399999999999,1327,88,2011-08-22,2011-12-08,109,12.17,fast_moving,6649537.129999996,0.0001198620926689431,0.7461825562956519,A,High_risk,256.91,high,stable
23376,PACK OF 12 VINTAGE CHRISTMAS TISSUE,1000.14,2642,113,2011-09-01,2011-12-09,100,26.42,fast_moving,6650537.269999996,0.00011223142412222813,0.746294787719774,A,low_risk,353.87,high,stable
23377,PACK OF 12 DOLLY GIRL TISSUES,469.16999999999996,1203,80,2011-09-04,2011-12-06,94,12.8,fast_moving,6651006.439999996,5.264824650091564e-05,0.746347435966275,A,meduim_risk,229.07,high,stable
23378,PACK OF 12 50'S CHRISTMAS TISSUES,1272.9299999999998,3419,144,2011-09-01,2011-12-08,99,34.54,fast_moving,6652279.369999995,0.0001428427487230866,0.746490278714998,A,meduim_risk,563.98,high,stable
23379,PACK OF 12 RED APPLE TISSUES,428.01,1175,50,2011-09-05,2011-12-06,93,12.63,fast_moving,6652707.379999995,4.8029447715874645e-05,0.7465383081627138,A,High_risk,312.75,high,stable
23380,PACK OF 12 DOILEY TISSUES,28.08,72,2,2011-09-22,2011-10-06,15,4.8,fast_moving,6652735.459999995,3.151017246937595e-06,0.7465414591799608,A,low_risk,16.97,low,stable
23380,PACK OF 12 VINTAGE DOILY TISSUES,783.6899999999999,2087,92,2011-09-05,2011-12-08,95,21.97,fast_moving,6653519.149999996,8.794233284375084e-05,0.7466294015128045,A,meduim_risk,405.15,high,stable
23381,PACK OF 12 VINTAGE LEAF TISSUES ,549.6899999999999,1487,64,2011-09-05,2011-12-08,95,15.65,fast_moving,6654068.839999996,6.168385578593754e-05,0.7466910853685905,A,High_risk,401.01,high,stable
23382,BOX OF 6 CHRISTMAS CAKE DECORATIONS,6155.04,1712,163,2011-10-13,2011-12-09,58,29.52,fast_moving,6660223.879999996,0.0006906922078201843,0.7473817775764108,A,low_risk,248.55,high,stable
23388,WOODLAND MINI BACKPACK,3150.2000000000003,788,133,2011-09-11,2011-12-09,90,8.76,fast_moving,6663374.079999996,0.0003535019419979634,0.7477352795184088,A,meduim_risk,140.84,high,stable
23388,WOODLAND MINI RUCKSACK ,20.75,5,2,2011-10-06,2011-10-18,13,0.38,slow_moving,6663394.829999996,2.32847606388729e-06,0.7477376079944726,A,,,,stable
23389,SPACEBOY MINI BACKPACK,4163.55,1037,201,2011-09-11,2011-12-09,90,11.52,fast_moving,6667558.379999996,0.00046721573570110485,0.7482048237301737,A,low_risk,159.16,high,stable
23389,SPACEBOY MINI RUCKSACK,53.95,13,4,2011-09-23,2011-10-18,26,0.5,slow_moving,6667612.329999996,6.054037766106953e-06,0.7482108777679398,A,low_risk,3.54,low,stable
23390,DOLLY GIRL MINI BACKPACK,2855.55,717,144,2011-09-11,2011-12-09,90,7.97,fast_moving,6670467.879999996,0.0003204375818907639,0.7485313153498305,A,meduim_risk,124.47,high,stable
23390,DOLLY GIRL MINI RUCKSACK,33.2,8,2,2011-09-23,2011-10-18,26,0.31,slow_moving,6670501.079999996,3.7255617022196638e-06,0.7485350409115328,A,low_risk,0.0,low,stable
23391, I LOVE LONDON MINI BACKPACK,1454.0,360,68,2011-09-11,2011-12-08,89,4.04,fast_moving,6671955.079999996,0.0001631616480429937,0.7486982025595759,A,meduim_risk,63.57,medium,stable
23391, I LOVE LONDON MINI RUCKSACK,4.15,1,1,2011-10-06,2011-10-06,1,1.0,medium_moving,6671959.229999997,4.6569521277745797e-07,0.7486986682547886,A,,,,stable
23392,SPACEBOY ROCKET LOLLY MAKERS,1175.68,592,78,2011-09-06,2011-12-07,93,6.37,fast_moving,6673134.909999996,0.00013192977054414501,0.7488305980253327,A,low_risk,86.0,medium,stable
23393,HOME SWEET HOME CUSHION COVER ,2883.75,769,201,2011-09-04,2011-12-06,94,8.18,fast_moving,6676018.659999996,0.00032360206502337214,0.7491542000903562,A,low_risk,111.04,high,stable
23394,POSTE FRANCE CUSHION COVER,1481.25,395,119,2011-09-04,2011-12-08,96,4.11,fast_moving,6677499.909999996,0.0001662195262473758,0.7493204196166035,A,low_risk,61.96,medium,stable
23395,BELLE JARDINIERE CUSHION COVER,2604.48,696,175,2011-09-04,2011-12-08,96,7.25,fast_moving,6680104.389999997,0.0002922635825962973,0.7496126831991998,A,low_risk,84.86,medium,stable
23396,BUTTERFLY CUSHION COVER,30.0,8,2,2011-09-04,2011-09-15,12,0.67,slow_moving,6680134.389999997,3.3664714176683707e-06,0.7496160496706175,A,,,,stable
23396,LA JARDIN BOTANIQUE CUSHION COVER,303.75,81,23,2011-09-04,2011-10-06,33,2.45,medium_moving,6680438.139999997,3.408552310389225e-05,0.7496501351937214,A,High_risk,45.96,medium,stable
23396,LE JARDIN BOTANIQUE CUSHION COVER,1970.73,527,139,2011-09-18,2011-12-08,82,6.43,fast_moving,6682408.869999997,0.00022114687389805293,0.7498712820676195,A,low_risk,84.09,medium,stable
23397,FOOT STOOL HOME SWEET HOME ,4069.9,434,176,2011-09-04,2011-11-25,83,5.23,fast_moving,6686478.769999998,0.0004567067340922834,0.7503279888017118,A,low_risk,21.94,medium,stable
23398,HANGING HEART BONHEUR,499.22999999999996,591,57,2011-09-04,2011-12-08,96,6.16,fast_moving,6686977.999999998,5.602145086141935e-05,0.7503840102525733,A,low_risk,73.03,medium,stable
23399,HOME SWEET HOME HANGING HEART,1546.4299999999998,1823,176,2011-09-04,2011-12-08,96,18.99,fast_moving,6688524.429999998,0.00017353374648082992,0.750557543999054,A,meduim_risk,343.74,high,stable
23400,SHELF WITH 4 HOOKS HOME SWEET HOME,2247.36,448,95,2011-09-06,2011-12-08,94,4.77,fast_moving,6690771.789999998,0.00025218910684037297,0.7508097331058945,A,High_risk,145.52,high,stable
23401,RUSTIC MIRROR WITH LACE HEART,2155.51,443,70,2011-09-07,2011-12-08,93,4.76,fast_moving,6692927.299999998,0.00024188209351661168,0.7510516151994111,A,low_risk,71.93,medium,stable
23402,HOME SWEEET HOME 3 PEG HANGER ,93.75,25,4,2011-09-05,2011-09-21,17,1.47,medium_moving,6693021.049999998,1.0520223180213658e-05,0.7510621354225913,A,,,,stable
23402,HOME SWEET HOME 3 PEG HANGER ,937.9200000000001,256,51,2011-09-07,2011-12-04,89,2.88,medium_moving,6693958.969999998,0.00010524936240198395,0.7511673847849932,A,meduim_risk,44.58,medium,stable
23403,LETTER HOLDER HOME SWEET HOME,1984.06,596,110,2011-09-05,2011-12-07,94,6.34,fast_moving,6695943.0299999975,0.0002226427093646369,0.7513900274943579,A,low_risk,94.5,high,stable
23404,HOME SWEET HOME BLACKBOARD,4108.58,969,136,2011-09-05,2011-12-09,96,10.09,fast_moving,6700051.609999998,0.00046104723790679715,0.7518510747322646,A,low_risk,105.28,high,stable
23405,HOME SWEET HOME 2 DRAWER CABINET,1137.95,237,57,2011-09-05,2011-12-07,94,2.52,medium_moving,6701189.559999998,0.00012769587165785743,0.7519787706039226,A,low_risk,35.75,medium,stable
23406,HOME SWEET HOME KEY HOLDER,2154.79,435,94,2011-09-05,2011-12-06,93,4.68,fast_moving,6703344.349999998,0.0002418012982025876,0.7522205719021251,A,meduim_risk,86.48,medium,stable
23407,SET OF 2 TRAYS HOME SWEET HOME,2446.62,250,118,2011-09-04,2011-12-08,96,2.6,medium_moving,6705790.969999998,0.00027454920999652626,0.7524951211121217,A,low_risk,28.54,medium,stable
23408,PHOTO FRAME LINEN AND LACE SMALL,644.8000000000001,310,59,2011-09-07,2011-12-07,92,3.37,medium_moving,6706435.769999998,7.235669233708553e-05,0.7525674778044588,A,meduim_risk,52.83,medium,stable
23409,PHOTO FRAME LINEN AND LACE LARGE,771.72,208,41,2011-09-07,2011-12-05,90,2.31,medium_moving,6707207.489999997,8.659911074810116e-05,0.7526540769152068,A,low_risk,32.38,medium,stable
23410,CURIO CABINET LINEN AND LACE ,290.1,36,18,2011-09-08,2011-11-25,79,0.46,slow_moving,6707497.589999997,3.2553778608853144e-05,0.7526866306938156,A,low_risk,7.21,low,stable
23411, TRELLIS COAT RACK,1016.5500000000001,217,46,2011-09-04,2011-12-02,90,2.41,medium_moving,6708514.139999997,0.00011407288398769274,0.7528007035778033,A,meduim_risk,48.5,medium,stable
23412,HEART MIRROR ANTIQUE WHITE,2269.14,351,71,2011-09-06,2011-10-10,35,10.03,fast_moving,6710783.279999997,0.0002546331650896002,0.7530553367428928,A,low_risk,20.51,medium,stable
23413,DECORATIVE VINTAGE COFFEE  BOX,223.05,47,16,2011-10-25,2011-12-08,45,1.04,medium_moving,6711006.329999996,2.5029714990364336e-05,0.7530803664578832,A,meduim_risk,13.5,low,stable
23413,DECROTIVEVINTAGE COFFEE GRINDER BOX,49.5,10,4,2011-10-21,2011-10-26,6,1.67,medium_moving,6711055.829999996,5.554677839152812e-06,0.7530859211357224,A,,,,stable
23413,VINTAGE COFFEE GRINDER BOX,490.65000000000003,103,23,2011-09-07,2011-10-20,44,2.34,medium_moving,6711546.479999997,5.50586400359662e-05,0.7531409797757583,A,low_risk,4.95,low,stable
23414,ZINC BOX SIGN HOME,1348.01,139,62,2011-09-05,2011-11-30,87,1.6,medium_moving,6712894.4899999965,0.00015126790452437135,0.7532922476802827,A,low_risk,8.74,low,stable
23415,HOME SWEET HOME HOOK,405.59999999999997,326,45,2011-09-07,2011-12-08,93,3.51,medium_moving,6713300.089999996,4.551469356687637e-05,0.7533377623738495,A,low_risk,30.16,medium,stable
23416,CHAMBRE HOOK,155.06999999999996,123,18,2011-09-12,2011-12-08,88,1.4,medium_moving,6713455.159999996,1.7401290757927803e-05,0.7533551636646075,A,meduim_risk,23.66,medium,stable
23417,BATHROOM HOOK,137.76,140,21,2011-09-07,2011-12-08,93,1.51,medium_moving,6713592.919999996,1.5458836749933156e-05,0.7533706225013574,A,meduim_risk,27.14,medium,stable
23418,LAVENDER TOILETTE BOTTLE,1068.96,534,60,2011-09-11,2011-12-06,87,6.14,fast_moving,6714661.879999996,0.00011995410955435938,0.7534905766109118,A,meduim_risk,104.49,high,stable
23419,HOME SWEET HOME BOTTLE ,897.12,438,61,2011-09-11,2011-12-07,88,4.98,fast_moving,6715558.999999996,0.00010067096127395495,0.7535912475721858,A,low_risk,71.09,medium,stable
23420,PANTRY HOOK TEA STRAINER ,332.8,160,28,2011-09-15,2011-12-04,81,1.98,medium_moving,6715891.799999996,3.734538959333446e-05,0.7536285929617791,A,meduim_risk,33.5,medium,stable
23421,PANTRY HOOK SPATULA,320.32,154,26,2011-09-08,2011-12-04,88,1.75,medium_moving,6716212.119999996,3.5944937483584415e-05,0.7536645378992627,A,meduim_risk,27.18,medium,stable
23422,PANTRY HOOK BALLOON WHISK ,407.68,196,31,2011-09-08,2011-12-04,88,2.23,medium_moving,6716619.799999996,4.574810225183471e-05,0.7537102860015145,A,meduim_risk,36.09,medium,stable
23423,PANTRY 3 HOOK ROLLING PIN HANGER,757.5,202,51,2011-09-08,2011-12-05,89,2.27,medium_moving,6717377.299999996,8.500340329612635e-05,0.7537952894048107,A,meduim_risk,37.86,medium,stable
23424,GINGHAM RECIPE BOOK BOX,1986.75,413,103,2011-09-05,2011-12-09,96,4.3,fast_moving,6719364.049999996,0.00022294456963508784,0.7540182339744457,A,low_risk,64.58,medium,stable
23425,STORAGE TIN HOME SWEET HOME,435.43,237,35,2011-09-06,2011-12-09,95,2.49,medium_moving,6719799.479999996,4.886208831317795e-05,0.7540670960627588,A,low_risk,26.61,medium,stable
23426,METAL SIGN DROP YOUR PANTS,3192.56,1232,171,2011-09-05,2011-12-08,95,12.97,fast_moving,6722992.039999995,0.0003582553996397111,0.7544253514623985,A,low_risk,165.27,high,stable
23427,STOOL HOME SWEET HOME ,2648.4,228,106,2011-09-04,2011-12-08,96,2.38,medium_moving,6725640.439999996,0.00029719209675176377,0.7547225435591504,A,High_risk,58.28,medium,stable
23428,IVORY RETRO KITCHEN WALL CLOCK,559.5,70,26,2011-11-17,2011-12-09,23,3.04,medium_moving,6726199.939999996,6.278469193951511e-05,0.7547853282510898,A,low_risk,7.07,low,stable
23429,RED RETRO KITCHEN WALL CLOCK,358.6,44,20,2011-11-21,2011-12-09,19,2.32,medium_moving,6726558.539999995,4.0240555012529256e-05,0.7548255688061023,A,low_risk,8.49,low,stable
23430,BLUE RETRO KITCHEN WALL CLOCK,285.25,35,17,2011-11-20,2011-12-09,20,1.75,medium_moving,6726843.789999995,3.200953239633009e-05,0.7548575783384986,A,low_risk,4.95,low,stable
23431,NATURAL HANGING QUILTED HEARTS ,1117.28,1432,67,2011-08-26,2011-12-01,98,14.61,fast_moving,6727961.069999996,0.0001253763728510839,0.7549829547113498,A,meduim_risk,234.15,high,stable
23432,PRETTY HANGING QUILTED HEARTS,1046.86,1274,70,2011-08-31,2011-12-06,98,13.0,fast_moving,6729007.929999996,0.000117474142276677,0.7551004288536265,A,High_risk,329.94,high,stable
23433,HANGING QUILTED PATCHWORK APPLES,1003.17,1215,82,2011-08-26,2011-12-04,101,12.03,fast_moving,6730011.099999996,0.00011257143773541265,0.7552130002913618,A,High_risk,235.33,high,stable
23434,3 RAFFIA RIBBONS 50'S CHRISTMAS ,1632.4,1792,134,2011-09-11,2011-12-07,88,20.36,fast_moving,6731643.499999996,0.0001831809314067283,0.7553961812227686,A,low_risk,269.55,high,stable
23435,3 RAFFIA RIBBONS VINTAGE CHRISTMAS,608.65,679,44,2011-09-11,2011-12-07,88,7.72,fast_moving,6732252.149999997,6.830009427879512e-05,0.7554644813170475,A,meduim_risk,129.62,high,stable
23436,GIFT BAG LARGE VINTAGE CHRISTMAS,185.0,148,9,2011-08-02,2011-10-17,77,1.92,medium_moving,6732437.149999997,2.0759907075621618e-05,0.7554852412241231,A,meduim_risk,34.02,medium,stable
23436,VINTAGE CHRISTMAS GIFT BAG LARGE ,2066.65,1781,83,2011-08-18,2011-12-05,110,16.19,fast_moving,6734503.799999997,0.00023191060517747795,0.7557171518293007,A,meduim_risk,332.04,high,stable
23437, 50'S CHRISTMAS GIFT BAG LARGE,2272.25,1885,109,2011-08-22,2011-12-09,110,17.14,fast_moving,6736776.049999997,0.0002549821559598985,0.7559721339852605,A,High_risk,394.45,high,stable
23437,GIFT BAG LARGE 50'S CHRISTMAS,30.0,24,2,2011-09-05,2011-10-17,43,0.56,slow_moving,6736806.049999997,3.3664714176683707e-06,0.7559755004566782,A,low_risk,0.0,low,stable
23438, RED SPOT GIFT BAG LARGE,2041.0,1700,92,2011-08-03,2011-12-09,129,13.18,fast_moving,6738847.049999997,0.00022903227211537147,0.7562045327287935,A,meduim_risk,292.55,high,stable
23438,GIFT BAG LARGE SPOT ,120.0,96,6,2011-08-04,2011-10-17,75,1.28,medium_moving,6738967.049999997,1.3465885670673483e-05,0.7562179986144643,A,low_risk,18.33,low,stable
23439,HAND WARMER RED LOVE HEART,7660.200000000001,3762,371,2011-08-24,2011-12-09,108,34.83,fast_moving,6746627.249999997,0.0008595948117874418,0.7570775934262517,A,meduim_risk,527.95,high,stable
23440,PAINT YOUR OWN EGGS IN CRATE,299.36,164,5,2011-11-24,2011-12-07,14,11.71,fast_moving,6746926.609999998,3.359289611977345e-05,0.7571111863223715,A,High_risk,89.1,medium,stable
23441,HAND PAINTED HANGING EASTER EGG,9.24,22,3,2011-11-23,2011-12-07,15,1.47,medium_moving,6746935.849999998,1.0368731966418582e-06,0.7571122231955681,A,High_risk,12.73,low,stable
23442,12 HANGING EGGS HAND PAINTED,87.36,42,7,2011-11-15,2011-12-07,23,1.83,medium_moving,6747023.209999998,9.803164768250295e-06,0.7571220263603364,A,meduim_risk,15.56,low,stable
23444,Next Day Carriage,1200.0,79,79,2011-05-26,2011-12-08,197,0.4,slow_moving,6748223.209999998,0.00013465885670673483,0.7572566852170431,A,meduim_risk,6.85,low,stable
23445,ICE CREAM BUBBLES,2147.6099999999997,2667,94,2011-08-24,2011-12-09,108,24.69,fast_moving,6750370.819999998,0.0002409955893766256,0.7574976808064199,A,meduim_risk,422.77,high,stable
23446,BLUE BUNNY EASTER EGG BASKET,230.24999999999997,157,3,2011-10-10,2011-12-07,59,2.66,medium_moving,6750601.069999998,2.583766813060474e-05,0.7575235184745505,A,High_risk,92.63,medium,stable
23447,PINK BUNNY EASTER EGG BASKET,231.89999999999998,158,4,2011-10-10,2011-12-07,59,2.68,medium_moving,6750832.969999999,2.6022824058576502e-05,0.7575495412986091,A,High_risk,91.92,medium,stable
23448,CREAM BUNNY EASTER EGG BASKET,41.24999999999999,25,3,2011-10-10,2011-11-30,52,0.48,slow_moving,6750874.219999999,4.628898199294009e-06,0.7575541701968084,A,low_risk,0.71,low,stable
23449,SET OF 6 EASTER RAINBOW CHICKS,15.0,12,1,2011-11-15,2011-11-15,1,12.0,fast_moving,6750889.219999999,1.6832357088341853e-06,0.7575558534325172,A,,,,stable
23451,SQUARE MINI PORTRAIT FRAME,520.9499999999999,269,44,2011-10-14,2011-12-08,56,4.8,fast_moving,6751410.169999999,5.8458776167811245e-05,0.757614312208685,A,meduim_risk,61.33,medium,stable
23452,HEART MINI PORTRAIT FRAME,990.9,510,81,2011-10-14,2011-12-08,56,9.11,fast_moving,6752401.069999999,0.00011119455092558627,0.7577255067596107,A,low_risk,110.01,high,stable
23453,OVAL  MINI PORTRAIT FRAME,627.4499999999999,323,46,2011-10-14,2011-12-08,56,5.77,fast_moving,6753028.52,7.040974970053396e-05,0.7577959165093112,A,low_risk,69.53,medium,stable
23454,SET OF 3 MINI HANGING PORTRAITS,123.2,32,2,2011-10-21,2011-11-15,26,1.23,medium_moving,6753151.72,1.3824975955224776e-05,0.7578097414852665,A,meduim_risk,11.31,low,stable
23454,THREE MINI HANGING FRAMES,556.1,134,44,2011-10-24,2011-12-08,46,2.91,medium_moving,6753707.819999999,6.240315851217937e-05,0.7578721446437786,A,meduim_risk,31.94,medium,stable
23455,SMALL PARLOUR FRAME,106.98000000000002,42,2,2011-11-11,2011-11-15,5,8.4,fast_moving,6753814.8,1.2004837075405411e-05,0.757884149480854,A,,,,stable
23455,SMALL PARLOUR PICTURE FRAME,459.56,164,32,2011-10-16,2011-12-08,54,3.04,medium_moving,6754274.359999999,5.1569853490122544e-05,0.7579357193343441,A,meduim_risk,36.83,medium,stable
23456,MEDIUM PARLOUR FRAME ,84.1,22,2,2011-11-11,2011-11-15,5,4.4,fast_moving,6754358.459999999,9.437341540863665e-06,0.7579451566758849,A,,,,stable
23456,MEDIUM PARLOUR PICTURE FRAME ,550.0,136,34,2011-10-16,2011-12-04,50,2.72,medium_moving,6754908.459999999,6.171864265725346e-05,0.7580068753185423,A,meduim_risk,35.47,medium,stable
23457,LARGE PARLOUR FRAME,122.85,27,2,2011-11-11,2011-11-15,5,5.4,fast_moving,6755031.309999999,1.3785700455351977e-05,0.7580206610189976,A,,,,stable
23457,LARGE PARLOUR PICTURE FRAME,380.70000000000005,78,27,2011-10-16,2011-12-08,54,1.44,medium_moving,6755412.009999999,4.272052229021163e-05,0.7580633815412877,A,low_risk,7.81,low,stable
23458,DOLLY CABINET 3 DRAWERS ,762.4499999999999,51,30,2011-10-17,2011-12-08,53,0.96,medium_moving,6756174.459999999,8.555887108004163e-05,0.7581489404123678,A,meduim_risk,11.36,low,stable
23459,DOLLY CABINET 2 DRAWERS ,412.5,33,19,2011-10-16,2011-12-08,54,0.61,slow_moving,6756586.959999999,4.6288981992940097e-05,0.7581952293943608,A,low_risk,5.2,low,stable
23460,SWEETHEART WALL TIDY ,1007.0799999999999,108,43,2011-10-20,2011-12-05,47,2.3,medium_moving,6757594.039999999,0.00011301020117684874,0.7583082395955376,A,low_risk,14.53,low,stable
23461,SWEETHEART BIRD HOUSE,2950.05,839,83,2011-09-29,2011-12-07,70,11.99,fast_moving,6760544.089999999,0.0003310419668564192,0.758639281562394,A,High_risk,289.85,high,stable
23462,ROCOCO WALL MIROR,39.9,2,1,2011-10-20,2011-10-20,1,2.0,medium_moving,6760583.989999999,4.477406985498933e-06,0.7586437589693795,A,,,,stable
23462,ROCOCO WALL MIRROR WHITE,1442.25,75,43,2011-10-20,2011-12-08,50,1.5,medium_moving,6762026.239999999,0.0001618431134044069,0.7588056020827839,A,meduim_risk,20.42,medium,stable
23463,VINTAGE ZINC WATERING CAN,119.39999999999999,12,7,2011-10-16,2011-12-09,55,0.22,slow_moving,6762145.64,1.3398556242320114e-05,0.7588190006390263,A,meduim_risk,3.61,low,stable
23464,VINTAGE ZINC WATERING CAN SMALL,79.2,16,6,2011-10-16,2011-12-09,55,0.29,slow_moving,6762224.84,8.887484542644499e-06,0.758827888123569,A,meduim_risk,5.13,low,stable
23465,TUSCAN VILLA BIRD FEEDER,132.0,16,8,2011-11-10,2011-11-24,15,1.07,medium_moving,6762356.84,1.481247423774083e-05,0.7588427005978068,A,,,,stable
23465,TUSCAN VILLA FEEDING STATION,99.0,12,7,2011-10-04,2011-10-26,23,0.52,slow_moving,6762455.84,1.1109355678305623e-05,0.7588538099534851,A,,,,stable
23466,TUSCAN VILLA DOVECOTE,99.0,12,4,2011-09-30,2011-10-20,21,0.57,slow_moving,6762554.84,1.1109355678305623e-05,0.7588649193091633,A,meduim_risk,5.66,low,stable
23466,TUSCAN VILLA DOVECOTE BIRD FEEDER,299.25,37,17,2011-10-09,2011-12-07,60,0.62,slow_moving,6762854.09,3.3580552391241995e-05,0.7588984998615546,A,meduim_risk,11.68,low,stable
23467,VINTAGE ZINC PLANTER  ,75.67,23,5,2011-10-17,2011-12-07,52,0.44,slow_moving,6762929.76,8.491363072498853e-06,0.7589069912246271,A,low_risk,3.79,low,stable
23468,TUSCAN VILLA BIRD TABLE ,156.75,19,11,2011-10-06,2011-11-23,49,0.39,slow_moving,6763086.51,1.7589813157317235e-05,0.7589245810377844,A,low_risk,2.12,low,stable
23469,CARD HOLDER LOVE BIRD SMALL,1255.7600000000002,320,63,2011-09-30,2011-12-08,70,4.57,fast_moving,6764342.27,0.00014091600491504113,0.7590654970426994,A,High_risk,95.98,high,stable
23470,CARD HOLDER LOVE BIRD LARGE ,1323.4,220,75,2011-10-02,2011-12-05,65,3.38,medium_moving,6765665.67,0.00014850627580474405,0.7592140033185042,A,meduim_risk,69.72,medium,stable
23471,SIX DRAWER OFFICE TIDY,605.9499999999999,65,26,2011-09-30,2011-12-02,64,1.02,medium_moving,6766271.62,6.799711185120497e-05,0.7592820004303554,A,High_risk,18.25,low,stable
23472, NINE DRAWER OFFICE TIDY,792.8499999999999,55,30,2011-10-02,2011-12-07,67,0.82,slow_moving,6767064.47,8.897022878327891e-05,0.7593709706591386,A,low_risk,9.5,low,stable
23473,WOODLAND SMALL RED FELT HEART,531.66,666,43,2011-10-20,2011-12-07,49,13.59,fast_moving,6767596.13,5.966060646391886e-05,0.7594306312656026,A,low_risk,135.92,high,stable
23474,WOODLAND SMALL BLUE FELT HEART,246.51,297,27,2011-10-24,2011-12-07,45,6.6,fast_moving,6767842.64,2.7662295638981e-05,0.7594582935612415,A,meduim_risk,92.77,medium,stable
23475,WOODLAND SMALL PINK FELT HEART,232.39999999999998,280,26,2011-10-27,2011-12-07,42,6.67,fast_moving,6768075.04,2.607893191553764e-05,0.7594843724931571,A,High_risk,108.19,high,stable
23476,WOODLAND LARGE RED FELT HEART,247.5,198,18,2011-10-20,2011-11-30,42,4.71,fast_moving,6768322.54,2.7773389195764057e-05,0.7595121458823529,A,meduim_risk,89.1,medium,stable
23477,WOODLAND LARGE BLUE FELT HEART,106.25,85,8,2011-10-20,2011-11-30,42,2.02,medium_moving,6768428.79,1.1922919604242147e-05,0.7595240688019571,A,low_risk,26.16,medium,stable
23478,WOODLAND LARGE PINK FELT HEART,307.18,278,10,2011-10-20,2011-12-01,43,6.47,fast_moving,6768735.97,3.447042300264567e-05,0.7595585392249598,A,High_risk,99.61,high,stable
23479,WIRE EGG BASKET ,827.5,110,40,2011-10-17,2011-12-08,53,2.08,medium_moving,6769563.47,9.285850327068589e-05,0.7596513977282304,A,High_risk,36.47,medium,stable
23480,MINI LIGHTS WOODLAND MUSHROOMS,6126.09,1719,173,2011-10-20,2011-12-09,51,33.71,fast_moving,6775689.56,0.0006874435629021343,0.7603388412911326,A,meduim_risk,386.66,high,stable
23481,PEARLISED IVORY HEART SMALL ,266.21,217,27,2011-10-17,2011-12-06,51,4.25,fast_moving,6775955.77,2.9872945203249896e-05,0.7603687142363358,A,meduim_risk,51.79,medium,stable
23482,PEARLISED IVORY HEART LARGE ,651.15,415,36,2011-10-14,2011-12-06,54,7.69,fast_moving,6776606.92,7.306926212049198e-05,0.7604417834984564,A,meduim_risk,107.62,high,stable
23483,HANGING  BUTTERFLY T-LIGHT HOLDER,1541.62,1322,66,2011-10-03,2011-12-08,67,19.73,fast_moving,6778148.54,0.00017299398889686376,0.7606147774873532,A,low_risk,199.26,high,stable
23484,HEART TRELLIS TRIPLE T-LIGHT HOLDER,331.42,118,20,2011-10-06,2011-12-04,60,1.97,medium_moving,6778479.96,3.7190531908121716e-05,0.7606519680192613,A,meduim_risk,29.28,medium,stable
23484,HEART TRELLISTRIPLE T-LIGHT HOLDER,152.24,56,5,2011-09-30,2011-10-18,19,2.95,medium_moving,6778632.2,1.7083720287527758e-05,0.7606690517395489,A,High_risk,28.28,medium,stable
23485,BOTANICAL GARDENS WALL CLOCK ,5719.0,259,80,2011-10-20,2011-12-08,50,5.18,fast_moving,6784351.2,0.0006417616679215137,0.7613108134074704,A,meduim_risk,81.0,medium,stable
23486,ANTIQUE HEART SHELF UNIT,3879.15,267,68,2011-10-20,2011-12-08,50,5.34,fast_moving,6788230.350000001,0.00043530158666160864,0.761746114994132,A,meduim_risk,62.27,medium,stable
23487,SWEET HEART CAKE CARRIER,753.9999999999999,78,42,2011-10-14,2011-12-08,56,1.39,medium_moving,6788984.350000001,8.461064829739837e-05,0.7618307256424295,A,meduim_risk,20.66,medium,stable
23489,"GARLAND, VINTAGE BELLS",265.88,92,10,2011-10-20,2011-11-24,36,2.56,medium_moving,6789250.23,2.9835914017655546e-05,0.7618605615564471,A,low_risk,2.83,low,stable
23489,VINTAGE BELLS GARLAND,2246.56,784,127,2011-10-20,2011-12-09,51,15.37,fast_moving,6791496.79,0.00025209933426923516,0.7621126608907163,A,meduim_risk,171.64,high,stable
23490,T-LIGHT HOLDER HANGING LOVE BIRD,1988.13,539,95,2011-10-14,2011-12-08,56,9.62,fast_moving,6793484.92,0.0002230994273203006,0.7623357603180365,A,meduim_risk,150.29,high,stable
23491,VINTAGE JINGLE BELLS HEART,1864.5,226,76,2011-10-20,2011-12-07,49,4.61,fast_moving,6795349.42,0.00020922619860808922,0.7625449865166446,A,meduim_risk,51.01,medium,stable
23492,VINTAGE JINGLE BELLS WREATH,610.5,74,26,2011-10-20,2011-12-05,47,1.57,medium_moving,6795959.92,6.850769334955134e-05,0.7626134942099942,A,meduim_risk,22.74,medium,stable
23493,VINTAGE DOILY TRAVEL SEWING KIT,6747.9,3522,349,2011-09-22,2011-12-09,79,44.58,fast_moving,6802707.82,0.0007572204159761465,0.7633707146259704,A,meduim_risk,668.46,high,stable
23494,VINTAGE DOILY DELUXE SEWING KIT ,4218.7,726,176,2011-09-25,2011-12-08,75,9.68,fast_moving,6806926.5200000005,0.0004734044323239185,0.7638441190582943,A,meduim_risk,130.53,high,stable
23495,SET OF 3 PANTRY WOODEN SPOONS,240.0,192,24,2011-10-30,2011-12-07,39,4.92,fast_moving,6807166.5200000005,2.6931771341346965e-05,0.7638710508296357,A,High_risk,73.98,medium,stable
23496,PANTRY KITCHEN THERMOMETER ,110.0,88,22,2011-10-30,2011-12-08,40,2.2,medium_moving,6807276.5200000005,1.2343728531450692e-05,0.7638833945581671,A,High_risk,30.37,medium,stable
23497,CLASSIC CHROME BICYCLE BELL ,3435.7,2454,170,2011-10-28,2011-12-08,42,58.43,fast_moving,6810712.220000001,0.000385539528322774,0.7642689340864899,A,meduim_risk,565.19,high,stable
23497,CLASSIC CROME BICYCLE BELL ,77.4,60,2,2011-11-09,2011-11-15,7,8.57,fast_moving,6810789.620000001,8.685496257584397e-06,0.7642776195827475,A,,,,stable
23498,CLASSIC BICYCLE CLIPS ,2205.95,1591,86,2011-11-25,2011-12-09,15,106.07,fast_moving,6812995.570000001,0.0002475422541268514,0.7645251618368745,A,low_risk,408.0,high,stable
23499,SET 12 VINTAGE DOILY CHALK ,523.74,1247,93,2011-10-20,2011-12-08,50,24.94,fast_moving,6813519.310000001,5.877185800965442e-05,0.7645839336948841,A,High_risk,460.48,high,stable
23500,KEY RING BASEBALL BOOT ASSORTED ,1935.05,1585,84,2011-10-04,2011-12-08,66,24.02,fast_moving,6815454.360000001,0.000217143017225306,0.7648010767121094,A,low_risk,244.52,high,stable
23501,KEY RING BASEBALL BOOT UNION JACK,2105.8,1772,85,2011-10-05,2011-12-08,65,27.26,fast_moving,6817560.160000001,0.00023630385037753517,0.7650373805624869,A,low_risk,202.94,high,stable
23502,PLAYING CARDS VINTAGE DOILEY ,16.25,13,2,2011-09-22,2011-10-06,15,0.87,medium_moving,6817576.410000001,1.8235053512370341e-06,0.7650392040678381,A,High_risk,7.78,low,stable
23502,PLAYING CARDS VINTAGE DOILY ,822.73,677,85,2011-09-23,2011-12-07,76,8.91,fast_moving,6818399.1400000015,9.232323431527662e-05,0.7651315273021535,A,meduim_risk,134.44,high,stable
23503,PLAYING CARDS KEEP CALM & CARRY ON,4246.71,3435,327,2011-09-22,2011-12-09,79,43.48,fast_moving,6822645.8500000015,0.00047654759447088155,0.7656080748966243,A,low_risk,502.8,high,stable
23504,PLAYING CARDS JUBILEE UNION JACK,2082.48,1668,190,2011-09-22,2011-12-08,78,21.38,fast_moving,6824728.330000002,0.0002336869799288676,0.7658417618765533,A,low_risk,260.12,high,stable
23505,PLAYING CARDS I LOVE LONDON ,1247.25,1065,104,2011-09-22,2011-12-08,78,13.65,fast_moving,6825975.580000002,0.0001399610491895625,0.7659817229257428,A,meduim_risk,179.01,high,stable
23506,MINI PLAYING CARDS SPACEBOY ,1116.36,2718,127,2011-09-22,2011-12-08,78,34.85,fast_moving,6827091.940000002,0.0001252731343942754,0.7661069960601371,A,High_risk,859.24,high,stable
23507,MINI PLAYING CARDS BUFFALO BILL ,1129.02,2841,101,2011-09-22,2011-12-08,78,36.42,fast_moving,6828220.960000002,0.00012669378533253147,0.7662336898454696,A,meduim_risk,645.45,high,stable
23508,MINI PLAYING CARDS DOLLY GIRL ,1014.72,2476,106,2011-09-22,2011-12-08,78,31.74,fast_moving,6829235.680000002,0.00011386752923121496,0.7663475573747008,A,High_risk,798.44,high,stable
23509,MINI PLAYING CARDS FUN FAIR ,434.46000000000004,1043,54,2011-09-22,2011-12-08,78,13.37,fast_moving,6829670.1400000015,4.8753239070673345e-05,0.7663963106137714,A,High_risk,369.72,high,stable
23510,MINI PLAYING CARDS GYMKHANA,902.16,2298,95,2011-09-22,2011-12-08,78,29.46,fast_moving,6830572.300000002,0.00010123652847212323,0.7664975471422436,A,High_risk,572.68,high,stable
23511,EMBROIDERED RIBBON REEL EMILY ,1050.58,526,85,2011-09-22,2011-12-08,78,6.74,fast_moving,6831622.880000002,0.00011789158473246789,0.7666154387269761,A,High_risk,129.29,high,stable
23512,EMBROIDERED RIBBON REEL ROSIE,923.54,485,49,2011-09-22,2011-12-08,78,6.22,fast_moving,6832546.420000002,0.00010363570043578157,0.7667190744274118,A,High_risk,167.77,high,stable
23513,EMBROIDERED RIBBON REEL SUSIE ,1072.96,556,62,2011-09-22,2011-12-05,75,7.41,fast_moving,6833619.380000002,0.0001204029724100485,0.766839477399822,A,High_risk,178.38,high,stable
23514,EMBROIDERED RIBBON REEL SALLY ,909.14,458,62,2011-09-22,2011-12-04,74,6.19,fast_moving,6834528.520000001,0.00010201979415530075,0.7669414971939772,A,meduim_risk,103.95,high,stable
23515,EMBROIDERED RIBBON REEL DAISY ,1075.3799999999999,558,59,2011-09-22,2011-12-09,79,7.06,fast_moving,6835603.900000001,0.0001206745344377404,0.767062171728415,A,High_risk,173.12,high,stable
23516,EMBROIDERED RIBBON REEL SOPHIE  ,1028.76,292,40,2011-09-25,2011-12-05,72,4.06,fast_moving,6836632.660000001,0.00011544303785468377,0.7671776147662696,A,High_risk,95.73,high,stable
23517,EMBROIDERED RIBBON REEL REBECCA ,860.88,312,51,2011-09-22,2011-12-05,75,4.16,fast_moving,6837493.540000001,9.660426380141157e-05,0.767274219030071,A,High_risk,93.13,medium,stable
23518,EMBROIDERED RIBBON REEL RACHEL ,957.82,358,41,2011-09-22,2011-12-02,72,4.97,fast_moving,6838451.360000001,0.0001074824551090373,0.76738170148518,A,High_risk,126.03,high,stable
23519,EMBROIDERED RIBBON REEL CLAIRE,755.01,219,19,2011-09-25,2011-11-22,59,3.71,medium_moving,6839206.370000001,8.472398616845988e-05,0.7674664254713485,A,High_risk,72.02,medium,stable
23520,EMBROIDERED RIBBON REEL RUBY ,589.38,166,30,2011-09-22,2011-12-05,75,2.21,medium_moving,6839795.750000001,6.61376974715128e-05,0.76753256316882,A,High_risk,43.47,medium,stable
23521,CAT AND BIRD WALL ART,323.64,270,4,2011-10-03,2011-10-24,22,12.27,fast_moving,6840119.390000001,3.631749365380638e-05,0.7675688806624738,A,,,,stable
23521,WALL ART CAT AND BIRD ,324.98,118,18,2011-10-06,2011-12-06,62,1.9,medium_moving,6840444.370000001,3.646786271046224e-05,0.7676053485251843,A,High_risk,40.1,medium,stable
23522,DOG AND BALL WALL ART,425.87999999999994,252,4,2011-10-03,2011-10-24,22,11.45,fast_moving,6840870.250000001,4.7790428245220184e-05,0.7676531389534295,A,,,,stable
23522,WALL ART DOG AND BALL ,226.29000000000002,89,17,2011-10-06,2011-12-08,64,1.39,medium_moving,6841096.540000001,2.539329390347252e-05,0.767678532247333,A,meduim_risk,23.86,medium,stable
23523,TREASURE AHOY WALL ART,833.46,270,16,2011-10-03,2011-11-16,45,6.0,fast_moving,6841930.000000001,9.352730892566268e-05,0.7677720595562586,A,High_risk,165.46,high,stable
23523,WALL ART TREASURE AHOY ,317.97,87,22,2011-10-11,2011-12-08,59,1.47,medium_moving,6842247.970000001,3.568123055586706e-05,0.7678077407868145,A,low_risk,13.75,low,stable
23524,HORSE & PONY WALL ART,797.3100000000001,256,17,2011-10-02,2011-11-16,46,5.57,fast_moving,6843045.28,8.947071086737229e-05,0.7678972114976818,A,High_risk,164.05,high,stable
23524,WALL ART HORSE & PONY ,644.6700000000001,209,34,2011-10-04,2011-12-09,67,3.12,medium_moving,6843689.95,7.234210429427563e-05,0.767969553601976,A,High_risk,76.51,medium,stable
23525,BUFFALO BILL WALL ART ,845.22,246,15,2011-10-03,2011-11-16,45,5.47,fast_moving,6844535.17,9.484696572138867e-05,0.7680644005676974,A,High_risk,156.98,high,stable
23525,WALL ART BUFFALO BILL ,936.4200000000001,322,29,2011-10-03,2011-12-09,68,4.74,fast_moving,6845471.59,0.00010508103883110053,0.7681694816065284,A,High_risk,134.25,high,stable
23526,DOG LICENCE WALL ART,2081.64,408,29,2011-10-03,2011-11-28,57,7.16,fast_moving,6847553.2299999995,0.00023359271872917288,0.7684030743252576,A,High_risk,254.56,high,stable
23526,WALL ART DOG LICENCE ,2265.18,474,62,2011-10-04,2011-12-08,66,7.18,fast_moving,6849818.409999999,0.000254188790862468,0.76865726311612,A,low_risk,63.79,medium,stable
23527,ANIMALS AND NATURE WALL ART,923.97,267,17,2011-10-03,2011-11-16,45,5.93,fast_moving,6850742.379999999,0.00010368395319276815,0.7687609470693128,A,High_risk,163.34,high,stable
23527,WALL ART ANIMALS AND NATURE ,474.75,149,26,2011-10-04,2011-12-09,67,2.22,medium_moving,6851217.129999999,5.327441018460197e-05,0.7688142214794974,A,meduim_risk,43.15,medium,stable
23528,SPACEBOY WALL ART,885.9000000000001,306,13,2011-10-03,2011-11-09,38,8.05,fast_moving,6852103.029999999,9.9411900963747e-05,0.7689136333804611,A,High_risk,199.4,high,stable
23528,WALL ART SPACEBOY,495.48,156,21,2011-10-05,2011-12-01,58,2.69,medium_moving,6852598.51,5.560064193421081e-05,0.7689692340223955,A,High_risk,54.69,medium,stable
23529,DOLLY GIRL WALL ART,1055.94,318,11,2011-10-03,2011-11-09,38,8.37,fast_moving,6853654.45,0.00011849306095909131,0.7690877270833546,A,High_risk,216.37,high,stable
23529,WALL ART DOLLY GIRL ,896.3700000000001,311,19,2011-10-05,2011-12-05,62,5.02,fast_moving,6854550.82,0.00010058679948851326,0.7691883138828431,A,meduim_risk,84.62,medium,stable
23530,WALL ART ONLY ONE PERSON ,4241.25,1037,73,2011-10-03,2011-12-09,68,15.25,fast_moving,6858792.07,0.0004759348966728659,0.769664248779516,A,low_risk,138.59,high,stable
23530,"WALL ART,ONLY ONE PERSON ",29.700000000000003,6,1,2011-10-06,2011-10-06,1,6.0,fast_moving,6858821.7700000005,3.3328067034916873e-06,0.7696675815862195,A,,,,stable
23531,WALL ART BIG LOVE ,5340.21,963,97,2011-10-03,2011-12-08,67,14.37,fast_moving,6864161.98,0.0005992554776448936,0.7702668370638643,A,low_risk,180.67,high,stable
23532,WALL ART WORK REST AND PLAY  ,853.47,205,26,2011-10-03,2011-12-08,67,3.06,medium_moving,6865015.45,9.577274536124747e-05,0.7703626098092256,A,High_risk,87.32,medium,stable
23533,WALL ART GARDEN HAVEN ,936.34,210,31,2011-10-03,2011-12-09,68,3.09,medium_moving,6865951.79,0.00010507206157398674,0.7704676818707995,A,High_risk,93.62,medium,stable
23534,STOP FOR TEA WALL ART,2572.7,518,41,2011-10-02,2011-12-04,64,8.09,fast_moving,6868524.49,0.0002886973672078472,0.7707563792380074,A,High_risk,257.53,high,stable
23534,WALL ART STOP FOR TEA ,3754.13,689,153,2011-10-03,2011-12-08,67,10.28,fast_moving,6872278.62,0.00042127237810704534,0.7711776516161145,A,meduim_risk,163.54,high,stable
23535,BICYCLE SAFTEY WALL ART,2371.94,458,39,2011-10-02,2011-11-28,58,7.9,fast_moving,6874650.5600000005,0.00026616894048081053,0.7714438205565953,A,High_risk,250.32,high,stable
23535,WALL ART BICYCLE SAFETY,3442.27,649,120,2011-10-05,2011-12-09,66,9.83,fast_moving,6878092.83,0.0003862767855632434,0.7718300973421585,A,low_risk,51.33,medium,stable
23535,WALL ART BICYCLE SAFTEY ,114.15,21,3,2011-10-03,2011-10-04,2,10.5,fast_moving,6878206.98,1.2809423744228151e-05,0.7718429067659027,A,,,,stable
23536,VILLAGE SHOW WALL ART,2072.42,386,18,2011-10-03,2011-11-16,45,8.58,fast_moving,6880279.4,0.0002325580898468095,0.7720754648557496,A,High_risk,255.97,high,stable
23536,WALL ART VILLAGE SHOW ,1201.6100000000001,227,56,2011-10-03,2011-12-08,67,3.39,medium_moving,6881481.010000001,0.0001348395240061497,0.7722103043797558,A,meduim_risk,50.52,medium,stable
23537,I LOVE LONDON WALL ART,59.400000000000006,12,2,2011-10-03,2011-11-16,45,0.27,slow_moving,6881540.410000001,6.665613406983375e-06,0.7722169699931628,A,low_risk,0.0,low,stable
23537,WALL ART I LOVE LONDON ,387.3,86,19,2011-10-04,2011-12-09,67,1.28,medium_moving,6881927.710000001,4.3461146002098665e-05,0.7722604311391649,A,meduim_risk,24.01,medium,stable
23538,WALL ART VINTAGE HEART,1278.87,327,27,2011-10-03,2011-12-08,67,4.88,fast_moving,6883206.580000001,0.00014350931006378495,0.7724039404492287,A,High_risk,169.98,high,stable
23539,"WALL ART , LOVES' SECRET ",47.6,8,2,2011-10-06,2011-10-07,2,4.0,fast_moving,6883254.180000001,5.3414679827004816e-06,0.7724092819172114,A,,,,stable
23539,WALL ART LOVES' SECRET ,1082.1100000000001,229,33,2011-10-03,2011-12-05,64,3.58,medium_moving,6884336.290000001,0.00012142974619243737,0.7725307116634038,A,High_risk,97.79,high,stable
23540,"WALL ART , THE MAGIC FOREST ",13.9,2,1,2011-10-10,2011-10-10,1,2.0,medium_moving,6884350.190000001,1.5597984235196784e-06,0.7725322714618273,A,,,,stable
23540,WALL ART THE MAGIC FOREST ,876.64,144,9,2011-10-03,2011-12-06,65,2.22,medium_moving,6885226.830000001,9.837278345282667e-05,0.7726306442452802,A,High_risk,77.97,medium,stable
23541,"WALL ART ,PUDDINGS ",61.2,8,2,2011-10-06,2011-10-20,15,0.53,slow_moving,6885288.030000001,6.867601692043476e-06,0.7726375118469723,A,,,,stable
23541,WALL ART CLASSIC PUDDINGS ,6093.49,821,118,2011-10-02,2011-11-30,60,13.68,fast_moving,6891381.520000001,0.0006837853306282679,0.7733212971776005,A,low_risk,164.76,high,stable
23542,70'S ALPHABET WALL ART,1043.1,150,15,2011-10-03,2011-11-25,54,2.78,medium_moving,6892424.620000001,0.00011705221119232924,0.7734383493887927,A,High_risk,103.24,high,stable
23542,WALL ART 70'S ALPHABET ,2399.58,334,55,2011-10-04,2011-12-08,66,5.06,fast_moving,6894824.200000001,0.0002692705828136223,0.7737076199716064,A,low_risk,50.14,medium,stable
23543,KEEP CALM WALL ART ,2015.97,269,20,2011-10-03,2011-11-15,44,6.11,fast_moving,6896840.170000001,0.00022622351279589684,0.7739338434844023,A,High_risk,164.76,high,stable
23543,WALL ART KEEP CALM ,4861.75,959,74,2011-10-03,2011-12-08,67,14.31,fast_moving,6901701.920000001,0.00054556474716164,0.7744794082315639,A,High_risk,350.82,high,stable
23544,WALL ART MID CENTURY MODERN ,1015.78,164,20,2011-10-03,2011-12-06,65,2.52,medium_moving,6902717.700000001,0.00011398647788797258,0.774593394709452,A,High_risk,79.2,medium,stable
23545,WRAP RED DOILEY,157.5,375,15,2011-07-20,2011-08-08,20,18.75,fast_moving,6902875.200000001,1.7673974942758945e-05,0.7746110686843947,A,low_risk,88.39,medium,stable
23545,WRAP RED VINTAGE DOILY,866.0,2100,68,2011-08-12,2011-12-08,119,17.65,fast_moving,6903741.200000001,9.717880825669363e-05,0.7747082474926514,A,low_risk,179.76,high,stable
23546,WRAP PAISLEY PARK ,1375.5,3275,120,2011-07-19,2011-12-08,143,22.9,fast_moving,6905116.700000001,0.0001543527145000948,0.7748626002071515,A,low_risk,228.81,high,stable
23547,WRAP FLOWER SHOP  ,661.5,1575,62,2011-07-20,2011-12-06,140,11.25,fast_moving,6905778.200000001,7.423069475958757e-05,0.7749368309019111,A,low_risk,132.99,high,stable
23548,WRAP MAGIC FOREST ,451.5,1075,43,2011-07-20,2011-12-08,142,7.57,fast_moving,6906229.700000001,5.066539483590898e-05,0.774987496296747,A,low_risk,101.76,high,stable
23549,WRAP BIRD GARDEN ,546.0,1300,51,2011-07-19,2011-12-01,136,9.56,fast_moving,6906775.700000001,6.126977980156434e-05,0.7750487660765485,A,low_risk,111.43,high,stable
23550,WRAP ALPHABET POSTER  ,761.0,1850,63,2011-07-18,2011-12-09,145,12.76,fast_moving,6907536.700000001,8.539615829485434e-05,0.7751341622348434,A,low_risk,171.51,high,stable
23551,PACK OF 12 PAISLEY PARK TISSUES ,630.63,1617,95,2011-09-01,2011-12-08,99,16.33,fast_moving,6908167.330000001,7.076659567080682e-05,0.7752049288305142,A,meduim_risk,278.47,high,stable
23552,BICYCLE PUNCTURE REPAIR KIT ,3338.8,1731,103,2011-11-25,2011-12-09,15,115.4,fast_moving,6911506.130000001,0.0003746658256437052,0.7755795946561579,A,low_risk,395.27,high,stable
23553,LANDMARK FRAME CAMDEN TOWN ,6257.35,558,62,2011-10-20,2011-12-08,50,11.16,fast_moving,6917763.48,0.0007021729975115726,0.7762817676536694,A,meduim_risk,147.0,high,stable
23554,LANDMARK FRAME OXFORD STREET,4755.65,421,54,2011-10-19,2011-12-08,51,8.25,fast_moving,6922519.130000001,0.0005336586599144861,0.7768154263135839,A,High_risk,203.86,high,stable
23555,LANDMARK FRAME NOTTING HILL ,4768.15,422,48,2011-10-19,2011-12-08,51,8.27,fast_moving,6927287.280000001,0.0005350613563385147,0.7773504876699225,A,High_risk,204.28,high,stable
23556,LANDMARK FRAME COVENT GARDEN ,4949.55,438,52,2011-10-19,2011-12-08,51,8.59,fast_moving,6932236.830000001,0.0005554172868440161,0.7779059049567665,A,High_risk,204.27,high,stable
23557,LANDMARK FRAME BAKER STREET ,3867.85,347,29,2011-10-19,2011-12-08,51,6.8,fast_moving,6936104.680000001,0.00043403354909428687,0.7783399385058607,A,High_risk,178.89,high,stable
23558,LANDMARK FRAME LONDON BRIDGE ,4641.7,413,47,2011-10-19,2011-12-08,51,8.1,fast_moving,6940746.380000001,0.0005208716793130425,0.7788608101851738,A,High_risk,197.53,high,stable
23559,WOODLAND BUNNIES LOLLY MAKERS,1135.52,566,75,2011-09-08,2011-12-07,91,6.22,fast_moving,6941881.9,0.00012742318747302627,0.7789882333726468,A,low_risk,80.72,medium,stable
23560,SET OF 6 RIBBONS COUNTRY STYLE,449.96,164,20,2011-11-27,2011-12-08,12,13.67,fast_moving,6942331.86,5.0492582636468663e-05,0.7790387259552832,A,low_risk,49.5,medium,stable
23561,SET OF 6 RIBBONS PARTY,458.63,167,13,2011-11-27,2011-12-09,13,12.85,fast_moving,6942790.49,5.1465492876174826e-05,0.7790901914481594,A,low_risk,45.96,medium,stable
23562,SET OF 6 RIBBONS PERFECTLY PRETTY  ,684.05,245,37,2011-11-27,2011-12-09,13,18.85,fast_moving,6943474.54,7.676115910853496e-05,0.7791669526072679,A,High_risk,125.16,high,stable
23564,EGG CUP MILKMAID INGRID,703.51,587,42,2011-10-13,2011-12-06,55,10.67,fast_moving,6944178.05,7.894487690146252e-05,0.7792458974841694,A,meduim_risk,177.0,high,stable
23565,EGG CUP MILKMAID HELGA ,435.0,348,31,2011-10-16,2011-12-06,52,6.69,fast_moving,6944613.05,4.881383555619137e-05,0.7792947113197255,A,meduim_risk,81.91,medium,stable
23566,EGG CUP MILKMAID HEIDI,922.02,786,46,2011-10-17,2011-12-05,50,15.72,fast_moving,6945535.069999999,0.0001034651325506197,0.7793981764522762,A,low_risk,94.18,high,stable
23567,EGG CUP HENRIETTA HEN PINK,233.75,187,18,2011-10-14,2011-12-02,50,3.74,medium_moving,6945768.819999999,2.623042312933272e-05,0.7794244068754055,A,meduim_risk,55.14,medium,stable
23568,EGG CUP HENRIETTA HEN CREAM ,664.52,580,28,2011-10-16,2011-12-05,51,11.37,fast_moving,6946433.339999999,7.456958621563285e-05,0.779498976461621,A,low_risk,51.08,medium,stable
23569,TRADTIONAL ALPHABET STAMP SET,4531.95,933,174,2011-10-21,2011-12-08,49,19.04,fast_moving,6950965.289999999,0.0005085560047100724,0.7800075324663311,A,meduim_risk,207.05,high,stable
23570,TRADITIONAL PICK UP STICKS GAME ,2307.5,1846,231,2011-10-21,2011-12-09,50,36.92,fast_moving,6953272.789999999,0.00025893775987565886,0.7802664702262068,A,meduim_risk,496.85,high,stable
23571,TRADITIONAL NAUGHTS & CROSSES,3330.5999999999995,2036,216,2011-10-21,2011-12-09,50,40.72,fast_moving,6956603.389999999,0.00037374565678954244,0.7806402158829963,A,High_risk,684.35,high,stable
23574,PACKING CHARGE,105.0,14,14,2011-07-06,2011-12-07,155,0.09,slow_moving,6956708.389999999,1.1782649961839297e-05,0.7806519985329581,A,meduim_risk,2.07,low,stable
23575,SNACK TRAY PAISLEY PARK,305.4,164,22,2011-11-27,2011-12-08,12,13.67,fast_moving,6957013.789999999,3.427067903186401e-05,0.78068626921199,A,meduim_risk,76.37,medium,stable
23576,SNACK TRAY RED VINTAGE DOILY,346.34999999999997,185,29,2011-11-27,2011-12-08,12,15.42,fast_moving,6957360.139999999,3.886591251698134e-05,0.7807251351245069,A,meduim_risk,74.25,medium,stable
23578,SNACK TRAY RED GINGHAM,109.2,56,11,2011-11-27,2011-12-08,12,4.67,fast_moving,6957469.339999999,1.2253955960312869e-05,0.7807373890804673,A,low_risk,14.14,low,stable
23579,SNACK TRAY I LOVE LONDON,280.05,151,24,2011-10-18,2011-12-08,52,2.9,medium_moving,6957749.389999999,3.142601068393424e-05,0.7807688150911513,A,High_risk,64.13,medium,stable
23580,SNACK TRAY HAPPY FOREST  ,216.45,111,21,2011-11-27,2011-12-07,11,10.09,fast_moving,6957965.839999999,2.4289091278477294e-05,0.7807931041824298,A,low_risk,20.51,medium,stable
23581,JUMBO BAG PAISLEY PARK,8529.24,4373,302,2011-10-25,2011-12-09,46,95.07,fast_moving,6966495.079999999,0.0009571147558144591,0.7817502189382441,A,meduim_risk,971.33,high,stable
23582,VINTAGE DOILY JUMBO BAG RED ,8535.26,4447,234,2011-10-25,2011-12-08,45,98.82,fast_moving,6975030.339999999,0.0009577902944122713,0.7827080092326565,A,low_risk,786.43,high,stable
23583,LUNCH BAG PAISLEY PARK  ,5267.75,3315,298,2011-10-25,2011-12-08,45,73.67,fast_moving,6980298.089999999,0.0005911243270140854,0.7832991335596705,A,meduim_risk,1024.74,high,stable
23597,PAPER BUNTING PAISLEY PARK,667.6,248,28,2011-11-10,2011-12-08,29,8.55,fast_moving,6980965.689999999,7.491521061451347e-05,0.783374048770285,A,low_risk,24.04,medium,stable
23598,PAPER BUNTING VINTAGE PARTY,1177.95,421,42,2011-11-10,2011-12-09,30,14.03,fast_moving,6982143.639999999,0.00013218450021474856,0.7835062332704997,A,low_risk,0.71,low,stable
23630,SET 10 CARDS HANGING BAUBLES 17080,2.99,1,1,2011-09-22,2011-09-22,1,1.0,medium_moving,6982146.629999999,3.355249846276143e-07,0.7835065687954844,A,,,,stable
23660,HENRIETTA HEN MUG ,483.44999999999993,293,31,2011-10-13,2011-12-08,57,5.14,fast_moving,6982630.079999999,5.425068689572578e-05,0.7835608194823802,A,meduim_risk,82.44,medium,stable
23661,MILK MAIDS MUG ,336.59999999999997,204,23,2011-10-13,2011-12-08,57,3.58,medium_moving,6982966.679999999,3.777180930623911e-05,0.7835985912916864,A,meduim_risk,53.02,medium,stable
23664,FLOWER SHOP DESIGN MUG,1.65,1,1,2011-11-11,2011-11-11,1,1.0,medium_moving,6982968.329999999,1.8515592797176037e-07,0.7835987764476143,A,,,,stable
23681,LUNCH BAG RED VINTAGE DOILY,2434.2,1548,118,2011-11-06,2011-12-09,34,45.53,fast_moving,6985402.529999999,0.00027315549082961157,0.783871931938444,A,meduim_risk,668.92,high,stable
23691,KEEP CALM BIRTHDAY WRAP,21.0,50,2,2011-11-02,2011-11-02,1,50.0,fast_moving,6985423.529999999,2.3565299923678594e-06,0.7838742884684364,A,,,,stable
23691,WRAP KEEP CALM BIRTHDAY,460.5,1125,36,2011-11-03,2011-12-07,35,32.14,fast_moving,6985884.029999999,5.1675336261209486e-05,0.7839259638046976,A,meduim_risk,371.23,high,stable
23692,WRAP A PRETTY THANK YOU,21.0,50,2,2011-11-09,2011-11-30,22,2.27,medium_moving,6985905.029999999,2.3565299923678594e-06,0.78392832033469,A,,,,stable
23694,PAISLEY PARK CARD,141.84,348,24,2011-11-14,2011-12-08,25,13.92,fast_moving,6986046.869999999,1.5916676862736058e-05,0.7839442370115527,A,low_risk,110.31,high,stable
23695,DOILY THANK YOU CARD,296.7,727,44,2011-11-09,2011-12-08,30,24.23,fast_moving,6986343.569999999,3.329440232074018e-05,0.7839775314138734,A,low_risk,174.66,high,stable
23697,A PRETTY THANK YOU CARD,179.64,438,26,2011-11-09,2011-12-08,30,14.6,fast_moving,6986523.209999999,2.01584308489982e-05,0.7839976898447224,A,meduim_risk,173.95,high,stable
23702,High Resolution Image,27.0,4,3,2011-10-19,2011-11-16,29,0.14,slow_moving,6986550.209999999,3.0298242759015334e-06,0.7840007196689983,A,meduim_risk,1.41,low,stable
23843,"PAPER CRAFT , LITTLE BIRDIE",168469.6,80995,1,2011-12-09,2011-12-09,1,80995.0,fast_moving,7155019.809999999,0.01890493643820078,0.802905656107199,B,,,,stable
35241,ENAMEL BLUE RIM BISCUIT BIN,413.95000000000005,89,30,2010-12-05,2011-05-03,150,0.59,slow_moving,7155433.759999999,4.6451694778127405e-05,0.8029521078019772,B,meduim_risk,12.09,low,stable
35265,COLOURFUL FLOWER FRUIT BOWL,50.25,16,11,2011-01-11,2011-10-02,265,0.06,slow_moving,7155484.009999999,5.6388396245945204e-06,0.8029577466416018,B,meduim_risk,1.6,low,stable
35400,WOODEN BOX ADVENT CALENDAR ,89.5,10,5,2010-12-17,2011-11-23,342,0.03,slow_moving,7155573.509999999,1.0043306396043972e-05,0.8029677899479978,B,low_risk,2.08,low,stable
35443,RASTA IN BATH W SPLIFF ASHTRAY,5.949999999999999,7,5,2011-05-08,2011-11-24,201,0.03,slow_moving,7155579.459999999,6.676834978375601e-07,0.8029684576314957,B,low_risk,0.89,low,stable
35645,VINTAGE BEAD PINK JEWEL BOX,17.0,4,3,2011-07-11,2011-10-20,102,0.04,slow_moving,7155596.459999999,1.9076671366787434e-06,0.8029703652986323,B,meduim_risk,1.41,low,stable
35646,VINTAGE BEAD PINK EVENING BAG,668.88,513,44,2010-12-07,2011-11-30,359,1.43,medium_moving,7156265.339999999,7.505884672833398e-05,0.8030454241453607,B,meduim_risk,33.78,medium,stable
35647,VINTAGE BEAD PINK SHADE ,16.25,13,2,2011-01-23,2011-03-11,48,0.27,slow_moving,7156281.589999999,1.8235053512370341e-06,0.8030472476507119,B,High_risk,7.78,low,stable
35648,VINTAGE BEAD PINK PURSE ,776.42,814,60,2010-12-09,2011-12-08,365,2.23,medium_moving,7157058.009999999,8.712652460353587e-05,0.8031343741753154,B,low_risk,47.02,medium,stable
35649,VINTAGE BEAD COSMETIC BAG ,51.82,16,6,2011-04-01,2011-11-10,224,0.07,slow_moving,7157109.829999999,5.815018295452499e-06,0.803140189193611,B,low_risk,1.92,low,stable
35650,VINTAGE BEAD PINK JEWEL STAND,4.95,1,1,2011-08-01,2011-08-01,1,1.0,medium_moving,7157114.779999999,5.554677839152812e-07,0.8031407446613948,B,,,,stable
35651,VINTAGE BEAD PINK SCARF ,557.0999999999999,330,33,2010-12-14,2011-11-10,332,0.99,medium_moving,7157671.879999999,6.251537422610163e-05,0.8032032600356209,B,meduim_risk,25.98,medium,stable
35653,VINTAGE BEAD NOTEBOOK,138.65,47,17,2010-12-05,2011-08-11,250,0.19,slow_moving,7157810.529999999,1.5558708735323988e-05,0.8032188187443563,B,meduim_risk,4.82,low,stable
35914,PINK CHICK EGG WARMER + EGG CUP,163.1,136,18,2010-12-17,2011-10-19,307,0.44,slow_moving,7157973.629999999,1.830238294072371e-05,0.803237121127297,B,High_risk,26.0,medium,stable
35920,FOUR RABBIT EASTER DECORATIONS,83.75,67,11,2011-01-19,2011-04-15,87,0.77,slow_moving,7158057.379999999,9.398066040990868e-06,0.803246519193338,B,low_risk,3.5,low,stable
35921,EASTER BUNNY HANGING GARLAND,67.5,54,11,2011-01-16,2011-04-19,94,0.57,slow_moving,7158124.879999999,7.574560689753834e-06,0.8032540937540277,B,meduim_risk,9.04,low,stable
35922,EASTER BUNNY WREATH,138.6,28,10,2011-01-16,2011-04-08,83,0.34,slow_moving,7158263.479999999,1.5553097949627872e-05,0.8032696468519773,B,meduim_risk,5.1,low,stable
35923,CANDY HEART HANGING DECORATION,631.71,1265,41,2011-02-02,2011-12-01,303,4.17,fast_moving,7158895.189999999,7.088778864184288e-05,0.8033405346406192,B,High_risk,164.76,high,stable
35924,HANGING FAIRY CAKE DECORATION,1262.1,724,31,2010-12-05,2011-11-22,353,2.05,medium_moving,7160157.289999998,0.00014162745254130835,0.8034821620931604,B,High_risk,79.65,medium,stable
35933,PINK STOCKING CHRISTMAS DECORATION,84.36,222,16,2011-06-20,2011-11-06,140,1.59,medium_moving,7160241.6499999985,9.466517626483459e-06,0.8034916286107869,B,High_risk,43.44,medium,stable
35953,FOLKART STAR CHRISTMAS DECORATIONS,1282.4099999999999,3017,85,2010-12-05,2011-12-08,369,8.18,fast_moving,7161524.059999999,0.00014390655369106981,0.803635535164478,B,High_risk,593.89,high,stable
35954,SMALL FOLKART STAR CHRISTMAS DEC,253.35000000000002,1124,32,2010-12-01,2011-11-09,344,3.27,medium_moving,7161777.409999998,2.842985112220939e-05,0.8036639650156002,B,meduim_risk,162.79,high,stable
35957,SMALLFOLKART BAUBLE CHRISTMAS DEC,146.04000000000002,558,7,2010-12-01,2011-01-04,35,15.94,fast_moving,7161923.449999998,1.638798286120963e-05,0.8036803529984614,B,low_risk,123.04,high,
35958,FOLKART ZINC STAR CHRISTMAS DEC,10.2,12,3,2010-12-05,2010-12-09,5,2.4,medium_moving,7161933.6499999985,1.144600282007246e-06,0.8036814975987434,B,,,,
35961,FOLKART ZINC HEART CHRISTMAS DEC,2138.44,2692,153,2010-12-01,2011-12-08,373,7.22,fast_moving,7164072.089999999,0.00023996657127995836,0.8039214641700234,B,meduim_risk,136.77,high,stable
35964,FOLKART CLIP ON STARS,246.78,624,37,2011-09-22,2011-12-08,78,8.0,fast_moving,7164318.869999999,2.7692593881740018e-05,0.8039491567639052,B,meduim_risk,104.8,high,stable
35965,FOLKART HEART NAPKIN RINGS,181.87,181,28,2010-12-05,2011-09-06,276,0.66,slow_moving,7164500.739999999,2.0408671891044885e-05,0.8039695654357962,B,High_risk,20.73,medium,stable
35966,FOLKART CHRISTMAS TREE T-LIGHT HOLD,10.260000000000002,27,2,2011-06-09,2011-08-24,77,0.35,slow_moving,7164510.999999999,1.151333224842583e-06,0.8039707167690211,B,low_risk,2.12,low,stable
35967,FOLK ART METAL STAR T-LIGHT HOLDER,150.54000000000002,381,29,2010-12-03,2011-12-08,371,1.03,medium_moving,7164661.539999999,1.6892953573859886e-05,0.803987609722595,B,meduim_risk,32.16,medium,stable
35968,FOLK ART METAL HEART T-LIGHT HOLDER,52.760000000000005,145,18,2010-12-08,2011-11-01,329,0.44,slow_moving,7164714.299999999,5.920501066539442e-06,0.8039935302236615,B,low_risk,9.27,low,stable
35970,ZINC FOLKART SLEIGH BELLS,7665.110000000001,4647,339,2011-06-12,2011-12-08,180,25.82,fast_moving,7172379.409999999,0.0008601457909428002,0.8048536760146043,B,High_risk,659.9,high,stable
35971,ROSE FOLKART HEART DECORATIONS,504.64,423,53,2010-12-05,2011-12-01,362,1.17,medium_moving,7172884.049999999,5.662853787373888e-05,0.804910304552478,B,High_risk,33.64,medium,stable
35972,DAISY FOLKART HEART DECORATION,120.0,96,16,2011-01-05,2011-11-06,306,0.31,slow_moving,7173004.049999999,1.3465885670673483e-05,0.8049237704381487,B,High_risk,13.14,low,stable
37327,ASSTD MULTICOLOUR CIRCLES MUG,548.37,1375,45,2010-12-05,2011-11-10,341,4.03,fast_moving,7173552.419999999,6.153573104356015e-05,0.8049853061691923,B,meduim_risk,93.95,high,stable
37330,BIG POLKADOT MUG,2.34,6,1,2011-03-22,2011-03-22,1,6.0,fast_moving,7173554.759999999,2.6258477057813287e-07,0.8049855687539628,B,,,,stable
37333,"RETRO ""TEA FOR ONE"" ",54.3,14,11,2010-12-09,2011-05-03,146,0.1,slow_moving,7173609.059999999,6.09331326597975e-06,0.8049916620672287,B,low_risk,1.51,low,stable
37340,MULTICOLOUR SPRING FLOWER MUG,803.74,2042,63,2010-12-07,2011-12-05,364,5.61,fast_moving,7174412.799999999,9.019225790789255e-05,0.8050818543251367,B,meduim_risk,136.59,high,stable
37342,POLKADOT COFFEE CUP & SAUCER PINK,1142.29,1435,63,2010-12-16,2011-09-02,261,5.5,fast_moving,7175555.089999999,0.0001281828878562801,0.805210037212993,B,meduim_risk,111.17,high,stable
37343,POLKADOT MUG PINK ,89.69999999999999,62,8,2010-12-01,2011-03-09,99,0.63,slow_moving,7175644.789999999,1.0065749538828427e-05,0.8052201029625318,B,low_risk,11.02,low,stable
37351,ORANGE FLOWER MUG ,1.56,4,1,2011-03-20,2011-03-20,1,4.0,fast_moving,7175646.349999999,1.7505651371875527e-07,0.8052202780190455,B,,,,stable
37370,RETRO COFFEE MUGS ASSORTED,2835.08,2508,113,2010-12-01,2011-11-22,357,7.03,fast_moving,7178481.429999999,0.0003181405262267748,0.8055384185452723,B,High_risk,249.23,high,stable
37413,ICON MUG REVOLUTIONARY,283.71,701,79,2011-02-07,2011-12-05,302,2.32,medium_moving,7178765.139999999,3.183672019688978e-05,0.8055702552654691,B,meduim_risk,56.37,medium,stable
37423,WHITE WITH BLACK CATS PLATE,33.18,78,3,2011-03-04,2011-03-18,15,5.2,fast_moving,7178798.319999998,3.723317387941218e-06,0.8055739785828571,B,,,,stable
37446,MINI CAKE STAND WITH HANGING CAKES,1775.05,1297,148,2010-12-01,2011-12-06,371,3.5,medium_moving,7180573.369999998,0.00019918850299774138,0.8057731670858548,B,low_risk,57.25,medium,stable
37447,CERAMIC CAKE DESIGN SPOTTED PLATE,1104.8899999999999,757,76,2010-12-08,2011-12-02,360,2.1,medium_moving,7181678.259999998,0.00012398602015558686,0.8058971531060103,B,low_risk,32.15,medium,stable
37448,CERAMIC CAKE DESIGN SPOTTED MUG,2043.0,1404,154,2010-12-01,2011-12-08,373,3.76,medium_moving,7183721.259999998,0.00022925670354321604,0.8061264098095535,B,meduim_risk,72.06,medium,stable
37449,CERAMIC CAKE STAND + HANGING CAKES,5084.78,562,152,2010-12-01,2011-12-07,372,1.51,medium_moving,7188806.039999998,0.0005705922178377259,0.8066970020273913,B,low_risk,28.26,medium,stable
37450,CERAMIC CAKE BOWL + HANGING CAKES,1841.0,668,98,2010-12-02,2011-12-08,372,1.8,medium_moving,7190647.039999998,0.00020658912933091568,0.8069035911567222,B,low_risk,33.47,medium,stable
37461,FUNKY MONKEY MUG,1.25,1,1,2010-12-05,2010-12-05,1,1.0,medium_moving,7190648.289999998,1.4026964240284879e-07,0.8069037314263646,B,,,,
37464,ROBOT MUG IN DISPLAY BOX,3.75,3,2,2010-12-03,2010-12-17,15,0.2,slow_moving,7190652.039999998,4.2080892720854633e-07,0.8069041522352918,B,,,,
37467,PIG MUG IN TWO COLOUR DESIGNS,60.04,128,11,2011-01-21,2011-10-10,263,0.49,slow_moving,7190712.079999998,6.737431463893632e-06,0.8069108896667557,B,meduim_risk,12.02,low,stable
37468,HARDMAN MUG 3 ASSORTED,24.96,64,12,2011-04-12,2011-10-19,191,0.34,slow_moving,7190737.039999998,2.8009042195000843e-06,0.8069136905709752,B,High_risk,14.17,low,stable
37471,MULTICOLOUR POLKADOT PLATE,10.2,12,1,2011-05-18,2011-05-18,1,12.0,fast_moving,7190747.239999998,1.144600282007246e-06,0.8069148351712573,B,,,,stable
37475,SET/4 COLOURFUL MIXING BOWLS,532.11,57,29,2010-12-10,2011-12-02,358,0.16,slow_moving,7191279.349999999,5.971110353518389e-05,0.8069745462747925,B,High_risk,5.27,low,stable
37476,CONDIMENT TRAY 4 BOWLS AND 4 SPOONS,160.39,17,9,2011-01-05,2011-10-20,289,0.06,slow_moving,7191439.739999998,1.799827835599433e-05,0.8069925445531484,B,High_risk,2.99,low,stable
37495,FAIRY CAKE BIRTHDAY CANDLE SET,1547.4,428,84,2010-12-01,2011-12-08,373,1.15,medium_moving,7192987.139999999,0.00017364259572333457,0.8071661871488718,B,low_risk,17.64,low,stable
37500,TEA TIME TEAPOT IN GIFT BOX,1972.46,338,80,2010-12-08,2011-12-09,367,0.92,medium_moving,7194959.599999999,0.00022134100708313847,0.8073875281559549,B,meduim_risk,21.07,medium,stable
37501,TEA TIME TEA SET IN GIFT BOX,708.9000000000001,102,29,2010-12-09,2011-08-10,245,0.42,slow_moving,7195668.499999999,7.954971959950361e-05,0.8074670778755545,B,meduim_risk,10.55,low,stable
37509,NEW ENGLAND MUG W GIFT BOX,5.1,2,2,2010-12-05,2010-12-06,2,1.0,medium_moving,7195673.599999999,5.72300141003623e-07,0.8074676501756954,B,,,,
40001,WHITE BAMBOO RIBS LAMPSHADE,573.7099999999999,755,35,2010-12-01,2011-11-08,343,2.2,medium_moving,7196247.309999999,6.437927723435068e-05,0.8075320294529298,B,meduim_risk,56.05,medium,stable
40003,WHITE BAMBOO RIBS LAMPSHADE,154.95,147,11,2010-12-09,2011-06-06,180,0.82,slow_moving,7196402.259999999,1.7387824872257133e-05,0.807549417277802,B,meduim_risk,56.05,medium,stable
40016,CHINESE DRAGON PAPER LANTERNS,1870.7,5524,75,2010-12-02,2011-09-21,294,18.79,fast_moving,7198272.959999999,0.00020992193603440736,0.8077593392138365,B,High_risk,622.53,high,stable
44228,CANNABIS LEAF BEAD CURTAIN,30.599999999999998,36,2,2010-12-20,2011-08-23,247,0.15,slow_moving,7198303.559999999,3.4338008460217378e-06,0.8077627730146825,B,low_risk,8.49,low,stable
44234,ASSORTED CIRCULAR MOBILE,121.04999999999998,645,19,2010-12-09,2011-12-09,366,1.76,medium_moving,7198424.6099999985,1.3583712170291874e-05,0.8077763567268528,B,High_risk,140.54,high,stable
44235,ASS COL CIRCLE MOBILE ,173.15999999999997,474,6,2010-12-09,2011-06-06,180,2.63,medium_moving,7198597.769999999,1.9431273022781833e-05,0.8077957879998755,B,High_risk,173.12,high,stable
44235,ASSORTED COLOURED CIRCLE MOBILE ,27.3,65,7,2011-08-07,2011-12-07,123,0.53,slow_moving,7198625.069999998,3.063488990078217e-06,0.8077988514888657,B,High_risk,21.23,medium,stable
44236,PINK/PURPLE CIRCLE CURTAIN,56.52,52,6,2011-02-13,2011-08-21,190,0.27,slow_moving,7198681.589999998,6.342432150887211e-06,0.8078051939210165,B,High_risk,22.23,medium,stable
44265,M/COLOUR POM-POM CURTAIN,8.5,2,1,2011-02-10,2011-02-10,1,2.0,medium_moving,7198690.089999998,9.538335683393717e-07,0.8078061477545848,B,,,,
45013,FOLDING SHOE TIDY,8.850000000000001,3,2,2011-02-09,2011-10-23,257,0.01,slow_moving,7198698.939999998,9.931090682121694e-07,0.8078071408636529,B,low_risk,0.71,low,stable
46118,FUNKY MONKEY CUSHION COVER,164.04999999999998,193,18,2011-03-01,2011-12-06,281,0.69,slow_moving,7198862.989999997,1.840898786894987e-05,0.8078255498515219,B,low_risk,12.93,low,stable
47016,LIGHT DECORATION BATTERY OPERATED,4.2,2,1,2011-11-01,2011-11-01,1,2.0,medium_moving,7198867.189999998,4.713059984735719e-07,0.8078260211575203,B,,,,stable
47420,ASSORTED COLOUR SUCTION CUP HOOK,38.38,202,13,2010-12-08,2011-12-04,362,0.56,slow_moving,7198905.5699999975,4.306839100337069e-06,0.8078303279966207,B,meduim_risk,20.73,medium,stable
47421,ASSORTED COLOUR LIZARD SUCTION HOOK,385.02,975,54,2010-12-01,2011-12-08,373,2.61,medium_moving,7199290.589999997,4.3205294174355865e-05,0.807873533290795,B,meduim_risk,59.54,medium,stable
47422,ASSORTED MONKEY SUCTION CUP HOOK,220.14000000000001,555,42,2010-12-03,2011-12-01,364,1.52,medium_moving,7199510.729999997,2.4703167262850506e-05,0.8078982364580578,B,High_risk,47.96,medium,stable
47469,ASSORTED SHAPES PHOTO CLIP SILVER ,167.10999999999999,359,11,2011-01-17,2011-12-08,326,1.1,medium_moving,7199677.839999997,1.8752367953552046e-05,0.8079169888260114,B,High_risk,100.73,high,stable
47471,RAINBOW PEGS PHOTO CLIP STRING,150.18,264,24,2010-12-02,2011-12-05,369,0.72,slow_moving,7199828.019999997,1.6852555916847865e-05,0.8079338413819283,B,High_risk,39.12,medium,stable
47480,HANGING PHOTO CLIP ROPE LADDER,1092.8799999999999,692,52,2010-12-06,2011-12-06,366,1.89,medium_moving,7200920.899999997,0.00012263830943138029,0.8080564796913596,B,meduim_risk,40.31,medium,stable
47481,50CM METAL STRING WITH  7 CLIPS,164.22,222,19,2011-01-17,2011-11-29,317,0.7,slow_moving,7201085.119999996,1.842806454031666e-05,0.8080749077558999,B,High_risk,47.17,medium,stable
47566,PARTY BUNTING,68844.33,15291,1379,2010-12-03,2011-12-08,371,41.22,fast_moving,7269929.449999996,0.007725415640450971,0.8158003233963509,B,meduim_risk,857.14,high,stable
47579,TEA TIME BREAKFAST BASKET,2.1,1,1,2010-12-05,2010-12-05,1,1.0,medium_moving,7269931.549999996,2.3565299923678594e-07,0.81580055904935,B,,,,
47580,TEA TIME DES TEA COSY,818.7099999999999,330,76,2010-12-01,2011-12-08,373,0.88,medium_moving,7270750.259999996,9.187212714530904e-05,0.8158924311764953,B,meduim_risk,23.23,medium,stable
47589,CONGRATULATIONS BUNTING,70.85000000000001,13,3,2011-01-06,2011-05-24,139,0.09,slow_moving,7270821.109999996,7.95048333139347e-06,0.8159003816598267,B,meduim_risk,4.16,low,stable
48111,DOORMAT 3 SMILEY CATS,6715.25,1107,174,2010-12-01,2011-12-09,374,2.96,medium_moving,7277536.359999996,0.0007535565729165841,0.8166539382327432,B,High_risk,135.43,high,stable
48116,DOORMAT MULTICOLOUR STRIPE,8053.22,1419,141,2010-12-08,2011-12-08,366,3.88,medium_moving,7285589.579999995,0.0009036978316731758,0.8175576360644164,B,High_risk,130.4,high,stable
48129,DOORMAT TOPIARY,5644.46,880,182,2010-12-01,2011-12-08,373,2.36,medium_moving,7291234.039999995,0.0006333971086057471,0.8181910331730222,B,High_risk,90.27,medium,stable
48138,DOORMAT UNION FLAG,23697.99,3625,516,2010-12-01,2011-12-09,374,9.69,fast_moving,7314932.029999996,0.002659286866373029,0.8208503200393953,B,meduim_risk,202.03,high,stable
48184,DOORMAT ENGLISH ROSE ,13470.95,1975,356,2010-12-01,2011-12-08,373,5.29,fast_moving,7328402.979999996,0.0015116522714613246,0.8223619723108566,B,meduim_risk,125.51,high,stable
48185,DOORMAT FAIRY CAKE,21187.69,3429,241,2010-12-01,2011-12-08,373,9.19,fast_moving,7349590.669999996,0.0023775917597139316,0.8247395640705706,B,High_risk,283.65,high,stable
48187,DOORMAT NEW ENGLAND,22968.25,3721,531,2010-12-01,2011-12-09,374,9.95,fast_moving,7372558.919999996,0.002577398571295385,0.8273169626418659,B,meduim_risk,228.93,high,stable
48188,DOORMAT WELCOME PUPPIES,11544.2,2028,252,2010-12-06,2011-12-06,366,5.54,fast_moving,7384103.119999996,0.0012954406446615736,0.8286124032865275,B,High_risk,194.25,high,stable
48194,DOORMAT HEARTS,19948.81,3271,480,2010-12-01,2011-12-08,373,8.77,fast_moving,7404051.929999996,0.002238569956049899,0.8308509732425774,B,meduim_risk,218.08,high,stable
51008,AFGHAN SLIPPER SOCK PAIR,1662.95,511,19,2010-12-05,2011-11-27,358,1.43,medium_moving,7405714.879999996,0.0001866091214670539,0.8310375823640445,B,High_risk,158.02,high,stable
62018,SOMBRERO ,5691.5,4402,59,2010-12-05,2011-12-06,367,11.99,fast_moving,7411406.379999996,0.000638675735788651,0.8316762580998331,B,High_risk,401.17,high,stable
70006,LOVE HEART POCKET WARMER,1657.6999999999998,2620,78,2010-12-02,2011-12-08,372,7.04,fast_moving,7413064.079999996,0.00018601998896896192,0.8318622780888021,B,High_risk,483.17,high,stable
70007,HI TEC ALPINE HAND WARMER,639.36,732,53,2010-12-01,2011-12-08,373,1.96,medium_moving,7413703.439999997,7.174623885334831e-05,0.8319340243276555,B,High_risk,110.9,high,stable
71038,WHITE HANGING BEADS CANDLE HOLDER,1244.95,239,47,2010-12-08,2011-11-28,356,0.67,slow_moving,7414948.389999997,0.00013970295304754126,0.8320737272807031,B,low_risk,8.63,low,stable
71050,SMALL SINGLE FLAME CANDLE HOLDER,11.549999999999999,33,6,2011-02-28,2011-12-02,278,0.12,slow_moving,7414959.939999997,1.2960914958023224e-06,0.8320750233721989,B,meduim_risk,6.65,low,stable
71053,WHITE METAL LANTERN,5713.03,1591,238,2010-12-01,2011-11-17,352,4.52,fast_moving,7420672.969999997,0.0006410917401093977,0.8327161151123083,B,low_risk,69.98,medium,stable
71053,WHITE MOROCCAN METAL LANTERN,202.92,48,12,2011-11-22,2011-12-07,16,3.0,medium_moving,7420875.889999997,2.2770812669108857e-05,0.8327388859249774,B,low_risk,15.56,low,stable
71143,SILVER BOOK MARK WITH BEADS,8.5,10,1,2011-06-29,2011-06-29,1,10.0,fast_moving,7420884.389999997,9.538335683393717e-07,0.8327398397585457,B,,,,stable
71215,METAL BASE FOR CANDLES,4.62,11,2,2010-12-08,2011-05-26,170,0.06,slow_moving,7420889.009999997,5.184365983209291e-07,0.832740358195144,B,High_risk,6.36,low,stable
71270,PHOTO CLIP LINE,259.96,207,31,2010-12-01,2011-12-01,366,0.57,slow_moving,7421148.969999997,2.917159699123565e-05,0.8327695297921353,B,High_risk,17.44,low,stable
71279,PINK GLASS CANDLEHOLDER,450.6000000000001,156,27,2010-12-07,2011-11-07,336,0.46,slow_moving,7421599.569999997,5.0564400693378934e-05,0.8328200941928287,B,low_risk,7.47,low,stable
71403,"PINK/WHITE ""KEEP CLEAN"" BULLET BIN",159.3,54,13,2010-12-06,2011-11-16,346,0.16,slow_moving,7421758.869999996,1.787596322781905e-05,0.8328379701560564,B,meduim_risk,6.5,low,stable
71459,HANGING JAM JAR T-LIGHT HOLDER,8164.12,10528,310,2010-12-02,2011-09-05,278,37.87,fast_moving,7429922.9899999965,0.0009161425543471566,0.8337541127104036,B,low_risk,555.66,high,stable
71459,HANGING JAM JAR T-LIGHT HOLDERS,1867.33,2413,69,2011-08-31,2011-12-09,101,23.89,fast_moving,7431790.319999997,0.00020954376907848928,0.8339636564794821,B,meduim_risk,438.72,high,stable
71477,COLOUR GLASS. STAR T-LIGHT HOLDER,16570.29,5655,221,2010-12-01,2011-11-29,364,15.54,fast_moving,7448360.609999997,0.001859446922249201,0.8358231034017313,B,meduim_risk,363.91,high,stable
71477,COLOURED GLASS STAR T-LIGHT HOLDER,3478.8300000000004,997,42,2011-11-14,2011-12-08,25,39.88,fast_moving,7451839.439999997,0.00039037939206424196,0.8362134827937955,B,low_risk,30.41,medium,stable
71510,SQUARE METAL CANDLEHOLDER BASE,36.519999999999996,52,8,2011-02-10,2011-11-24,288,0.18,slow_moving,7451875.959999996,4.09811787244163e-06,0.8362175809116679,B,High_risk,8.48,low,stable
72122,COFFEE SCENT PILLAR CANDLE,277.4,292,44,2010-12-06,2011-12-08,368,0.79,slow_moving,7452153.359999997,3.1128639042040195e-05,0.83624870955071,B,meduim_risk,18.62,low,stable
72127,COLUMBIAN CANDLE ROUND ,208.1,168,29,2010-12-02,2011-11-23,357,0.47,slow_moving,7452361.459999996,2.3352090067226263e-05,0.8362720616407772,B,High_risk,21.23,medium,stable
72128,COLUMBIAN CANDLE ROUND,145.53,189,33,2010-12-03,2011-11-27,360,0.52,slow_moving,7452506.9899999965,1.6330752847109267e-05,0.8362883923936243,B,meduim_risk,27.73,medium,stable
72130,COLUMBIAN CANDLE ROUND,126.79,215,24,2010-12-03,2011-11-27,360,0.6,slow_moving,7452633.779999997,1.4227830368205757e-05,0.8363026202239925,B,meduim_risk,27.73,medium,stable
72131,COLUMBIAN CANDLE RECTANGLE,238.34999999999997,137,18,2010-12-06,2011-11-25,355,0.39,slow_moving,7452872.129999996,2.67466154133752e-05,0.8363293668394058,B,High_risk,29.72,medium,stable
72132,COLUMBIAN CUBE CANDLE,54.599999999999994,28,12,2010-12-08,2011-11-27,355,0.08,slow_moving,7452926.729999996,6.1269779801564336e-06,0.8363354938173859,B,High_risk,5.28,low,stable
72133,COLUMBIAN CANDLE RECTANGLE,48.75,39,13,2010-12-02,2011-12-02,366,0.11,slow_moving,7452975.479999996,5.470516053711102e-06,0.8363409643334396,B,High_risk,29.72,medium,stable
72134,COLUMBIAN  CUBE CANDLE ,47.18,98,8,2011-01-23,2011-10-30,281,0.35,slow_moving,7453022.6599999955,5.294337382853124e-06,0.8363462586708225,B,High_risk,20.03,medium,stable
72232,FENG SHUI PILLAR CANDLE,630.23,3317,65,2010-12-02,2011-12-09,373,8.89,fast_moving,7453652.889999996,7.07217093852379e-05,0.8364169803802078,B,High_risk,352.36,high,stable
72586,SET OF 6 HALLOWEEN GHOST T-LIGHTS,262.92,626,37,2011-06-02,2011-11-22,174,3.6,medium_moving,7453915.809999996,2.95037555044456e-05,0.8364464841357122,B,High_risk,156.77,high,stable
72598,SET/12 TAPER CANDLES,364.95,459,41,2010-12-01,2011-12-08,373,1.23,medium_moving,7454280.759999996,4.0953124795935724e-05,0.8364874372605082,B,High_risk,67.9,medium,stable
72709,IVORY SCULPTED RND CANDLE ,37.4,44,7,2010-12-08,2011-11-13,341,0.13,slow_moving,7454318.159999996,4.196867700693235e-06,0.8364916341282089,B,meduim_risk,6.15,low,stable
72741,GRAND CHOCOLATECANDLE,7785.049999999999,5801,249,2010-12-01,2011-12-08,373,15.55,fast_moving,7462103.209999996,0.0008736049436706382,0.8373652390718795,B,low_risk,290.23,high,stable
72780,BLACK SILOUETTE CANDLE PLATE,116.44999999999999,137,20,2010-12-13,2011-12-08,361,0.38,slow_moving,7462219.659999996,1.306751988624939e-05,0.8373783065917658,B,low_risk,6.39,low,stable
72783,BLACK SIL'T SQU CANDLE PLATE ,33.6,16,2,2011-11-06,2011-12-08,33,0.48,slow_moving,7462253.259999996,3.770447987788575e-06,0.8373820770397535,B,meduim_risk,5.66,low,stable
72811,SMALL ZINC/GLASS CANDLEHOLDER,67.25,49,6,2011-04-28,2011-12-08,225,0.22,slow_moving,7462320.509999996,7.546506761273264e-06,0.8373896235465148,B,meduim_risk,9.23,low,stable
72812,LARGE ZINC GLASS CANDLEHOLDER,49.980000000000004,18,4,2011-05-12,2011-12-05,208,0.09,slow_moving,7462370.4899999965,5.6085413818355055e-06,0.8373952320878967,B,low_risk,2.38,low,stable
72815,3 WICK CHRISTMAS BRIAR CANDLE ,7.5,2,1,2011-01-26,2011-01-26,1,2.0,medium_moving,7462377.9899999965,8.416178544170927e-07,0.8373960737057511,B,,,,
72816,SET/3 CHRISTMAS DECOUPAGE CANDLES,842.51,827,31,2010-12-01,2011-10-17,321,2.58,medium_moving,7463220.499999996,9.45428611366593e-05,0.8374906165668877,B,meduim_risk,187.41,high,stable
72817,SET OF 2 CHRISTMAS DECOUPAGE CANDLE,961.4,1048,94,2010-12-01,2011-11-23,358,2.93,medium_moving,7464181.899999997,0.00010788418736487905,0.8375985007542527,B,High_risk,185.1,high,stable
72818,CHRISTMAS DECOUPAGE CANDLE,782.77,1821,63,2010-12-01,2011-10-31,335,5.44,fast_moving,7464964.669999996,8.783909438694235e-05,0.8376863398486396,B,High_risk,588.09,high,stable
72819,CUPID DESIGN SCENTED CANDLES,436.4,208,30,2010-12-07,2011-12-08,367,0.57,slow_moving,7465401.069999997,4.897093755568256e-05,0.8377353107861953,B,High_risk,20.72,medium,stable
72821,CUPID SCENTED CANDLE IN GLASS,18.15,11,4,2011-01-27,2011-02-10,15,0.73,slow_moving,7465419.219999997,2.0367152076893642e-06,0.837737347501403,B,meduim_risk,4.95,low,
75011,BLUE DAISY MOBILE,138.76,172,12,2010-12-14,2011-11-28,350,0.49,slow_moving,7465557.979999997,1.5571052463855435e-05,0.8377529185538669,B,High_risk,22.9,medium,stable
75131,METAL TUBE CHIME ON BAMBOO,522.5600000000001,488,13,2010-12-09,2011-04-04,117,4.17,fast_moving,7466080.539999996,5.863944346722613e-05,0.8378115579973341,B,High_risk,166.74,high,stable
75172,PAINTED SEA SHELL METAL WINDCHIME,85.31,93,8,2011-02-09,2011-07-04,146,0.64,slow_moving,7466165.849999996,9.573122554709624e-06,0.8378211311198888,B,High_risk,40.52,medium,stable
75178,ASSTD COL BUTTERFLY/CRYSTAL W/CHIME,210.19,455,9,2010-12-14,2011-12-06,358,1.27,medium_moving,7466376.039999996,2.3586620909323828e-05,0.837844717740798,B,High_risk,77.66,medium,stable
77079,DOLPHIN WINDMILL,2.12,1,1,2011-06-12,2011-06-12,1,1.0,medium_moving,7466378.159999996,2.3789731351523153e-07,0.8378449556381116,B,,,,stable
78033,FLAG OF ST GEORGE CHAIR,179.35,37,7,2011-03-20,2011-10-06,201,0.18,slow_moving,7466557.509999996,2.012588829196074e-05,0.8378650815264035,B,meduim_risk,5.55,low,stable
78124,MAGAZINE RACK GEBRA ASSORTED ,247.75,191,17,2010-12-08,2011-11-28,356,0.54,slow_moving,7466805.259999996,2.7801443124244628e-05,0.8378928829695278,B,meduim_risk,20.56,medium,stable
79000,MOROCCAN TEA GLASS,2761.6,3808,95,2010-12-03,2011-09-12,284,13.41,fast_moving,7469566.859999996,0.0003098949155677657,0.8382027778850955,B,low_risk,209.0,high,stable
79067,CORONA MEXICAN TRAY,496.25,143,18,2010-12-02,2010-12-20,19,7.53,fast_moving,7470063.109999996,5.568704803393096e-05,0.8382584649331294,B,,,,
79160,HEART SHAPE WIRELESS DOORBELL,798.84,446,48,2010-12-06,2011-12-08,368,1.21,medium_moving,7470861.9499999955,8.964240090967337e-05,0.8383481073340391,B,High_risk,59.86,medium,stable
79163,BLACK CHAMPAGNE GLASS,621.87,1517,33,2010-12-02,2011-09-18,291,5.21,fast_moving,7471483.819999996,6.978358601684766e-05,0.8384178909200559,B,meduim_risk,150.12,high,stable
79164,BLACK WINE GLASS,699.96,1672,19,2010-12-02,2011-11-07,341,4.9,fast_moving,7472183.779999996,7.854651111703843e-05,0.838496437431173,B,High_risk,361.92,high,stable
79321,CHILLI LIGHTS,46286.51,9650,519,2010-12-01,2011-12-09,374,25.8,fast_moving,7518470.289999995,0.0051940737646207075,0.8436905111957936,B,meduim_risk,544.66,high,stable
79329,PINK FLOCK GLASS CANDLEHOLDER,12.18,12,2,2010-12-15,2011-04-10,117,0.1,slow_moving,7518482.469999995,1.3667873955733584e-06,0.8436918779831892,B,meduim_risk,11.55,low,stable
79331,PINK FLOCK GLASS CANDLEHOLDER,17.5,26,3,2011-02-20,2011-04-07,47,0.55,slow_moving,7518499.969999995,1.963774993639883e-06,0.8436938417581828,B,meduim_risk,11.55,low,stable
79336,LIGHT PINK FLOCK GLASS CANDLEHOLDER,13.680000000000003,36,3,2011-07-29,2011-09-02,36,1.0,medium_moving,7518513.649999995,1.5351109664567774e-06,0.8436953768691493,B,meduim_risk,10.39,low,stable
79337,BLUE FLOCK GLASS CANDLEHOLDER,259.96,644,10,2010-12-03,2011-07-08,218,2.95,medium_moving,7518773.609999995,2.917159699123565e-05,0.8437245484661405,B,High_risk,108.17,high,stable
79403,FROSTED WHITE BASE ,75.64999999999999,89,11,2010-12-14,2011-12-02,354,0.25,slow_moving,7518849.259999995,8.489118758220407e-06,0.8437330375848987,B,High_risk,23.28,medium,stable
79406,FROSTED WHITE BASE ,30.8,140,6,2011-02-16,2011-11-03,261,0.54,slow_moving,7518880.059999995,3.456243988806194e-06,0.8437364938288875,B,High_risk,23.28,medium,stable
82095,HEART BUTTONS JEWELLERY BOX,53.550000000000004,7,4,2011-02-22,2011-03-30,37,0.19,slow_moving,7518933.609999995,6.009151480538042e-06,0.843742502980368,B,low_risk,0.71,low,stable
82482,WOODEN PICTURE FRAME WHITE FINISH,20001.65,8276,876,2010-12-01,2011-12-08,373,22.19,fast_moving,7538935.259999995,0.0022444994343735524,0.8459870024147417,B,low_risk,260.07,high,stable
82483,WOOD 2 DRAWER CABINET WHITE FINISH,14689.87,2341,509,2010-12-01,2011-12-08,373,6.28,fast_moving,7553625.129999995,0.001648434249475469,0.8476354366642171,B,low_risk,77.86,medium,stable
82484,WOOD BLACK BOARD ANT WHITE FINISH,34478.01,5921,604,2010-12-01,2011-12-08,373,15.87,fast_moving,7588103.139999995,0.0038689745067694756,0.8515044111709866,B,low_risk,284.29,high,stable
82486,3 DRAWER ANTIQUE WHITE WOOD CABINET,6195.73,715,186,2011-08-28,2011-12-09,104,6.88,fast_moving,7594298.869999995,0.0006952582652196818,0.8521996694362063,B,meduim_risk,101.71,high,stable
82486,WOOD S/3 CABINET ANT WHITE FINISH,11394.9,1370,373,2010-12-01,2011-10-10,314,4.36,fast_moving,7605693.769999996,0.0012786868385729771,0.8534783562747793,B,low_risk,57.93,medium,stable
82551,LAUNDRY 15C METAL SIGN,4229.719999999999,2791,253,2010-12-02,2011-12-06,370,7.54,fast_moving,7609923.489999996,0.00047464104949134194,0.8539529973242707,B,low_risk,134.12,high,stable
82552,WASHROOM METAL SIGN,4462.37,2922,292,2010-12-01,2011-12-05,370,7.9,fast_moving,7614385.859999996,0.0005007480353353603,0.854453745359606,B,meduim_risk,157.72,high,stable
82567,"AIRLINE LOUNGE,METAL SIGN",1011.4100000000001,497,149,2010-12-01,2011-12-08,373,1.33,medium_moving,7615397.269999996,0.00011349609521813223,0.8545672414548242,B,low_risk,14.29,low,stable
82578,KITCHEN METAL SIGN,1088.5600000000002,1956,220,2010-12-01,2011-12-07,372,5.26,fast_moving,7616485.829999995,0.00012215353754723606,0.8546893949923714,B,low_risk,71.56,medium,stable
82580,BATHROOM METAL SIGN,3018.05,5505,383,2010-12-01,2011-12-07,372,14.8,fast_moving,7619503.879999995,0.00033867263540313423,0.8550280676277745,B,low_risk,147.94,high,stable
82581,TOILET METAL SIGN,1997.13,3749,302,2010-12-01,2011-12-09,374,10.02,fast_moving,7621501.009999995,0.00022410936874560112,0.85525217699652,B,low_risk,132.98,high,stable
82582,AREA PATROLLED METAL SIGN,8552.220000000001,4290,374,2010-12-02,2011-12-08,372,11.53,fast_moving,7630053.229999995,0.0009596934729203932,0.8562118704694405,B,low_risk,140.37,high,stable
82583,HOT BATHS METAL SIGN,12832.140000000001,6415,385,2010-12-02,2011-12-08,372,17.24,fast_moving,7642885.3699999945,0.0014399677512506336,0.857651838220691,B,meduim_risk,372.37,high,stable
82599,FANNY'S REST STOPMETAL SIGN,879.1800000000001,421,85,2010-12-02,2011-05-08,158,2.66,medium_moving,7643764.549999994,9.865781136618927e-05,0.8577504960320572,B,low_risk,40.8,medium,stable
82600,N0 SINGING METAL SIGN,2523.78,1197,35,2011-10-07,2011-12-09,64,18.7,fast_moving,7646288.3299999945,0.00028320777448276937,0.85803370380654,B,High_risk,410.72,high,stable
82600,NO SINGING METAL SIGN,9573.6,4636,384,2010-12-01,2011-10-03,307,15.1,fast_moving,7655861.929999994,0.0010743083588063305,0.8591080121653463,B,low_risk,262.98,high,stable
82605,OLD DOC RUSSEL METAL SIGN,29.400000000000002,14,3,2010-12-12,2011-03-18,97,0.14,slow_moving,7655891.3299999945,3.2991419893150036e-06,0.8591113113073356,B,High_risk,8.49,low,stable
82615,PINK MARSHMALLOW SCARF KNITTING KIT,91.8,36,1,2010-12-01,2010-12-01,1,36.0,fast_moving,7655983.129999994,1.0301402538065213e-05,0.8591216127098736,B,,,,
84006,MAGIC TREE -PAPER FLOWERS,707.1999999999999,832,77,2010-12-03,2011-12-08,371,2.24,medium_moving,7656690.3299999945,7.935895288583572e-05,0.8592009716627595,B,High_risk,87.17,medium,stable
84012,MAGIC SHEEP WOOL GROWING FROM PAPER,1190.0,1212,94,2010-12-16,2011-12-08,358,3.39,medium_moving,7657880.3299999945,0.00013353669956751204,0.859334508362327,B,High_risk,106.75,high,stable
84016,FLAG OF ST GEORGE CAR FLAG,10.5,25,1,2011-09-14,2011-09-14,1,25.0,fast_moving,7657890.8299999945,1.1782649961839297e-06,0.8593356866273232,B,,,,stable
84033,FLAG OF ST GEORGE ,37.95,23,7,2011-01-18,2011-09-14,240,0.1,slow_moving,7657928.779999995,4.258586343350489e-06,0.8593399452136666,B,High_risk,4.17,low,stable
84050,PINK HEART SHAPE EGG FRYING PAN,4379.03,3139,200,2010-12-01,2011-11-01,336,9.34,fast_moving,7662307.809999995,0.0004913959777370774,0.8598313411914037,B,High_risk,258.09,high,stable
84051,ASS COLOUR GLOWING TIARAS,212.79999999999998,280,24,2010-12-05,2011-12-06,367,0.76,slow_moving,7662520.609999995,2.3879503922660974e-05,0.8598552206953264,B,High_risk,39.32,medium,stable
84077,WORLD WAR 2 GLIDERS ASSTD DESIGNS,13586.249999999998,54415,472,2010-12-02,2011-12-09,373,145.88,fast_moving,7676106.859999995,0.001524590743276563,0.8613798114386029,B,low_risk,2574.54,high,stable
84192,ASSORTED COLOUR METAL CAT ,143.75,115,25,2010-12-09,2011-12-04,361,0.32,slow_moving,7676250.609999995,1.613100887632761e-05,0.8613959424474792,B,meduim_risk,9.25,low,stable
84199,GLOW IN DARK DOLPHINS,27.09,129,28,2010-12-20,2011-12-06,352,0.37,slow_moving,7676277.699999995,3.0399236901545387e-06,0.8613989823711694,B,High_risk,13.69,low,stable
84212,"ASSORTED FLOWER COLOUR ""LEIS""",4871.45,10297,103,2010-12-03,2011-12-06,369,27.91,fast_moving,7681149.149999995,0.0005466532395866861,0.8619456356107561,B,meduim_risk,525.69,high,stable
84218,BOX/12 CHICK & EGG IN BASKET,222.29999999999998,122,40,2011-01-05,2011-03-31,86,1.42,medium_moving,7681371.449999995,2.4945553204922625e-05,0.861970581163961,B,meduim_risk,31.53,medium,stable
84226,HEN HOUSE W FAMILY IN BARN & NEST,34.510000000000005,49,9,2011-01-19,2011-06-08,141,0.35,slow_moving,7681405.959999994,3.87256428745785e-06,0.8619744537282484,B,High_risk,13.59,low,stable
84227,HEN HOUSE W CHICK IN NEST,0.42,1,1,2011-03-14,2011-03-14,1,1.0,medium_moving,7681406.379999994,4.7130599847357184e-08,0.8619745008588482,B,,,,stable
84228,HEN HOUSE W CHICK STANDING,107.39999999999999,270,16,2010-12-10,2011-03-23,104,2.6,medium_moving,7681513.779999995,1.2051967675252765e-05,0.8619865528265236,B,meduim_risk,54.69,medium,stable
84228,HEN HOUSE WITH CHICK STANDING,5.88,14,3,2011-04-04,2011-11-29,240,0.06,slow_moving,7681519.659999995,6.598283978630006e-07,0.8619872126549214,B,High_risk,7.07,low,stable
84231,EASTER BUNNY WITH BASKET ON BACK,68.25,105,18,2011-01-16,2011-11-04,293,0.36,slow_moving,7681587.909999995,7.658722475195543e-06,0.8619948713773966,B,meduim_risk,14.98,low,stable
84306,S/3 PINK SQUARE PLANTERS ROSES,21.9,2,2,2011-02-20,2011-03-09,18,0.11,slow_moving,7681609.809999995,2.4575241348979103e-06,0.8619973289015315,B,low_risk,0.0,low,stable
84347,ROTATING SILVER ANGELS T-LIGHT HLDR,17592.52,7907,305,2010-12-01,2011-12-09,374,21.14,fast_moving,7699202.3299999945,0.0019741571914919723,0.8639714860930234,B,High_risk,897.58,high,stable
84352,SILVER CHRISTMAS TREE BAUBLE STAND ,543.35,33,22,2010-12-01,2011-09-21,295,0.11,slow_moving,7699745.679999994,6.0972408159670306e-05,0.864032458501183,B,low_risk,3.39,low,stable
84356,POMPOM CURTAIN,1570.15,337,46,2010-12-09,2011-12-09,366,0.92,medium_moving,7701315.8299999945,0.0001761955032150664,0.8642086540043982,B,meduim_risk,22.35,medium,stable
84358,FLOOR LAMP SHADE WOOD BASE,287.74,32,12,2010-12-05,2011-08-09,248,0.13,slow_moving,7701603.569999995,3.2288949523996566e-05,0.8642409429539222,B,meduim_risk,2.67,low,stable
84360,TABLE LAMP WHITE SHADE WOOD BASE,388.3,74,17,2010-12-01,2011-12-05,370,0.2,slow_moving,7701991.8699999945,4.3573361716020944e-05,0.8642845163156382,B,High_risk,12.24,low,stable
84375,SET OF 20 KIDS COOKIE CUTTERS,8697.27,4149,416,2010-12-01,2011-12-08,373,11.12,fast_moving,7710689.139999994,0.0009759703622248197,0.8652604866778629,B,low_risk,186.41,high,stable
84378,SET OF 3 HEART COOKIE CUTTERS,7741.84,6019,521,2010-12-01,2011-12-08,373,16.14,fast_moving,7718430.979999994,0.0008687561026720567,0.866129242780535,B,meduim_risk,367.87,high,stable
84380,SET OF 3 BUTTERFLY COOKIE CUTTERS,6718.9,5293,498,2010-12-01,2011-12-09,374,14.15,fast_moving,7725149.879999994,0.0007539661602724005,0.8668832089408075,B,low_risk,151.62,high,stable
84388,WISE MAN STAR SHAPE EGG PAN,13.14,24,6,2010-12-07,2011-04-19,134,0.18,slow_moving,7725163.019999994,1.4745144809387463e-06,0.8668846834552884,B,High_risk,11.27,low,stable
84422,PINK/BLUE DISC/MIRROR STRING,220.41,551,8,2011-06-03,2011-09-16,106,5.2,fast_moving,7725383.429999994,2.4733465505609518e-05,0.8669094169207939,B,High_risk,300.88,high,stable
84452,METAL RABBIT LADDER EASTER ,62.9,74,16,2011-02-04,2011-10-20,259,0.29,slow_moving,7725446.3299999945,7.05836840571135e-06,0.8669164752891997,B,low_risk,5.07,low,stable
84457,SET/3 RABBITS FLOWER SKIPPPING ROPE,102.0,120,21,2010-12-19,2011-11-09,326,0.37,slow_moving,7725548.3299999945,1.144600282007246e-05,0.8669279212920198,B,meduim_risk,18.38,low,stable
84461,12 PINK HEN+CHICKS IN BASKET,104.55,41,14,2011-01-16,2011-04-20,95,0.43,slow_moving,7725652.879999994,1.173215289057427e-05,0.8669396534449103,B,High_risk,10.75,low,stable
84462,3 PINK HEN+CHICKS IN BASKET,15.0,12,6,2011-01-16,2011-04-14,89,0.13,slow_moving,7725667.879999994,1.6832357088341853e-06,0.8669413366806192,B,low_risk,1.63,low,stable
84465,15 PINK FLUFFY CHICKS IN BOX,29.5,10,7,2011-01-30,2011-11-04,279,0.04,slow_moving,7725697.379999994,3.310363560707231e-06,0.86694464704418,B,meduim_risk,2.38,low,stable
84466,TOP SECRET PEN SET,57.5,46,10,2011-02-23,2011-07-14,142,0.32,slow_moving,7725754.879999994,6.452403550531044e-06,0.8669510994477304,B,High_risk,11.17,low,stable
84497,BUTTONS AND STRIPES NOTEBOOK ,48.75,13,7,2010-12-07,2011-11-15,344,0.04,slow_moving,7725803.629999994,5.470516053711102e-06,0.8669565699637841,B,meduim_risk,2.07,low,stable
84499,BLACK FLOWER CANDLE PLATE,5.949999999999999,7,2,2010-12-21,2011-01-04,15,0.47,slow_moving,7725809.5799999945,6.676834978375601e-07,0.866957237647282,B,High_risk,3.54,low,
84522,PINK PARTY SUNGLASSES,23.4,12,6,2010-12-06,2011-11-22,352,0.03,slow_moving,7725832.979999995,2.625847705781329e-06,0.8669598634949879,B,High_risk,2.0,low,stable
84527,FLAMES SUNGLASSES PINK LENSES,84.44999999999999,47,6,2011-01-21,2011-11-25,309,0.15,slow_moving,7725917.429999995,9.476617040736462e-06,0.8669693401120285,B,High_risk,9.32,low,stable
84539,KNITTED RABBIT DOLL ,26.4,16,1,2011-07-10,2011-07-10,1,16.0,fast_moving,7725943.829999995,2.962494847548166e-06,0.8669723026068762,B,,,,stable
84548,CROCHET BEAR RED/BLUE  KEYRING,24.75,15,3,2011-03-24,2011-07-03,102,0.15,slow_moving,7725968.579999995,2.777338919576406e-06,0.8669750799457957,B,meduim_risk,4.58,low,stable
84549,CROCHET WHITE RABBIT KEYRING ,46.349999999999994,31,3,2011-04-19,2011-07-28,101,0.31,slow_moving,7726014.929999995,5.201198340297632e-06,0.8669802811441361,B,High_risk,12.1,low,stable
84550,CROCHET LILAC/RED BEAR KEYRING,1.65,1,1,2011-11-25,2011-11-25,1,1.0,medium_moving,7726016.579999995,1.8515592797176037e-07,0.866980466300064,B,,,,stable
84551,CROCHET DOG KEYRING,1.65,1,1,2011-06-14,2011-06-14,1,1.0,medium_moving,7726018.229999996,1.8515592797176037e-07,0.866980651455992,B,,,,stable
84568,GIRLS ALPHABET IRON ON PATCHES ,2332.8,12480,23,2011-02-06,2011-11-30,298,41.88,fast_moving,7728351.029999996,0.0002617768174378925,0.8672424282734299,B,High_risk,1460.74,high,stable
84576,BLUE CAT BISCUIT BARREL PINK HEART,111.14999999999999,57,9,2011-04-19,2011-07-20,93,0.61,slow_moving,7728462.179999996,1.2472776602461313e-05,0.8672549010500324,B,meduim_risk,10.9,low,stable
84580,MOUSE TOY WITH PINK T-SHIRT,1260.05,335,120,2010-12-03,2011-12-05,368,0.91,medium_moving,7729722.229999996,0.00014139741032776767,0.8673962984603601,B,low_risk,15.5,low,stable
84581,DOG TOY WITH PINK CROCHET SKIRT,623.26,166,70,2010-12-03,2011-12-04,367,0.45,slow_moving,7730345.489999996,6.993956585919962e-05,0.8674662380262194,B,meduim_risk,9.93,low,stable
84584,PINK GINGHAM CAT WITH SCARF,211.64999999999998,83,18,2010-12-17,2011-07-10,206,0.4,slow_moving,7730557.139999996,2.3750455851650353e-05,0.867489988482071,B,High_risk,10.32,low,stable
84592,CROCHET ROSE PURSE WITH SUEDE BACK,206.50000000000003,70,17,2011-01-20,2011-11-30,315,0.22,slow_moving,7730763.639999996,2.317254492495062e-05,0.8675131610269959,B,low_risk,3.93,low,stable
84593,CROCHET ROSE DES CLOTHES HANGER,14.750000000000002,5,1,2011-03-07,2011-03-07,1,5.0,fast_moving,7730778.389999996,1.6551817803536157e-06,0.8675148162087764,B,,,,
84598,BOYS ALPHABET IRON ON PATCHES,262.08,1248,5,2011-02-06,2011-11-18,286,4.36,fast_moving,7731040.469999996,2.9409494304750884e-05,0.8675442257030811,B,low_risk,48.0,medium,stable
84600,NEW BAROQUE JEWELLERY BOX ,367.6,48,20,2011-01-09,2011-12-08,334,0.14,slow_moving,7731408.069999996,4.125049643782977e-05,0.8675854761995189,B,meduim_risk,4.15,low,stable
84609,TALL ROCOCO CANDLE HOLDER,720.0,90,17,2010-12-10,2011-12-05,361,0.25,slow_moving,7732128.069999996,8.079531402404089e-05,0.8676662715135429,B,High_risk,11.16,low,stable
84616,SILVER ROCCOCO CHANDELIER,329.45,11,6,2010-12-14,2011-11-22,344,0.03,slow_moving,7732457.519999996,3.6969466951694824e-05,0.8677032409804947,B,meduim_risk,1.64,low,stable
84617,NEW BAROQUE BLACK BOXES,38.25,3,3,2011-01-09,2011-11-14,310,0.01,slow_moving,7732495.769999996,4.292251057527172e-06,0.8677075332315521,B,low_risk,0.0,low,stable
84620,BLUE GINGHAM ROSE CUSHION COVER,11.9,2,1,2010-12-15,2010-12-15,1,2.0,medium_moving,7732507.669999996,1.3353669956751204e-06,0.8677088685985479,B,,,,
84629,WHITE 3 FRAME BIRDS AND TREE ,150.0,20,10,2011-05-01,2011-07-26,87,0.23,slow_moving,7732657.669999996,1.6832357088341854e-05,0.8677257009556362,B,High_risk,8.96,low,stable
84631,FRUIT TREE AND BIRDS WALL PLAQUE,135.15,17,9,2010-12-10,2011-06-27,200,0.08,slow_moving,7732792.819999997,1.516595373659601e-05,0.8677408669093728,B,meduim_risk,2.56,low,stable
84632,DECORATIVE HANGING SHELVING UNIT,359.70000000000005,6,5,2011-01-25,2011-07-21,178,0.03,slow_moving,7733152.519999997,4.036399229784377e-05,0.8677812309016707,B,low_risk,1.0,low,stable
84637,KITCHEN FLOWER POTS WALL PLAQUE,172.55,29,13,2010-12-10,2011-09-23,288,0.1,slow_moving,7733325.069999997,1.9362821437289247e-05,0.867800593723108,B,low_risk,2.05,low,stable
84638,SMALL KITCHEN FLOWER POTS PLAQUE,132.05,19,12,2010-12-10,2011-10-20,315,0.06,slow_moving,7733457.119999996,1.4818085023436946e-05,0.8678154118081314,B,meduim_risk,1.45,low,stable
84658,WHITE STITCHED CUSHION COVER,322.38,46,16,2010-12-05,2011-12-06,367,0.13,slow_moving,7733779.499999996,3.617610185426431e-05,0.8678515879099856,B,low_risk,2.37,low,stable
84665,SQUARE CHERRY BLOSSOM CABINET,624.75,105,17,2010-12-07,2011-11-08,337,0.31,slow_moving,7734404.249999996,7.010676727294381e-05,0.8679216946772585,B,meduim_risk,9.49,low,stable
84666,SQUARE CHERRY BLOSSOM CABINET,94.80000000000001,24,4,2010-12-14,2011-04-19,127,0.19,slow_moving,7734499.049999996,1.0638049679832053e-05,0.8679323327269384,B,meduim_risk,9.49,low,stable
84674,FLYING PIG WATERING CAN,429.25000000000006,187,40,2010-12-02,2011-12-05,369,0.51,slow_moving,7734928.299999996,4.816859520113828e-05,0.8679805013221396,B,High_risk,14.46,low,stable
84675,FROG KING WATERING CAN,26.55,9,2,2011-01-16,2011-01-17,2,4.5,fast_moving,7734954.849999996,2.979327204636508e-06,0.8679834806493442,B,,,,
84678,CLASSICAL ROSE SMALL VASE,227.1,138,10,2010-12-01,2011-03-23,113,1.22,medium_moving,7735181.9499999955,2.5484188631749566e-05,0.8680089648379758,B,low_risk,15.0,low,stable
84679,CLASSICAL ROSE TABLE LAMP,55.7,6,2,2011-06-21,2011-12-06,169,0.04,slow_moving,7735237.649999996,6.250415265470942e-06,0.8680152152532413,B,low_risk,1.41,low,stable
84683,CLASSICAL ROSE CANDLESTAND,147.35000000000002,187,7,2010-12-02,2011-05-03,153,1.22,medium_moving,7735384.999999995,1.6534985446447816e-05,0.8680317502386877,B,low_risk,21.69,medium,stable
84685,BEACH HUT KEY CABINET,78.75,21,9,2010-12-01,2011-05-22,173,0.12,slow_moving,7735463.749999995,8.836987471379473e-06,0.8680405872261592,B,meduim_risk,3.86,low,stable
84686,BEACH HUT MIRROR,66.39,49,8,2011-04-04,2011-07-10,98,0.5,slow_moving,7735530.139999995,7.450001247300104e-06,0.8680480372274064,B,High_risk,19.31,low,stable
84687,BEACH HUT SHELF W 3 DRAWERS,376.5,70,20,2011-03-01,2011-11-13,258,0.27,slow_moving,7735906.639999995,4.224921629173805e-05,0.8680902864436981,B,meduim_risk,7.76,low,stable
84688,BEACH HUT DESIGN BLACKBOARD,144.5,34,8,2010-12-14,2011-05-12,150,0.23,slow_moving,7736051.139999995,1.621517066176932e-05,0.8681065016143599,B,low_risk,3.03,low,stable
84689,S/2 BEACH HUT TREASURE CHESTS,9.95,3,2,2011-04-12,2011-05-04,23,0.13,slow_moving,7736061.089999995,1.1165463535266761e-06,0.8681076181607135,B,low_risk,0.71,low,stable
84691,PACK 20 DOLLY PEGS,174.5,242,4,2011-02-21,2011-05-31,100,2.42,medium_moving,7736235.589999995,1.9581642079437688e-05,0.8681271998027928,B,low_risk,39.0,medium,stable
84692,BOX OF 24 COCKTAIL PARASOLS,2810.67,6808,364,2010-12-01,2011-12-09,374,18.2,fast_moving,7739046.259999995,0.00031540134064993197,0.8684426011434428,B,low_risk,175.87,high,stable
84715,SET OF 6 ICE CREAM SKITTLES,47.2,16,3,2011-01-30,2011-04-13,74,0.22,slow_moving,7739093.459999995,5.29658169713157e-06,0.86844789772514,B,low_risk,2.31,low,stable
84723,CHERRY BLOSSOM CANVAS ART PICTURE,97.95,41,6,2011-02-02,2011-08-08,188,0.22,slow_moving,7739191.4099999955,1.099152917868723e-05,0.8684588892543187,B,High_risk,13.52,low,stable
84725,FREESTYLE CANVAS ART PICTURE,39.65,41,18,2010-12-07,2011-09-22,290,0.14,slow_moving,7739231.059999996,4.449353057018363e-06,0.8684633386073758,B,High_risk,10.27,low,stable
84731,3 BIRDS CANVAS SCREEN,2.04,2,2,2011-04-15,2011-07-31,108,0.02,slow_moving,7739233.099999996,2.289200564014492e-07,0.8684635675274321,B,low_risk,0.0,low,stable
84744,S/6 SEW ON CROCHET FLOWERS,135.0,108,18,2010-12-01,2011-11-15,350,0.31,slow_moving,7739368.099999996,1.5149121379507668e-05,0.8684787166488117,B,High_risk,12.79,low,stable
84746,PINK EASTER HENS+FLOWER,11.25,3,1,2011-07-01,2011-07-01,1,3.0,medium_moving,7739379.349999996,1.262426781625639e-06,0.8684799790755933,B,,,,stable
84748,FOLK FELT HANGING MULTICOL GARLAND,105.0,28,8,2011-01-13,2011-11-28,320,0.09,slow_moving,7739484.349999996,1.1782649961839297e-05,0.8684917617255551,B,low_risk,1.67,low,stable
84754,S/15 SILVER GLASS BAUBLES IN BAG,586.46,502,36,2010-12-01,2011-09-23,297,1.69,medium_moving,7740070.809999996,6.581002758685975e-05,0.868557571753142,B,meduim_risk,79.35,medium,stable
84755,COLOUR GLASS T-LIGHT HOLDER HANGING,9597.710000000001,15611,529,2010-12-01,2011-12-08,373,41.85,fast_moving,7749668.519999996,0.0010770138796689966,0.8696345856328109,B,low_risk,770.91,high,stable
84763,ZINC FINISH 15CM PLANTER POTS,679.01,573,49,2010-12-02,2011-05-27,177,3.24,medium_moving,7750347.529999996,7.619559191036668e-05,0.8697107812247213,B,meduim_risk,66.96,medium,stable
84766,SILVER ROCOCO CANDLE STICK,340.7,146,14,2010-12-13,2011-11-03,326,0.45,slow_moving,7750688.229999996,3.823189373332046e-05,0.8697490131184547,B,High_risk,26.33,medium,stable
84773,RED ROSE AND LACE C/COVER,8.850000000000001,3,1,2010-12-05,2010-12-05,1,3.0,medium_moving,7750697.079999995,9.931090682121694e-07,0.8697500062275229,B,,,,
84789,ENCHANTED BIRD PLANT CAGE,599.5500000000001,181,43,2010-12-10,2011-07-21,224,0.81,slow_moving,7751296.629999995,6.72789312821024e-05,0.8698172851588049,B,meduim_risk,19.72,medium,stable
84792,ENCHANTED BIRD COATHANGER 5 HOOK,3475.19,775,190,2010-12-02,2011-12-08,372,2.08,medium_moving,7754771.819999996,0.00038997092686556483,0.8702072560856705,B,low_risk,29.24,medium,stable
84799,SPRIG LAVENDER ARTIFICIAL FLOWER,155.48,220,9,2010-12-10,2011-03-01,82,2.68,medium_moving,7754927.299999996,1.744729920063594e-05,0.8702247033848712,B,High_risk,60.94,medium,
84813,SET OF 4 DIAMOND NAPKIN RINGS,1146.97,145,22,2010-12-16,2011-12-06,356,0.41,slow_moving,7756074.269999996,0.00012870805739743636,0.8703534114422686,B,meduim_risk,13.94,low,stable
84816,DANISH ROSE BEDSIDE CABINET,519.35,13,10,2010-12-13,2011-08-19,250,0.05,slow_moving,7756593.619999995,5.827923102553561e-05,0.8704116906732942,B,low_risk,0.9,low,stable
84817,DANISH ROSE DECORATIVE PLATE,710.64,951,55,2010-12-14,2011-12-08,360,2.64,medium_moving,7757304.259999995,7.974497494172836e-05,0.8704914356482358,B,High_risk,99.72,high,stable
84818,DANISH ROSE PHOTO FRAME,1461.6,1424,99,2010-12-09,2011-10-30,326,4.37,fast_moving,7758765.859999995,0.000164014487468803,0.8706554501357046,B,High_risk,127.1,high,stable
84819,DANISH ROSE ROUND SEWING BOX,951.79,811,62,2010-12-05,2011-12-09,370,2.19,medium_moving,7759717.649999995,0.00010680579435408595,0.8707622559300586,B,High_risk,107.73,high,stable
84820,DANISH ROSE TRINKET TRAYS,484.63,261,31,2010-12-10,2011-12-08,364,0.72,slow_moving,7760202.279999995,5.438310143815408e-05,0.8708166390314968,B,High_risk,34.8,medium,stable
84821,DANISH ROSE DELUXE COASTER,417.34999999999997,947,40,2010-12-10,2011-12-08,364,2.6,medium_moving,7760619.629999994,4.683322820546314e-05,0.8708634722597022,B,High_risk,91.3,medium,stable
84823,DANISH ROSE FOLDING CHAIR,890.4000000000001,112,25,2010-12-13,2011-02-07,57,1.96,medium_moving,7761510.029999995,9.991687167639725e-05,0.8709633891313786,B,High_risk,52.88,medium,
84824,DANISH ROSE UMBRELLA STAND,31.9,2,2,2011-06-09,2011-11-20,165,0.01,slow_moving,7761541.929999995,3.5796812741207008e-06,0.8709669688126528,B,low_risk,0.0,low,stable
84826,ASSTD DESIGN 3D PAPER STICKERS,389.38,1162,30,2010-12-02,2011-12-07,371,3.13,medium_moving,7761931.309999995,4.369455468705701e-05,0.8710106633673399,B,High_risk,162.31,high,stable
84827,ASS DES PHONE SPONGE CRAFT STICKER,154.39,511,14,2010-12-05,2011-12-05,366,1.4,medium_moving,7762085.699999995,1.7324984072460657e-05,0.8710279883514123,B,meduim_risk,79.93,medium,stable
84828,JUNGLE POPSICLES ICE LOLLY HOLDERS,151.25,121,15,2010-12-08,2011-03-18,101,1.2,medium_moving,7762236.949999995,1.69726267307447e-05,0.871044960978143,B,High_risk,30.1,medium,stable
84828,JUNGLE POPSICLES ICE LOLLY MOULDS,1041.16,833,96,2011-03-18,2011-12-08,266,3.13,medium_moving,7763278.109999995,0.00011683451270732003,0.8711617954908504,B,High_risk,91.01,medium,stable
84832,ZINC WILLIE WINKIE  CANDLE STICK,2176.95,2607,188,2010-12-01,2011-12-09,374,6.97,fast_moving,7765455.059999995,0.0002442879984231053,0.8714060834892735,B,meduim_risk,165.83,high,stable
84836,ZINC METAL HEART DECORATION,7108.68,5757,476,2010-12-01,2011-12-08,373,15.43,fast_moving,7772563.739999995,0.0007977056012450264,0.8722037890905184,B,low_risk,209.57,high,stable
84840,SWEETHEART CARRY-ALL BASKET,25.5,3,3,2011-02-13,2011-03-25,41,0.07,slow_moving,7772589.239999995,2.861500705018115e-06,0.8722066505912235,B,low_risk,0.71,low,stable
84842,HELLO SAILOR BATHROOM SET,52.5,14,9,2011-03-14,2011-11-27,259,0.05,slow_moving,7772641.739999995,5.8913249809196485e-06,0.8722125419162045,B,low_risk,0.58,low,stable
84843,WHITE SOAP RACK WITH 2 BOTTLES,864.35,161,41,2010-12-09,2011-12-07,364,0.44,slow_moving,7773506.089999994,9.699365232872187e-05,0.8723095355685331,B,High_risk,12.34,low,stable
84847,FLORAL BATHROOM SET,78.75,21,11,2011-01-27,2011-08-01,187,0.11,slow_moving,7773584.839999994,8.836987471379473e-06,0.8723183725560045,B,meduim_risk,2.13,low,stable
84854,GIRLY PINK TOOL SET,24.75,5,1,2010-12-01,2010-12-01,1,5.0,fast_moving,7773609.589999994,2.777338919576406e-06,0.872321149894924,B,,,,
84865,NEW BAROQUE BLACK PHOTO ALBUM,115.55,26,11,2010-12-03,2011-07-01,211,0.12,slow_moving,7773725.139999994,1.296652574371934e-05,0.8723341164206677,B,High_risk,5.63,low,stable
84879,ASSORTED COLOUR BIRD ORNAMENT,56580.34,35362,1375,2010-12-01,2011-12-09,374,94.55,fast_moving,7830305.479999994,0.00634920324706528,0.878683319667733,B,low_risk,1501.63,high,stable
84880,WHITE WIRE EGG HOLDER,1896.15,303,65,2010-12-01,2011-12-07,372,0.81,slow_moving,7832201.629999994,0.00021277782595372936,0.8788960974936868,B,High_risk,27.12,medium,stable
84881,BLUE WIRE SPIRAL CANDLE HOLDER,69.85,11,5,2010-12-05,2011-07-17,225,0.05,slow_moving,7832271.479999994,7.838267617471188e-06,0.8789039357613042,B,low_risk,1.5,low,stable
84882,GREEN WIRE STANDING CANDLE HOLDER,127.5,34,15,2010-12-12,2011-11-30,354,0.1,slow_moving,7832398.979999994,1.4307503525090576e-05,0.8789182432648293,B,low_risk,2.43,low,stable
84905,PINK BUTTERFLY CUSHION COVER ,59.400000000000006,12,2,2011-01-17,2011-04-15,89,0.13,slow_moving,7832458.379999994,6.665613406983375e-06,0.8789249088782364,B,low_risk,2.83,low,stable
84906,PINK B'FLY C/COVER W BOBBLES,65.45,11,6,2010-12-01,2011-03-28,118,0.09,slow_moving,7832523.8299999945,7.344518476213162e-06,0.8789322533967125,B,low_risk,0.58,low,stable
84906,PINK BUTTERFLY CUSHION COVER,33.15,17,4,2011-04-21,2011-05-23,33,0.52,slow_moving,7832556.979999995,3.719950916523549e-06,0.8789359733476292,B,low_risk,4.95,low,stable
84907,PINK YELLOW PATCH CUSHION COVER,38.25,5,3,2011-01-30,2011-06-08,130,0.04,slow_moving,7832595.229999995,4.292251057527172e-06,0.8789402655986867,B,low_risk,0.58,low,stable
84915,HAND TOWEL PINK FLOWER AND DAISY,281.95,199,11,2010-12-09,2011-11-14,341,0.58,slow_moving,7832877.179999995,3.163922054038657e-05,0.878971904819227,B,High_risk,59.12,medium,stable
84916,HAND TOWEL PALE BLUE W FLOWERS,407.4,212,18,2010-12-06,2011-05-04,150,1.41,medium_moving,7833284.579999995,4.571668185193647e-05,0.8790176215010791,B,High_risk,62.68,medium,stable
84917,WHITE HAND TOWEL WITH BUTTERFLY,400.5,170,14,2010-12-14,2011-05-04,142,1.2,medium_moving,7833685.079999995,4.494239342587275e-05,0.8790625638945049,B,High_risk,33.37,medium,stable
84919,BLUE CUSHION COVER WITH FLOWER,201.55,29,9,2011-01-30,2011-06-08,130,0.22,slow_moving,7833886.629999995,2.2617077141035337e-05,0.8790851809716459,B,meduim_risk,5.74,low,stable
84920,PINK FLOWER FABRIC PONY,273.75,73,26,2010-12-01,2011-12-08,373,0.2,slow_moving,7834160.379999995,3.071905168622388e-05,0.8791159000233322,B,low_risk,3.41,low,stable
84921,CREAM AND PINK FLOWERS PONY ,41.25,11,5,2010-12-05,2011-10-19,319,0.03,slow_moving,7834201.629999995,4.628898199294009e-06,0.8791205289215315,B,meduim_risk,2.36,low,stable
84922,PINK BUTTERFLY WASHBAG,34.0,8,5,2010-12-12,2011-12-02,356,0.02,slow_moving,7834235.629999995,3.815334273357487e-06,0.8791243442558048,B,low_risk,0.89,low,stable
84929,ASSTD FRUIT+FLOWERS FRIDGE MAGNETS,545.1600000000001,2244,62,2010-12-15,2011-11-24,345,6.5,fast_moving,7834780.789999995,6.117551860186964e-05,0.8791855197744067,B,High_risk,280.0,high,stable
84944,SET OF 6 KASHMIR FOLKART BAUBLES,1016.4,564,71,2010-12-01,2011-11-04,339,1.66,medium_moving,7835797.189999996,0.0001140560516306044,0.8792995758260373,B,High_risk,107.56,high,stable
84945,MULTI COLOUR SILVER T-LIGHT HOLDER,8269.45,10279,306,2010-12-01,2011-12-09,374,27.48,fast_moving,7844066.639999996,0.0009279622354945904,0.880227538061532,B,low_risk,425.73,high,stable
84946,ANTIQUE SILVER T-LIGHT GLASS,15206.42,12973,534,2011-03-20,2011-12-09,265,48.95,fast_moving,7859273.059999996,0.0017063992765020222,0.8819339373380339,B,low_risk,705.12,high,stable
84946,ANTIQUE SILVER TEA GLASS ETCHED,4033.0,3500,143,2010-12-02,2011-05-27,177,19.77,fast_moving,7863306.059999996,0.0004525659742485513,0.8823865033122825,B,meduim_risk,467.63,high,stable
84947,ANTIQUE SILVER TEA GLASS ENGRAVED,9339.34,8273,278,2010-12-01,2011-12-09,374,22.12,fast_moving,7872645.399999996,0.0010480207056628975,0.8834345240179454,B,low_risk,394.01,high,stable
84949,SILVER HANGING T-LIGHT HOLDER,7193.249999999999,4665,250,2010-12-01,2011-12-08,373,12.51,fast_moving,7879838.649999996,0.0008071956841714334,0.8842417197021168,B,meduim_risk,271.03,high,stable
84950,ASSORTED COLOUR T-LIGHT HOLDER,1990.97,3361,87,2010-12-02,2011-12-07,371,9.06,fast_moving,7881829.619999995,0.00022341811994783985,0.8844651378220646,B,High_risk,492.97,high,stable
84969,BOX OF 6 ASSORTED COLOUR TEASPOONS,1267.99,295,73,2010-12-01,2011-12-05,370,0.8,slow_moving,7883097.609999996,0.00014228840309631058,0.884607426225161,B,meduim_risk,16.58,low,stable
84974,S/2 ZINC HEART DESIGN PLANTERS,398.0,40,28,2011-01-26,2011-11-01,280,0.14,slow_moving,7883495.609999996,4.466185414106705e-05,0.8846520880793021,B,meduim_risk,2.46,low,stable
84975,HEART SHAPED MIRROR,8.45,5,2,2010-12-06,2010-12-08,3,1.67,medium_moving,7883504.059999996,9.482227826432576e-07,0.8846530363020847,B,,,,
84976,RECTANGULAR SHAPED MIRROR,420.68,502,29,2011-01-24,2011-12-08,319,1.57,medium_moving,7883924.739999996,4.720690653282434e-05,0.8847002432086175,B,High_risk,90.72,medium,stable
84978,HANGING HEART JAR T-LIGHT HOLDER,12674.720000000001,10980,572,2010-12-05,2011-12-08,369,29.76,fast_moving,7896599.459999995,0.0014223027535649885,0.8861225459621824,B,low_risk,444.35,high,stable
84987,SET OF 36 TEATIME PAPER DOILIES,4078.68,2928,240,2010-12-03,2011-12-05,368,7.96,fast_moving,7900678.139999995,0.00045769198806052097,0.886580237950243,B,meduim_risk,163.17,high,stable
84988,SET OF 72 PINK HEART PAPER DOILIES,5566.679999999999,3954,307,2010-12-03,2011-12-05,368,10.74,fast_moving,7906244.819999995,0.000624668970376872,0.8872049069206198,B,low_risk,157.73,high,stable
84990,60 GOLD AND SILVER FAIRY CAKE CASES,1.1,2,2,2011-04-20,2011-05-08,19,0.11,slow_moving,7906245.919999994,1.2343728531450693e-07,0.8872050303579051,B,low_risk,0.0,low,stable
84991,60 TEATIME FAIRY CAKE CASES,8618.37,17689,657,2010-12-01,2011-12-08,373,47.42,fast_moving,7914864.289999994,0.000967116542396352,0.8881721469003014,B,low_risk,625.84,high,stable
84992,72 SWEETHEART FAIRY CAKE CASES,6274.900000000001,13070,501,2010-12-01,2011-12-08,373,35.04,fast_moving,7921139.189999995,0.0007041423832909087,0.8888762892835924,B,low_risk,482.78,high,stable
85006,SET 4 NURSERY DES ROUND BOXES,57.25,55,9,2010-12-10,2011-04-27,139,0.4,slow_moving,7921196.439999995,6.424349622050474e-06,0.8888827136332145,B,High_risk,27.47,medium,stable
85008,SET OF 3 CONEY ISLAND OVAL BOXES,55.95,12,7,2010-12-09,2011-04-10,123,0.1,slow_moving,7921252.389999995,6.2784691939515116e-06,0.8888889921024083,B,meduim_risk,2.45,low,stable
85015,SET OF 12  VINTAGE POSTCARD SET,1591.42,2130,113,2010-12-05,2011-12-08,369,5.77,fast_moving,7922843.809999995,0.0001785823314501933,0.8890675744338585,B,meduim_risk,132.16,high,stable
85016,SET OF 6 VINTAGE NOTELETS KIT,459.0,522,25,2010-12-05,2011-05-31,178,2.93,medium_moving,7923302.809999995,5.150701269032607e-05,0.8891190814465489,B,High_risk,113.38,high,stable
85020,ROUND PINK HEART MIRROR,163.8,78,16,2010-12-06,2011-12-05,365,0.21,slow_moving,7923466.609999995,1.8380933940469303e-05,0.8891374623804894,B,low_risk,4.85,low,stable
85030,FRENCH CHATEAU OVAL PLATTER,29.25,15,6,2011-03-20,2011-04-08,20,0.75,slow_moving,7923495.859999995,3.2823096322266615e-06,0.8891407446901216,B,High_risk,7.78,low,stable
85038,6 CHOCOLATE LOVE HEART T-LIGHTS,1994.2600000000002,1018,110,2010-12-01,2011-12-09,374,2.72,medium_moving,7925490.1199999945,0.00022378730964664419,0.8893645319997682,B,High_risk,94.93,high,stable
85045,GREEN CHRISTMAS TREE STRING 20LIGHT,186.15,41,10,2010-12-01,2011-11-02,337,0.12,slow_moving,7925676.269999995,2.088895514663224e-05,0.8893854209549149,B,High_risk,10.5,low,stable
85047,WHITE BEADED GARLAND STRING 20LIGHT,19.049999999999997,3,2,2011-01-25,2011-01-27,3,1.0,medium_moving,7925695.319999995,2.137709350219415e-06,0.8893875586642651,B,,,,
85048,15CM CHRISTMAS GLASS BALL 20 LIGHTS,9374.7,1266,214,2010-12-01,2011-12-07,372,3.4,medium_moving,7935070.019999995,0.0010519886533071892,0.8904395473175722,B,High_risk,203.96,high,stable
85053,FRENCH ENAMEL CANDLEHOLDER,3104.32,1549,233,2010-12-09,2011-12-09,366,4.23,fast_moving,7938174.339999995,0.00034835348504320924,0.8907879008026155,B,meduim_risk,78.97,medium,stable
85054,FRENCH ENAMEL POT W LID,1233.3100000000002,551,87,2010-12-05,2011-11-28,359,1.53,medium_moving,7939407.649999995,0.00013839676213748596,0.890926297564753,B,High_risk,55.21,medium,stable
85055,FRENCH ENAMEL UTENSIL HOLDER,122.75,37,10,2010-12-05,2011-01-18,45,0.82,slow_moving,7939530.399999995,1.377447888395975e-05,0.8909400720436369,B,meduim_risk,13.44,low,
85059,FRENCH ENAMEL WATER BASIN,771.21,290,79,2010-12-07,2011-12-08,367,0.79,slow_moving,7940301.609999995,8.654188073400081e-05,0.8910266139243709,B,High_risk,25.82,medium,stable
85062,PEARL CRYSTAL PUMPKIN T-LIGHT HLDR,2234.6699999999996,1380,132,2010-12-05,2011-12-07,368,3.75,medium_moving,7942536.279999995,0.0002507650894306992,0.8912773790138017,B,low_risk,56.49,medium,stable
85064,CREAM SWEETHEART LETTER RACK,866.05,205,23,2010-12-01,2011-01-27,58,3.53,medium_moving,7943402.3299999945,9.718441904238973e-05,0.8913745634328439,B,High_risk,125.16,high,
85066,CREAM SWEETHEART MINI CHEST,20562.92,1705,445,2010-12-02,2011-12-09,373,4.57,fast_moving,7963965.249999994,0.0023074827481267095,0.8936820461809707,B,low_risk,69.45,medium,stable
85067,CREAM SWEETHEART WALL CABINET,126.64999999999999,7,5,2010-12-01,2011-01-13,44,0.16,slow_moving,7964091.899999995,1.4212120168256638e-05,0.893696258301139,B,High_risk,3.54,low,
85078,SCANDINAVIAN 3 HEARTS NAPKIN RING,376.50000000000006,1746,65,2010-12-03,2011-10-31,333,5.24,fast_moving,7964468.399999995,4.2249216291738055e-05,0.8937385075174307,B,High_risk,154.39,high,stable
85084,HOLLY TOP CHRISTMAS STOCKING,14.45,17,6,2010-12-10,2010-12-15,6,2.83,medium_moving,7964482.849999995,1.6215170661769318e-06,0.893740129034497,B,,,,
85087,CANDY SPOT CUSHION COVER,119.36000000000001,40,7,2011-01-14,2011-09-27,257,0.16,slow_moving,7964602.209999995,1.3394067613763225e-05,0.8937535231021108,B,low_risk,2.45,low,stable
85088,CANDY SPOT HAND BAG,385.27000000000004,188,20,2011-03-10,2011-11-24,260,0.72,slow_moving,7964987.479999995,4.3233348102836443e-05,0.8937967564502135,B,High_risk,24.49,medium,stable
85089,CANDY SPOT BUNNY,41.300000000000004,14,5,2011-01-05,2011-11-17,317,0.04,slow_moving,7965028.779999995,4.634508984990124e-06,0.8938013909591985,B,low_risk,1.29,low,stable
85092,CANDY SPOT TEA COSY,40.05,27,2,2011-02-07,2011-02-20,14,1.93,medium_moving,7965068.8299999945,4.494239342587274e-06,0.8938058851985411,B,,,,
85093,CANDY SPOT EGG WARMER HARE,227.49,451,20,2011-01-07,2011-11-03,301,1.5,medium_moving,7965296.319999995,2.5527952760179255e-05,0.8938314131513012,B,High_risk,139.1,high,stable
85094,CANDY SPOT EGG WARMER RABBIT,122.94000000000001,502,30,2011-01-07,2011-12-04,332,1.51,medium_moving,7965419.259999995,1.3795799869604984e-05,0.8938452089511709,B,High_risk,62.47,medium,stable
85095,THREE CANVAS LUGGAGE TAGS,128.26,66,10,2010-12-01,2011-12-05,370,0.18,slow_moving,7965547.519999995,1.4392787467671507e-05,0.8938596017386385,B,meduim_risk,5.5,low,stable
85096,HILDA CANDY SPOT RABBIT,75.0,20,11,2011-01-05,2011-12-05,335,0.06,slow_moving,7965622.519999995,8.416178544170927e-06,0.8938680179171827,B,low_risk,1.21,low,stable
85103,SILVER T-LIGHT SETTING,545.45,91,6,2010-12-16,2011-07-19,216,0.42,slow_moving,7966167.969999995,6.12080611589071e-05,0.8939292259783417,B,High_risk,34.67,medium,stable
85104,SILVER GLASS T-LIGHT SET,502.47999999999996,196,14,2010-12-01,2011-12-06,371,0.53,slow_moving,7966670.4499999955,5.6386151931666756e-05,0.8939856121302734,B,High_risk,48.63,medium,stable
85106,CUT GLASS HEXAGON T-LIGHT HOLDER,918.06,530,9,2010-12-02,2011-11-28,362,1.46,medium_moving,7967588.509999995,0.00010302075832348747,0.8940886328885967,B,High_risk,223.09,high,stable
85107,CUT GLASS T-LIGHT HOLDER OCTAGON,516.45,243,25,2010-12-09,2011-12-06,363,0.67,slow_moving,7968104.959999995,5.7953805455161e-05,0.894146586694052,B,High_risk,29.12,medium,stable
85109,PINK BOUDOIR T-LIGHT HOLDER,10.2,12,1,2010-12-19,2010-12-19,1,12.0,fast_moving,7968115.1599999955,1.144600282007246e-06,0.894147731294334,B,,,,
85111,SILVER GLITTER FLOWER VOTIVE HOLDER,419.54999999999995,1407,51,2010-12-03,2011-12-08,371,3.79,medium_moving,7968534.709999995,4.708010277609216e-05,0.8941948113971101,B,High_risk,174.31,high,stable
85116,BLACK CANDELABRA T-LIGHT HOLDER,702.8000000000001,694,37,2010-12-01,2011-10-14,318,2.18,medium_moving,7969237.509999995,7.88652037445777e-05,0.8942736766008547,B,High_risk,87.52,medium,stable
85118,HEART T-LIGHT HOLDER,135.74,142,6,2010-12-08,2011-01-13,37,3.84,medium_moving,7969373.249999995,1.5232161007810155e-05,0.8942889087618625,B,low_risk,1.41,low,
85125,SMALL ROUND CUT GLASS CANDLESTICK,584.65,129,18,2011-01-19,2011-11-27,313,0.41,slow_moving,7969957.899999996,6.560691714466042e-05,0.8943545156790071,B,High_risk,15.08,low,stable
85127,SMALL SQUARE CUT GLASS CANDLESTICK,396.0,80,19,2010-12-02,2011-11-24,358,0.22,slow_moving,7970353.899999996,4.443742271322249e-05,0.8943989531017204,B,low_risk,5.88,low,stable
85141,JARDIN ETCHED GLASS FRUITBOWL,627.45,123,38,2010-12-15,2011-06-16,184,0.67,slow_moving,7970981.349999996,7.040974970053398e-05,0.894469362851421,B,High_risk,20.27,medium,stable
85144,JARDIN ETCHED GLASS BUTTER DISH,7.25,1,1,2010-12-02,2010-12-02,1,1.0,medium_moving,7970988.599999996,8.135639259365229e-07,0.8944701764153469,B,,,,
85144,JARDIN ETCHED GLASS CHEESE DISH,579.35,221,40,2011-01-04,2011-05-03,120,1.84,medium_moving,7971567.9499999955,6.501217386087235e-05,0.8945351885892077,B,High_risk,51.36,medium,stable
85145,JARDIN ETCHED GLASS LARGE BELL JAR,167.70000000000002,38,13,2011-03-25,2011-04-28,35,1.09,medium_moving,7971735.649999996,1.8818575224766194e-05,0.8945540071644325,B,High_risk,24.04,medium,stable
85146,JARDIN ETCHED GLASS SMALL BELL JAR,147.85000000000002,43,8,2010-12-15,2011-04-07,114,0.38,slow_moving,7971883.499999995,1.6591093303408955e-05,0.8945705982577359,B,High_risk,9.63,low,stable
85150,LADIES & GENTLEMEN METAL SIGN,8699.13,3899,367,2010-12-01,2011-12-08,373,10.45,fast_moving,7980582.629999995,0.000976179083452715,0.8955467773411886,B,low_risk,204.43,high,stable
85152,HAND OVER THE CHOCOLATE   SIGN ,15539.11,8164,590,2010-12-01,2011-12-09,374,21.83,fast_moving,7996121.739999996,0.0017437323223668253,0.8972905096635554,B,low_risk,285.93,high,stable
85161,ACRYLIC GEOMETRIC LAMP,221.39999999999998,12,9,2011-03-16,2011-11-27,257,0.05,slow_moving,7996343.139999996,2.4844559062392573e-05,0.8973153542226179,B,low_risk,0.55,low,stable
85172,HYACINTH BULB T-LIGHT CANDLES,557.76,1328,40,2010-12-01,2011-12-05,370,3.59,medium_moving,7996900.899999996,6.258943659729035e-05,0.8973779436592152,B,High_risk,122.99,high,stable
85173,SET/6 FROG PRINCE T-LIGHT CANDLES,628.4699999999999,434,49,2010-12-14,2011-12-09,361,1.2,medium_moving,7997529.369999995,7.052420972873468e-05,0.8974484678689438,B,meduim_risk,29.09,medium,stable
85174,S/4 CACTI CANDLES,1985.67,497,80,2010-12-01,2011-12-08,373,1.33,medium_moving,7999515.039999995,0.0002228233766640518,0.8976712912456078,B,High_risk,45.79,medium,stable
85175,CACTI T-LIGHT CANDLES,2078.66,5217,130,2010-12-02,2011-11-28,362,14.41,fast_moving,8001593.6999999955,0.0002332583159016845,0.8979045495615096,B,low_risk,142.59,high,stable
85176,SEWING SUSAN 21 NEEDLE SET,542.24,626,75,2010-12-08,2011-12-08,366,1.71,medium_moving,8002135.939999996,6.084784871721658e-05,0.8979653974102269,B,meduim_risk,38.51,medium,stable
85177,BASKET OF FLOWERS SEWING KIT,600.61,775,42,2010-12-02,2011-12-05,369,2.1,medium_moving,8002736.549999996,6.739787993886001e-05,0.8980327952901658,B,High_risk,89.26,medium,stable
85178,VICTORIAN SEWING KIT,2642.19,2371,98,2010-12-02,2011-12-05,369,6.43,fast_moving,8005378.7399999965,0.0002964952371683064,0.8983292905273341,B,meduim_risk,130.45,high,stable
85187,S/12 MINI RABBIT EASTER,515.4,324,58,2010-12-05,2011-11-27,358,0.91,medium_moving,8005894.139999997,5.7835978955542604e-05,0.8983871265062897,B,High_risk,53.82,medium,stable
85189,HANGING BUTTERFLY  EGG,7.6499999999999995,9,3,2011-01-13,2011-03-16,63,0.14,slow_moving,8005901.789999997,8.584502115054344e-07,0.8983879849565012,B,low_risk,2.12,low,stable
85195,HANGING HEART BASKET,23.1,11,3,2010-12-14,2011-03-16,93,0.12,slow_moving,8005924.889999997,2.5921829916046453e-06,0.8983905771394928,B,High_risk,3.79,low,stable
85197,SET OF 12 MINI BUNNIES IN A BUCKET,69.30000000000001,33,18,2011-01-11,2011-07-29,200,0.16,slow_moving,8005994.189999997,7.776548974813938e-06,0.8983983536884675,B,low_risk,4.16,low,stable
85198,ASSORTED FARMYARD ANIMALS IN BUCKET,68.06,86,6,2011-01-17,2011-05-18,122,0.7,slow_moving,8006062.249999996,7.63740148955031e-06,0.8984059910899571,B,meduim_risk,17.69,low,stable
85200,BUNNY EGG BOX,228.75,183,26,2011-01-16,2011-04-18,93,1.97,medium_moving,8006290.999999996,2.5669344559721325e-05,0.8984316604345168,B,low_risk,29.75,medium,stable
85202,HANGING WOOD AND FELT HEART,126.0,300,39,2011-01-25,2011-11-29,309,0.97,medium_moving,8006416.999999996,1.4139179954207156e-05,0.898445799614471,B,meduim_risk,28.31,medium,stable
85203,HANGING WOOD AND FELT BUTTERFLY ,237.96,570,49,2011-01-11,2011-12-05,329,1.73,medium_moving,8006654.959999996,2.6702851284945516e-05,0.8984725024657559,B,meduim_risk,49.91,medium,stable
85204,HANGING WOOD AND FELT FLOWER,249.48,1876,42,2011-01-11,2011-12-07,331,5.67,fast_moving,8006904.439999997,2.799557630933017e-05,0.8985004980420653,B,High_risk,205.71,high,stable
85208,SET/12 FUNKY FELT FLOWER PEG IN BAG,298.74,161,24,2010-12-05,2011-11-29,360,0.45,slow_moving,8007203.179999997,3.3523322377141635e-05,0.8985340213644425,B,High_risk,28.59,medium,stable
85211,S/4 GROOVY CAT MAGNETS,151.92,142,17,2010-12-15,2011-10-13,303,0.47,slow_moving,8007355.099999997,1.7047811259072626e-05,0.8985510691757016,B,High_risk,28.27,medium,stable
85212,MINI PAINTED GARDEN DECORATION ,723.7199999999999,2452,70,2010-12-15,2011-12-07,358,6.85,fast_moving,8008078.819999997,8.121275647983176e-05,0.8986322819321814,B,High_risk,199.59,high,stable
85213,MINI  ZINC GARDEN DECORATIONS ,301.36999999999995,821,24,2011-01-17,2011-07-31,196,4.19,fast_moving,8008380.189999997,3.3818449704757225e-05,0.8986661003818861,B,High_risk,239.92,high,stable
85214,TUB 24 PINK FLOWER PEGS,169.95,103,43,2010-12-02,2011-08-10,252,0.41,slow_moving,8008550.139999997,1.907106058109132e-05,0.8986851714424673,B,meduim_risk,10.41,low,stable
85215,ASSORTED CHEESE FRIDGE MAGNETS,105.95000000000002,163,8,2010-12-05,2011-08-10,249,0.65,slow_moving,8008656.089999997,1.1889254890065464e-05,0.8986970606973573,B,meduim_risk,23.45,medium,stable
85216,ASSORTED CAKES FRIDGE MAGNETS,35.75,55,8,2010-12-02,2011-11-18,352,0.16,slow_moving,8008691.839999997,4.011711772721475e-06,0.89870107240913,B,meduim_risk,6.01,low,stable
85224,ASSORTED COLOUR SILK GLASSES CASE,6.300000000000001,3,1,2011-03-23,2011-03-23,1,3.0,medium_moving,8008698.139999997,7.069589977103579e-07,0.8987017793681278,B,,,,stable
85225,BLING KEY RING STAND,6.25,6,3,2011-04-28,2011-12-07,224,0.03,slow_moving,8008704.389999997,7.013482120142439e-07,0.8987024807163397,B,meduim_risk,2.83,low,stable
85227,SET OF 6 3D KIT CARDS FOR KIDS,1107.08,1322,147,2010-12-02,2011-12-06,370,3.57,medium_moving,8009811.469999997,0.00012423177256907665,0.8988267124889089,B,low_risk,51.18,medium,stable
90021,LASER CUT MULTI STRAND NECKLACE,11.95,1,1,2011-04-27,2011-04-27,1,1.0,medium_moving,8009823.419999997,1.3409777813712341e-06,0.8988280534666903,B,,,,stable
90022,EDWARDIAN DROP EARRINGS JET BLACK,30.0,8,4,2010-12-21,2011-12-07,352,0.02,slow_moving,8009853.419999997,3.3664714176683707e-06,0.8988314199381079,B,meduim_risk,1.41,low,stable
90023,FILIGREE DIAMANTE EARRINGS,34.0,8,4,2011-02-14,2011-11-27,287,0.03,slow_moving,8009887.419999997,3.815334273357487e-06,0.8988352352723813,B,low_risk,0.82,low,stable
90028,NEW BAROQUE LARGE NECKLACE BLK/WHIT,17.0,2,1,2011-09-29,2011-09-29,1,2.0,medium_moving,8009904.419999997,1.9076671366787434e-06,0.8988371429395179,B,,,,stable
90029,NEW BAROQUE SMALL NECKLACE BLACK,25.5,3,2,2011-02-11,2011-06-13,123,0.02,slow_moving,8009929.919999997,2.861500705018115e-06,0.8988400044402229,B,low_risk,0.71,low,stable
90031,BILI NUT AND WOOD NECKLACE,48.0,48,5,2011-07-18,2011-11-25,131,0.37,slow_moving,8009977.919999997,5.386354268269393e-06,0.8988453907944912,B,High_risk,12.0,low,stable
90032,IVORY SHELL HEART NECKLACE,90.67,19,6,2010-12-13,2011-10-26,318,0.06,slow_moving,8010068.589999997,1.0174598781333039e-05,0.8988555653932725,B,High_risk,3.06,low,stable
90033,IVORY SHELL HEART EARRINGS,5.1,2,1,2011-05-08,2011-05-08,1,2.0,medium_moving,8010073.689999997,5.72300141003623e-07,0.8988561376934135,B,,,,stable
90041,PEARL AND CHERRY QUARTZ BRACLET,7.0,2,1,2011-05-25,2011-05-25,1,2.0,medium_moving,8010080.689999997,7.855099974559532e-07,0.8988569232034109,B,,,,stable
90043,COPPER AND BRASS BAG CHARM,24.810000000000002,4,2,2011-07-07,2011-10-17,103,0.04,slow_moving,8010105.499999996,2.7840718624117427e-06,0.8988597072752733,B,meduim_risk,1.41,low,stable
90046,WHITE WITH METAL BAG CHARM,14.850000000000001,3,1,2011-07-07,2011-07-07,1,3.0,medium_moving,8010120.349999996,1.6664033517458437e-06,0.8988613736786251,B,,,,stable
90048,GREEN WITH METAL BAG CHARM,14.850000000000001,3,1,2011-07-07,2011-07-07,1,3.0,medium_moving,8010135.1999999955,1.6664033517458437e-06,0.8988630400819767,B,,,,stable
90049,IVORY GOLD METAL BAG CHARM,34.77,5,3,2011-07-07,2011-11-23,140,0.04,slow_moving,8010169.969999995,3.901740373077642e-06,0.8988669418223497,B,meduim_risk,1.15,low,stable
90050,CRACKED GLAZE NECKLACE IVORY,41.7,6,2,2011-05-23,2011-11-09,171,0.04,slow_moving,8010211.669999995,4.6793952705590354e-06,0.8988716212176203,B,low_risk,0.0,low,stable
90051,CRACKED GLAZE NECKLACE RED,41.7,6,3,2011-04-26,2011-10-09,167,0.04,slow_moving,8010253.369999995,4.6793952705590354e-06,0.8988763006128909,B,low_risk,0.0,low,stable
90054,CRACKED GLAZE EARRINGS RED,2.55,1,1,2011-10-09,2011-10-09,1,1.0,medium_moving,8010255.919999995,2.861500705018115e-07,0.8988765867629614,B,,,,stable
90055,CRACKED GLAZE EARRINGS BROWN,2.55,1,1,2011-02-11,2011-02-11,1,1.0,medium_moving,8010258.469999995,2.861500705018115e-07,0.8988768729130319,B,,,,
90057,DIAMANTE RING ASSORTED IN BOX.,1311.3600000000001,1008,22,2010-12-13,2011-12-08,361,2.79,medium_moving,8011569.829999995,0.00014715519860911984,0.8990240281116411,B,meduim_risk,152.55,high,stable
90062,CARNIVAL BRACELET,255.0,20,6,2010-12-05,2011-04-10,127,0.16,slow_moving,8011824.829999995,2.861500705018115e-05,0.8990526431186913,B,meduim_risk,3.46,low,stable
90069,RUBY GLASS CLUSTER NECKLACE,15.0,2,1,2011-11-03,2011-11-03,1,2.0,medium_moving,8011839.829999995,1.6832357088341853e-06,0.8990543263544001,B,,,,stable
90070,RUBY GLASS CLUSTER BRACELET,47.6,8,3,2011-02-09,2011-11-08,273,0.03,slow_moving,8011887.429999995,5.3414679827004816e-06,0.8990596678223827,B,low_risk,0.58,low,stable
90071,RUBY GLASS CLUSTER EARRINGS,1.25,1,1,2011-10-09,2011-10-09,1,1.0,medium_moving,8011888.679999995,1.4026964240284879e-07,0.8990598080920251,B,,,,stable
90072,RUBY DROP CHANDELIER EARRINGS,37.5,10,3,2011-01-23,2011-09-23,244,0.04,slow_moving,8011926.179999995,4.2080892720854635e-06,0.8990640161812972,B,meduim_risk,2.31,low,stable
90073,VINTAGE ENAMEL & CRYSTAL EARRINGS,64.35000000000001,13,4,2011-01-23,2011-12-07,319,0.04,slow_moving,8011990.529999995,7.221081190898656e-06,0.899071237262488,B,meduim_risk,4.04,low,stable
90074,BLACK DIAMOND CLUSTER NECKLACE,17.9,2,1,2011-09-29,2011-09-29,1,2.0,medium_moving,8012008.429999995,2.0086612792087942e-06,0.8990732459237674,B,,,,stable
90076,MONTANA DIAMOND CLUSTER EARRINGS,15.299999999999999,6,1,2011-05-08,2011-05-08,1,6.0,fast_moving,8012023.729999995,1.7169004230108689e-06,0.8990749628241903,B,,,,stable
90078,PINK/WHITE GLASS DEMI CHOKER,15.0,2,1,2010-12-13,2010-12-13,1,2.0,medium_moving,8012038.729999995,1.6832357088341853e-06,0.8990766460598991,B,,,,
90079,VINTAGE ENAMEL & CRYSTAL NECKLACE,24.75,5,2,2011-06-13,2011-10-09,119,0.04,slow_moving,8012063.479999995,2.777338919576406e-06,0.8990794233988187,B,meduim_risk,2.12,low,stable
90083,CRYSTAL CZECH CROSS PHONE CHARM,13.69,19,4,2011-11-14,2011-12-06,23,0.83,slow_moving,8012077.169999995,1.5362331235959997e-06,0.8990809596319423,B,low_risk,3.54,low,stable
90084,PINK CRYSTAL GUITAR PHONE CHARM,0.85,1,1,2011-03-06,2011-03-06,1,1.0,medium_moving,8012078.019999995,9.538335683393716e-08,0.8990810550152991,B,,,,
90085,CRYSTAL STILETTO PHONE CHARM,20.4,24,2,2011-05-22,2011-12-02,195,0.12,slow_moving,8012098.419999995,2.289200564014492e-06,0.8990833442158632,B,low_risk,0.0,low,stable
90086,CRYSTAL FROG PHONE CHARM,49.93,85,11,2010-12-05,2011-12-08,369,0.23,slow_moving,8012148.349999995,5.602930596139392e-06,0.8990889471464593,B,High_risk,22.78,medium,stable
90087,CRYSTAL SEA HORSE PHONE CHARM,33.66,90,8,2011-09-21,2011-12-08,79,1.14,medium_moving,8012182.009999995,3.7771809306239114e-06,0.89909272432739,B,High_risk,33.37,medium,stable
90089,PINK CRYSTAL SKULL PHONE CHARM,4.750000000000001,25,2,2011-12-06,2011-12-08,3,8.33,fast_moving,8012186.759999995,5.330246411308254e-07,0.899093257352031,B,,,,stable
90093,CLEAR CRYSTAL STAR PHONE CHARM,20.39,47,6,2011-05-22,2011-12-06,199,0.24,slow_moving,8012207.149999995,2.288078406875269e-06,0.8990955454304379,B,High_risk,13.5,low,stable
90094,NECKLACE+BRACELET SET FRUIT SALAD ,33.15,13,12,2010-12-03,2011-12-05,368,0.04,slow_moving,8012240.299999995,3.719950916523549e-06,0.8990992653813544,B,meduim_risk,1.6,low,stable
90096,NECKLACE+BRACELET SET BLUE BLOSSOM,20.4,8,3,2011-02-24,2011-11-13,263,0.03,slow_moving,8012260.6999999955,2.289200564014492e-06,0.8991015545819185,B,meduim_risk,2.08,low,stable
90098,NECKLACE+BRACELET PINK BUTTERFLY,71.39999999999999,28,9,2011-02-03,2011-11-25,296,0.09,slow_moving,8012332.099999996,8.01220197405072e-06,0.8991095667838926,B,meduim_risk,4.56,low,stable
90099,NECKLACE+BRACELET SET BLUE HIBISCUS,51.0,20,13,2011-03-30,2011-12-06,252,0.08,slow_moving,8012383.099999996,5.72300141003623e-06,0.8991152897853026,B,High_risk,4.64,low,stable
90100,NECKLACE+BRACELET SET PINK DAISY,2.55,1,1,2011-02-24,2011-02-24,1,1.0,medium_moving,8012385.649999996,2.861500705018115e-07,0.8991155759353732,B,,,,
90101,WHITE FRANGIPANI NECKLACE,38.25,15,4,2011-07-18,2011-11-10,116,0.13,slow_moving,8012423.899999996,4.292251057527172e-06,0.8991198681864306,B,meduim_risk,2.63,low,stable
90102,WHITE FRANGIPANI HAIR CLIP,8.5,10,1,2011-06-07,2011-06-07,1,10.0,fast_moving,8012432.399999996,9.538335683393717e-07,0.899120822019999,B,,,,stable
90103,PURPLE FRANGIPANI NECKLACE,20.4,8,2,2011-07-18,2011-11-23,129,0.06,slow_moving,8012452.799999996,2.289200564014492e-06,0.8991231112205631,B,meduim_risk,2.83,low,stable
90104,PURPLE FRANGIPANI HAIRCLIP,0.85,1,1,2010-12-21,2010-12-21,1,1.0,medium_moving,8012453.649999996,9.538335683393716e-08,0.8991232066039199,B,,,,
90108,BLUE BLOSSOM HAIR CLIP,67.2,64,6,2010-12-19,2011-09-23,279,0.23,slow_moving,8012520.849999996,7.54089597557715e-06,0.8991307474998954,B,low_risk,8.23,low,stable
90114,SUMMER DAISIES BAG CHARM,168.29999999999998,66,11,2010-12-17,2011-12-05,354,0.19,slow_moving,8012689.149999996,1.8885904653119556e-05,0.8991496334045486,B,High_risk,20.73,medium,stable
90116,FRUIT SALAD BAG CHARM,27.04,16,3,2011-06-09,2011-12-02,177,0.09,slow_moving,8012716.189999996,3.0343129044584245e-06,0.8991526677174531,B,High_risk,5.77,low,stable
90118,PINK DAISY BAG CHARM,15.299999999999999,6,1,2011-09-23,2011-09-23,1,6.0,fast_moving,8012731.489999996,1.7169004230108689e-06,0.899154384617876,B,,,,stable
90119,METALIC LEAVES BAG CHARMS,148.32,60,15,2011-09-09,2011-12-05,88,0.68,slow_moving,8012879.809999996,1.6643834688952423e-05,0.899171028452565,B,low_risk,7.26,low,stable
90131,PINK/AMETHYST/GOLD NECKLACE,27.8,4,1,2011-03-23,2011-03-23,1,4.0,fast_moving,8012907.609999996,3.119596847039357e-06,0.899174148049412,B,,,,stable
90133,TEAL/FUSCHIA COL BEAD NECKLACE,44.55,9,3,2010-12-15,2011-11-17,338,0.03,slow_moving,8012952.1599999955,4.99921005523753e-06,0.8991791472594672,B,High_risk,4.95,low,stable
90135,ORANGE/WHT/FUSCHIA STONES NECKLACE,29.700000000000003,6,1,2011-04-26,2011-04-26,1,6.0,fast_moving,8012981.859999996,3.3328067034916873e-06,0.8991824800661707,B,,,,stable
90136,PALE PINK/AMETHYST STONE NECKLACE,29.849999999999998,3,2,2010-12-15,2011-04-26,133,0.02,slow_moving,8013011.709999995,3.3496390605800286e-06,0.8991858297052313,B,low_risk,0.71,low,stable
90138,WHITE/PINK MINI CRYSTALS NECKLACE,19.8,4,1,2011-04-26,2011-04-26,1,4.0,fast_moving,8013031.509999995,2.2218711356611247e-06,0.8991880515763669,B,,,,stable
90143,SILVER BRACELET W PASTEL FLOWER,142.5,19,7,2011-02-20,2011-09-25,218,0.09,slow_moving,8013174.009999995,1.599073923392476e-05,0.8992040423156008,B,meduim_risk,2.49,low,stable
90144,SILVER DROP EARRINGS WITH FLOWER,26.25,7,3,2011-05-22,2011-06-02,12,0.58,slow_moving,8013200.259999995,2.9456624904598242e-06,0.8992069879780913,B,low_risk,2.12,low,stable
90145,SILVER HOOP EARRINGS WITH FLOWER,124.95,21,11,2010-12-16,2011-11-29,349,0.06,slow_moving,8013325.209999995,1.4021353454588763e-05,0.8992210093315459,B,low_risk,1.22,low,stable
90146,FINE SILVER NECKLACE W PASTEL FLOWE,63.75,13,3,2010-12-15,2011-10-26,316,0.04,slow_moving,8013388.959999995,7.153751762545288e-06,0.8992281630833084,B,meduim_risk,4.04,low,stable
90147,CHUNKY SILVER NECKLACE PASTEL FLOWE,208.95,21,12,2010-12-13,2011-11-27,350,0.06,slow_moving,8013597.9099999955,2.34474734240602e-05,0.8992516105567325,B,meduim_risk,1.77,low,stable
90148,LONG SILVER NECKLACE PASTEL FLOWER,102.0,8,5,2011-01-27,2011-09-25,242,0.03,slow_moving,8013699.9099999955,1.144600282007246e-05,0.8992630565595526,B,low_risk,0.55,low,stable
90149,SILVER FLOWR PINK SHELL NECKLACE,335.28000000000003,52,3,2011-05-22,2011-09-30,132,0.39,slow_moving,8014035.189999996,3.7623684563861715e-05,0.8993006802441165,B,High_risk,35.36,medium,stable
90151,SILVER/NATURAL SHELL NECKLACE,68.0,8,4,2010-12-03,2011-11-27,360,0.02,slow_moving,8014103.189999996,7.630668546714973e-06,0.8993083109126633,B,meduim_risk,2.83,low,stable
90154,LAZER CUT NECKLACE W PASTEL BEADS,421.75,57,5,2010-12-17,2011-11-18,337,0.17,slow_moving,8014524.939999996,4.732697734672117e-05,0.8993556378900099,B,High_risk,22.7,medium,stable
90155,RESIN NECKLACE W PASTEL BEADS,45.0,6,4,2011-01-09,2011-11-23,319,0.02,slow_moving,8014569.939999996,5.049707126502556e-06,0.8993606875971365,B,low_risk,1.0,low,stable
90156,RESIN BRACELET W PASTEL BEADS,14.850000000000001,3,2,2011-01-09,2011-09-04,239,0.01,slow_moving,8014584.789999995,1.6664033517458437e-06,0.8993623540004881,B,low_risk,0.71,low,stable
90157,RIVIERA NECKLACE,34.65,7,2,2011-04-26,2011-11-17,206,0.03,slow_moving,8014619.439999996,3.888274487406968e-06,0.8993662422749756,B,low_risk,2.12,low,stable
90158,ST TROPEZ NECKLACE,69.30000000000001,14,6,2011-04-26,2011-11-17,206,0.07,slow_moving,8014688.739999996,7.776548974813938e-06,0.8993740188239504,B,High_risk,4.36,low,stable
90159,COTE D'AZURE NECKLACE,14.850000000000001,3,2,2011-04-26,2011-11-09,198,0.02,slow_moving,8014703.589999995,1.6664033517458437e-06,0.899375685227302,B,low_risk,0.71,low,stable
90166,PINK & WHITE ROSEBUD RING,58.900000000000006,14,8,2011-03-03,2011-11-14,257,0.05,slow_moving,8014762.489999996,6.609505550022235e-06,0.8993822947328521,B,low_risk,1.3,low,stable
90167,BEADED LOVE HEART JEWELLERY SET,8.5,10,1,2010-12-05,2010-12-05,1,10.0,fast_moving,8014770.989999996,9.538335683393717e-07,0.8993832485664205,B,,,,
90168,2 DAISIES HAIR COMB,17.700000000000003,6,1,2011-09-23,2011-09-23,1,6.0,fast_moving,8014788.689999996,1.986218136424339e-06,0.8993852347845569,B,,,,stable
90169,DAISY HAIR COMB,15.299999999999999,6,1,2011-09-23,2011-09-23,1,6.0,fast_moving,8014803.989999996,1.7169004230108689e-06,0.89938695168498,B,,,,stable
90170,DAISY HAIR BAND,75.89999999999999,46,6,2010-12-17,2011-11-07,326,0.14,slow_moving,8014879.889999996,8.517172686700976e-06,0.8993954688576666,B,low_risk,5.63,low,stable
90173,PAIR BUTTERFLY HAIR CLIPS,60.0,16,3,2010-12-08,2011-05-19,163,0.1,slow_moving,8014939.889999996,6.732942835336741e-06,0.899402201800502,B,meduim_risk,5.66,low,stable
90174,BUTTERFLY HAIR BAND,40.8,16,4,2011-02-09,2011-09-23,227,0.07,slow_moving,8014980.689999996,4.578401128028984e-06,0.89940678020163,B,meduim_risk,4.04,low,stable
90188,DROP EARRINGS W FLOWER & LEAF,7.6499999999999995,3,2,2011-10-09,2011-11-18,41,0.07,slow_moving,8014988.339999996,8.584502115054344e-07,0.8994076386518416,B,low_risk,0.71,low,stable
90191,SILVER LARIAT 40CM,113.9,22,7,2011-02-20,2011-11-03,257,0.09,slow_moving,8015102.2399999965,1.2781369815747582e-05,0.8994204200216573,B,High_risk,5.27,low,stable
90192,JADE DROP EARRINGS W FILIGREE,113.85000000000001,23,8,2011-02-14,2011-12-07,297,0.08,slow_moving,8015216.089999996,1.2775759030051467e-05,0.8994331957806874,B,low_risk,1.8,low,stable
90194,SILVER LARIAT BLACK STONE EARRINGS,51.0,12,6,2010-12-16,2011-10-19,308,0.04,slow_moving,8015267.089999996,5.72300141003623e-06,0.8994389187820974,B,meduim_risk,1.67,low,stable
90204,PAIR OF ENAMEL BUTTERFLY HAIRCLIP,56.95,17,8,2010-12-02,2011-11-09,343,0.05,slow_moving,8015324.039999996,6.390684907873791e-06,0.8994453094670053,B,low_risk,1.71,low,stable
90208,PAIR OF PINK FLOWER CLUSTER SLIDE,25.499999999999996,10,4,2011-06-01,2011-11-07,160,0.06,slow_moving,8015349.539999996,2.8615007050181146e-06,0.8994481709677103,B,meduim_risk,2.52,low,stable
10123C,HEARTS WRAPPING TAPE ,3.25,5,3,2010-12-03,2011-03-31,119,0.04,slow_moving,8015352.789999996,3.6470107024740683e-07,0.8994485356687806,B,meduim_risk,2.12,low,stable
10124A,SPOTS ON RED BOOKCOVER TAPE,6.72,16,5,2010-12-06,2011-11-06,336,0.05,slow_moving,8015359.509999996,7.540895975577149e-07,0.8994492897583781,B,low_risk,0.82,low,stable
10124G,ARMY CAMO BOOKCOVER TAPE,7.14,17,4,2010-12-02,2011-11-06,340,0.05,slow_moving,8015366.649999996,8.012201974050722e-07,0.8994500909785754,B,low_risk,0.5,low,stable
15044A,PINK PAPER PARASOL ,1248.2800000000002,428,78,2010-12-21,2011-12-05,350,1.22,medium_moving,8016614.929999996,0.00014007663137490247,0.8995901676099504,B,meduim_risk,27.8,medium,stable
15044B,BLUE PAPER PARASOL ,865.6500000000001,307,48,2010-12-01,2011-09-28,302,1.02,medium_moving,8017480.579999996,9.713953275682084e-05,0.8996873071427073,B,High_risk,34.04,medium,stable
15044C,PURPLE PAPER PARASOL,782.4000000000001,272,60,2010-12-06,2011-12-06,366,0.74,slow_moving,8018262.979999997,8.779757457279112e-05,0.8997751047172801,B,meduim_risk,21.49,medium,stable
15044D,RED PAPER PARASOL,1735.74,630,73,2011-01-17,2011-12-05,323,1.95,medium_moving,8019998.719999997,0.0001947773032834566,0.8999698820205636,B,meduim_risk,43.44,medium,stable
15056BL,EDWARDIAN PARASOL BLACK,15218.67,2779,291,2010-12-01,2011-12-09,374,7.43,fast_moving,8035217.389999997,0.00170777391899757,0.9016776559395612,B,meduim_risk,151.34,high,stable
15056N,EDWARDIAN PARASOL NATURAL,20696.71,3826,378,2010-12-01,2011-12-09,374,10.23,fast_moving,8055914.099999997,0.0023224960884923713,0.9040001520280535,B,low_risk,169.21,high,stable
15056P,EDWARDIAN PARASOL PINK,4254.16,769,135,2010-12-01,2011-12-08,373,2.06,medium_moving,8060168.259999997,0.0004773836015396025,0.9044775356295931,B,low_risk,36.81,medium,stable
15058A,BLUE POLKADOT GARDEN PARASOL,1104.6,148,51,2010-12-10,2011-11-23,349,0.42,slow_moving,8061272.859999997,0.00012395347759854938,0.9046014891071916,B,High_risk,17.81,low,stable
15058B,PINK POLKADOT GARDEN PARASOL,866.25,115,41,2010-12-10,2011-11-17,343,0.34,slow_moving,8062139.109999997,9.72068621851742e-05,0.9046986959693768,B,High_risk,13.27,low,stable
15058C,ICE CREAM DESIGN GARDEN PARASOL,894.35,193,30,2011-02-03,2011-09-26,236,0.82,slow_moving,8063033.459999996,0.00010036012374639025,0.9047990560931232,B,High_risk,29.78,medium,stable
15060B,FAIRY CAKE DESIGN UMBRELLA,1482.87,411,95,2010-12-02,2011-11-18,352,1.17,medium_moving,8064516.329999996,0.00016640131570392987,0.9049654574088271,B,meduim_risk,26.83,medium,stable
16020C,CLEAR STATIONERY BOX SET ,5.1,6,2,2011-03-02,2011-04-07,37,0.16,slow_moving,8064521.429999996,5.72300141003623e-07,0.904966029708968,B,low_risk,1.41,low,stable
16151A,FLOWERS HANDBAG blue and orange,61.25,49,3,2011-05-11,2011-05-25,15,3.27,medium_moving,8064582.679999996,6.87321247773959e-06,0.9049729029214458,B,,,,stable
16156L,WRAP CAROUSEL,157.5,375,14,2011-03-29,2011-12-02,249,1.51,medium_moving,8064740.179999996,1.7673974942758945e-05,0.9049905768963885,B,low_risk,24.78,medium,stable
16156L,"WRAP, CAROUSEL",42.0,100,4,2011-01-07,2011-03-03,56,1.79,medium_moving,8064782.179999996,4.713059984735719e-06,0.9049952899563732,B,low_risk,14.43,low,
16156S,WRAP PINK FAIRY CAKES ,2331.0,5800,167,2010-12-02,2011-12-08,372,15.59,fast_moving,8067113.179999996,0.00026157482915283237,0.9052568647855261,B,low_risk,250.38,high,stable
16161G,WRAP BAD HAIR DAY,70.0,700,22,2011-03-15,2011-11-24,255,2.75,medium_moving,8067183.179999996,7.855099974559532e-06,0.9052647198855007,B,meduim_risk,57.89,medium,stable
16161M,WRAP  PINK FLOCK,10.5,25,1,2010-12-02,2010-12-02,1,25.0,fast_moving,8067193.679999996,1.1782649961839297e-06,0.9052658981504969,B,,,,
16161P,WRAP ENGLISH ROSE ,2990.92,7226,248,2010-12-02,2011-12-07,371,19.48,fast_moving,8070184.599999996,0.00033562822308442277,0.9056015263735813,B,low_risk,306.18,high,stable
16161U,WRAP SUKI AND FRIENDS,1687.5,4075,134,2010-12-05,2011-12-02,363,11.23,fast_moving,8071872.099999996,0.00018936401724384584,0.9057908903908252,B,low_risk,196.48,high,stable
16162L,THE KING GIFT BAG,11.05,17,6,2011-06-10,2011-09-13,96,0.18,slow_moving,8071883.149999996,1.2399836388411833e-06,0.9057921303744639,B,meduim_risk,2.99,low,stable
16162M,THE KING GIFT BAG 25x24x12cm,10.92,26,7,2011-07-19,2011-11-27,132,0.2,slow_moving,8071894.069999996,1.225395596031287e-06,0.9057933557700599,B,low_risk,4.16,low,stable
16168M,FUNKY MONKEY GIFT BAG MEDIUM,138.18,329,20,2010-12-08,2011-12-08,366,0.9,medium_moving,8072032.249999995,1.5505967349780514e-05,0.9058088617374097,B,low_risk,14.96,low,stable
16169E,WRAP 50'S  CHRISTMAS,1892.46,4563,149,2011-07-21,2011-12-09,142,32.13,fast_moving,8073924.709999995,0.00021236374996935615,0.9060212254873791,B,meduim_risk,594.58,high,stable
16169K,WRAP FOLK ART,84.0,200,8,2010-12-06,2011-09-28,297,0.67,slow_moving,8074008.709999995,9.426119969471438e-06,0.9060306516073485,B,meduim_risk,35.36,medium,stable
16169M,WRAP DAISY CARPET ,277.2,660,25,2011-01-05,2011-12-02,332,1.99,medium_moving,8074285.9099999955,3.1106195899255744e-05,0.9060617578032478,B,low_risk,32.4,medium,stable
16169N,WRAP BLUE RUSSIAN FOLKART,10.5,25,1,2010-12-06,2010-12-06,1,25.0,fast_moving,8074296.4099999955,1.1782649961839297e-06,0.906062936068244,B,,,,
16169P,WRAP GREEN RUSSIAN FOLKART ,21.0,50,2,2010-12-10,2010-12-19,10,5.0,fast_moving,8074317.4099999955,2.3565299923678594e-06,0.9060652925982363,B,,,,
16202A,PASTEL PINK PHOTO ALBUM ,3.5,7,2,2011-03-11,2011-04-17,38,0.18,slow_moving,8074320.9099999955,3.927549987279766e-07,0.9060656853532351,B,low_risk,0.71,low,stable
16202B,PASTEL BLUE PHOTO ALBUM ,14.5,29,2,2011-04-17,2011-04-19,3,9.67,fast_moving,8074335.4099999955,1.6271278518730457e-06,0.906067312481087,B,,,,stable
16202E,BLACK PHOTO ALBUM ,7.5,15,3,2011-04-04,2011-04-17,14,1.07,medium_moving,8074342.9099999955,8.416178544170927e-07,0.9060681540989414,B,,,,stable
16206B,RED PURSE WITH PINK HEART,8.75,7,2,2010-12-23,2011-01-26,35,0.2,slow_moving,8074351.6599999955,9.818874968199415e-07,0.9060691359864382,B,low_risk,2.12,low,
16207A,PINK STRAWBERRY HANDBAG ,38.35000000000001,13,5,2010-12-19,2011-11-06,323,0.04,slow_moving,8074390.009999995,4.3034726289194015e-06,0.906073439459067,B,meduim_risk,1.95,low,stable
16207B,PINK HEART RED HANDBAG,11.31,4,3,2011-01-11,2011-08-30,232,0.02,slow_moving,8074401.319999995,1.2691597244609757e-06,0.9060747086187915,B,meduim_risk,1.41,low,stable
16244B,MAXWELL 2 TONE BLUE 60 PAGE PHOTO A,7.85,7,2,2011-04-26,2011-05-11,16,0.44,slow_moving,8074409.169999994,8.808933542898903e-07,0.9060755895121457,B,low_risk,0.71,low,stable
16248B,BLUE HOLE PUNCH,16.25,13,7,2011-03-07,2011-10-30,238,0.05,slow_moving,8074425.419999994,1.8235053512370341e-06,0.906077413017497,B,High_risk,2.51,low,stable
16258A,SWIRLY CIRCULAR RUBBERS IN BAG,156.53,445,38,2010-12-01,2011-12-08,373,1.19,medium_moving,8074581.949999995,1.7565125700254335e-05,0.9060949781431973,B,High_risk,46.11,medium,stable
17007B,S/3 POT POURI CUSHIONS BLUE COLOURS,50.400000000000006,24,2,2010-12-06,2011-06-08,185,0.13,slow_moving,8074632.349999995,5.655671981682863e-06,0.906100633815179,B,low_risk,0.0,low,stable
17011F,ORIGAMI SANDLEWOOD INCENSE+FLOWER,62.150000000000006,80,6,2010-12-16,2011-05-19,155,0.52,slow_moving,8074694.499999995,6.974206620269642e-06,0.9061076080217993,B,High_risk,21.34,medium,stable
17012A,ORIGAMI VANILLA INCENSE/CANDLE SET ,244.89999999999998,270,24,2010-12-15,2011-12-02,353,0.76,slow_moving,8074939.399999996,2.7481628339566128e-05,0.9061350896501389,B,High_risk,27.22,medium,stable
17012B,ORIGAMI JASMINE INCENSE/CANDLE SET,422.54999999999995,455,36,2010-12-10,2011-11-30,356,1.28,medium_moving,8075361.9499999955,4.741674991785899e-05,0.9061825064000567,B,High_risk,37.7,medium,stable
17012C,ORIGAMI LAVENDER INCENSE/CANDL SET ,344.34999999999997,363,43,2010-12-15,2011-12-08,359,1.01,medium_moving,8075706.299999995,3.8641481089136774e-05,0.9062211478811458,B,High_risk,41.01,medium,stable
17012D,ORIGAMI ROSE INCENSE/CANDLE SET ,366.34999999999997,387,44,2010-12-10,2011-12-08,364,1.06,medium_moving,8076072.649999995,4.111022679542691e-05,0.9062622581079413,B,High_risk,45.5,medium,stable
17012E,ORIGAMI OPIUM INCENSE/CANDLE SET ,52.05,59,3,2010-12-10,2010-12-15,6,9.83,fast_moving,8076124.699999995,5.840827909654623e-06,0.9062680989358508,B,,,,
17012F,ORIGAMI SANDLEWOOD INCENSE/CAND SET,329.05,365,42,2010-12-10,2011-12-08,364,1.0,medium_moving,8076453.749999994,3.6924580666125914e-05,0.906305023516517,B,High_risk,41.5,medium,stable
17013D,ORIGAMI ROSE INCENSE IN TUBE,257.88,532,11,2010-12-14,2011-06-07,176,3.02,medium_moving,8076711.629999994,2.8938188306277313e-05,0.9063339617048233,B,meduim_risk,67.79,medium,stable
17014A,ORIGAMI VANILLA INCENSE CONES,67.83,154,7,2010-12-15,2011-06-27,195,0.79,slow_moving,8076779.459999994,7.611591875348186e-06,0.9063415732966986,B,High_risk,35.4,medium,stable
17028J,INCENSE BAZAAR PEACH,2.52,6,1,2011-01-31,2011-01-31,1,6.0,fast_moving,8076781.979999994,2.827835990841431e-07,0.9063418560802976,B,,,,
17084A,TRANQUILITY MASALA INCENSE,42.0,200,7,2011-01-31,2011-09-13,226,0.88,medium_moving,8076823.979999994,4.713059984735719e-06,0.9063465691402823,B,low_risk,9.45,low,stable
17084J,LOVE POTION MASALA INCENSE,47.25,225,8,2010-12-07,2011-09-13,281,0.8,slow_moving,8076871.229999994,5.302192482827684e-06,0.9063518713327652,B,low_risk,12.2,low,stable
17084N,FAIRY DREAMS INCENSE ,212.75,1025,32,2010-12-09,2011-12-08,365,2.81,medium_moving,8077083.979999994,2.387389313696486e-05,0.9063757452259021,B,low_risk,45.47,medium,stable
17084P,DRAGONS BLOOD INCENSE,73.29,349,13,2010-12-09,2011-11-10,337,1.04,medium_moving,8077157.269999994,8.22428967336383e-06,0.9063839695155755,B,low_risk,12.78,low,stable
17084R,ASSORTED INCENSE PACK,760.3199999999999,4032,27,2010-12-03,2011-12-05,368,10.96,fast_moving,8077917.589999994,8.531985160938718e-05,0.906469289367185,B,High_risk,446.7,high,stable
17090A,LAVENDER INCENSE 40 CONES IN TIN,107.44999999999999,109,10,2010-12-02,2011-11-24,358,0.3,slow_moving,8078025.039999994,1.205757846094888e-05,0.9064813469456459,B,High_risk,16.27,low,stable
17090D,VANILLA INCENSE 40 CONES IN TIN,36.25,29,12,2010-12-02,2011-07-11,222,0.13,slow_moving,8078061.289999994,4.067819629682615e-06,0.9064854147652756,B,meduim_risk,3.25,low,stable
17091A,LAVENDER INCENSE IN TIN,99.29,172,25,2010-12-01,2011-05-18,169,1.02,medium_moving,8078160.5799999945,1.1141898235343085e-05,0.9064965566635109,B,High_risk,27.86,medium,stable
17091J,VANILLA INCENSE IN TIN,876.34,2066,87,2010-12-03,2011-12-09,372,5.55,fast_moving,8079036.919999994,9.833911873865e-05,0.9065948957822496,B,low_risk,80.55,medium,stable
17107D,FLOWER FAIRY 5 DRAWER LINERS,153.0,60,20,2011-08-28,2011-12-05,100,0.6,slow_moving,8079189.919999994,1.716900423010869e-05,0.9066120647864797,B,meduim_risk,8.69,low,stable
17107D,FLOWER FAIRY 5 SUMMER DRAW LINERS,15.299999999999999,6,1,2011-09-19,2011-09-19,1,6.0,fast_moving,8079205.219999994,1.7169004230108689e-06,0.9066137816869027,B,,,,stable
17107D,"FLOWER FAIRY,5 SUMMER B'DRAW LINERS",267.75,105,25,2010-12-03,2011-06-19,199,0.53,slow_moving,8079472.969999994,3.004575740269021e-05,0.9066438274443054,B,low_risk,9.64,low,stable
17109D,FLOWER FAIRY INCENSE BOUQUET,32.349999999999994,61,5,2010-12-05,2011-04-21,138,0.44,slow_moving,8079505.319999994,3.6301783453857258e-06,0.9066474576226508,B,High_risk,29.19,medium,stable
17129F,BLUE GLASS GEMS IN BAG,291.25,427,19,2011-03-14,2011-11-10,242,1.76,medium_moving,8079796.569999994,3.268282667986377e-05,0.9066801404493305,B,meduim_risk,41.79,medium,stable
17136A,BLUE STONES ON WIRE FOR CANDLE,33.75,404,17,2011-02-01,2011-11-03,276,1.46,medium_moving,8079830.319999994,3.787280344876917e-06,0.9066839277296754,B,High_risk,43.3,medium,stable
17164B,ASS COL SMALL SAND GECKO P'WEIGHT,12.18,29,9,2010-12-01,2011-01-26,57,0.51,slow_moving,8079842.4999999935,1.3667873955733584e-06,0.906685294517071,B,low_risk,3.54,low,
17165D,ASS COL LARGE SAND FROG P'WEIGHT,28.35,27,7,2010-12-10,2011-01-12,34,0.79,slow_moving,8079870.849999993,3.18131548969661e-06,0.9066884758325606,B,low_risk,6.36,low,
17191A,ROSE FLOWER CANDLE+INCENSE 16X16CM,15.0,4,2,2011-11-13,2011-12-04,22,0.18,slow_moving,8079885.849999993,1.6832357088341853e-06,0.9066901590682694,B,low_risk,0.0,low,stable
18094C,WHITE AND BLUE CERAMIC OIL BURNER,153.1,134,15,2010-12-06,2011-10-07,306,0.44,slow_moving,8080038.949999993,1.718022580150092e-05,0.9067073392940709,B,meduim_risk,13.92,low,stable
18097A,PINK TALL PORCELAIN T-LIGHT HOLDER ,12.75,5,4,2010-12-02,2011-06-22,203,0.02,slow_moving,8080051.699999993,1.4307503525090575e-06,0.9067087700444234,B,low_risk,0.58,low,stable
18097C,WHITE TALL PORCELAIN T-LIGHT HOLDER,1471.3500000000001,673,52,2010-12-02,2011-11-18,352,1.91,medium_moving,8081523.049999992,0.00016510859067954525,0.9068738786351029,B,High_risk,79.32,medium,stable
18098C,PORCELAIN BUTTERFLY OIL BURNER,540.5500000000001,193,36,2010-12-05,2011-08-08,247,0.78,slow_moving,8082063.599999992,6.065820416068793e-05,0.9069345368392636,B,High_risk,38.38,medium,stable
35001G,HAND OPEN SHAPE GOLD,510.83,157,24,2010-12-02,2011-12-07,371,0.42,slow_moving,8082574.429999992,5.732315314291779e-05,0.9069918599924065,B,High_risk,16.63,low,stable
35001W,HAND OPEN SHAPE DECO.WHITE,270.02000000000004,92,5,2010-12-05,2010-12-16,12,7.67,fast_moving,8082844.449999992,3.0300487073293785e-05,0.9070221604794798,B,,,,
35004B,SET OF 3 BLACK FLYING DUCKS,2251.15,475,47,2010-12-01,2011-12-09,374,1.27,medium_moving,8085095.599999992,0.00025261440439613845,0.907274774883876,B,High_risk,39.95,medium,stable
35004C,SET OF 3 COLOURED  FLYING DUCKS,1882.65,393,38,2010-12-01,2011-03-07,97,4.05,fast_moving,8086978.249999993,0.00021126291381577862,0.9074860377976918,B,High_risk,142.83,high,
35004G,SET OF 3 GOLD FLYING DUCKS,448.3,126,20,2010-12-01,2011-12-07,372,0.34,slow_moving,8087426.549999992,5.030630455135769e-05,0.9075363441022432,B,High_risk,15.45,low,stable
35004P,SET OF 3 PINK FLYING DUCKS,5.45,1,1,2010-12-10,2010-12-10,1,1.0,medium_moving,8087431.999999993,6.115756408764207e-07,0.9075369556778841,B,,,,
35095A,BLUE VICTORIAN FABRIC OVAL BOX,293.82,811,34,2011-01-18,2011-12-06,323,2.51,medium_moving,8087725.819999993,3.297122106464402e-05,0.9075699268989487,B,High_risk,109.95,high,stable
35095B,RED VICTORIAN FABRIC OVAL BOX,277.44,772,41,2010-12-13,2011-12-06,359,2.15,medium_moving,8088003.259999993,3.113312767059709e-05,0.9076010600266193,B,High_risk,103.94,high,stable
35271S,GOLD PRINT PAPER BAG,3.6100000000000003,19,2,2010-12-01,2010-12-02,2,9.5,fast_moving,8088006.869999994,4.050987272594273e-07,0.9076014651253467,B,,,,
35471D,SET OF 3 BIRD LIGHT PINK FEATHER ,695.4599999999999,1668,137,2010-12-05,2011-12-09,370,4.51,fast_moving,8088702.329999994,7.804154040438816e-05,0.907679506665751,B,High_risk,190.6,high,stable
35591T,TURQUOISE CHRISTMAS TREE ,6.25,5,4,2010-12-01,2011-11-20,355,0.01,slow_moving,8088708.579999994,7.013482120142439e-07,0.907680208013963,B,meduim_risk,1.15,low,stable
35597A,DUSTY PINK CHRISTMAS TREE 30CM,1.25,1,1,2010-12-06,2010-12-06,1,1.0,medium_moving,8088709.829999994,1.4026964240284879e-07,0.9076803482836054,B,,,,
35597B,BLACKCHRISTMAS TREE 30CM,1.25,1,1,2010-12-06,2010-12-06,1,1.0,medium_moving,8088711.079999994,1.4026964240284879e-07,0.9076804885532478,B,,,,
35597D,PINK/WHITE CHRISTMAS TREE 30CM,17.48,46,2,2011-08-16,2011-09-01,17,2.71,medium_moving,8088728.559999994,1.961530679361437e-06,0.9076824500839272,B,low_risk,1.41,low,stable
35598A,DUSTY PINK CHRISTMAS TREE 60CM,26.550000000000004,9,2,2011-11-16,2011-11-20,5,1.8,medium_moving,8088755.109999994,2.9793272046365084e-06,0.9076854294111318,B,,,,stable
35598B,BLACK CHRISTMAS TREE 60CM,433.70000000000005,554,22,2010-12-01,2011-11-30,365,1.52,medium_moving,8089188.809999994,4.8667955128092414e-05,0.90773409736626,B,High_risk,119.02,high,stable
35598C,WHITE CHRISTMAS TREE 60CM,5.9,2,2,2011-11-13,2011-11-24,12,0.17,slow_moving,8089194.709999994,6.620727121414462e-07,0.9077347594389722,B,,,,stable
35598D,PINK/WHITE CHRISTMAS TREE 60CM,433.22,660,24,2010-12-01,2011-12-04,369,1.79,medium_moving,8089627.929999994,4.861409158540972e-05,0.9077833735305575,B,High_risk,100.19,high,stable
35599B,BLACK CHRISTMAS TREE 120CM,503.85,209,23,2010-12-15,2011-12-04,355,0.59,slow_moving,8090131.779999994,5.6539887459740287e-05,0.9078399134180173,B,meduim_risk,33.13,medium,stable
35599D,PINK AND WHITE CHRISTMAS TREE 120CM,465.38,186,19,2011-05-06,2011-12-04,213,0.87,medium_moving,8090597.159999994,5.222294894515021e-05,0.9078921363669624,B,High_risk,26.56,medium,stable
35607A,PINK FLUFFY CHRISTMAS DECORATION,4.5600000000000005,24,1,2010-12-16,2010-12-16,1,24.0,fast_moving,8090601.719999993,5.117036554855924e-07,0.9078926480706179,B,,,,
35607B,BLACK FEATHER CHRISTMAS DECORATION,18.240000000000002,96,7,2011-03-06,2011-09-15,194,0.49,slow_moving,8090619.959999993,2.0468146219423695e-06,0.9078946948852398,B,High_risk,19.59,low,stable
35610A,PINK CHRISTMAS FLOCK DROPLET ,10.0,8,1,2010-12-15,2010-12-15,1,8.0,fast_moving,8090629.959999993,1.1221571392227903e-06,0.907895817042379,B,,,,
35610B,BLACK CHRISTMAS FLOCK DROPLET ,30.0,24,1,2010-12-13,2010-12-13,1,24.0,fast_moving,8090659.959999993,3.3664714176683707e-06,0.9078991835137967,B,,,,
35610C,WHITE CHRISTMAS FLOCK DROPLET ,30.0,24,1,2010-12-13,2010-12-13,1,24.0,fast_moving,8090689.959999993,3.3664714176683707e-06,0.9079025499852144,B,,,,
35637A,IVORY STRING CURTAIN WITH POLE ,363.7,166,24,2011-02-15,2011-11-27,286,0.58,slow_moving,8091053.659999994,4.081285515353288e-05,0.9079433628403679,B,High_risk,29.36,medium,stable
35637C,PINK STRING CURTAIN WITH POLE,62.6,28,7,2011-02-23,2011-11-27,278,0.1,slow_moving,8091116.259999993,7.0247036915346665e-06,0.9079503875440594,B,High_risk,6.88,low,stable
35638A,PINK AND BLACK STRING CURTAIN,82.1,38,5,2011-02-20,2011-11-20,274,0.14,slow_moving,8091198.359999993,9.212910113019107e-06,0.9079596004541723,B,High_risk,14.21,low,stable
35638B,PINK/BLUE STRING CURTAIN ,109.2,56,4,2011-07-21,2011-11-20,123,0.46,slow_moving,8091307.559999993,1.2253955960312869e-05,0.9079718544101327,B,High_risk,22.79,medium,stable
35809A,ENAMEL PINK TEA CONTAINER,374.94,389,40,2010-12-16,2011-06-08,175,2.22,medium_moving,8091682.4999999935,4.20741597780193e-05,0.9080139285699108,B,High_risk,55.84,medium,stable
35809B,ENAMEL BLUE RIM TEA CONTAINER,9.18,8,3,2011-04-04,2011-04-11,8,1.0,medium_moving,8091691.679999993,1.0301402538065214e-06,0.9080149587101646,B,,,,stable
35810A,ENAMEL PINK COFFEE CONTAINER,546.2099999999999,603,52,2010-12-16,2011-10-30,319,1.89,medium_moving,8092237.889999993,6.129334510148802e-05,0.908076252055266,B,meduim_risk,45.5,medium,stable
35810B,ENAMEL BLUE RIM COFFEE CONTAINER,155.03,147,21,2010-12-05,2011-11-30,361,0.41,slow_moving,8092392.919999993,1.7396802129370918e-05,0.9080936488573954,B,High_risk,19.7,medium,stable
35815P,"ACRYLIC JEWEL SNOWFLAKE, PINK",63.28000000000001,162,5,2011-02-07,2011-09-26,232,0.7,slow_moving,8092456.199999994,7.101010377001817e-06,0.9081007498677724,B,High_risk,56.24,medium,stable
35816P,"ACRYLIC JEWEL ANGEL,PINK",29.64,78,2,2011-08-12,2011-08-16,5,15.6,fast_moving,8092485.839999993,3.32607376065635e-06,0.9081040759415331,B,,,,stable
35817P,"ACRYLIC JEWEL SNOWFLAKE,PINK",15.299999999999999,6,1,2010-12-15,2010-12-15,1,6.0,fast_moving,8092501.139999993,1.7169004230108689e-06,0.908105792841956,B,,,,
35817P,PINK ACRYLIC JEWEL SNOWFLAKE,4.5600000000000005,12,1,2011-08-12,2011-08-12,1,12.0,fast_moving,8092505.699999993,5.117036554855924e-07,0.9081063045456115,B,,,,stable
35818B,"ACRYLIC JEWEL ICICLE, BLUE",11.780000000000001,31,3,2011-08-16,2011-11-01,78,0.4,slow_moving,8092517.479999993,1.321901110004447e-06,0.9081076264467215,B,High_risk,12.1,low,stable
35818P,"ACRYLIC JEWEL ICICLE, PINK",100.32000000000001,264,17,2011-06-06,2011-12-05,183,1.44,medium_moving,8092617.799999993,1.1257480420683032e-05,0.9081188839271422,B,meduim_risk,48.82,medium,stable
35819B,"ACRYLIC HANGING JEWEL,BLUE",101.84,268,22,2011-08-30,2011-11-30,93,2.88,medium_moving,8092719.639999993,1.1428048305844896e-05,0.9081303119754481,B,low_risk,40.96,medium,stable
35819P,"ACRYLIC HANGING JEWEL,PINK",66.55,95,7,2011-09-16,2011-11-13,59,1.61,medium_moving,8092786.189999993,7.467955761527669e-06,0.9081377799312096,B,low_risk,16.26,low,stable
35833P,4 PINK FLOCK CHRISTMAS BALLS,46.25,37,11,2010-12-08,2011-11-24,352,0.11,slow_moving,8092832.439999993,5.189976768905404e-06,0.9081429699079785,B,High_risk,8.5,low,stable
35909A,RABBIT EASTER DECORATION,23.6,8,3,2011-01-05,2011-04-26,112,0.07,slow_moving,8092856.039999993,2.648290848565785e-06,0.908145618198827,B,High_risk,2.89,low,stable
35909B,PINK FLOWERS RABBIT EASTER,23.6,8,2,2011-02-14,2011-06-14,121,0.07,slow_moving,8092879.639999992,2.648290848565785e-06,0.9081482664896755,B,meduim_risk,4.99,low,stable
35910A,MULTICOLOUR EASTER RABBIT ,39.0,20,4,2011-01-05,2011-03-28,83,0.24,slow_moving,8092918.639999992,4.376412842968882e-06,0.9081526429025185,B,meduim_risk,5.03,low,stable
35910B,PINK FLOWERS RABBIT EASTER,25.349999999999998,13,3,2011-03-18,2011-11-06,234,0.06,slow_moving,8092943.989999992,2.844668347929773e-06,0.9081554875708664,B,meduim_risk,4.99,low,stable
35911A,MULTICOLOUR RABBIT EGG WARMER,194.14999999999998,205,25,2010-12-16,2011-11-04,324,0.63,slow_moving,8093138.139999992,2.178668085801047e-05,0.9081772742517245,B,meduim_risk,24.05,medium,stable
35911B,PINK/FLOWER RABBIT EGG WARMER ,35.7,17,4,2011-01-05,2011-02-16,43,0.4,slow_moving,8093173.839999992,4.006100987025361e-06,0.9081812803527115,B,High_risk,9.19,low,
35912B,WHITE/PINK CHICK DECORATION,283.89,249,18,2011-01-13,2011-10-30,291,0.86,medium_moving,8093457.729999992,3.185691902539579e-05,0.9082131372717368,B,High_risk,34.75,medium,stable
35913B,WHITE/PINK CHICK EASTER DECORATION,29.75,35,9,2011-01-25,2011-11-06,286,0.12,slow_moving,8093487.479999992,3.3384174891878007e-06,0.908216475689226,B,meduim_risk,6.44,low,stable
35915B,BLUE KNITTED HEN ,150.14999999999998,91,14,2010-12-10,2011-03-28,109,0.83,slow_moving,8093637.629999992,1.6849189445430193e-05,0.9082333248786715,B,High_risk,41.53,medium,stable
35915C,PEACH KNITTED HEN ,80.85,49,8,2011-01-31,2011-04-06,66,0.74,slow_moving,8093718.479999992,9.072640470616259e-06,0.908242397519142,B,meduim_risk,10.59,low,stable
35916A,YELLOW FELT HANGING HEART W FLOWER,17.0,20,3,2011-03-07,2011-08-21,168,0.12,slow_moving,8093735.479999992,1.9076671366787434e-06,0.9082443051862787,B,meduim_risk,5.03,low,stable
35916B,BLUE FELT HANGING HEART WITH FLOWER,5.1,6,1,2011-08-21,2011-08-21,1,6.0,fast_moving,8093740.579999992,5.72300141003623e-07,0.9082448774864197,B,,,,stable
35916C,PINK FELT HANGING HEART W FLOWER,45.9,54,5,2011-03-01,2011-08-21,174,0.31,slow_moving,8093786.479999992,5.1507012690326065e-06,0.9082500281876889,B,meduim_risk,15.87,low,stable
37379A,PINK CHERRY BLOSSOM CUP & SAUCER,7.5,6,1,2011-01-19,2011-01-19,1,6.0,fast_moving,8093793.979999992,8.416178544170927e-07,0.9082508698055433,B,,,,
37444A,YELLOW BREAKFAST CUP AND SAUCER,31.910000000000004,49,14,2010-12-01,2011-07-13,225,0.22,slow_moving,8093825.889999992,3.580803431259924e-06,0.9082544506089745,B,High_risk,9.2,low,stable
37444B,BLUE BREAKFAST CUP AND SAUCER ,11.8,4,3,2010-12-09,2011-03-28,110,0.04,slow_moving,8093837.689999992,1.3241454242828925e-06,0.9082557747543988,B,low_risk,0.58,low,stable
37444C,PINK BREAKFAST CUP AND SAUCER ,31.23,21,7,2010-12-01,2011-03-28,118,0.18,slow_moving,8093868.9199999925,3.5044967457927737e-06,0.9082592792511446,B,meduim_risk,5.57,low,stable
37462E,"PET MUG, GOLDFISH",5.59,27,4,2011-02-02,2011-11-28,300,0.09,slow_moving,8093874.509999992,6.272858408255397e-07,0.9082599065369854,B,meduim_risk,6.08,low,stable
37479B,CUBIC MUG FLOCK BLUE ON BROWN,60.33,127,17,2010-12-06,2011-06-15,192,0.66,slow_moving,8093934.839999992,6.769974020931093e-06,0.9082666765110063,B,High_risk,26.53,medium,stable
37479P,CUBIC MUG FLOCK PINK ON BROWN,57.18,130,20,2010-12-07,2011-11-08,337,0.39,slow_moving,8093992.019999992,6.416494522075914e-06,0.9082730930055284,B,meduim_risk,10.15,low,stable
37482P,CUBIC MUG PINK POLKADOT,220.95,489,34,2010-12-06,2011-04-13,129,3.79,medium_moving,8094212.969999992,2.4794061991127546e-05,0.9082978870675196,B,High_risk,134.43,high,stable
37487B,YELLOW/ORANGE FLOWER DESIGN PLATE,19.72,68,2,2011-04-11,2011-04-13,3,22.67,fast_moving,8094232.689999992,2.212893878547342e-06,0.908300099961398,B,,,,stable
37488A,YELLOW PINK FLOWER DESIGN BIG BOWL,10.92,28,3,2011-03-20,2011-04-13,25,1.12,medium_moving,8094243.609999992,1.225395596031287e-06,0.908301325356994,B,High_risk,16.97,low,stable
37489A,YELLOW/PINK FLOWER DESIGN BIG MUG,14.43,33,14,2010-12-03,2011-11-21,354,0.09,slow_moving,8094258.039999992,1.6192727518984862e-06,0.9083029446297459,B,meduim_risk,2.6,low,stable
37489B,BLUE/YELLOW FLOWER DESIGN BIG MUG,16.77,31,12,2010-12-03,2011-11-21,354,0.09,slow_moving,8094274.809999991,1.881857522476619e-06,0.9083048264872684,B,meduim_risk,3.0,low,stable
37489C,GREEN/BLUE FLOWER DESIGN BIG MUG,13.65,23,8,2010-12-03,2011-09-14,286,0.08,slow_moving,8094288.459999992,1.5317444950391086e-06,0.9083063582317634,B,meduim_risk,2.71,low,stable
37489D,PINK/GREEN FLOWER DESIGN BIG MUG,17.16,40,16,2010-12-03,2011-12-05,368,0.11,slow_moving,8094305.619999992,1.925621650906308e-06,0.9083082838534143,B,meduim_risk,3.3,low,stable
37491B,BLUE/YELLOW CERAMIC CANDLE HOLDER,6.6,4,1,2011-07-18,2011-07-18,1,4.0,fast_moving,8094312.219999991,7.406237118870415e-07,0.9083090244771262,B,,,,stable
37491C,GREEN/BLUE CERAMIC CANDLE HOLDER,13.2,8,1,2011-07-18,2011-07-18,1,8.0,fast_moving,8094325.419999992,1.481247423774083e-06,0.90831050572455,B,,,,stable
37491D,PURPLE/BLUE CERAMIC CANDLE HOLDER,3.3,2,1,2011-07-18,2011-07-18,1,2.0,medium_moving,8094328.719999991,3.7031185594352074e-07,0.9083108760364059,B,,,,stable
40005B,BLUE ORGANDY ROUND LAMPSHADE W BEA,10.2,12,4,2010-12-06,2011-11-22,352,0.03,slow_moving,8094338.919999992,1.144600282007246e-06,0.9083120206366879,B,High_risk,4.36,low,stable
40046A,RED DAISY PAPER LAMPSHADE,62.5,50,6,2011-01-21,2011-10-17,270,0.19,slow_moving,8094401.419999992,7.013482120142439e-06,0.9083190341188081,B,High_risk,9.67,low,stable
44089A,PINK GAUZE BUTTERFLY LAMPSHADE,6.3,15,4,2011-02-02,2011-11-27,299,0.05,slow_moving,8094407.719999991,7.069589977103578e-07,0.9083197410778058,B,meduim_risk,3.1,low,stable
44089C,LILAC GAUZE BUTTERFLY LAMPSHADE,10.08,24,6,2011-02-13,2011-09-23,223,0.11,slow_moving,8094417.799999991,1.1311343963365725e-06,0.9083208722122021,B,meduim_risk,4.4,low,stable
44091A,BLUE CRUSOE CHECK LAMPSHADE,3.78,9,3,2011-01-10,2011-07-20,192,0.05,slow_moving,8094421.579999992,4.2417539862621465e-07,0.9083212963876008,B,High_risk,4.95,low,stable
44092B,BLUE WHITE PLASTIC RINGS LAMPSHADE,11.899999999999999,14,5,2011-02-20,2011-09-05,198,0.07,slow_moving,8094433.479999992,1.3353669956751202e-06,0.9083226317545965,B,meduim_risk,2.05,low,stable
44092C,PURPLE/COPPER HANGING LAMPSHADE,17.0,20,6,2011-02-20,2011-10-20,243,0.08,slow_moving,8094450.479999992,1.9076671366787434e-06,0.9083245394217332,B,low_risk,1.22,low,stable
44242A,LILAC FEATHERS CURTAIN,9.48,12,1,2011-07-10,2011-07-10,1,12.0,fast_moving,8094459.9599999925,1.0638049679832051e-06,0.9083256032267012,B,,,,stable
44242B,PINK FEATHERS CURTAIN,50.28,52,3,2011-04-14,2011-09-26,166,0.31,slow_moving,8094510.239999993,5.642206096012189e-06,0.9083312454327973,B,low_risk,8.49,low,stable
46000M,POLYESTER FILLER PAD 45x45cm,1562.4,1008,133,2010-12-01,2011-12-07,372,2.71,medium_moving,8096072.639999993,0.00017532583143216874,0.9085065712642295,B,meduim_risk,59.79,medium,stable
46000P,POLYESTER FILLER PAD 65CMx65CM,72.25,17,5,2010-12-06,2011-09-04,273,0.06,slow_moving,8096144.889999993,8.10758533088466e-06,0.9085146788495604,B,meduim_risk,4.51,low,stable
46000R,POLYESTER FILLER PAD 45x30cm,146.45,101,37,2010-12-01,2011-12-07,372,0.27,slow_moving,8096291.339999993,1.643399130391776e-05,0.9085311128408643,B,low_risk,5.26,low,stable
46000S,POLYESTER FILLER PAD 40x40cm,2248.95,1551,182,2010-12-01,2011-12-08,373,4.16,fast_moving,8098540.2899999935,0.0002523675298255094,0.9087834803706898,B,meduim_risk,83.87,medium,stable
46000U,POLYESTER FILLER PAD 30CMx30CM,133.75,107,26,2010-12-17,2011-12-04,353,0.3,slow_moving,8098674.0399999935,1.5008851737104819e-05,0.9087984892224269,B,High_risk,10.06,low,stable
46115B,GREEN POP ART MAO CUSHION COVER ,2.2800000000000002,12,2,2010-12-06,2011-03-04,89,0.13,slow_moving,8098676.319999994,2.558518277427962e-07,0.9087987450742547,B,low_risk,0.0,low,
46126A,ELVIS WALLHANGING / CURTAIN,60.0,48,6,2011-03-21,2011-05-18,59,0.81,slow_moving,8098736.319999994,6.732942835336741e-06,0.9088054780170901,B,meduim_risk,12.17,low,stable
46138B,BLUE CHENILLE SHAGGY CUSHION COVER ,43.15,43,12,2010-12-23,2011-11-13,326,0.13,slow_moving,8098779.469999994,4.842108055746339e-06,0.9088103201251458,B,High_risk,6.34,low,stable
46775D,SUNSET COLOUR CHUNKY KNITTED THROW,406.79999999999995,24,13,2011-01-24,2011-12-05,316,0.08,slow_moving,8099186.269999994,4.56493524235831e-05,0.9088559694775694,B,meduim_risk,2.51,low,stable
46776A,WOVEN BUBBLE GUM CUSHION COVER,69.30000000000001,14,6,2011-04-15,2011-11-08,208,0.07,slow_moving,8099255.569999994,7.776548974813938e-06,0.9088637460265442,B,meduim_risk,2.17,low,stable
46776B,WOVEN BERRIES CUSHION COVER ,74.25,15,7,2011-02-22,2011-12-06,288,0.05,slow_moving,8099329.819999994,8.332016758729217e-06,0.9088720780433029,B,low_risk,0.9,low,stable
46776C,WOVEN FROST CUSHION COVER,54.45,11,6,2011-03-03,2011-12-02,275,0.04,slow_moving,8099384.269999994,6.110145623068093e-06,0.908878188188926,B,low_risk,1.1,low,stable
46776D,WOVEN SUNSET CUSHION COVER ,59.400000000000006,12,3,2011-04-15,2011-09-18,157,0.08,slow_moving,8099443.669999994,6.665613406983375e-06,0.9088848538023331,B,low_risk,2.0,low,stable
46776E,WOVEN CANDY CUSHION COVER ,69.3,14,5,2011-03-18,2011-11-28,256,0.05,slow_moving,8099512.969999994,7.776548974813936e-06,0.9088926303513079,B,low_risk,1.79,low,stable
46776F,WOVEN ROSE GARDEN CUSHION COVER ,94.05000000000001,19,8,2011-04-15,2011-12-02,232,0.08,slow_moving,8099607.019999994,1.0553887894390343e-05,0.9089031842392022,B,low_risk,1.48,low,stable
47013A,WINE BOTTLE DRESSING LT.BLUE,3.0399999999999996,14,4,2011-03-17,2011-04-19,34,0.41,slow_moving,8099610.059999994,3.4113577032372816e-07,0.9089035253749725,B,low_risk,1.41,low,stable
47013C,WINE BOTTLE DRESSING DARK BLUE,5.5,43,7,2011-03-24,2011-06-20,89,0.48,slow_moving,8099615.559999994,6.171864265725347e-07,0.9089041425613991,B,High_risk,16.44,low,stable
47021G,SET/6 BEAD COASTERS GAUZE BAG GOLD,230.39999999999998,518,15,2010-12-02,2011-06-23,204,2.54,medium_moving,8099845.959999994,2.5854500487693085e-05,0.9089299970618868,B,High_risk,136.52,high,stable
47310M,SMALL POP BOX FUNKY MONKEY,210.48,172,34,2011-06-13,2011-12-06,177,0.97,medium_moving,8100056.439999995,2.3619163466361285e-05,0.9089536162253532,B,meduim_risk,18.91,low,stable
47310M,"SMALL POP BOX,FUNKY MONKEY",116.25,93,13,2010-12-05,2011-05-25,172,0.54,slow_moving,8100172.689999995,1.3045076743464935e-05,0.9089666613020967,B,High_risk,16.33,low,stable
47341A,FUSCHIA TABLE RUN FLOWER ,38.75,27,5,2011-02-17,2011-06-08,112,0.24,slow_moving,8100211.439999995,4.348358914488312e-06,0.9089710096610112,B,meduim_risk,5.62,low,stable
47341B,BLUE TABLE RUN FLOWER,56.25,45,11,2011-04-27,2011-11-30,218,0.21,slow_moving,8100267.689999995,6.312133908128195e-06,0.9089773217949193,B,High_risk,8.42,low,stable
47343A,FUSCHIA FLOWER PURSE WITH BEADS,145.17,159,14,2010-12-03,2011-08-07,248,0.64,slow_moving,8100412.859999995,1.6290355190097242e-05,0.9089936121501094,B,meduim_risk,23.24,medium,stable
47344B,BLUE FLOWER DES PURSE,43.66,44,6,2011-03-20,2011-06-02,75,0.59,slow_moving,8100456.519999995,4.8993380698467015e-06,0.9089985114881792,B,High_risk,12.52,low,stable
47348A,FUSCHIA VOILE POINTY SHOE DEC,50.31,97,15,2010-12-08,2011-09-01,268,0.36,slow_moving,8100506.8299999945,5.645572567429858e-06,0.9090041570607467,B,High_risk,14.87,low,stable
47351B,BLUE  VOILE LAMPSHADE,234.5,86,9,2011-01-07,2011-11-06,304,0.28,slow_moving,8100741.3299999945,2.631458491477443e-05,0.9090304716456614,B,High_risk,16.73,low,stable
47367B,PAIR PADDED HANGERS PINK CHECK,194.55,57,11,2010-12-05,2011-10-26,326,0.17,slow_moving,8100935.879999994,2.1831567143579385e-05,0.909052303212805,B,High_risk,10.13,low,stable
47369A,PINK GREEN EMBROIDERY COSMETIC BAG,23.6,8,6,2010-12-05,2011-11-14,345,0.02,slow_moving,8100959.479999994,2.648290848565785e-06,0.9090549515036536,B,High_risk,2.89,low,stable
47369B,BLUE GREEN EMBROIDERY COSMETIC BAG,11.690000000000001,3,3,2010-12-05,2011-11-28,359,0.01,slow_moving,8100971.169999994,1.3118016957514419e-06,0.9090562633053493,B,low_risk,0.71,low,stable
47503A,ASS FLORAL PRINT MULTI SCREWDRIVER,1261.69,2754,161,2010-12-14,2011-11-28,350,7.87,fast_moving,8102232.859999995,0.00014158144409860023,0.909197844749448,B,meduim_risk,182.19,high,stable
47503H,ASS FLORAL PRINT SPIRIT LEVEL ,92.08,96,32,2010-12-03,2011-12-07,370,0.26,slow_moving,8102324.939999995,1.0332822937963453e-05,0.9092081775723859,B,High_risk,12.63,low,stable
47503J,SET/3 FLORAL GARDEN TOOLS IN BAG,7.95,1,1,2010-12-03,2010-12-03,1,1.0,medium_moving,8102332.889999995,8.921149256821182e-07,0.9092090696873116,B,,,,
47504H,ENGLISH ROSE SPIRIT LEVEL ,860.88,948,92,2010-12-01,2011-12-09,374,2.53,medium_moving,8103193.769999995,9.660426380141157e-05,0.9093056739511131,B,High_risk,90.87,medium,stable
47504K,ENGLISH ROSE GARDEN SECATEURS,1826.78,1958,174,2010-12-03,2011-11-09,342,5.73,fast_moving,8105020.549999995,0.00020499342187894087,0.909510667372992,B,High_risk,168.34,high,stable
47518F,ICON PLACEMAT POP ART ELVIS,113.64,827,28,2011-01-06,2011-11-29,328,2.52,medium_moving,8105134.189999995,1.2752193730127788e-05,0.9095234195667221,B,High_risk,79.84,medium,stable
47556B,TEA TIME TEA TOWELS ,6045.0,2600,2,2011-01-11,2011-04-18,98,26.53,fast_moving,8111179.189999995,0.0006783439906601767,0.9102017635573822,B,low_risk,0.0,low,stable
47559B,TEA TIME OVEN GLOVE,2416.67,2004,241,2010-12-02,2011-12-09,373,5.37,fast_moving,8113595.859999995,0.00027118834936455406,0.9104729519067468,B,low_risk,86.76,medium,stable
47563A,RETRO LONGBOARD IRONING BOARD COVER,251.25,199,45,2010-12-01,2011-12-08,373,0.53,slow_moving,8113847.109999995,2.8194198122972602e-05,0.9105011461048698,B,meduim_risk,14.23,low,stable
47566B,TEA TIME PARTY BUNTING,10445.25,2291,313,2010-12-02,2011-12-04,368,6.23,fast_moving,8124292.359999995,0.001172121185846685,0.9116732672907165,B,meduim_risk,147.16,high,stable
47567B,TEA TIME KITCHEN APRON,3289.7200000000003,592,120,2010-12-02,2011-12-05,369,1.6,medium_moving,8127582.0799999945,0.00036915827840439976,0.9120424255691209,B,low_risk,27.63,medium,stable
47570B,TEA TIME TABLE CLOTH,1642.68,180,26,2010-12-01,2011-03-29,119,1.51,medium_moving,8129224.759999994,0.0001843345089458493,0.9122267600780667,B,High_risk,43.91,medium,stable
47574A,ENGLISH ROSE SCENTED HANGING FLOWER,366.25,423,50,2010-12-07,2011-10-07,305,1.39,medium_moving,8129591.009999994,4.109900522403469e-05,0.9122678590832907,B,High_risk,78.99,medium,stable
47574B,ENGLISH ROSE SCENTED HANGING HEART,17.0,4,2,2011-05-15,2011-05-18,4,1.0,medium_moving,8129608.009999994,1.9076671366787434e-06,0.9122697667504274,B,,,,stable
47578A,ENGLISH ROSE SMALL SCENTED FLOWER,168.29999999999998,198,27,2010-12-09,2011-12-04,361,0.55,slow_moving,8129776.309999994,1.8885904653119556e-05,0.9122886526550805,B,High_risk,16.04,low,stable
47585A,PINK FAIRY CAKE CUSHION COVER,382.5,102,27,2010-12-23,2011-12-01,344,0.3,slow_moving,8130158.809999994,4.2922510575271725e-05,0.9123315751656558,B,meduim_risk,8.13,low,stable
47586A,PINK FAIRY CAKE CUSHION COVER,53.55,21,8,2010-12-06,2011-11-23,353,0.06,slow_moving,8130212.359999994,6.0091514805380414e-06,0.9123375843171363,B,meduim_risk,8.13,low,stable
47590A,BLUE HAPPY BIRTHDAY BUNTING,10107.52,1950,355,2010-12-02,2011-12-02,366,5.33,fast_moving,8140319.879999993,0.0011342225727837137,0.9134718068899199,B,meduim_risk,104.25,high,stable
47590B,PINK HAPPY BIRTHDAY BUNTING,11688.150000000001,2287,359,2010-12-02,2011-12-07,371,6.16,fast_moving,8152008.029999994,0.0013115940966806857,0.9147834009866006,B,meduim_risk,119.57,high,stable
47591B,SCOTTIES CHILDRENS APRON,62.699999999999996,38,10,2010-12-01,2011-01-24,55,0.69,slow_moving,8152070.729999994,7.035925262926894e-06,0.9147904369118636,B,low_risk,0.0,low,
47591D,PINK FAIRY CAKE CHILDRENS APRON,5823.36,3144,397,2010-12-02,2011-12-08,372,8.45,fast_moving,8157894.089999994,0.0006534724998264427,0.9154439094116901,B,low_risk,152.59,high,stable
47593A,CAROUSEL PONIES BABY BIB,14.37,33,12,2010-12-12,2011-03-29,108,0.31,slow_moving,8157908.459999994,1.6125398090631494e-06,0.9154455219514992,B,High_risk,13.18,low,stable
47593B,SCOTTIE DOGS BABY BIB,676.39,1663,94,2010-12-05,2011-12-07,368,4.52,fast_moving,8158584.849999994,7.59015867398903e-05,0.9155214235382391,B,meduim_risk,109.41,high,stable
47594A,CAROUSEL DESIGN WASHBAG,101.39999999999999,52,26,2010-12-06,2011-11-24,354,0.15,slow_moving,8158686.249999994,1.1378673391719092e-05,0.9155328022116308,B,low_risk,2.39,low,stable
47594B,SCOTTIES DESIGN WASHBAG,177.45,91,30,2010-12-15,2011-11-08,329,0.28,slow_moving,8158863.699999995,1.991267843550841e-05,0.9155527148900663,B,High_risk,10.18,low,stable
47599A,PINK PARTY BAGS,4481.62,2409,144,2010-12-01,2011-12-02,367,6.56,fast_moving,8163345.319999995,0.0005029081878283641,0.9160556230778947,B,low_risk,109.79,high,stable
47599B,BLUE PARTY BAGS ,2728.94,1451,108,2010-12-01,2011-12-02,367,3.95,medium_moving,8166074.259999995,0.0003062299503510641,0.9163618530282458,B,low_risk,69.87,medium,stable
48173C,DOORMAT BLACK FLOCK ,9822.2,1787,173,2010-12-01,2011-12-06,371,4.82,fast_moving,8175896.459999995,0.001102205185287409,0.9174640582135333,B,High_risk,178.0,high,stable
51014A,"FEATHER PEN,HOT PINK",1777.61,3621,157,2010-12-01,2011-12-08,373,9.71,fast_moving,8177674.069999996,0.0001994757752253824,0.9176635339887587,B,High_risk,286.71,high,stable
51014C,"FEATHER PEN,COAL BLACK",1180.26,2462,110,2010-12-01,2011-12-08,373,6.6,fast_moving,8178854.329999995,0.00013244371851390903,0.9177959777072725,B,High_risk,213.92,high,stable
51014L,"FEATHER PEN,LIGHT PINK",951.54,1936,105,2010-12-01,2011-12-05,370,5.23,fast_moving,8179805.869999995,0.00010677774042560537,0.9179027554476982,B,meduim_risk,127.2,high,stable
51020A,SUMMER FUN DESIGN SHOWER CAP,116.32999999999998,325,18,2010-12-05,2011-04-27,144,2.26,medium_moving,8179922.1999999955,1.3054054000578717e-05,0.9179158095016987,B,High_risk,118.83,high,stable
51020B,STRIPY DESIGN SHOWER CAP,70.57,197,15,2010-12-05,2011-04-27,144,1.37,medium_moving,8179992.769999996,7.91906293149523e-06,0.9179237285646302,B,High_risk,83.87,medium,stable
62043B,BLUE CHECK BAG W HANDLE 34X20CM,14.11,17,5,2011-04-27,2011-05-19,23,0.74,slow_moving,8180006.879999996,1.583363723443357e-06,0.9179253119283537,B,meduim_risk,7.78,low,stable
62074B,ELEPHANT CLIP W SUCTION CUP,6.72,16,4,2011-01-31,2011-07-12,163,0.1,slow_moving,8180013.599999996,7.540895975577149e-07,0.9179260660179512,B,High_risk,4.08,low,stable
62086A,PINK RETRO BIG FLOWER BAG,167.7,86,13,2011-01-13,2011-06-23,162,0.53,slow_moving,8180181.299999996,1.881857522476619e-05,0.917944884593176,B,meduim_risk,11.43,low,stable
62094B,TURQ ICE CREAM BUM BAG ,33.15,13,3,2010-12-14,2011-01-27,45,0.29,slow_moving,8180214.449999996,3.719950916523549e-06,0.9179486045440927,B,High_risk,7.78,low,
62096A,PINK/YELLOW FLOWERS HANDBAG,132.5,106,8,2010-12-02,2011-02-24,85,1.25,medium_moving,8180346.949999996,1.486858209470197e-05,0.9179634731261873,B,meduim_risk,25.01,medium,
62096B,PURPLE/TURQ FLOWERS HANDBAG,2.5,2,1,2011-03-07,2011-03-07,1,2.0,medium_moving,8180349.449999996,2.8053928480569757e-07,0.9179637536654721,B,,,,
62097B,BLUE STRIPES SHOULDER BAG,7.469999999999999,9,3,2011-04-27,2011-05-23,27,0.33,slow_moving,8180356.919999996,8.382513829994241e-07,0.9179645919168551,B,low_risk,0.71,low,stable
71101E,STANDING FAIRY POLE SUPPORT ,280.2,348,22,2011-01-23,2011-11-21,303,1.15,medium_moving,8180637.119999996,3.144284304102258e-05,0.9179960347598961,B,low_risk,18.79,low,stable
71406C,BLACK ORANGE SQUEEZER,57.96,138,21,2010-12-01,2011-11-29,364,0.38,slow_moving,8180695.079999996,6.504022778935292e-06,0.918002538782675,B,meduim_risk,9.74,low,stable
71495A,CD WALL TIDY BLUE OFFICE,34.56,96,2,2011-04-27,2011-11-24,212,0.45,slow_moving,8180729.639999996,3.8781750731539636e-06,0.9180064169577482,B,low_risk,0.0,low,stable
71495B,CD WALL TIDY RED FLOWERS,58.56,160,5,2010-12-08,2011-11-24,352,0.45,slow_moving,8180788.1999999955,6.57135220728866e-06,0.9180129883099554,B,meduim_risk,22.09,medium,stable
71496A,A4 WALL TIDY BLUE OFFICE,61.86000000000001,114,5,2010-12-08,2011-11-02,330,0.35,slow_moving,8180850.059999996,6.941664063232181e-06,0.9180199299740187,B,High_risk,23.34,medium,stable
71496B,A4 WALL TIDY RED FLOWERS,7.37,13,4,2011-01-31,2011-11-02,276,0.05,slow_moving,8180857.429999996,8.270298116071964e-07,0.9180207570038303,B,meduim_risk,3.51,low,stable
72024U,LILAC VOTIVE CANDLE,15.120000000000001,72,3,2011-04-26,2011-06-27,63,1.14,medium_moving,8180872.549999996,1.6967015945048588e-06,0.9180224537054248,B,low_risk,16.97,low,stable
72051S,BAG OF SILVER STONES,19.32,46,5,2010-12-05,2011-04-13,130,0.35,slow_moving,8180891.869999996,2.168007592978431e-06,0.9180246217130178,B,High_risk,15.09,low,stable
72140E,BEST DAD CANDLE LETTERS,26.349999999999998,31,8,2011-02-27,2011-10-16,232,0.13,slow_moving,8180918.219999996,2.9568840618520517e-06,0.9180275785970796,B,low_risk,3.11,low,stable
72225C,LAVENDER SCENT CAKE CANDLE,158.64,600,16,2010-12-20,2011-11-29,345,1.74,medium_moving,8181076.859999996,1.7801900856630342e-05,0.9180453804979363,B,meduim_risk,48.33,medium,stable
72349B,SET/6 PURPLE BUTTERFLY T-LIGHTS,1318.98,689,91,2010-12-05,2011-12-08,369,1.87,medium_moving,8182395.839999996,0.0001480102823492076,0.9181933907802855,B,meduim_risk,50.7,medium,stable
72351A,SET/6 TURQUOISE BUTTERFLY T-LIGHTS,2414.16,1248,133,2010-12-05,2011-12-08,369,3.38,medium_moving,8184809.999999996,0.0002709066879226091,0.9184642974682081,B,meduim_risk,88.47,medium,stable
72351B,SET/6 PINK  BUTTERFLY T-LIGHTS,3860.2400000000002,2060,156,2010-12-06,2011-12-07,367,5.61,fast_moving,8188670.2399999965,0.0004331795875113384,0.9188974770557194,B,meduim_risk,130.83,high,stable
72369A,PINK CLEAR GLASS CANDLE PLATE,35.0,28,3,2011-06-21,2011-11-28,161,0.17,slow_moving,8188705.2399999965,3.927549987279766e-06,0.9189014046057068,B,meduim_risk,7.57,low,stable
72760B,VINTAGE CREAM 3 BASKET CAKE STAND,3677.18,386,135,2010-12-02,2011-12-09,373,1.03,medium_moving,8192382.419999996,0.00041263737892072595,0.9193140419846274,B,meduim_risk,21.12,medium,stable
72798C,SET/4 GARDEN ROSE DINNER CANDLE,11.549999999999999,7,3,2010-12-01,2011-02-03,65,0.11,slow_moving,8192393.969999996,1.2960914958023224e-06,0.9193153380761232,B,meduim_risk,1.53,low,
72799C,PINK PILLAR CANDLE SILVER FLOCK,123.68,80,18,2011-01-23,2011-12-07,319,0.25,slow_moving,8192517.649999996,1.387883949790747e-05,0.9193292169156211,B,High_risk,22.53,medium,stable
72799E,IVORY PILLAR CANDLE SILVER FLOCK,728.1400000000001,394,48,2010-12-05,2011-12-08,369,1.07,medium_moving,8193245.789999995,8.170874993536825e-05,0.9194109256655565,B,High_risk,56.3,medium,stable
72799F,IVORY PILLAR CANDLE GOLD FLOCK,368.00000000000006,128,21,2010-12-05,2011-11-25,356,0.36,slow_moving,8193613.789999995,4.1295382723398685e-05,0.9194522210482798,B,low_risk,8.03,low,stable
72800B, 4 PURPLE FLOCK DINNER CANDLES,270.76,140,36,2010-12-01,2011-12-08,373,0.38,slow_moving,8193884.549999995,3.0383526701596268e-05,0.9194826045749814,B,High_risk,16.98,low,stable
72800C,4 PINK DINNER CANDLE SILVER FLOCK,235.06,126,30,2010-12-16,2011-12-08,358,0.35,slow_moving,8194119.609999995,2.6377425714570907e-05,0.919508982000696,B,High_risk,14.86,low,stable
72800D,4 BLUE DINNER CANDLES SILVER FLOCK,219.29999999999998,86,29,2010-12-05,2011-11-28,359,0.24,slow_moving,8194338.909999995,2.4608906063155787e-05,0.9195335909067591,B,meduim_risk,5.84,low,stable
72800E,4 IVORY DINNER CANDLES SILVER FLOCK,921.39,453,96,2010-12-01,2011-12-09,374,1.21,medium_moving,8195260.299999994,0.00010339443665084866,0.9196369853434099,B,meduim_risk,32.08,medium,stable
72801C,4 ROSE PINK DINNER CANDLES,163.38,138,14,2010-12-02,2011-12-08,372,0.37,slow_moving,8195423.679999994,1.8333803340621945e-05,0.9196553191467505,B,meduim_risk,14.73,low,stable
72801D,4 SKY BLUE DINNER CANDLES,72.5,58,12,2010-12-02,2011-12-08,372,0.16,slow_moving,8195496.179999994,8.13563925936523e-06,0.9196634547860099,B,low_risk,3.77,low,stable
72801G,4 BURGUNDY WINE DINNER CANDLES,68.75,55,11,2010-12-06,2011-11-15,345,0.16,slow_moving,8195564.929999994,7.714830332156682e-06,0.919671169616342,B,High_risk,8.77,low,stable
72802A,ROSE SCENT CANDLE IN JEWELLED BOX,1275.92,316,55,2010-12-03,2011-12-01,364,0.87,medium_moving,8196840.849999994,0.00014317827370771425,0.9198143478900497,B,meduim_risk,21.76,medium,stable
72802B,OCEAN SCENT CANDLE IN JEWELLED BOX,1749.94,968,75,2010-12-03,2011-11-03,336,2.88,medium_moving,8198590.789999994,0.00019637076642115296,0.9200107186564709,B,High_risk,155.61,high,stable
72802C,VANILLA SCENT CANDLE JEWELLED BOX,2545.37,1375,88,2010-12-01,2011-11-04,339,4.06,fast_moving,8201136.159999995,0.00028563051174635134,0.9202963491682172,B,High_risk,221.55,high,stable
72803A,ROSE SCENT CANDLE JEWELLED DRAWER,722.5,530,40,2010-12-01,2011-11-06,341,1.55,medium_moving,8201858.659999995,8.107585330884659e-05,0.9203774250215261,B,High_risk,122.13,high,stable
72807A,SET/3 ROSE CANDLE IN JEWELLED BOX,1406.28,340,66,2010-12-06,2011-11-23,353,0.96,medium_moving,8203264.939999995,0.00015780671417462254,0.9205352317357007,B,meduim_risk,27.14,medium,stable
72807B,SET/3 OCEAN SCENT CANDLE JEWEL BOX,1443.5,350,78,2010-12-03,2011-11-23,356,0.98,medium_moving,8204708.439999995,0.00016198338304680978,0.9206972151187476,B,meduim_risk,25.63,medium,stable
72807C,SET/3 VANILLA SCENTED CANDLE IN BOX,2727.97,669,112,2010-12-01,2011-11-23,358,1.87,medium_moving,8207436.409999995,0.0003061211011085595,0.9210033362198561,B,High_risk,55.1,medium,stable
75013B,"STRING OF 8 BUTTERFLIES,PINK",41.24999999999999,25,6,2010-12-05,2011-01-16,43,0.58,slow_moving,8207477.659999995,4.628898199294009e-06,0.9210079651180554,B,low_risk,3.54,low,
75049L,LARGE CIRCULAR MIRROR MOBILE,6107.049999999999,6821,118,2011-01-09,2011-12-07,333,20.48,fast_moving,8213584.709999994,0.000685306975709054,0.9216932720937645,B,meduim_risk,406.89,high,stable
77101A,UNION FLAG WINDSOCK,423.22,386,20,2010-12-05,2011-03-21,107,3.61,medium_moving,8214007.929999994,4.749193444618693e-05,0.9217407640282106,B,High_risk,160.91,high,stable
78034B,BLUE NETTING STORAGE HANGER,15.6,8,6,2010-12-05,2011-10-02,302,0.03,slow_moving,8214023.529999994,1.7505651371875527e-06,0.9217425145933478,B,low_risk,0.89,low,stable
79026B,"S/4 ICON COASTER,ELVIS LIVES",10.61,25,9,2011-03-04,2011-05-18,76,0.33,slow_moving,8214034.139999994,1.1906087247153803e-06,0.9217437052020725,B,High_risk,8.74,low,stable
79030D,TUMBLER BAROQUE,159.12,408,25,2011-04-04,2011-11-10,221,1.85,medium_moving,8214193.259999994,1.7855764399313037e-05,0.9217615609664719,B,meduim_risk,43.86,medium,stable
79030D,"TUMBLER, BAROQUE",58.85999999999999,54,5,2010-12-06,2011-04-01,117,0.46,slow_moving,8214252.1199999945,6.605016921465342e-06,0.9217681659833933,B,low_risk,6.0,low,stable
79030G,TUMBLER NEW ENGLAND,478.14,1226,41,2011-04-10,2011-06-02,54,22.7,fast_moving,8214730.259999994,5.365482145479849e-05,0.9218218208048481,B,meduim_risk,327.96,high,stable
79030G,"TUMBLER, NEW ENGLAND",131.94,138,11,2010-12-06,2011-04-11,127,1.09,medium_moving,8214862.199999995,1.4805741294905493e-05,0.9218366265461431,B,High_risk,28.89,medium,stable
79051A,SMOKEY GREY COLOUR D.O.F. GLASS,207.39,591,26,2010-12-06,2011-08-28,266,2.22,medium_moving,8215069.589999994,2.3272416910341445e-05,0.9218598989630533,B,High_risk,81.71,medium,stable
79051A,SMOKEY GREY COLOUR GLASS,57.99999999999999,200,11,2011-09-28,2011-12-07,71,2.82,medium_moving,8215127.589999994,6.508511407492182e-06,0.9218664074744608,B,High_risk,49.48,medium,stable
79062D,"RETRO TIN ASHTRAY,REVOLUTIONARY",19.4,52,4,2011-02-17,2011-08-16,181,0.29,slow_moving,8215146.989999995,2.1769848500922126e-06,0.921868584459311,B,low_risk,9.24,low,stable
79063C,"RETRO PILL BOX KEY CHAIN,THE KING",43.65,235,14,2011-03-09,2011-12-08,275,0.85,medium_moving,8215190.639999995,4.898215912707479e-06,0.9218734826752237,B,High_risk,33.92,medium,stable
79063D,"RETRO PILL BOX , REVOLUTIONARY",34.91,189,10,2011-02-17,2011-11-27,284,0.67,slow_moving,8215225.549999995,3.91745057302676e-06,0.9218774001257968,B,High_risk,38.68,medium,stable
79066K,RETRO MOD TRAY,618.13,739,110,2010-12-01,2011-12-09,374,1.98,medium_moving,8215843.679999995,6.936389924677833e-05,0.9219467640250435,B,meduim_risk,54.86,medium,stable
79071B,ENGLISH ROSE METAL WASTE BIN,59.0,20,11,2011-01-05,2011-06-13,160,0.12,slow_moving,8215902.679999995,6.620727121414462e-06,0.9219533847521649,B,low_risk,1.97,low,stable
79144B,PAINTED LIGHTBULB STAR+ MOON,42.96,108,15,2010-12-01,2011-11-28,363,0.3,slow_moving,8215945.639999995,4.8207870701011065e-06,0.921958205539235,B,meduim_risk,9.5,low,stable
79144C,PAINTED LIGHTBULB RAINBOW DESIGN,24.479999999999997,64,6,2011-04-21,2011-10-18,181,0.35,slow_moving,8215970.119999995,2.74704067681739e-06,0.921960952579912,B,meduim_risk,14.05,low,stable
79149B,SILICON STAR BULB  BLUE,7.56,18,8,2010-12-05,2011-12-06,367,0.05,slow_moving,8215977.679999995,8.483507972524293e-07,0.9219618009307091,B,High_risk,4.43,low,stable
79151B,"SILICON CUBE 25W, BLUE",4.62,11,2,2010-12-05,2011-11-28,359,0.03,slow_moving,8215982.299999995,5.184365983209291e-07,0.9219623193673074,B,High_risk,6.36,low,stable
79157B,UBO-LIGHT TRIOBASE BLUE,3.4,4,2,2011-10-25,2011-12-06,43,0.09,slow_moving,8215985.6999999955,3.8153342733574866e-07,0.9219627009007348,B,meduim_risk,1.41,low,stable
79157V,UBO-LIGHT TRIOBASE PURPLE,4.25,5,3,2011-10-09,2011-11-03,26,0.19,slow_moving,8215989.9499999955,4.769167841696858e-07,0.921963177817519,B,low_risk,0.71,low,stable
79161A,ST GEORGE SET OF 10 PARTY LIGHTS,5.9,2,2,2011-11-08,2011-11-22,15,0.13,slow_moving,8215995.849999996,6.620727121414462e-07,0.9219638398902312,B,,,,stable
79190A,RETRO PLASTIC 70'S TRAY,142.8,340,34,2010-12-05,2011-12-09,370,0.92,medium_moving,8216138.649999996,1.6024403948101444e-05,0.9219798642941792,B,meduim_risk,23.04,medium,stable
79190B,RETRO PLASTIC POLKA TRAY,245.1,655,35,2010-12-09,2011-12-09,366,1.79,medium_moving,8216383.749999995,2.7504071482350586e-05,0.9220073683656616,B,High_risk,79.25,medium,stable
79190D,RETRO PLASTIC DAISY TRAY,95.34,227,25,2010-12-05,2011-12-02,363,0.63,slow_moving,8216479.089999995,1.0698646165350081e-05,0.9220180670118269,B,low_risk,11.88,low,stable
79191B,RETRO PLASTIC POLKA TRAY,130.9,154,26,2010-12-05,2011-12-09,370,0.42,slow_moving,8216609.989999996,1.4689036952426324e-05,0.9220327560487793,B,High_risk,79.25,medium,stable
79191C,RETRO PLASTIC ELEPHANT TRAY,812.53,1105,65,2010-12-02,2011-12-06,370,2.99,medium_moving,8217422.519999996,9.117863403326937e-05,0.9221239346828127,B,meduim_risk,64.62,medium,stable
79191D,RETRO PLASTIC DAISY TRAY,21.249999999999996,25,7,2011-01-23,2011-12-09,321,0.08,slow_moving,8217443.769999996,2.3845839208484286e-06,0.9221263192667335,B,low_risk,11.88,low,stable
79192A,RETRO PLASTIC 70'S TRAY,3.75,3,2,2011-01-20,2011-02-02,14,0.21,slow_moving,8217447.519999996,4.2080892720854633e-07,0.9221267400756608,B,meduim_risk,23.04,medium,stable
79302M,"ART LIGHTS,FUNK MONKEY",950.45,355,47,2010-12-01,2011-12-08,373,0.95,medium_moving,8218397.969999996,0.0001066554252974301,0.9222333955009582,B,meduim_risk,23.75,medium,stable
79323B,BLACK CHERRY LIGHTS,54.0,8,1,2011-02-11,2011-02-11,1,8.0,fast_moving,8218451.969999996,6.059648551803067e-06,0.92223945514951,B,,,,
79323P,PINK CHERRY LIGHTS,27.0,4,1,2011-01-11,2011-01-11,1,4.0,fast_moving,8218478.969999996,3.0298242759015334e-06,0.9222424849737859,B,,,,
81950B,FLOWER BLUE CLOCK WITH SUCKER,33.93,117,8,2011-07-04,2011-08-17,45,2.6,medium_moving,8218512.899999996,3.807479173382927e-06,0.9222462924529592,B,High_risk,77.07,medium,stable
81950V,FLOWER PURPLE CLOCK W/SUCKER,4.25,5,3,2010-12-10,2011-03-01,82,0.06,slow_moving,8218517.149999996,4.769167841696858e-07,0.9222467693697434,B,meduim_risk,1.15,low,
81950V,FLOWER PURPLE CLOCK WITH SUCKER,4.64,16,3,2011-07-04,2011-07-13,10,1.6,medium_moving,8218521.789999995,5.206809125993746e-07,0.922247290050656,B,,,,stable
81952B,ROUND BLUE CLOCK WITH SUCKER,38.0,200,9,2011-07-04,2011-07-26,23,8.7,fast_moving,8218559.789999995,4.264197129046603e-06,0.922251554247785,B,,,,stable
81952V,ROUND PURPLE CLOCK WITH SUCKER,69.73,367,24,2011-07-04,2011-11-27,147,2.5,medium_moving,8218629.519999996,7.824801731800516e-06,0.9222593790495168,B,High_risk,111.46,high,stable
81953B,ROUND BLUE CLOCK WITH SUCKER,2.09,11,3,2011-07-13,2011-07-18,6,1.83,medium_moving,8218631.609999996,2.3453084209756314e-07,0.9222596135803589,B,,,,stable
81953P,ROUND ARTICULATED PINK CLOCK W/SUCK,5.32,28,3,2011-07-13,2011-07-21,9,3.11,medium_moving,8218636.929999996,5.969875980665245e-07,0.922260210567957,B,,,,stable
82001S,SILVER RECORD COVER FRAME,955.86,272,19,2011-10-28,2011-12-06,40,6.8,fast_moving,8219592.789999996,0.00010726251230974963,0.9223674730802668,B,High_risk,151.0,high,stable
82001S,VINYL RECORD FRAME SILVER,4275.22,1236,86,2010-12-08,2011-11-21,349,3.54,medium_moving,8223868.009999996,0.00047974686447480573,0.9228472199447416,B,meduim_risk,72.62,medium,stable
82011A,"BATHROOM SCALES, TROPICAL BEACH",60.0,16,10,2010-12-13,2011-11-13,336,0.05,slow_moving,8223928.009999996,6.732942835336741e-06,0.922853952887577,B,low_risk,0.95,low,stable
82011B,BATHROOM SCALES RUBBER DUCKS,139.35,41,19,2010-12-05,2011-11-23,354,0.12,slow_moving,8224067.359999996,1.563725973506958e-05,0.922869590147312,B,High_risk,4.61,low,stable
82011C,BATHROOM SCALES FOOTPRINTS IN SAND,172.05,51,20,2010-12-03,2011-11-23,356,0.14,slow_moving,8224239.4099999955,1.9306713580328105e-05,0.9228888968608923,B,meduim_risk,5.29,low,stable
82494L,WOODEN FRAME ANTIQUE WHITE ,17625.07,6282,811,2010-12-01,2011-12-08,373,16.84,fast_moving,8241864.479999996,0.001977809812980142,0.9248667066738725,B,low_risk,258.17,high,stable
82613A,"METAL SIGN,CUPCAKE SINGLE HOOK",83.75,67,14,2010-12-20,2011-07-14,207,0.32,slow_moving,8241948.229999996,9.398066040990868e-06,0.9248761047399134,B,High_risk,89.9,medium,stable
82613B,"METAL SIGN,CUPCAKE SINGLE HOOK",268.85,401,45,2010-12-05,2011-12-06,367,1.09,medium_moving,8242217.079999995,3.0169194688004716e-05,0.9249062739346015,B,High_risk,89.9,medium,stable
82613C,"METAL SIGN,CUPCAKE SINGLE HOOK",235.45,361,37,2010-12-14,2011-11-20,342,1.06,medium_moving,8242452.529999996,2.6421189843000593e-05,0.9249326951244444,B,High_risk,89.9,medium,stable
82613D,METAL SIGN CUPCAKE SINGLE HOOK,272.1,470,50,2010-12-15,2011-12-06,357,1.32,medium_moving,8242724.629999995,3.0533895758252126e-05,0.9249632290202027,B,High_risk,69.07,medium,stable
82616B,FRAPPUCINO SCARF KNITTING KIT,416.78000000000003,308,47,2010-12-03,2011-12-01,364,0.85,medium_moving,8243141.4099999955,4.676926524852745e-05,0.9250099982854512,B,High_risk,27.6,medium,stable
82616C,MIDNIGHT GLAMOUR SCARF KNITTING KIT,385.52,277,52,2010-12-03,2011-12-06,369,0.75,slow_moving,8243526.929999995,4.326140203131701e-05,0.9250532596874824,B,meduim_risk,20.45,medium,stable
84029E,RED WOOLLY HOTTIE WHITE HEART.,13430.51,3707,321,2010-12-01,2011-12-09,374,9.91,fast_moving,8256957.439999995,0.0015071142679903076,0.9265603739554727,B,High_risk,463.44,high,stable
84029G,KNITTED UNION FLAG HOT WATER BOTTLE,9329.17,2469,319,2010-12-01,2011-12-09,374,6.6,fast_moving,8266286.609999995,0.0010468794718523078,0.9276072534273251,B,High_risk,245.12,high,stable
84030E,ENGLISH ROSE HOT WATER BOTTLE,5767.91,1423,277,2010-12-01,2011-12-08,373,3.82,medium_moving,8272054.519999995,0.0006472501384894524,0.9282545035658145,B,High_risk,130.36,high,stable
84031A,CHARLIE+LOLA RED HOT WATER BOTTLE ,499.78000000000003,174,49,2010-12-01,2011-12-09,374,0.47,slow_moving,8272554.299999995,5.608316950407661e-05,0.9283105867353186,B,High_risk,29.71,medium,stable
84031B,CHARLIE LOLA BLUE HOT WATER BOTTLE ,342.74,94,37,2010-12-02,2011-12-09,373,0.25,slow_moving,8272897.039999995,3.846081378972191e-05,0.9283490475491084,B,meduim_risk,9.5,low,stable
84032A,CHARLIE+LOLA PINK HOT WATER BOTTLE,1112.91,449,105,2010-12-01,2011-12-09,374,1.2,medium_moving,8274009.9499999955,0.00012488599018124357,0.9284739335392896,B,meduim_risk,39.45,medium,stable
84032B,CHARLIE + LOLA RED HOT WATER BOTTLE,1342.0000000000002,654,130,2010-12-01,2011-12-09,374,1.75,medium_moving,8275351.9499999955,0.00015059348808369846,0.9286245270273733,B,High_risk,80.62,medium,stable
84078A,SET/4 WHITE RETRO STORAGE CUBES ,13007.150000000001,357,106,2010-12-16,2011-12-04,354,1.01,medium_moving,8288359.099999996,0.0014596066233441716,0.9300841336507175,B,low_risk,15.9,low,stable
84086B,YELLOW/BLUE RETRO RADIO,47.2,16,7,2011-03-09,2011-12-06,273,0.06,slow_moving,8288406.299999996,5.29658169713157e-06,0.9300894302324147,B,meduim_risk,2.16,low,stable
84086C,PINK/PURPLE RETRO RADIO,413.00000000000006,140,19,2011-02-02,2011-11-30,302,0.46,slow_moving,8288819.299999996,4.634508984990124e-05,0.9301357753222645,B,High_risk,22.81,medium,stable
84201B,HAPPY BIRTHDAY CARD STRIPEY TEDDY,2.47,13,2,2011-08-22,2011-11-25,96,0.14,slow_moving,8288821.769999996,2.771728133880292e-07,0.9301360524950779,B,High_risk,7.78,low,stable
84201C,HAPPY BIRTHDAY CARD TEDDY/CAKE,0.95,5,1,2011-08-28,2011-08-28,1,5.0,fast_moving,8288822.719999996,1.0660492822616506e-07,0.9301361591000062,B,,,,stable
84206A,3 BLACK CATS W HEARTS BLANK CARD,4.5600000000000005,24,3,2011-08-22,2011-11-25,96,0.25,slow_moving,8288827.279999996,5.117036554855924e-07,0.9301366708036617,B,meduim_risk,8.49,low,stable
84206B,CAT WITH SUNGLASSES BLANK CARD,0.95,5,1,2011-11-20,2011-11-20,1,5.0,fast_moving,8288828.229999996,1.0660492822616506e-07,0.9301367774085899,B,,,,stable
84206C,CHAMPAGNE TRAY BLANK CARD,1.52,8,2,2011-06-01,2011-11-25,178,0.04,slow_moving,8288829.749999995,1.705678851618641e-07,0.930136947976475,B,low_risk,1.41,low,stable
84247E,PACK OF 12 CHRISTMAS FUN CARDS,144.55,49,13,2011-09-25,2011-10-19,25,1.96,medium_moving,8288974.299999995,1.6220781447465433e-05,0.9301531687579224,B,low_risk,9.19,low,stable
84247E,PACK/12 XMAS FUN CARD,100.30000000000001,34,10,2010-12-07,2011-09-05,273,0.12,slow_moving,8289074.599999995,1.1255236106404588e-05,0.9301644239940289,B,High_risk,9.26,low,stable
84247G,"DECOUPAGE,GREETING CARD,",141.12,336,23,2010-12-02,2011-07-14,225,1.49,medium_moving,8289215.719999995,1.5835881548712016e-05,0.9301802598755775,B,low_risk,21.27,medium,stable
84247K,"FOLK ART GREETING CARD,pack/12",67.85000000000001,23,9,2010-12-03,2011-10-16,318,0.07,slow_moving,8289283.569999995,7.613836189626632e-06,0.9301878737117671,B,High_risk,3.9,low,stable
84247L,FAWN AND MUSHROOM GREETING CARD,45.36,108,8,2010-12-09,2011-04-12,125,0.86,medium_moving,8289328.929999995,5.090104783514577e-06,0.9301929638165507,B,High_risk,41.57,medium,stable
84247N,PACK/12 BLUE FOLKART CARDS,64.9,22,18,2010-12-03,2011-11-27,360,0.06,slow_moving,8289393.829999995,7.282799833555909e-06,0.9302002466163843,B,low_risk,1.01,low,stable
84249A,"GREETING CARD,SQUARE, DOUGHNUTS",68.84,160,13,2010-12-19,2011-10-31,317,0.5,slow_moving,8289462.669999995,7.724929746409687e-06,0.9302079715461307,B,low_risk,13.86,low,stable
84251B,"GREETING CARD, STICKY GORDON",29.830000000000002,157,14,2011-01-07,2011-09-25,262,0.6,slow_moving,8289492.499999995,3.3473947463015832e-06,0.9302113189408769,B,meduim_risk,13.41,low,stable
84251C,"GREETING CARD, TWO SISTERS.",4.5600000000000005,24,2,2011-01-07,2011-04-03,87,0.28,slow_moving,8289497.059999995,5.117036554855924e-07,0.9302118306445324,B,low_risk,0.0,low,stable
84251G,"GREETING CARD, OVERCROWDED POOL.",34.2,180,15,2011-01-07,2011-12-08,336,0.54,slow_moving,8289531.259999995,3.8377774161419425e-06,0.9302156684219486,B,low_risk,11.89,low,stable
84279B,CHERRY BLOSSOM DECORATIVE FLASK,678.18,182,57,2011-02-01,2011-06-17,137,1.33,medium_moving,8290209.439999995,7.610245286781117e-05,0.9302917708748164,B,low_risk,21.92,medium,stable
84279P,CHERRY BLOSSOM  DECORATIVE FLASK,1253.97,339,94,2010-12-05,2011-12-01,362,0.94,medium_moving,8291463.409999995,0.00014071513878712022,0.9304324860136035,B,low_risk,15.39,low,stable
84313B,BLUE TV TRAY TABLE ,175.8,76,13,2010-12-13,2011-04-01,110,0.69,slow_moving,8291639.209999994,1.9727522507536654e-05,0.930452213536111,B,High_risk,15.97,low,stable
84313C,ORANGE TV TRAY TABLE ,908.15,461,24,2010-12-13,2011-06-02,172,2.68,medium_moving,8292547.359999995,0.00010190870059851769,0.9305541222367095,B,High_risk,83.81,medium,stable
84341B,SMALL PINK MAGIC CHRISTMAS TREE,252.23,618,33,2010-12-02,2011-11-15,349,1.77,medium_moving,8292799.589999995,2.8304169522616436e-05,0.9305824264062322,B,High_risk,100.13,high,stable
84387A,BIRD ON BRANCH CANVAS SCREEN,21.45,11,1,2011-07-21,2011-07-21,1,11.0,fast_moving,8292821.039999995,2.407027063632885e-06,0.9305848334332959,B,,,,stable
84402B,PURPLE DRESS JEWELLERY STAND,48.19,61,3,2011-07-19,2011-07-21,3,20.33,fast_moving,8292869.229999996,5.407675253914626e-06,0.9305902411085498,B,,,,stable
84406B,CREAM CUPID HEARTS COAT HANGER,7125.38,1918,241,2010-12-01,2011-12-05,370,5.18,fast_moving,8299994.609999996,0.0007995796036675285,0.9313898207122173,B,meduim_risk,105.36,high,stable
84415A,PINK FLOCK SUEDE CUSHION COVER ,15.0,12,2,2011-06-08,2011-06-24,17,0.71,slow_moving,8300009.609999996,1.6832357088341853e-06,0.9313915039479261,B,,,,stable
84415B,BLUE FLOCK CUSHION COVER ,12.5,6,2,2010-12-08,2011-06-08,183,0.03,slow_moving,8300022.109999996,1.4026964240284877e-06,0.9313929066443501,B,low_risk,1.41,low,stable
84429A,MEDIUM PINK BUDDHA HEAD ,138.65,47,14,2011-02-02,2011-12-08,310,0.15,slow_moving,8300160.759999996,1.5558708735323988e-05,0.9314084653530855,B,meduim_risk,4.15,low,stable
84459A,PINK METAL CHICKEN HEART ,907.63,671,53,2010-12-21,2011-10-30,314,2.14,medium_moving,8301068.389999996,0.0001018503484272781,0.9315103157015129,B,High_risk,99.03,high,stable
84459B,YELLOW METAL CHICKEN HEART ,938.12,676,60,2010-12-10,2011-04-07,119,5.68,fast_moving,8302006.509999996,0.0001052718055447684,0.9316155875070576,B,meduim_risk,98.35,high,stable
84507B,STRIPES DESIGN MONKEY DOLL,79.05,31,14,2010-12-15,2011-09-07,267,0.12,slow_moving,8302085.559999996,8.870652185556157e-06,0.9316244581592431,B,meduim_risk,2.79,low,stable
84507C,BLUE CIRCLES DESIGN MONKEY DOLL,160.64999999999998,63,25,2010-12-03,2011-10-23,325,0.19,slow_moving,8302246.209999996,1.8027454441614123e-05,0.9316424856136848,B,meduim_risk,5.57,low,stable
84508A,CAMOUFLAGE DESIGN TEDDY,3445.5000000000005,1630,35,2010-12-01,2011-09-21,295,5.53,fast_moving,8305691.709999996,0.0003866392423192124,0.932029124856004,B,meduim_risk,119.82,high,stable
84508B,STRIPES DESIGN TEDDY,145.35,57,30,2010-12-05,2011-11-27,358,0.16,slow_moving,8305837.059999996,1.6310554018603256e-05,0.9320454354100226,B,low_risk,2.44,low,stable
84508C,BLUE CIRCLES DESIGN TEDDY,132.6,52,20,2010-12-05,2011-11-17,348,0.15,slow_moving,8305969.6599999955,1.4879803666094197e-05,0.9320603152136886,B,meduim_risk,4.8,low,stable
84509A,SET OF 4 ENGLISH ROSE PLACEMATS,2194.64,612,139,2010-12-01,2011-12-06,371,1.65,medium_moving,8308164.299999995,0.0002462730944023904,0.932306588308091,B,meduim_risk,32.62,medium,stable
84509B,SET OF 4 FAIRY CAKE PLACEMATS,585.0,156,48,2010-12-01,2011-12-08,373,0.42,slow_moving,8308749.299999995,6.564619264453322e-05,0.9323722345007355,B,low_risk,6.49,low,stable
84509C,SET OF 4 POLKADOT PLACEMATS ,273.3,78,23,2010-12-12,2011-11-25,349,0.22,slow_moving,8309022.599999995,3.0668554614958856e-05,0.9324029030553505,B,meduim_risk,8.2,low,stable
84509E,SET OF 4 CAROUSEL PLACEMATS ,101.06,70,8,2010-12-14,2011-12-07,359,0.19,slow_moving,8309123.659999995,1.1340520048985519e-05,0.9324142435753994,B,High_risk,10.57,low,stable
84509G,SET OF 4 FAIRY CAKE PLACEMATS ,856.25,491,46,2010-12-02,2011-12-08,372,1.32,medium_moving,8309979.909999995,9.608470504595141e-05,0.9325103282804453,B,High_risk,64.28,medium,stable
84510A,SET OF 4 ENGLISH ROSE COASTERS,1295.59,1063,144,2010-12-01,2011-12-09,374,2.84,medium_moving,8311275.499999994,0.00014538555680056547,0.9326557138372459,B,low_risk,40.25,medium,stable
84510C,SET OF 4 POLKADOT COASTERS,124.92,98,32,2011-01-07,2011-12-01,329,0.3,slow_moving,8311400.419999994,1.4017986983171095e-05,0.9326697318242291,B,meduim_risk,7.11,low,stable
84510E,SET OF 4 GREEN CAROUSEL COASTERS,26.05,25,9,2011-01-19,2011-12-06,322,0.08,slow_moving,8311426.469999994,2.9232193476753684e-06,0.9326726550435767,B,meduim_risk,3.21,low,stable
84519A,TOMATO CHARLIE+LOLA COASTER SET,739.1899999999999,477,61,2010-12-01,2011-12-09,374,1.28,medium_moving,8312165.659999995,8.294873357420943e-05,0.9327556037771509,B,meduim_risk,30.56,medium,stable
84519B,CARROT CHARLIE+LOLA COASTER SET,547.24,426,91,2010-12-02,2011-12-09,373,1.14,medium_moving,8312712.899999995,6.140892728682798e-05,0.9328170127044378,B,meduim_risk,25.33,medium,stable
84520B,PACK 20 ENGLISH ROSE PAPER NAPKINS,388.69,481,54,2010-12-03,2011-03-03,91,5.29,fast_moving,8313101.589999995,4.361712584445063e-05,0.9328606298302823,B,meduim_risk,103.01,high,
84531A,PINK KNITTED EGG COSY,71.75999999999999,140,25,2010-12-05,2011-04-12,129,1.09,medium_moving,8313173.349999995,8.052599631062741e-06,0.9328686824299134,B,High_risk,40.8,medium,stable
84531B,BLUE KNITTED EGG COSY,83.46,150,25,2010-12-05,2011-04-12,129,1.16,medium_moving,8313256.809999995,9.365523483953406e-06,0.9328780479533973,B,High_risk,38.59,medium,stable
84534B,FAIRY CAKE NOTEBOOK A5 SIZE,39.1,46,5,2010-12-03,2011-01-20,49,0.94,medium_moving,8313295.909999995,4.3876344143611095e-06,0.9328824355878116,B,High_risk,31.11,medium,
84535A,ENGLISH ROSE NOTEBOOK A6 SIZE,185.1,398,20,2011-03-10,2011-05-08,60,6.63,fast_moving,8313481.009999994,2.0771128647013847e-05,0.9329032067164585,B,High_risk,209.19,high,stable
84535B,FAIRY CAKES NOTEBOOK A6 SIZE,762.99,1272,108,2010-12-05,2011-12-07,368,3.46,medium_moving,8314243.999999994,8.561946756555967e-05,0.9329888261840241,B,meduim_risk,79.63,medium,stable
84536A,ENGLISH ROSE NOTEBOOK A7 SIZE,1147.0,2729,221,2010-12-03,2011-12-08,371,7.36,fast_moving,8315390.999999994,0.00012871142386885405,0.9331175376078931,B,low_risk,118.18,high,stable
84536B,FAIRY CAKES NOTEBOOK A7 SIZE,655.34,1684,99,2010-12-05,2011-12-05,366,4.6,fast_moving,8316046.339999994,7.353944596182633e-05,0.9331910770538548,B,High_risk,130.61,high,stable
84558A,3D DOG PICTURE PLAYING CARDS,864.35,293,60,2010-12-01,2011-12-05,370,0.79,slow_moving,8316910.689999994,9.699365232872187e-05,0.9332880707061835,B,meduim_risk,22.83,medium,stable
84559A,3D SHEET OF DOG STICKERS,231.98,272,42,2010-12-03,2011-11-28,361,0.75,slow_moving,8317142.669999994,2.6031801315690287e-05,0.9333141025074992,B,low_risk,14.8,low,stable
84559B,3D SHEET OF CAT STICKERS,183.6,216,43,2010-12-03,2011-11-02,335,0.64,slow_moving,8317326.269999994,2.0602805076130426e-05,0.9333347053125753,B,meduim_risk,15.86,low,stable
84562A,PINK/WHITE RIBBED MELAMINE JUG,15.9,2,2,2010-12-03,2011-02-20,80,0.02,slow_moving,8317342.169999994,1.7842298513642364e-06,0.9333364895424268,B,low_risk,0.0,low,
84563A,PINK & WHITE BREAKFAST TRAY,198.05,59,14,2010-12-01,2011-05-17,168,0.35,slow_moving,8317540.219999994,2.222432214230736e-05,0.933358713864569,B,High_risk,12.99,low,stable
84563B,BLUE & WHITE BREAKFAST TRAY,221.35000000000002,73,21,2010-12-05,2011-06-19,197,0.37,slow_moving,8317761.569999994,2.4838948276696463e-05,0.9333835528128457,B,High_risk,13.04,low,stable
84569A,PACK 3 IRON ON DOG PATCHES,239.96,191,26,2010-12-06,2011-12-05,365,0.52,slow_moving,8318001.529999994,2.6927282712790073e-05,0.9334104800955585,B,meduim_risk,12.42,low,stable
84569B,PACK 3 FIRE ENGINE/CAR PATCHES,95.0,76,11,2010-12-01,2011-03-01,91,0.84,medium_moving,8318096.529999994,1.0660492822616506e-05,0.9334211405883811,B,low_risk,10.65,low,
84569C,PACK 4 FLOWER/BUTTERFLY PATCHES,1.25,1,1,2011-03-25,2011-03-25,1,1.0,medium_moving,8318097.779999994,1.4026964240284879e-07,0.9334212808580234,B,,,,stable
84569D,PACK 6 HEART/ICE-CREAM PATCHES,338.67,269,34,2010-12-05,2011-11-11,342,0.79,slow_moving,8318436.449999994,3.8004095834058236e-05,0.9334592849538575,B,meduim_risk,18.72,low,stable
84575A,PINK DOG CANNISTER,39.3,14,4,2010-12-13,2011-04-19,128,0.11,slow_moving,8318475.7499999935,4.410077557145565e-06,0.9334636950314147,B,High_risk,5.51,low,stable
84595E,LARGE TORTILLA DESIGN RED BOWL,109.79999999999998,64,9,2010-12-10,2011-07-31,234,0.27,slow_moving,8318585.549999993,1.2321285388666234e-05,0.9334760163168033,B,High_risk,22.2,medium,stable
84596B,SMALL DOLLY MIX DESIGN ORANGE BOWL,2063.29,4491,361,2010-12-06,2011-12-09,369,12.17,fast_moving,8320648.839999993,0.00023153356037869909,0.9337075498771821,B,meduim_risk,234.67,high,stable
84596E,SMALL LICORICE DES PINK BOWL,253.05,392,35,2010-12-01,2011-04-01,122,3.21,medium_moving,8320901.889999993,2.8396186408032707e-05,0.93373594606359,B,meduim_risk,68.31,medium,stable
84596F,SMALL MARSHMALLOWS PINK BOWL,1561.6299999999999,3301,288,2010-12-05,2011-12-09,370,8.92,fast_moving,8322463.519999993,0.00017523942533244856,0.9339111854889225,B,meduim_risk,176.53,high,stable
84596G,SMALL CHOCOLATES PINK BOWL,775.02,1662,158,2010-12-05,2011-12-08,369,4.5,fast_moving,8323238.539999993,8.696942260404468e-05,0.9339981549115265,B,meduim_risk,102.29,high,stable
84596J,MIXED NUTS LIGHT GREEN BOWL,205.28,469,27,2010-12-07,2011-05-23,168,2.79,medium_moving,8323443.819999993,2.3035641753965438e-05,0.9340211905532805,B,High_risk,118.47,high,stable
84596L,BISCUITS SMALL BOWL LIGHT BLUE,441.36,1039,79,2010-12-05,2011-09-18,288,3.61,medium_moving,8323885.179999993,4.952752749673707e-05,0.9340707180807772,B,High_risk,112.2,high,stable
84597B,RETRO BROWN BALL ASHTRAY ,51.25,41,5,2010-12-14,2011-06-19,188,0.22,slow_moving,8323936.429999993,5.7510553385168e-06,0.9340764691361158,B,low_risk,5.22,low,stable
84597C,RETRO PINK BALL ASHTRAY ,57.5,46,13,2010-12-05,2011-06-02,180,0.26,slow_moving,8323993.929999993,6.452403550531044e-06,0.9340829215396663,B,High_risk,7.55,low,stable
84613A,PINK NEW BAROQUE FLOCK CANDLESTICK,27.900000000000002,6,3,2010-12-16,2011-02-02,49,0.12,slow_moving,8324021.829999994,3.1308184184315847e-06,0.9340860523580847,B,low_risk,1.0,low,
84613C,BLUE NEW BAROQUE FLOCK CANDLESTICK,4.65,1,1,2010-12-08,2010-12-08,1,1.0,medium_moving,8324026.479999994,5.218030697385975e-07,0.9340865741611545,B,,,,
84614A,PINK BAROQUE FLOCK CANDLE HOLDER,11.9,2,1,2010-12-03,2010-12-03,1,2.0,medium_moving,8324038.379999994,1.3353669956751204e-06,0.9340879095281502,B,,,,
84625A,PINK NEW BAROQUECANDLESTICK CANDLE,470.75,455,31,2010-12-01,2011-12-07,372,1.22,medium_moving,8324509.129999994,5.282554732891285e-05,0.9341407350754791,B,meduim_risk,27.54,medium,stable
84625C,BLUE NEW BAROQUE CANDLESTICK CANDLE,478.15,439,28,2010-12-01,2011-09-28,302,1.45,medium_moving,8324987.279999995,5.365594361193771e-05,0.9341943910190912,B,low_risk,28.49,medium,stable
84659A,WHITE TRAVEL ALARM CLOCK,314.31,134,22,2011-02-06,2011-11-21,289,0.46,slow_moving,8325301.589999994,3.527052104291152e-05,0.934229661540134,B,High_risk,16.27,low,stable
84660A,WHITE STITCHED WALL CLOCK,761.9,837,36,2010-12-14,2011-10-03,294,2.85,medium_moving,8326063.489999995,8.549715243738438e-05,0.9343151586925714,B,High_risk,122.9,high,stable
84660B,BLACK STITCHED WALL CLOCK,686.23,697,29,2010-12-12,2011-09-01,264,2.64,medium_moving,8326749.719999995,7.700578936488553e-05,0.9343921644819364,B,High_risk,78.48,medium,stable
84660C,PINK STITCHED WALL CLOCK,590.57,639,27,2010-12-14,2011-09-08,269,2.38,medium_moving,8327340.289999995,6.627123417108033e-05,0.9344584357161075,B,meduim_risk,96.26,high,stable
84661A,WHITE SQUARE TABLE CLOCK,132.99,94,11,2011-05-17,2011-12-07,205,0.46,slow_moving,8327473.279999996,1.4923567794523888e-05,0.9344733592839021,B,High_risk,23.45,medium,stable
84661B,BLACK SQUARE TABLE CLOCK,225.48999999999998,95,12,2011-06-08,2011-12-07,183,0.52,slow_moving,8327698.769999996,2.5303521332334695e-05,0.9344986628052344,B,meduim_risk,16.84,low,stable
84661C,PINK SQUARE TABLE CLOCK,70.10000000000001,62,5,2011-02-15,2011-12-06,295,0.21,slow_moving,8327768.869999995,7.866321545951761e-06,0.9345065291267803,B,High_risk,25.4,medium,stable
84663A,GRASS HOPPER WOODEN WALL CLOCK ,324.04,260,25,2011-02-15,2011-11-20,279,0.93,medium_moving,8328092.9099999955,3.63623799393753e-05,0.9345428915067197,B,High_risk,60.63,medium,stable
84673A,PINK FLY SWAT,40.95,63,25,2010-12-14,2011-11-24,346,0.18,slow_moving,8328133.859999996,4.595233485117326e-06,0.9345474867402048,B,High_risk,7.34,low,stable
84673B,BLUE FLY SWAT,114.21000000000001,135,42,2010-12-14,2011-12-05,357,0.38,slow_moving,8328248.069999996,1.2816156687063488e-05,0.9345603028968918,B,High_risk,14.42,low,stable
84705C,PINK FLOCK PHOTO FRAME ,15.0,12,1,2011-05-03,2011-05-03,1,12.0,fast_moving,8328263.069999996,1.6832357088341853e-06,0.9345619861326007,B,,,,stable
84706D,CHERRY BLOSSOM TABLE CLOCK ,25.7,6,3,2010-12-08,2011-05-22,166,0.04,slow_moving,8328288.769999996,2.883943847802571e-06,0.9345648700764485,B,low_risk,1.41,low,stable
84706F,RED PEONY TABLE CLOCK,47.2,16,10,2011-07-10,2011-11-27,141,0.11,slow_moving,8328335.969999996,5.29658169713157e-06,0.9345701666581457,B,low_risk,1.63,low,stable
84707A,SILVER JEWELLED MIRROR TRINKET TRAY,440.73999999999995,66,25,2010-12-06,2011-12-08,368,0.18,slow_moving,8328776.709999996,4.945795375410525e-05,0.9346196246118998,B,High_risk,9.51,low,stable
84707B,PINK JEWELLED MIRROR TRINKET TRAY,178.56,29,13,2010-12-05,2011-12-08,369,0.08,slow_moving,8328955.269999996,2.003723787796214e-05,0.9346396618497778,B,High_risk,5.11,low,stable
84708B,PINK JEWELLED PHOTO FRAME ,256.75,53,14,2011-02-02,2011-12-07,309,0.17,slow_moving,8329212.019999996,2.8811384549545137e-05,0.9346684732343273,B,low_risk,3.78,low,stable
84709B,PINK OVAL JEWELLED MIRROR,119.0,20,11,2010-12-01,2011-06-26,208,0.1,slow_moving,8329331.019999996,1.3353669956751203e-05,0.934681826904284,B,low_risk,1.75,low,stable
84711A,SILVER OVAL SHAPE TRINKET BOX,139.29999999999998,14,7,2010-12-06,2011-12-04,364,0.04,slow_moving,8329470.319999996,1.5631648949373466e-05,0.9346974585532334,B,low_risk,0.58,low,stable
84711B,PINK OVAL SHAPE TRINKET BOX,149.25,15,8,2011-05-31,2011-12-07,191,0.08,slow_moving,8329619.569999996,1.6748195302900144e-05,0.9347142067485363,B,meduim_risk,1.87,low,stable
84712B,PINK JEWELLED PHOTO FRAME,147.87,19,11,2011-02-02,2011-11-30,302,0.06,slow_moving,8329767.439999996,1.65933376176874e-05,0.934730800086154,B,low_risk,1.6,low,stable
84732B,CUTE BIRD CEATURE SCREEN,8.58,22,2,2011-07-20,2011-08-18,30,0.73,slow_moving,8329776.019999996,9.62810825453154e-07,0.9347317628969795,B,High_risk,12.73,low,stable
84732D,CUTE RABBIT CEATURE SCREEN ,4.29,11,2,2011-07-20,2011-08-18,30,0.37,slow_moving,8329780.309999996,4.81405412726577e-07,0.9347322443023922,B,meduim_risk,4.95,low,stable
84741C,CITRUS GARLAND FELT FLOWERS ,117.0,60,14,2011-01-07,2011-04-27,111,0.54,slow_moving,8329897.309999996,1.3129238528906646e-05,0.9347453735409211,B,meduim_risk,10.74,low,stable
84743C,ORANGE FELT VASE + FLOWERS,1.25,1,1,2011-03-31,2011-03-31,1,1.0,medium_moving,8329898.559999996,1.4026964240284879e-07,0.9347455138105635,B,,,,stable
84745A,PINK HANGING GINGHAM EASTER HEN,13.44,32,5,2011-01-13,2011-04-27,105,0.3,slow_moving,8329911.999999996,1.5081791951154299e-06,0.9347470219897587,B,low_risk,5.03,low,stable
84745B,BLUE HANGING GINGHAM EASTER HEN,13.44,32,5,2011-01-13,2011-04-27,105,0.3,slow_moving,8329925.439999997,1.5081791951154299e-06,0.9347485301689538,B,low_risk,5.03,low,stable
84750A,PINK SMALL GLASS CAKE STAND,46.8,24,1,2011-03-20,2011-03-20,1,24.0,fast_moving,8329972.2399999965,5.251695411562658e-06,0.9347537818643653,B,,,,stable
84750B,BLACK SMALL GLASS CAKE STAND,54.99,61,12,2010-12-16,2011-04-19,125,0.49,slow_moving,8330027.229999997,6.170742108586124e-06,0.9347599526064739,B,High_risk,18.41,low,stable
84751B,BLACK MEDIUM GLASS CAKE STAND,38.69,19,8,2010-12-15,2011-04-08,115,0.17,slow_moving,8330065.919999997,4.341625971652975e-06,0.9347642942324457,B,meduim_risk,4.27,low,stable
84760S,SMALL HANGING GLASS+ZINC LANTERN,62.349999999999994,43,8,2010-12-01,2011-05-12,163,0.26,slow_moving,8330128.269999997,6.996649763054096e-06,0.9347712908822087,B,low_risk,4.34,low,stable
84795B,SUNSET CHECK HAMMOCK,1249.65,167,40,2010-12-05,2011-11-08,339,0.49,slow_moving,8331377.919999997,0.000140230366902976,0.9349115212491117,B,meduim_risk,13.86,low,stable
84795C,OCEAN STRIPE HAMMOCK ,15.9,2,1,2011-01-31,2011-01-31,1,2.0,medium_moving,8331393.8199999975,1.7842298513642364e-06,0.9349133054789631,B,,,,
84796A,PINK HAWAIIAN PICNIC HAMPER FOR 2,178.5,14,10,2011-03-24,2011-12-02,254,0.06,slow_moving,8331572.3199999975,2.0030504935126805e-05,0.9349333359838983,B,meduim_risk,1.92,low,stable
84796B,BLUE SAVANNAH PICNIC HAMPER FOR 2,793.3499999999999,69,17,2011-01-19,2011-08-04,198,0.35,slow_moving,8332365.669999997,8.902633664024006e-05,0.9350223623205385,B,High_risk,14.17,low,stable
84798A,PINK FOXGLOVE ARTIIFCIAL FLOWER,35.699999999999996,14,3,2011-03-01,2011-09-28,212,0.07,slow_moving,8332401.369999997,4.00610098702536e-06,0.9350263684215254,B,low_risk,0.0,low,stable
84798B,PURPLE FOXGLOVE ARTIIFCIAL FLOWER,17.849999999999998,7,2,2011-03-06,2011-03-22,17,0.41,slow_moving,8332419.219999997,2.00305049351268e-06,0.9350283714720189,B,,,,stable
84800L,LARGE WHITE/PINK ROSE ART FLOWER,639.36,360,22,2010-12-19,2011-06-03,167,2.16,medium_moving,8333058.579999997,7.174623885334831e-05,0.9351001177108723,B,meduim_risk,37.54,medium,stable
84800M,MEDIUM WHITE/PINK ROSE ART FLOWER,174.31,127,11,2010-12-19,2011-08-28,253,0.5,slow_moving,8333232.889999997,1.9560321093792457e-05,0.935119678031966,B,meduim_risk,16.85,low,stable
84800S,SMALL WHITE/PINK ROSE ART FLOWER,127.57000000000001,113,9,2011-01-20,2011-09-11,235,0.48,slow_moving,8333360.459999997,1.4315358625065135e-05,0.9351339933905912,B,meduim_risk,14.09,low,stable
84801A,PINK HYDRANGEA ART FLOWER,96.60000000000001,46,5,2011-01-20,2011-11-23,308,0.15,slow_moving,8333457.059999997,1.0840037964892155e-05,0.935144833428556,B,low_risk,3.03,low,stable
84801B,WHITE HYDRANGEA ART FLOWER,46.2,22,3,2011-02-01,2011-04-06,65,0.34,slow_moving,8333503.259999997,5.184365983209291e-06,0.9351500177945392,B,low_risk,4.16,low,stable
84802A,WHITE ANEMONE ARTIFICIAL FLOWER,3.38,2,1,2010-12-19,2010-12-19,1,2.0,medium_moving,8333506.639999997,3.7928911305730306e-07,0.9351503970836523,B,,,,
84802B,PURPLE ANEMONE ARTIFICIAL FLOWER,6.76,4,1,2011-03-01,2011-03-01,1,4.0,fast_moving,8333513.399999997,7.585782261146061e-07,0.9351511556618783,B,,,,
84803B,WHITE ALLIUM  ARTIFICIAL FLOWER,25.35,15,3,2011-03-01,2011-03-18,18,0.83,slow_moving,8333538.749999996,2.8446683479297734e-06,0.9351540003302263,B,,,,stable
84804A,CREAM DELPHINIUM ARTIFICIAL FLOWER,180.58,70,8,2010-12-19,2011-12-06,353,0.2,slow_moving,8333719.329999996,2.0263913620085146e-05,0.9351742642438464,B,meduim_risk,7.33,low,stable
84804B,BLUE DELPHINIUM ARTIFICIAL FLOWER,188.37000000000003,99,6,2011-05-19,2011-12-07,203,0.49,slow_moving,8333907.699999996,2.11380740315397e-05,0.9351954023178779,B,meduim_risk,17.44,low,stable
84805A,CREAM CLIMBING HYDRANGA ART FLOWER,52.5,30,3,2011-02-01,2011-12-06,309,0.1,slow_moving,8333960.199999996,5.8913249809196485e-06,0.9352012936428589,B,meduim_risk,12.73,low,stable
84805B,BLUE CLIMBING HYDRANGA ART FLOWER,52.5,38,3,2011-09-16,2011-12-07,83,0.46,slow_moving,8334012.699999996,5.8913249809196485e-06,0.9352071849678397,B,High_risk,24.04,medium,stable
84806A,PINK CANDYSTUFT ARTIFICIAL FLOWER,96.88999999999999,137,11,2010-12-19,2011-12-07,354,0.39,slow_moving,8334109.589999996,1.0872580521929613e-05,0.9352180575483616,B,High_risk,34.62,medium,stable
84806B,WHITE CANDYSTUFT ARTIFICIAL FLOWER,394.15999999999997,296,19,2011-01-17,2011-12-06,324,0.91,medium_moving,8334503.749999996,4.423094579960549e-05,0.9352622884941613,B,meduim_risk,22.76,medium,stable
84809A,WHITE CHRYSANTHEMUMS ART FLOWER,79.80000000000001,38,5,2010-12-05,2011-05-22,169,0.22,slow_moving,8334583.549999996,8.954813970997867e-06,0.9352712433081323,B,low_risk,5.03,low,stable
84809B,PINK CHRYSANTHEMUMS ART FLOWER,37.800000000000004,18,1,2011-02-25,2011-02-25,1,18.0,fast_moving,8334621.349999996,4.241753986262148e-06,0.9352754850621184,B,,,,
84846A,SCENTED CANDLE IN DIGITALIS TIN,111.30000000000001,53,10,2010-12-02,2011-10-10,313,0.17,slow_moving,8334732.649999996,1.2489608959549656e-05,0.935287974671078,B,meduim_risk,9.5,low,stable
84849A,HELLO SAILOR BLUE SOAP HOLDER,261.95,155,31,2010-12-03,2011-11-24,357,0.43,slow_moving,8334994.599999996,2.9394906261940987e-05,0.93531736957734,B,low_risk,8.73,low,stable
84849B,FAIRY SOAP SOAP HOLDER,392.08,232,57,2010-12-01,2011-07-20,232,1.0,medium_moving,8335386.679999996,4.399753711464716e-05,0.9353613671144546,B,meduim_risk,20.14,medium,stable
84849D,HOT BATHS SOAP HOLDER,809.51,479,102,2010-12-03,2011-12-01,364,1.32,medium_moving,8336196.189999996,9.083974257722409e-05,0.9354522068570318,B,meduim_risk,31.83,medium,stable
84857B,BLUE MONTE CARLO HANDBAG,46.8,24,1,2011-07-21,2011-07-21,1,24.0,fast_moving,8336242.989999996,5.251695411562658e-06,0.9354574585524433,B,,,,stable
84857C,PINK MONTE CARLO HANDBAG,198.35,95,8,2011-02-15,2011-07-04,140,0.68,slow_moving,8336441.339999995,2.2257986856484044e-05,0.9354797165392998,B,High_risk,32.44,medium,stable
84858C,PINK RIVIERA HANDBAG,250.05,185,5,2011-02-25,2011-04-13,48,3.85,medium_moving,8336691.389999995,2.805953926626587e-05,0.9355077760785661,B,High_risk,80.33,medium,stable
84859A,SILVER DISCO HANDBAG,248.20999999999998,123,30,2010-12-16,2011-11-25,345,0.36,slow_moving,8336939.599999995,2.7853062352648875e-05,0.9355356291409187,B,High_risk,14.28,low,stable
84859B,BLUE DISCO HANDBAG,62.629999999999995,31,10,2011-05-06,2011-11-25,204,0.15,slow_moving,8337002.229999995,7.028070162952335e-06,0.9355426572110817,B,meduim_risk,3.95,low,stable
84859C,PINK DISCO HANDBAG,176.39,83,21,2011-02-15,2011-12-05,294,0.28,slow_moving,8337178.6199999945,1.9793729778750795e-05,0.9355624509408603,B,meduim_risk,9.88,low,stable
84870B,BLUE GEISHA GIRL ,75.0,20,10,2010-12-01,2011-09-02,276,0.07,slow_moving,8337253.6199999945,8.416178544170927e-06,0.9355708671194045,B,meduim_risk,2.25,low,stable
84870C,GREEN GEISHA GIRL ,75.0,20,10,2010-12-01,2011-10-30,334,0.06,slow_moving,8337328.6199999945,8.416178544170927e-06,0.9355792832979487,B,meduim_risk,2.25,low,stable
84872A,TEATIME FUNKY FLOWER BACKPACK FOR 2,50.849999999999994,3,3,2011-04-06,2011-07-26,112,0.03,slow_moving,8337379.469999994,5.706169052947887e-06,0.9355849894670016,B,low_risk,0.71,low,stable
84873A,FUNKY FLOWER PICNIC BAG FOR 4,33.9,2,2,2011-05-17,2011-06-01,16,0.12,slow_moving,8337413.3699999945,3.8041127019652588e-06,0.9355887935797036,B,low_risk,0.0,low,stable
84874B,BLUE TRAVEL FIRST AID KIT,56.1,34,7,2010-12-05,2011-08-02,241,0.14,slow_moving,8337469.469999994,6.295301551039853e-06,0.9355950888812546,B,High_risk,8.29,low,stable
84875B,GREEN SQUARE COMPACT MIRROR,168.75,125,15,2010-12-09,2011-11-29,356,0.35,slow_moving,8337638.219999994,1.8936401724384586e-05,0.935614025282979,B,High_risk,15.2,low,stable
84875D,BLUE SQUARE COMPACT MIRROR,63.75,51,8,2011-04-06,2011-09-23,171,0.3,slow_moving,8337701.969999994,7.153751762545288e-06,0.9356211790347415,B,low_risk,5.89,low,stable
84876B,GREEN HEART COMPACT MIRROR,253.75,203,20,2011-02-22,2011-11-30,282,0.72,slow_moving,8337955.719999994,2.84747374077783e-05,0.9356496537721494,B,low_risk,19.33,low,stable
84876D,BLUE HEART COMPACT MIRROR,191.25,125,12,2010-12-09,2011-09-11,277,0.45,slow_moving,8338146.969999994,2.1461255287635862e-05,0.9356711150274369,B,High_risk,16.19,low,stable
84877A,PINK ROUND COMPACT MIRROR,15.0,12,1,2011-04-06,2011-04-06,1,12.0,fast_moving,8338161.969999994,1.6832357088341853e-06,0.9356727982631458,B,,,,stable
84877B,GREEN ROUND COMPACT MIRROR,157.5,126,9,2010-12-16,2011-11-30,350,0.36,slow_moving,8338319.469999994,1.7673974942758945e-05,0.9356904722380885,B,meduim_risk,16.66,low,stable
84877D,BLUE ROUND COMPACT MIRROR,122.5,88,11,2010-12-03,2011-09-25,297,0.3,slow_moving,8338441.969999994,1.374642495547918e-05,0.935704218663044,B,High_risk,21.98,medium,stable
84884A,ANT WHITE WIRE HEART SPIRAL,1076.66,286,64,2010-12-01,2011-12-05,370,0.77,slow_moving,8339518.629999994,0.00012081817055156093,0.9358250368335956,B,meduim_risk,16.3,low,stable
84898F,YELLOW FLOWERS FELT HANDBAG KIT,94.50000000000001,45,18,2010-12-05,2011-03-24,110,0.41,slow_moving,8339613.129999994,1.0604384965655369e-05,0.9358356412185612,B,meduim_risk,7.37,low,stable
84910A,PINK PAISLEY CUSHION COVER ,59.5,10,6,2010-12-08,2011-07-17,222,0.05,slow_moving,8339672.629999994,6.676834978375601e-06,0.9358423180535397,B,low_risk,1.29,low,stable
84912A,PINK ROSE WASHBAG,386.25,103,38,2010-12-06,2011-09-22,291,0.35,slow_moving,8340058.879999994,4.3343319502480274e-05,0.9358856613730421,B,meduim_risk,7.42,low,stable
84912B,GREEN ROSE WASHBAG,558.75,149,46,2010-12-07,2011-11-29,358,0.42,slow_moving,8340617.629999994,6.27005301540734e-05,0.9359483619031962,B,low_risk,4.85,low,stable
84913A,SOFT PINK ROSE TOWEL ,172.05,37,10,2010-12-09,2011-11-07,334,0.11,slow_moving,8340789.679999994,1.9306713580328105e-05,0.9359676686167765,B,meduim_risk,3.7,low,stable
84913B,MINT GREEN ROSE TOWEL,325.5,70,20,2010-12-09,2011-12-02,359,0.19,slow_moving,8341115.179999994,3.6526214881701824e-05,0.9360041948316582,B,low_risk,2.8,low,stable
84924A,WAKE UP COCKEREL CALENDAR SIGN ,281.13,72,24,2010-12-05,2011-12-02,363,0.2,slow_moving,8341396.309999994,3.15472036549703e-05,0.9360357420353131,B,meduim_risk,4.5,low,stable
84924F,PSYCHEDELIC METAL SIGN CALENDAR,7.9,10,3,2011-07-13,2011-07-29,17,0.59,slow_moving,8341404.209999994,8.865041399860042e-07,0.9360366285394532,B,,,,stable
84925D,LA PALMIERA WALL THERMOMETER,38.25,15,10,2010-12-03,2011-06-23,203,0.07,slow_moving,8341442.459999994,4.292251057527172e-06,0.9360409207905107,B,meduim_risk,1.97,low,stable
84925F,PSYCHEDELIC WALL THERMOMETER,112.47999999999999,80,14,2010-12-06,2011-07-31,238,0.34,slow_moving,8341554.939999995,1.2622023501977944e-05,0.9360535428140128,B,High_risk,18.01,low,stable
84926A,WAKE UP COCKEREL TILE COASTER,198.08999999999997,597,31,2010-12-06,2011-12-01,361,1.65,medium_moving,8341753.029999995,2.222881077086425e-05,0.9360757716247836,B,High_risk,68.59,medium,stable
84926D,LA PALMIERA TILE COASTER,266.64,705,31,2010-12-06,2011-12-07,367,1.92,medium_moving,8342019.669999994,2.9921197960236477e-05,0.9361056928227438,B,meduim_risk,49.89,medium,stable
84926E,FLOWERS TILE COASTER,329.84,990,37,2011-01-04,2011-12-06,337,2.94,medium_moving,8342349.509999994,3.701323108012451e-05,0.9361427060538239,B,High_risk,122.82,high,stable
84926F,PSYCHEDELIC TILE COASTER,178.0,423,23,2010-12-16,2011-12-06,356,1.19,medium_moving,8342527.509999994,1.9974397078165666e-05,0.9361626804509021,B,meduim_risk,38.82,medium,stable
84927A,WAKE UP COCKEREL TILE HOOK,53.85,46,14,2010-12-14,2011-08-09,239,0.19,slow_moving,8342581.359999994,6.042816194714726e-06,0.9361687232670968,B,meduim_risk,5.8,low,stable
84927D,LA PALMIERA TILE HOOK,39.78,45,11,2011-01-20,2011-07-25,187,0.24,slow_moving,8342621.139999994,4.463941099828259e-06,0.9361731872081966,B,High_risk,13.94,low,stable
84927E,FLOWERS TILE HOOK,71.82000000000001,57,11,2010-12-13,2011-07-18,218,0.26,slow_moving,8342692.959999994,8.05933257389808e-06,0.9361812465407705,B,meduim_risk,10.09,low,stable
84927F,PSYCHEDELIC TILE HOOK,166.35,295,40,2011-01-06,2011-12-07,336,0.88,medium_moving,8342859.309999994,1.8667084010971115e-05,0.9361999136247815,B,High_risk,35.16,medium,stable
84931A,PINK SCOTTIE DOG W FLOWER PATTERN,214.2,84,22,2011-01-05,2011-11-30,330,0.25,slow_moving,8343073.509999994,2.4036605922152166e-05,0.9362239502307036,B,meduim_risk,7.12,low,stable
84931B,BLUE SCOTTIE DOG W FLOWER PATTERN,341.7,134,25,2011-01-05,2011-11-30,330,0.41,slow_moving,8343415.209999994,3.834410944724274e-05,0.9362622943401508,B,High_risk,19.48,low,stable
84951A,SET OF 4 PISTACHIO LOVEBIRD COASTER,315.06,363,33,2010-12-10,2011-12-05,361,1.01,medium_moving,8343730.269999994,3.535468282835323e-05,0.9362976490229792,B,low_risk,19.24,low,stable
84951B,SET OF 4 BLACK LOVEBIRD COASTERS,318.44,334,31,2010-12-10,2011-12-08,364,0.92,medium_moving,8344048.709999994,3.573397194141053e-05,0.9363333829949206,B,meduim_risk,25.01,medium,stable
84952A,CLEAR LOVE BIRD T-LIGHT HOLDER,146.21,38,6,2010-12-08,2011-11-14,342,0.11,slow_moving,8344194.919999994,1.6407059532576416e-05,0.9363497900544532,B,low_risk,5.74,low,stable
84952B,BLACK LOVE BIRD T-LIGHT HOLDER,247.46,145,13,2010-12-02,2011-11-14,348,0.42,slow_moving,8344442.379999994,2.7768900567207168e-05,0.9363775589550204,B,High_risk,37.68,medium,stable
84952C,MIRROR LOVE BIRD T-LIGHT HOLDER,225.0,140,9,2010-12-02,2011-10-11,314,0.45,slow_moving,8344667.379999994,2.524853563251278e-05,0.936402807490653,B,High_risk,47.08,medium,stable
84963A,PINK PAINTED KASHMIRI CHAIR,171.8,4,1,2010-12-05,2010-12-05,1,4.0,fast_moving,8344839.179999994,1.9278659651847537e-05,0.9364220861503048,B,,,,
84963B,BLUE PAINTED KASHMIRI CHAIR,149.85000000000002,3,1,2011-08-04,2011-08-04,1,3.0,medium_moving,8344989.029999994,1.6815524731253512e-05,0.936438901675036,B,,,,stable
84968A,SET OF 16 VINTAGE ROSE CUTLERY,1787.85,147,48,2010-12-05,2011-12-04,365,0.4,slow_moving,8346776.879999993,0.00020062486413594652,0.9366395265391719,B,meduim_risk,8.34,low,stable
84968B,SET OF 16 VINTAGE IVORY CUTLERY,25.5,2,2,2011-03-18,2011-04-06,20,0.1,slow_moving,8346802.379999993,2.861500705018115e-06,0.9366423880398769,B,low_risk,0.0,low,stable
84968C,SET OF 16 VINTAGE PISTACHIO CUTLERY,1198.5,94,48,2010-12-01,2011-11-23,358,0.26,slow_moving,8348000.879999993,0.0001344905331358514,0.9367768785730127,B,low_risk,4.67,low,stable
84968D,SET OF 16 VINTAGE RED CUTLERY,814.92,62,31,2010-12-07,2011-12-07,366,0.17,slow_moving,8348815.799999993,9.144682958954362e-05,0.9368683254026023,B,High_risk,5.75,low,stable
84968E,SET OF 16 VINTAGE BLACK CUTLERY,1035.06,87,22,2011-01-05,2011-12-07,337,0.26,slow_moving,8349850.859999993,0.00011614999685239412,0.9369844753994546,B,High_risk,10.0,low,stable
84968F,SET OF 16 VINTAGE SKY BLUE CUTLERY,951.3,78,30,2010-12-06,2011-11-13,343,0.23,slow_moving,8350802.159999993,0.00010675080865426403,0.9370912262081089,B,High_risk,6.93,low,stable
84970L,SINGLE HEART ZINC T-LIGHT HOLDER,5664.78,5700,336,2010-12-01,2011-12-09,374,15.24,fast_moving,8356466.939999993,0.0006356773319126477,0.9377269035400215,B,low_risk,200.15,high,stable
84970S,HANGING HEART ZINC T-LIGHT HOLDER,6830.589999999999,8470,412,2010-12-01,2011-12-06,371,22.83,fast_moving,8363297.529999993,0.0007664995333603798,0.9384934030733819,B,low_risk,303.71,high,stable
84971S,SMALL HEART FLOWERS HOOK ,1386.75,1679,114,2010-12-01,2011-12-09,374,4.49,fast_moving,8364684.279999993,0.00015561514128172043,0.9386490182146636,B,low_risk,45.93,medium,stable
84984A,GREEN PEONY CUSHION COVER,88.35000000000001,19,6,2011-05-19,2011-11-08,174,0.11,slow_moving,8364772.629999992,9.914258325033352e-06,0.9386589324729886,B,low_risk,1.79,low,stable
84984B,RED PEONY CUSHION COVER ,79.05000000000001,17,5,2011-05-19,2011-11-08,174,0.1,slow_moving,8364851.679999992,8.870652185556159e-06,0.9386678031251742,B,low_risk,1.71,low,stable
84984D,ORIENTAL RED CUSHION COVER ,60.45,13,4,2011-07-27,2011-11-08,105,0.12,slow_moving,8364912.129999992,6.783439906601767e-06,0.9386745865650808,B,low_risk,1.89,low,stable
84985A,SET OF 72 GREEN PAPER DOILIES,60.9,42,18,2010-12-01,2011-03-01,91,0.46,slow_moving,8364973.029999993,6.833936977866792e-06,0.9386814205020587,B,meduim_risk,8.23,low,
84989A,75 GREEN FAIRY CAKE CASES,15.400000000000002,28,17,2011-01-05,2011-12-05,335,0.08,slow_moving,8364988.429999993,1.7281219944030972e-06,0.9386831486240531,B,meduim_risk,2.73,low,stable
84993A,75 GREEN PETIT FOUR CASES,128.1,305,33,2010-12-03,2011-12-09,372,0.82,slow_moving,8365116.529999993,1.4374832953443942e-05,0.9386975234570065,B,meduim_risk,16.07,low,stable
84993B,75 BLACK PETIT FOUR CASES,23.94,57,17,2010-12-05,2011-08-08,247,0.23,slow_moving,8365140.469999993,2.6864441912993598e-06,0.9387002099011978,B,meduim_risk,7.37,low,stable
84997A,CHILDRENS CUTLERY POLKADOT GREEN ,6599.06,1688,166,2011-02-22,2011-12-08,290,5.82,fast_moving,8371739.529999993,0.0007405182291159546,0.9394407281303138,B,low_risk,75.24,medium,stable
84997A,GREEN 3 PIECE POLKADOT CUTLERY SET,3019.23,837,68,2010-12-01,2011-03-04,94,8.9,fast_moving,8374758.759999993,0.00033880504994556246,0.9397795331802594,B,meduim_risk,189.33,high,
84997B,CHILDRENS CUTLERY RETROSPOT RED ,9603.68,2492,229,2011-02-22,2011-12-09,291,8.56,fast_moving,8384362.439999993,0.0010776838074811126,0.9408572169877405,B,low_risk,130.54,high,stable
84997B,RED 3 PIECE RETROSPOT CUTLERY SET,5555.13,1543,97,2010-12-01,2011-03-09,99,15.59,fast_moving,8389917.569999993,0.0006233728788810699,0.9414805898666215,B,meduim_risk,353.37,high,
84997C,BLUE 3 PIECE POLKADOT CUTLERY SET,4213.34,1170,97,2010-12-01,2011-05-12,163,7.18,fast_moving,8394130.909999993,0.0004728029560972951,0.9419533928227188,B,High_risk,251.36,high,stable
84997C,CHILDRENS CUTLERY POLKADOT BLUE,9831.4,2524,211,2011-02-20,2011-12-09,293,8.61,fast_moving,8403962.309999993,0.001103237569855494,0.9430566303925744,B,meduim_risk,208.95,high,stable
84997D,CHILDRENS CUTLERY POLKADOT PINK,13796.6,3530,323,2011-02-20,2011-12-09,293,12.05,fast_moving,8417758.909999993,0.0015481953187001147,0.9446048257112745,B,meduim_risk,234.9,high,stable
84997D,PINK 3 PIECE POLKADOT CUTLERY SET,5010.400000000001,1392,101,2010-12-01,2011-03-10,100,13.92,fast_moving,8422769.309999993,0.0005622456130361869,0.9451670713243107,B,meduim_risk,317.19,high,stable
85014A,BLACK/BLUE POLKADOT UMBRELLA,6367.9400000000005,1133,256,2010-12-01,2011-12-06,371,3.05,medium_moving,8429137.249999993,0.0007145829333142375,0.9458816542576248,B,meduim_risk,65.24,medium,stable
85014B,RED RETROSPOT UMBRELLA,10247.470000000001,1846,303,2010-12-01,2011-12-08,373,4.95,fast_moving,8439384.719999993,0.0011499271619471367,0.9470315814195721,B,meduim_risk,100.72,high,stable
85017A,ENVELOPE 50 ROMANTIC IMAGES,5.1,6,2,2011-03-28,2011-04-03,7,0.86,medium_moving,8439389.819999993,5.72300141003623e-07,0.947032153719713,B,low_risk,0.0,low,stable
85017B,ENVELOPE 50 BLOSSOM IMAGES,491.55,947,74,2010-12-12,2011-11-02,326,2.9,medium_moving,8439881.369999994,5.5159634178496255e-05,0.9470873133538916,B,meduim_risk,61.96,medium,stable
85017C,ENVELOPE 50 CURIOUS IMAGES,27.02,50,10,2010-12-05,2011-05-12,159,0.31,slow_moving,8439908.389999993,3.032068590179979e-06,0.9470903454224817,B,meduim_risk,8.03,low,stable
85018D,YULETIDE IMAGES S/6 PAPER BOXES,30.599999999999998,12,7,2010-12-03,2011-01-14,43,0.28,slow_moving,8439938.989999993,3.4338008460217378e-06,0.9470937792233277,B,High_risk,7.07,low,
85019A,ROMANTIC IMAGES NOTEBOOK SET,547.25,409,28,2010-12-01,2011-12-08,373,1.1,medium_moving,8440486.239999993,6.141004944396719e-05,0.9471551892727716,B,low_risk,17.82,low,stable
85019B,BLOSSOM  IMAGES NOTEBOOK SET,640.5,498,25,2011-01-11,2011-12-08,332,1.5,medium_moving,8441126.739999993,7.187416476721971e-05,0.9472270634375389,B,High_risk,45.96,medium,stable
85019C,CURIOUS  IMAGES NOTEBOOK SET,262.25,181,10,2010-12-01,2011-06-09,191,0.95,medium_moving,8441388.989999993,2.9428570976117674e-05,0.947256492008515,B,meduim_risk,19.52,low,stable
85023B,EAU DE NILE JEWELLED PHOTOFRAME,232.8,104,12,2010-12-19,2011-12-05,352,0.3,slow_moving,8441621.789999994,2.612381820110656e-05,0.9472826158267162,B,High_risk,61.97,medium,stable
85024B,EAU DE NILE JEWELLED PHOTOFRAME,289.65,193,12,2011-01-30,2011-12-05,310,0.62,slow_moving,8441911.439999994,3.2503281537588114e-05,0.9473151191082538,B,High_risk,61.97,medium,stable
85024C,PINK SMALL JEWELLED PHOTOFRAME,19.799999999999997,12,9,2010-12-08,2011-11-22,350,0.03,slow_moving,8441931.239999995,2.2218711356611243e-06,0.9473173409793896,B,low_risk,1.1,low,stable
85025B,EAU DE NILE HEART SHAPE PHOTO FRAME,474.44999999999993,305,21,2011-01-07,2011-12-05,333,0.92,medium_moving,8442405.689999994,5.324074547042527e-05,0.9473705817248599,B,High_risk,49.86,medium,stable
85025C,PINK HEART SHAPE PHOTO FRAME,477.99999999999994,308,28,2010-12-02,2011-08-24,266,1.16,medium_moving,8442883.689999994,5.363911125484937e-05,0.9474242208361148,B,High_risk,52.15,medium,stable
85026B,EAU DE NILE JEWELLED T-LIGHT HOLDER,63.75,75,9,2010-12-07,2011-12-08,367,0.2,slow_moving,8442947.439999994,7.153751762545288e-06,0.9474313745878773,B,meduim_risk,9.5,low,stable
85027L,FRENCH CHATEAU LARGE PLATTER ,160.5,70,18,2010-12-05,2011-04-19,136,0.51,slow_moving,8443107.939999994,1.8010622084525784e-05,0.9474493852099618,B,High_risk,19.07,low,stable
85028L,FRENCH CHATEAU LARGE FRUIT BOWL ,19.5,10,4,2011-03-27,2011-04-08,13,0.77,slow_moving,8443127.439999994,2.188206421484441e-06,0.9474515734163833,B,low_risk,1.41,low,stable
85028S,FRENCH CHATEAU SMALL FRUITBOWL,51.599999999999994,24,8,2011-03-27,2011-04-08,13,1.85,medium_moving,8443179.039999994,5.790330838389597e-06,0.9474573637472217,B,low_risk,1.41,low,stable
85031A,ROMANTIC IMAGES SCRAP BOOK SET,45.9,16,7,2010-12-12,2011-04-13,123,0.13,slow_moving,8443224.939999994,5.1507012690326065e-06,0.9474625144484907,B,meduim_risk,3.46,low,stable
85031B,BLOSSOM IMAGES SCRAP BOOK SET,4.95,1,1,2010-12-16,2010-12-16,1,1.0,medium_moving,8443229.889999993,5.554677839152812e-07,0.9474630699162746,B,,,,
85031C,CURIOUS IMAGES SCRAP BOOK SET,14.850000000000001,3,1,2010-12-16,2010-12-16,1,3.0,medium_moving,8443244.739999993,1.6664033517458437e-06,0.9474647363196262,B,,,,
85032A,ROMANTIC IMAGES GIFT WRAP SET,679.8000000000001,738,96,2010-12-09,2011-12-08,365,2.02,medium_moving,8443924.539999994,7.628424232436529e-05,0.9475410205619508,B,meduim_risk,54.61,medium,stable
85032B,BLOSSOM IMAGES GIFT WRAP SET,663.6,751,93,2010-12-12,2011-12-08,362,2.07,medium_moving,8444588.139999993,7.446634775882436e-05,0.9476154869097095,B,low_risk,24.34,medium,stable
85032C,CURIOUS IMAGES GIFT WRAP SET,566.4,597,84,2010-12-09,2011-12-08,365,1.64,medium_moving,8445154.539999994,6.355898036557883e-05,0.9476790458900751,B,meduim_risk,38.26,medium,stable
85032D,YULETIDE IMAGES GIFT WRAP SET,467.50000000000006,630,58,2010-12-01,2011-10-06,310,2.03,medium_moving,8445622.039999994,5.246084625866545e-05,0.9477315067363338,B,High_risk,91.25,medium,stable
85034A,3 GARDENIA MORRIS BOXED CANDLES,844.04,492,67,2010-12-01,2011-11-23,358,1.37,medium_moving,8446466.079999993,9.471455117896038e-05,0.9478262212875127,B,High_risk,98.25,high,stable
85034B,3 WHITE CHOC MORRIS BOXED CANDLES,1362.44,884,90,2010-12-05,2011-12-08,369,2.4,medium_moving,8447828.519999992,0.00015288717727626982,0.9479791084647888,B,High_risk,149.36,high,stable
85034C,3 ROSE MORRIS BOXED CANDLES,1560.64,1072,131,2010-12-03,2011-12-07,370,2.9,medium_moving,8449389.159999993,0.00017512833177566554,0.9481542367965646,B,High_risk,182.82,high,stable
85035A,GARDENIA 3 WICK MORRIS BOXED CANDLE,689.79,263,71,2010-12-03,2011-10-26,328,0.8,slow_moving,8450078.949999992,7.740527730644884e-05,0.948231642073871,B,High_risk,45.58,medium,stable
85035B,CHOCOLATE 3 WICK MORRIS BOX CANDLE,820.5,558,43,2010-12-01,2011-10-27,331,1.69,medium_moving,8450899.449999992,9.207299327322994e-05,0.9483237150671442,B,High_risk,148.28,high,stable
85035C,ROSE 3 WICK MORRIS BOX CANDLE,1611.45,1105,107,2010-12-01,2011-11-27,362,3.05,medium_moving,8452510.899999991,0.00018083001220005652,0.9485045450793441,B,High_risk,149.67,high,stable
85036A,GARDENIA 1 WICK MORRIS BOXED CANDLE,676.03,211,52,2010-12-06,2011-10-21,320,0.66,slow_moving,8453186.92999999,7.586118908287829e-05,0.948580406268427,B,High_risk,24.66,medium,stable
85036B,CHOCOLATE 1 WICK MORRIS BOX CANDLE,581.58,360,42,2010-12-03,2011-11-17,350,1.03,medium_moving,8453768.50999999,6.526241490291904e-05,0.9486456686833299,B,High_risk,42.63,medium,stable
85036C,ROSE 1 WICK MORRIS BOXED CANDLE,1051.52,742,76,2010-12-05,2011-11-23,354,2.1,medium_moving,8454820.02999999,0.00011799706750355483,0.9487636657508334,B,High_risk,124.57,high,stable
85039A,SET/4 RED MINI ROSE CANDLE IN BOWL,586.55,445,40,2010-12-15,2011-12-07,358,1.24,medium_moving,8455406.57999999,6.582012700111275e-05,0.9488294858778346,B,High_risk,45.72,medium,stable
85039B,S/4 IVORY MINI ROSE CANDLE IN BOWL,669.91,491,51,2010-12-09,2011-12-07,364,1.35,medium_moving,8456076.48999999,7.517442891367393e-05,0.9489046603067482,B,High_risk,51.17,medium,stable
85039C,S/4 BLACK MINI ROSE CANDLE IN BOWL,129.94,222,12,2010-12-08,2011-11-28,356,0.62,slow_moving,8456206.42999999,1.4581309867060936e-05,0.9489192416166153,B,High_risk,44.1,medium,stable
85040A,S/4 PINK FLOWER CANDLES IN BOWL,1348.1899999999998,807,125,2010-12-12,2011-12-07,361,2.24,medium_moving,8457554.61999999,0.00015128810335287733,0.9490705297199681,B,meduim_risk,43.39,medium,stable
85040B,SET/4 BLUE FLOWER CANDLES IN BOWL,222.74999999999997,135,34,2010-12-09,2011-04-10,123,1.1,medium_moving,8457777.36999999,2.4996050276187648e-05,0.9490955257702443,B,low_risk,8.75,low,stable
85049A,TRADITIONAL CHRISTMAS RIBBONS,3607.8,2907,266,2010-12-01,2011-12-09,374,7.77,fast_moving,8461385.16999999,0.0004048518526887983,0.9495003776229332,B,High_risk,294.18,high,stable
85049B,LUSH GREENS RIBBONS,67.5,54,13,2010-12-03,2011-01-26,55,0.98,medium_moving,8461452.66999999,7.574560689753834e-06,0.9495079521836229,B,low_risk,14.14,low,
85049C,ROMANTIC PINKS RIBBONS ,1471.35,1198,205,2010-12-01,2011-12-07,372,3.22,medium_moving,8462924.01999999,0.00016510859067954523,0.9496730607743025,B,low_risk,48.51,medium,stable
85049D,BRIGHT BLUES RIBBONS ,673.75,539,102,2010-12-01,2011-09-28,302,1.78,medium_moving,8463597.76999999,7.560533725513549e-05,0.9497486661115576,B,meduim_risk,43.35,medium,stable
85049E,SCANDINAVIAN REDS RIBBONS,3499.7,2747,335,2010-12-01,2011-12-09,374,7.34,fast_moving,8467097.46999999,0.00039272133401379986,0.9501413874455713,C,meduim_risk,189.14,high,stable
85049F,BABY BOOM RIBBONS ,467.5,374,85,2010-12-02,2011-09-26,299,1.25,medium_moving,8467564.96999999,5.246084625866544e-05,0.95019384829183,C,meduim_risk,27.95,medium,stable
85049G,CHOCOLATE BOX RIBBONS ,1926.33,1580,227,2010-12-01,2011-12-07,372,4.25,fast_moving,8469491.29999999,0.00021616449619990373,0.9504100127880298,C,low_risk,73.18,medium,stable
85049H,URBAN BLACK RIBBONS ,520.47,448,73,2010-12-01,2011-12-05,370,1.21,medium_moving,8470011.76999999,5.8404912625128564e-05,0.950468417700655,C,low_risk,21.71,medium,stable
85061W,WHITE JEWELLED HEART DECORATION,1609.8,1986,108,2010-12-02,2011-12-08,372,5.34,fast_moving,8471621.569999991,0.00018064485627208477,0.9506490625569273,C,meduim_risk,106.01,high,stable
85071A,BLUE CHARLIE+LOLA PERSONAL DOORSIGN,512.8000000000001,976,90,2010-12-01,2011-12-06,371,2.63,medium_moving,8472134.369999992,5.7544218099344686e-05,0.9507066067750266,C,meduim_risk,76.67,medium,stable
85071B,RED CHARLIE+LOLA PERSONAL DOORSIGN,622.64,1256,103,2010-12-01,2011-12-08,373,3.37,medium_moving,8472757.009999992,6.98699921165678e-05,0.9507764767671433,C,low_risk,74.05,medium,stable
85071C,"CHARLIE+LOLA""EXTREMELY BUSY"" SIGN",313.78,607,72,2010-12-01,2011-12-09,374,1.62,medium_moving,8473070.789999992,3.5211046714532706e-05,0.9508116878138577,C,High_risk,63.17,medium,stable
85071D,CHARLIE+LOLA MY ROOM DOOR SIGN,205.98,362,64,2010-12-02,2011-12-06,370,0.98,medium_moving,8473276.769999992,2.3114192753711032e-05,0.9508348020066115,C,High_risk,33.33,medium,stable
85086A,CANDY SPOT HEART DECORATION,38.25,45,8,2010-12-10,2011-06-29,202,0.22,slow_moving,8473315.019999992,4.292251057527172e-06,0.950839094257669,C,meduim_risk,8.34,low,stable
85099B,JUMBO BAG RED RETROSPOT,85220.78,46181,1600,2010-12-01,2011-12-09,374,123.48,fast_moving,8558535.799999991,0.009563110668713477,0.9604022049263824,C,low_risk,1426.69,high,stable
85099C,JUMBO  BAG BAROQUE BLACK WHITE,23675.04,12793,649,2010-12-01,2011-12-09,374,34.21,fast_moving,8582210.83999999,0.0026567115157385126,0.9630589164421208,C,low_risk,400.61,high,stable
85099F,JUMBO BAG STRAWBERRY,30644.2,16807,654,2010-12-01,2011-12-08,373,45.06,fast_moving,8612855.03999999,0.003438760780577103,0.9664976772226979,C,low_risk,741.98,high,stable
85114A,BLACK ENCHANTED FOREST PLACEMAT,893.25,585,42,2010-12-02,2011-12-01,365,1.6,medium_moving,8613748.28999999,0.00010023668646107573,0.966597913909159,C,High_risk,48.37,medium,stable
85114B,IVORY ENCHANTED FOREST PLACEMAT,626.0999999999999,394,51,2010-12-01,2011-12-07,372,1.06,medium_moving,8614374.38999999,7.025825848673888e-05,0.9666681721676457,C,meduim_risk,30.19,medium,stable
85114C,RED ENCHANTED FOREST PLACEMAT,730.05,457,60,2010-12-01,2011-12-06,371,1.23,medium_moving,8615104.43999999,8.192308194895979e-05,0.9667500952495947,C,High_risk,40.55,medium,stable
85123A,CREAM HANGING HEART T-LIGHT HOLDER,155.35,57,7,2011-12-08,2011-12-09,2,28.5,fast_moving,8615259.78999999,1.7432711157826047e-05,0.9667675279607525,C,,,,stable
85123A,WHITE HANGING HEART T-LIGHT HOLDER,100448.15000000001,36725,1971,2010-12-01,2011-12-08,373,98.46,fast_moving,8715707.93999999,0.011271860864422173,0.9780393888251747,C,low_risk,1395.22,high,stable
85124B,BLUE JUICY FRUIT PHOTO FRAME,209.1,82,29,2010-12-02,2011-11-06,340,0.24,slow_moving,8715917.03999999,2.346430578114854e-05,0.9780628531309558,C,meduim_risk,5.73,low,stable
85124C,GREEN JUICY FRUIT PHOTO FRAME,214.2,84,31,2010-12-02,2011-10-23,326,0.26,slow_moving,8716131.239999989,2.4036605922152166e-05,0.9780868897368779,C,High_risk,9.34,low,stable
85129B,BEADED CRYSTAL HEART GREEN SMALL,124.11,101,16,2010-12-05,2011-12-05,366,0.28,slow_moving,8716255.349999988,1.392709225489405e-05,0.9781008168291326,C,High_risk,13.65,low,stable
85129C,BEADED CRYSTAL HEART BLUE SMALL,99.88,77,12,2010-12-03,2011-11-10,343,0.22,slow_moving,8716355.22999999,1.1208105506557228e-05,0.9781120249346393,C,High_risk,10.95,low,stable
85129D,BEADED CRYSTAL HEART PINK SMALL,241.38,166,34,2010-12-05,2011-12-05,366,0.45,slow_moving,8716596.60999999,2.708662902655971e-05,0.978139111563666,C,High_risk,14.6,low,stable
85130A,BEADED PEARL HEART WHITE LARGE,127.04999999999998,77,10,2010-12-03,2011-05-23,172,0.45,slow_moving,8716723.65999999,1.4257006453825548e-05,0.9781533685701199,C,High_risk,22.07,medium,stable
85130B,BEADED CRYSTAL HEART GREEN LARGE,707.7,816,50,2010-12-19,2011-12-07,354,2.31,medium_moving,8717431.35999999,7.941506074279687e-05,0.9782327836308626,C,High_risk,94.43,high,stable
85130C,BEADED CRYSTAL HEART BLUE  LARGE,425.71,479,43,2011-01-20,2011-12-07,322,1.49,medium_moving,8717857.069999991,4.77713515738534e-05,0.9782805549824366,C,High_risk,63.33,medium,stable
85130D,BEADED CRYSTAL HEART PINK LARGE,526.38,552,51,2010-12-05,2011-12-07,368,1.5,medium_moving,8718383.449999992,5.906810749440923e-05,0.978339623089931,C,High_risk,78.48,medium,stable
85131A,BEADED PEARL HEART WHITE ON STICK,462.17,469,25,2010-12-03,2011-10-30,332,1.41,medium_moving,8718845.619999992,5.186273650345969e-05,0.9783914858264345,C,High_risk,60.84,medium,stable
85131B,BEADED CRYSTAL HEART GREEN ON STICK,120.38,142,13,2011-01-16,2011-12-05,324,0.44,slow_moving,8718965.999999993,1.3508527641963948e-05,0.9784049943540766,C,High_risk,24.1,medium,stable
85131C,BEADED CRYSTAL HEART BLUE ON STICK,78.71,73,11,2011-01-16,2011-11-14,303,0.24,slow_moving,8719044.709999993,8.83249884282258e-06,0.9784138268529194,C,meduim_risk,9.7,low,stable
85131D,BEADED CRYSTAL HEART PINK ON STICK,113.09,115,12,2011-01-16,2011-12-05,324,0.35,slow_moving,8719157.799999993,1.2690475087470534e-05,0.978426517328007,C,High_risk,15.9,low,stable
85132A,CHARLIE + LOLA BISCUITS TINS,967.25,455,51,2010-12-02,2011-05-24,174,2.61,medium_moving,8720125.049999993,0.00010854064929132439,0.9785350579772982,C,High_risk,114.88,high,stable
85132B,CHARLIE AND LOLA TABLE TINS,1048.35,513,60,2010-12-02,2011-06-19,200,2.56,medium_moving,8721173.399999993,0.0001176413436904212,0.9786526993209886,C,High_risk,95.17,high,stable
85132C,CHARLIE AND LOLA FIGURES TINS,2817.7999999999997,1404,126,2010-12-02,2011-08-28,270,5.2,fast_moving,8723991.199999994,0.0003162014386901978,0.9789689007596789,C,meduim_risk,149.43,high,stable
85135A,YELLOW DRAGONFLY HELICOPTER,119.25,15,6,2010-12-21,2011-11-24,339,0.04,slow_moving,8724110.449999994,1.3381723885231772e-05,0.9789822824835641,C,High_risk,9.19,low,stable
85135B,BLUE DRAGONFLY HELICOPTER,373.65000000000003,47,34,2010-12-01,2011-11-17,352,0.13,slow_moving,8724484.099999994,4.192940150705956e-05,0.9790242118850713,C,meduim_risk,5.41,low,stable
85135C,RED DRAGONFLY HELICOPTER,620.1,78,49,2010-12-03,2011-12-08,371,0.21,slow_moving,8725104.199999994,6.958496420320522e-05,0.9790937968492744,C,meduim_risk,5.14,low,stable
85136A,YELLOW SHARK HELICOPTER,405.45,51,37,2010-12-01,2011-12-06,371,0.14,slow_moving,8725509.649999993,4.549786120978803e-05,0.9791392947104841,C,meduim_risk,4.39,low,stable
85136B,BLUE SHARK HELICOPTER,15.9,2,2,2010-12-12,2010-12-14,3,0.67,slow_moving,8725525.549999993,1.7842298513642364e-06,0.9791410789403355,C,,,,
85136C,RED SHARK HELICOPTER,278.25,35,25,2010-12-01,2011-12-08,373,0.09,slow_moving,8725803.799999993,3.1224022398874135e-05,0.9791723029627344,C,meduim_risk,5.31,low,stable
85159A,"BLACK TEA,COFFEE,SUGAR JARS",779.4499999999999,451,45,2010-12-02,2011-12-04,368,1.23,medium_moving,8726583.249999993,8.746653821672037e-05,0.9792597695009511,C,meduim_risk,27.42,medium,stable
85159B,"WHITE TEA,COFFEE,SUGAR JARS",1134.5,622,59,2010-12-14,2011-11-30,352,1.77,medium_moving,8727717.749999993,0.00012730872744482554,0.9793870782283959,C,low_risk,20.95,medium,stable
85160B,BLACK BIRD GARDEN DESIGN MUG,46.11,105,15,2011-01-30,2011-11-13,288,0.36,slow_moving,8727763.859999992,5.174266568956285e-06,0.9793922524949648,C,meduim_risk,11.53,low,stable
85163A,WHITE BAROQUE WALL CLOCK ,349.95,45,18,2010-12-17,2011-11-23,342,0.13,slow_moving,8728113.809999991,3.926988908710154e-05,0.9794315223840517,C,High_risk,7.48,low,stable
85163B,BLACK BAROQUE WALL CLOCK ,333.6,44,14,2010-12-17,2011-11-23,342,0.13,slow_moving,8728447.40999999,3.7435162164472283e-05,0.9794689575462162,C,High_risk,7.62,low,stable
85167B,BLACK GRAND BAROQUE PHOTO FRAME,93.0,48,7,2010-12-05,2011-04-08,125,0.38,slow_moving,8728540.40999999,1.0436061394771948e-05,0.9794793936076109,C,High_risk,14.17,low,stable
85168B,BLACK BAROQUE CARRIAGE CLOCK,149.67,17,7,2011-06-20,2011-12-05,169,0.1,slow_moving,8728690.07999999,1.6795325902747498e-05,0.9794961889335138,C,meduim_risk,2.79,low,stable
85169A,IVORY LOVE BIRD CANDLE,496.72,502,48,2010-12-06,2011-12-08,368,1.36,medium_moving,8729186.799999991,5.573978941947444e-05,0.9795519287229333,C,High_risk,52.24,medium,stable
85169B,BLACK LOVE BIRD CANDLE,191.49,201,25,2010-12-01,2011-11-30,365,0.55,slow_moving,8729378.289999992,2.148818705897721e-05,0.9795734169099923,C,High_risk,30.81,medium,stable
85169C,EAU DE NIL LOVE BIRD CANDLE,353.72,336,21,2010-12-16,2011-12-08,358,0.94,medium_moving,8729732.009999992,3.969294232858854e-05,0.979613109852321,C,High_risk,55.31,medium,stable
85169D,PINK LOVE BIRD CANDLE,236.48000000000002,232,22,2010-12-13,2011-11-29,352,0.66,slow_moving,8729968.489999993,2.6536772028340543e-05,0.9796396466243493,C,High_risk,25.52,medium,stable
85170A,SET/6 IVORY BIRD T-LIGHT CANDLES,2.1,1,1,2010-12-07,2010-12-07,1,1.0,medium_moving,8729970.589999992,2.3565299923678594e-07,0.9796398822773486,C,,,,
85170B,SET/6 BLACK BIRD T-LIGHT CANDLES,195.9,179,23,2010-12-07,2011-11-29,358,0.5,slow_moving,8730166.489999993,2.198305835737446e-05,0.979661865335706,C,High_risk,25.98,medium,stable
85170C,SET/6 EAU DE NIL BIRD T-LIGHTS,366.23,252,29,2010-12-09,2011-11-29,356,0.71,slow_moving,8730532.719999993,4.1096760909756245e-05,0.9797029620966158,C,High_risk,23.91,medium,stable
85170D,SET/6 PINK BIRD T-LIGHT CANDLES,497.21000000000004,355,51,2010-12-05,2011-12-05,366,0.97,medium_moving,8731029.929999994,5.579477511929635e-05,0.9797587568717352,C,meduim_risk,28.16,medium,stable
85179A,GREEN BITTY LIGHT CHAIN,188.31,119,17,2010-12-05,2011-12-06,367,0.32,slow_moving,8731218.239999995,2.113134108870436e-05,0.9797798882128239,C,High_risk,30.89,medium,stable
85179C,PINK BITTY LIGHT CHAIN,89.65,69,7,2011-07-28,2011-12-08,134,0.51,slow_moving,8731307.889999995,1.0060138753132314e-05,0.9797899483515771,C,meduim_risk,13.6,low,stable
85180A,RED HEARTS LIGHT CHAIN ,844.34,434,37,2010-12-14,2011-12-05,357,1.22,medium_moving,8732152.229999995,9.474821589313708e-05,0.9798846965674702,C,High_risk,71.27,medium,stable
85180B,PINK HEARTS LIGHT CHAIN ,381.0,196,21,2010-12-14,2011-12-06,358,0.55,slow_moving,8732533.229999995,4.2754187004388304e-05,0.9799274507544746,C,High_risk,36.93,medium,stable
85183A,CHARLIE & LOLA WASTEPAPER BIN BLUE,805.75,657,81,2010-12-13,2011-12-05,358,1.84,medium_moving,8733338.979999995,9.041781149287633e-05,0.9800178685659675,C,low_risk,33.73,medium,stable
85183B,CHARLIE & LOLA WASTEPAPER BIN FLORA,1228.25,977,106,2010-12-01,2011-12-04,369,2.65,medium_moving,8734567.229999995,0.0001378289506250392,0.9801556975165925,C,low_risk,41.33,medium,stable
85184C,S/4 VALENTINE DECOUPAGE HEART BOX,2028.05,1369,92,2010-12-01,2011-05-15,166,8.25,fast_moving,8736595.279999996,0.00022757907862007795,0.9803832765952126,C,High_risk,352.04,high,stable
85184C,SET 4 VALENTINE DECOUPAGE HEART BOX,450.38,154,44,2011-06-05,2011-12-05,184,0.84,medium_moving,8737045.659999996,5.053971323631602e-05,0.9804338163084491,C,meduim_risk,14.72,low,stable
85185B,PINK HORSE SOCK PUPPET,709.45,247,45,2010-12-02,2011-09-11,284,0.87,medium_moving,8737755.109999996,7.961143824216086e-05,0.9805134277466911,C,low_risk,14.24,low,stable
85185B,PINK HORSE SOCK PUPPET KIT,129.8,44,14,2011-10-04,2011-11-30,58,0.76,slow_moving,8737884.909999996,1.4565599667111818e-05,0.9805279933463583,C,low_risk,11.31,low,stable
85185D,FROG SOCK PUPPET,44.25000000000001,15,8,2010-12-02,2011-05-25,175,0.09,slow_moving,8737929.159999996,4.965545341060848e-06,0.9805329588916994,C,low_risk,1.71,low,stable
85186A,EASTER BUNNY GARLAND OF FLOWERS,220.5,525,37,2011-01-14,2011-04-14,91,5.77,fast_moving,8738149.659999996,2.4743564919862524e-05,0.9805577024566193,C,High_risk,197.94,high,stable
85186C,BUNNY EGG GARLAND,173.46,413,33,2011-01-13,2011-10-20,281,1.47,medium_moving,8738323.119999997,1.946493773695852e-05,0.9805771673943563,C,meduim_risk,66.26,medium,stable
85188A,GREEN METAL SWINGING BUNNY,256.7,302,34,2011-01-27,2011-04-21,85,3.55,medium_moving,8738579.819999997,2.8805773763849024e-05,0.9806059731681201,C,meduim_risk,62.45,medium,stable
85188B,PINK METAL SWINGING BUNNY,63.74999999999999,75,8,2011-01-17,2011-03-27,70,1.07,medium_moving,8738643.569999997,7.153751762545287e-06,0.9806131269198827,C,meduim_risk,22.27,medium,stable
85194L,HANGING SPRING FLOWER EGG LARGE,747.13,901,56,2010-12-14,2011-11-22,344,2.62,medium_moving,8739390.699999997,8.383972634275232e-05,0.9806969666462255,C,meduim_risk,127.74,high,stable
85194S,HANGING SPRING FLOWER EGG SMALL,447.75000000000006,1163,55,2011-01-05,2011-12-04,334,3.48,medium_moving,8739838.449999997,5.024458590870044e-05,0.9807472112321342,C,meduim_risk,78.54,medium,stable
85199L,LARGE HANGING IVORY & RED WOOD BIRD,598.37,925,65,2010-12-01,2011-12-08,373,2.48,medium_moving,8740436.819999997,6.714651673967409e-05,0.9808143577488738,C,meduim_risk,60.18,medium,stable
85199S,SMALL HANGING IVORY/RED WOOD BIRD,946.0699999999999,2234,157,2010-12-01,2011-12-08,373,5.99,fast_moving,8741382.889999997,0.0001061639204704505,0.9809205216693443,C,High_risk,207.39,high,stable
85205B,PINK FELT EASTER RABBIT GARLAND,295.8,116,24,2010-12-17,2011-04-18,123,0.94,medium_moving,8741678.689999998,3.3193408178210137e-05,0.9809537150775226,C,low_risk,12.11,low,stable
85206A,CREAM FELT EASTER EGG BASKET,1450.1999999999998,916,103,2010-12-05,2011-03-16,102,8.98,fast_moving,8743128.889999997,0.000162735228330089,0.9811164503058526,C,meduim_risk,157.31,high,stable
85206B,PINK FELT EASTER EGG BASKET,23.099999999999998,14,4,2011-01-13,2011-01-20,8,1.75,medium_moving,8743151.989999996,2.592182991604645e-06,0.9811190424888441,C,,,,
85230A,OPIUM SCENTED VOTIVE CANDLE,203.27999999999997,840,18,2010-12-20,2011-12-02,348,2.41,medium_moving,8743355.269999996,2.2811210326120875e-05,0.9811418536991702,C,low_risk,56.85,medium,stable
85230B,CINNAMON SCENTED VOTIVE CANDLE,326.23999999999995,1264,38,2010-12-03,2011-12-06,369,3.43,medium_moving,8743681.509999996,3.66092545100043e-05,0.9811784629536802,C,meduim_risk,88.37,medium,stable
85230E,STRAWBRY SCENTED VOTIVE CANDLE,267.45,1101,24,2010-12-10,2011-09-11,276,3.99,medium_moving,8743948.959999995,3.001209268851352e-05,0.9812084750463687,C,low_risk,56.46,medium,stable
85230F,JASMINE VOTIVE CANDLE,90.33999999999999,338,12,2010-12-03,2011-11-10,343,0.99,medium_moving,8744039.299999995,1.0137567595738686e-05,0.9812186126139644,C,High_risk,49.64,medium,stable
85230G,ORANGE VOTIVE CANDLE,257.03999999999996,1032,25,2010-12-08,2011-12-02,360,2.87,medium_moving,8744296.339999994,2.8843927106582593e-05,0.9812474565410708,C,low_risk,55.54,medium,stable
85231B,CINAMMON SET OF 9 T-LIGHTS,672.06,798,108,2010-12-01,2011-12-08,373,2.14,medium_moving,8744968.399999995,7.541569269860683e-05,0.9813228722337695,C,meduim_risk,57.73,medium,stable
85231G,ORANGE SCENTED SET/9 T-LIGHTS,471.45,573,66,2010-12-01,2011-10-04,308,1.86,medium_moving,8745439.849999994,5.290409832865844e-05,0.981375776332098,C,low_risk,31.34,medium,stable
85232A,SET/3 POLKADOT STACKING TINS,349.5,74,25,2010-12-17,2011-06-06,172,0.43,slow_moving,8745789.349999994,3.921939201583652e-05,0.981414995724114,C,High_risk,15.36,low,stable
85232B,SET OF 3 BABUSHKA STACKING TINS,1326.6,268,9,2010-12-01,2011-02-11,73,3.67,medium_moving,8747115.949999994,0.00014886536608929533,0.9815638610902031,C,High_risk,146.94,high,
85232D,SET/3 DECOUPAGE STACKING TINS,832.6500000000001,175,53,2010-12-07,2011-12-07,366,0.48,slow_moving,8747948.599999994,9.343641419738564e-05,0.9816572975044006,C,meduim_risk,14.2,low,stable
90000A,RASPBERRY ANT COPPER FLOWER NECKLAC,65.45,11,6,2011-02-20,2011-11-08,262,0.04,slow_moving,8748014.049999993,7.344518476213162e-06,0.9816646420228767,C,meduim_risk,1.64,low,stable
90000B,MIDNIGHT BLUE COPPER FLOWER NECKLAC,17.85,3,2,2011-02-20,2011-06-13,114,0.03,slow_moving,8748031.899999993,2.0030504935126805e-06,0.9816666450733702,C,low_risk,0.71,low,stable
90000D,COPPER/OLIVE GREEN FLOWER NECKLACE,35.7,6,4,2011-02-20,2011-10-11,234,0.03,slow_moving,8748067.599999992,4.006100987025361e-06,0.9816706511743571,C,low_risk,0.58,low,stable
90001A,ANTIQUE RASPBERRY FLOWER EARRINGS,8.5,2,1,2011-06-13,2011-06-13,1,2.0,medium_moving,8748076.099999992,9.538335683393717e-07,0.9816716050079255,C,,,,stable
90001B,ANTIQUE MID BLUE FLOWER EARRINGS,17.0,4,2,2011-06-13,2011-08-25,74,0.05,slow_moving,8748093.099999992,1.9076671366787434e-06,0.9816735126750622,C,low_risk,0.0,low,stable
90001C,ANTIQUE OPAL WHITE FLOWER EARRINGS,8.5,2,2,2011-04-10,2011-10-20,194,0.01,slow_moving,8748101.599999992,9.538335683393717e-07,0.9816744665086304,C,low_risk,0.0,low,stable
90001D,ANTIQUE OLIVE GREEN FLOWER EARRINGS,21.25,5,3,2011-06-13,2011-10-09,119,0.04,slow_moving,8748122.849999992,2.384583920848429e-06,0.9816768510925513,C,low_risk,0.58,low,stable
90002D,FLOWER BURST SILVER RING CRYSTAL,37.5,10,6,2010-12-02,2011-05-08,158,0.06,slow_moving,8748160.349999992,4.2080892720854635e-06,0.9816810591818235,C,meduim_risk,2.38,low,stable
90003B,ROSE COLOUR PAIR HEART HAIR SLIDES,22.5,6,3,2010-12-12,2011-09-23,286,0.02,slow_moving,8748182.849999992,2.524853563251278e-06,0.9816835840353867,C,meduim_risk,1.73,low,stable
90003C,MIDNIGHT BLUE PAIR HEART HAIR SLIDE,45.0,12,5,2010-12-12,2011-09-23,286,0.04,slow_moving,8748227.849999992,5.049707126502556e-06,0.9816886337425131,C,meduim_risk,2.45,low,stable
90003D,CRYSTAL PAIR HEART HAIR SLIDES,67.5,18,7,2010-12-12,2011-11-07,331,0.05,slow_moving,8748295.349999992,7.574560689753834e-06,0.9816962083032029,C,low_risk,2.07,low,stable
90003E,GREEN PAIR HEART HAIR SLIDES,30.0,8,2,2011-08-23,2011-09-23,32,0.25,slow_moving,8748325.349999992,3.3664714176683707e-06,0.9816995747746206,C,low_risk,0.0,low,stable
90010A,MIDNIGHT BLUE GLASS/SILVER BRACELET,62.64999999999999,7,5,2011-02-09,2011-09-14,218,0.03,slow_moving,8748387.999999993,7.030314477230779e-06,0.9817066050890979,C,low_risk,0.96,low,stable
90010B,BLACK/WHITE GLASS/SILVER BRACELET,62.64999999999999,7,3,2011-01-13,2011-04-10,88,0.08,slow_moving,8748450.649999993,7.030314477230779e-06,0.9817136354035751,C,meduim_risk,1.53,low,stable
90010E,AMBER GLASS/SILVER BRACELET,89.5,10,7,2011-01-27,2011-10-20,267,0.04,slow_moving,8748540.149999993,1.0043306396043972e-05,0.9817236787099712,C,low_risk,1.0,low,stable
90011A,MIDNIGHT BLUE CRYSTAL DROP EARRINGS,2.95,1,1,2011-11-24,2011-11-24,1,1.0,medium_moving,8748543.099999992,3.310363560707231e-07,0.9817240097463271,C,,,,stable
90011B,BLACK CRYSTAL DROP EARRINGS,20.650000000000002,7,2,2011-02-11,2011-09-06,208,0.03,slow_moving,8748563.749999993,2.317254492495062e-06,0.9817263270008197,C,High_risk,3.54,low,stable
90012A,MIDNIGHT BLUE DROP CRYSTAL NECKLACE,23.6,8,2,2011-10-06,2011-10-11,6,1.33,medium_moving,8748587.349999992,2.648290848565785e-06,0.9817289752916682,C,,,,stable
90012B,BLACK DROP CRYSTAL NECKLACE,35.400000000000006,12,2,2011-10-11,2011-11-13,34,0.35,slow_moving,8748622.749999993,3.972436272848678e-06,0.9817329477279412,C,low_risk,0.0,low,stable
90013A,MIDNIGHT BLUE VINTAGE EARRINGS,60.0,16,3,2011-08-08,2011-11-11,96,0.17,slow_moving,8748682.749999993,6.732942835336741e-06,0.9817396806707764,C,low_risk,2.31,low,stable
90013C,GREEN VINTAGE EARRINGS ,41.25,11,4,2011-05-22,2011-11-29,192,0.06,slow_moving,8748723.999999993,4.628898199294009e-06,0.9817443095689757,C,low_risk,1.53,low,stable
90014A,SILVER M.O.P. ORBIT NECKLACE,23.6,8,3,2011-10-09,2011-11-08,31,0.26,slow_moving,8748747.599999992,2.648290848565785e-06,0.9817469578598242,C,High_risk,4.24,low,stable
90014A,SILVER/MOP ORBIT NECKLACE,79.6,8,7,2010-12-17,2011-09-23,281,0.03,slow_moving,8748827.199999992,8.932370828213409e-06,0.9817558902306525,C,low_risk,0.52,low,stable
90014B,GOLD M PEARL  ORBIT NECKLACE,79.6,8,6,2010-12-13,2011-08-01,232,0.03,slow_moving,8748906.799999991,8.932370828213409e-06,0.9817648226014806,C,low_risk,0.89,low,stable
90014B,GOLD M.O.P. ORBIT NECKLACE,5.9,2,2,2011-10-09,2011-10-26,18,0.11,slow_moving,8748912.699999992,6.620727121414462e-07,0.9817654846741928,C,,,,stable
90014C,SILVER AND BLACK ORBIT NECKLACE,2.95,1,1,2011-11-27,2011-11-27,1,1.0,medium_moving,8748915.649999991,3.310363560707231e-07,0.9817658157105488,C,,,,stable
90014C,SILVER/BLACK ORBIT NECKLACE,29.849999999999998,3,2,2011-03-31,2011-08-18,141,0.02,slow_moving,8748945.49999999,3.3496390605800286e-06,0.9817691653496093,C,low_risk,0.71,low,stable
90016A,SILVER/M.O.P PENDANT ORBIT NECKLACE,80.75,14,4,2011-01-27,2011-10-26,273,0.05,slow_moving,8749026.24999999,9.061418899224031e-06,0.9817782267685086,C,High_risk,3.79,low,stable
90016B,GOLD/M.O.P PENDANT ORBIT NECKLACE,76.5,9,8,2011-01-27,2011-11-27,305,0.03,slow_moving,8749102.74999999,8.584502115054345e-06,0.9817868112706236,C,low_risk,0.55,low,stable
90018A,SILVER M.O.P ORBIT DROP EARRINGS,72.25,17,9,2011-02-14,2011-11-07,267,0.06,slow_moving,8749174.99999999,8.10758533088466e-06,0.9817949188559545,C,low_risk,1.52,low,stable
90018B,GOLD M.O.P ORBIT DROP EARRINGS,34.0,8,5,2011-02-20,2011-10-26,249,0.03,slow_moving,8749208.99999999,3.815334273357487e-06,0.9817987341902279,C,meduim_risk,1.41,low,stable
90018C,SILVER BLACK ORBIT DROP EARRINGS,25.5,6,3,2011-08-25,2011-09-23,30,0.2,slow_moving,8749234.49999999,2.861500705018115e-06,0.9818015956909328,C,low_risk,1.41,low,stable
90019A,SILVER M.O.P ORBIT BRACELET,89.10000000000001,18,9,2010-12-20,2011-11-17,333,0.05,slow_moving,8749323.59999999,9.998420110475062e-06,0.9818115941110434,C,low_risk,1.26,low,stable
90019B,GOLD M.O.P ORBIT BRACELET,9.9,2,2,2011-08-01,2011-10-09,70,0.03,slow_moving,8749333.49999999,1.1109355678305624e-06,0.9818127050466112,C,low_risk,0.0,low,stable
90019C,SILVER BLACK ORBIT BRACELET,19.8,4,3,2011-09-06,2011-11-27,83,0.05,slow_moving,8749353.299999991,2.2218711356611247e-06,0.981814926917747,C,low_risk,0.58,low,stable
90024B,NEW BAROQUE B'FLY NECKLACE RED,34.0,4,2,2011-08-25,2011-09-23,30,0.13,slow_moving,8749387.299999991,3.815334273357487e-06,0.9818187422520203,C,low_risk,0.0,low,stable
90024C,NEW BAROQUE B'FLY NECKLACE GREEN,17.0,2,1,2011-02-20,2011-02-20,1,2.0,medium_moving,8749404.299999991,1.9076671366787434e-06,0.981820649919157,C,,,,
90024D,NEW BAROQUE B'FLY NECKLACE PINK,8.5,1,1,2011-04-10,2011-04-10,1,1.0,medium_moving,8749412.799999991,9.538335683393717e-07,0.9818216037527253,C,,,,stable
90024F,NEW BAROQUE B'FLY NECKLACE CRYSTAL,17.0,2,1,2011-02-20,2011-02-20,1,2.0,medium_moving,8749429.799999991,1.9076671366787434e-06,0.981823511419862,C,,,,
90025A,BAROQUE BUTTERFLY EARRINGS BLACK,7.5,2,2,2011-04-10,2011-10-09,183,0.01,slow_moving,8749437.299999991,8.416178544170927e-07,0.9818243530377164,C,low_risk,0.0,low,stable
90025F,BAROQUE BUTTERFLY EARRINGS CRYSTAL,3.75,1,1,2011-10-20,2011-10-20,1,1.0,medium_moving,8749441.049999991,4.2080892720854633e-07,0.9818247738466436,C,,,,stable
90026A,GLASS BEAD HOOP NECKLACE BLACK,17.0,2,1,2011-06-13,2011-06-13,1,2.0,medium_moving,8749458.049999991,1.9076671366787434e-06,0.9818266815137803,C,,,,stable
90026B,GLASS BEAD HOOP NECKLACE MONTANA,17.0,2,2,2011-02-20,2011-03-31,40,0.05,slow_moving,8749475.049999991,1.9076671366787434e-06,0.981828589180917,C,low_risk,0.0,low,stable
90026C,GLASS BEAD HOOP NECKLACE GREEN,25.5,3,2,2011-02-20,2011-11-09,263,0.01,slow_moving,8749500.549999991,2.861500705018115e-06,0.9818314506816219,C,low_risk,0.71,low,stable
90026D,GLASS BEAD HOOP NECKLACE AMETHYST,25.5,3,3,2011-02-20,2011-11-18,272,0.01,slow_moving,8749526.049999991,2.861500705018115e-06,0.981834312182327,C,low_risk,0.0,low,stable
90027A,GLASS BEAD HOOP EARRINGS BLACK,11.8,4,1,2010-12-20,2010-12-20,1,4.0,fast_moving,8749537.849999992,1.3241454242828925e-06,0.9818356363277514,C,,,,
90027D,GLASS BEAD HOOP EARRINGS AMETHYST,11.8,4,1,2010-12-20,2010-12-20,1,4.0,fast_moving,8749549.649999993,1.3241454242828925e-06,0.9818369604731757,C,,,,
90030A,SPOTTED WHITE NATURAL SEED NECKLACE,72.0,72,7,2011-07-18,2011-11-28,134,0.54,slow_moving,8749621.649999993,8.079531402404089e-06,0.9818450400045782,C,High_risk,24.0,medium,stable
90030B,RED KUKUI COCONUT SEED NECKLACE,131.8,112,15,2011-03-23,2011-12-07,260,0.43,slow_moving,8749753.449999994,1.4790031094956377e-05,0.9818598300356731,C,meduim_risk,11.14,low,stable
90030C,BROWN KUKUI COCONUT SEED NECKLACE,74.0,74,8,2011-07-18,2011-11-25,131,0.56,slow_moving,8749827.449999994,8.303962830248647e-06,0.9818681339985034,C,High_risk,23.04,medium,stable
90035A,"PEARL & SHELL 42""NECKL. GREEN",43.0,4,2,2010-12-15,2011-04-13,120,0.03,slow_moving,8749870.449999994,4.825275698657998e-06,0.981872959274202,C,meduim_risk,1.41,low,stable
90035C,"PEARL & SHELL 42""NECKL. IVORY",21.5,2,1,2011-05-13,2011-05-13,1,2.0,medium_moving,8749891.949999994,2.412637849328999e-06,0.9818753719120514,C,,,,stable
90036A,FLOWER GARLAND NECKLACE RED,47.7,6,4,2011-05-08,2011-08-05,90,0.07,slow_moving,8749939.649999993,5.35268955409271e-06,0.9818807246016054,C,low_risk,1.0,low,stable
90036B,"FLOWER GLASS GARLAND NECKL.36""GREEN",31.8,4,2,2011-06-13,2011-08-01,50,0.08,slow_moving,8749971.449999994,3.568459702728473e-06,0.9818842930613082,C,meduim_risk,1.41,low,stable
90036C,"FLOWER GLASS GARLAND NECKL.36""BLUE",47.7,6,2,2011-05-09,2011-10-27,172,0.03,slow_moving,8750019.149999993,5.35268955409271e-06,0.9818896457508622,C,low_risk,0.0,low,stable
90036D,"FLOWER GLASS GARLAND NECKL.36""BLACK",87.45,11,4,2010-12-09,2011-06-13,187,0.06,slow_moving,8750106.599999992,9.8132641825033e-06,0.9818994590150446,C,low_risk,1.26,low,stable
90036E,"FLOWER GLASS GARLD NECKL36""AMETHYST",55.650000000000006,7,5,2010-12-12,2011-10-20,313,0.02,slow_moving,8750162.249999993,6.244804479774828e-06,0.9819057038195245,C,meduim_risk,1.5,low,stable
90036F,"FLOWER GLASS GARLD NECKL36""TURQUOIS",31.8,4,1,2011-03-23,2011-03-23,1,4.0,fast_moving,8750194.049999993,3.568459702728473e-06,0.9819092722792273,C,,,,stable
90037B,TINY CRYSTAL BRACELET GREEN,15.299999999999999,6,1,2011-02-03,2011-02-03,1,6.0,fast_moving,8750209.349999994,1.7169004230108689e-06,0.9819109891796504,C,,,,
90038A,GLASS AND PAINTED BEADS BRACELET TO,22.5,6,1,2011-09-06,2011-09-06,1,6.0,fast_moving,8750231.849999994,2.524853563251278e-06,0.9819135140332136,C,,,,stable
90038B,GLASS AND PAINTED BEADS BRACELET OL,22.5,6,1,2011-03-07,2011-03-07,1,6.0,fast_moving,8750254.349999994,2.524853563251278e-06,0.9819160388867769,C,,,,
90038C,GLASS AND BEADS BRACELET IVORY,22.5,6,1,2011-03-07,2011-03-07,1,6.0,fast_moving,8750276.849999994,2.524853563251278e-06,0.9819185637403401,C,,,,
90039A,FIRE POLISHED GLASS BRACELET RED,22.5,6,1,2011-05-12,2011-05-12,1,6.0,fast_moving,8750299.349999994,2.524853563251278e-06,0.9819210885939034,C,,,,stable
90039B,FIRE POLISHED GLASS BRACELET MONTAN,22.5,6,1,2011-05-12,2011-05-12,1,6.0,fast_moving,8750321.849999994,2.524853563251278e-06,0.9819236134474666,C,,,,stable
90039C,FIRE POLISHED GLASS BRACELET BLACK,3.75,1,1,2011-02-09,2011-02-09,1,1.0,medium_moving,8750325.599999994,4.2080892720854633e-07,0.9819240342563939,C,,,,
90039D,FIRE POLISHED GLASS BRACELET GREEN,52.5,14,2,2011-05-12,2011-08-01,82,0.17,slow_moving,8750378.099999994,5.8913249809196485e-06,0.9819299255813748,C,High_risk,7.07,low,stable
90040A,MURANO STYLE GLASS BRACELET RED,21.0,6,2,2010-12-20,2011-03-07,78,0.08,slow_moving,8750399.099999994,2.3565299923678594e-06,0.9819322821113672,C,low_risk,0.0,low,
90040B,MURANO STYLE GLASS BRACELET BLACK,14.0,4,2,2010-12-20,2011-03-04,75,0.05,slow_moving,8750413.099999994,1.5710199949119063e-06,0.981933853131362,C,meduim_risk,1.41,low,
90040C,MURANO STYLE GLASS BRACELET GOLD,24.5,7,3,2011-03-07,2011-12-04,273,0.03,slow_moving,8750437.599999994,2.749284991095836e-06,0.9819366024163532,C,low_risk,1.15,low,stable
90042A,FRESHWATER PEARL BRACELET GOLD,7.6499999999999995,3,2,2010-12-15,2011-04-13,120,0.02,slow_moving,8750445.249999994,8.584502115054344e-07,0.9819374608665646,C,low_risk,0.71,low,stable
90058A,CRYSTAL STUD EARRINGS CLEAR DISPLAY,123.12,324,7,2011-05-05,2011-11-14,194,1.67,medium_moving,8750568.369999994,1.3815998698110993e-05,0.9819512768652627,C,meduim_risk,68.15,medium,stable
90058B,CRYSTAL STUD EARRINGS ASSORTED COL ,232.56,612,15,2010-12-14,2011-12-01,353,1.73,medium_moving,8750800.929999994,2.6096886429765208e-05,0.9819773737516926,C,meduim_risk,89.4,medium,stable
90059A,DIAMANTE HAIR GRIP PACK/2 CRYSTAL,9.899999999999999,6,1,2011-09-23,2011-09-23,1,6.0,fast_moving,8750810.829999994,1.1109355678305622e-06,0.9819784846872605,C,,,,stable
90059B,DIAMANTE HAIR GRIP PACK/2 BLACK DIA,14.85,9,3,2010-12-01,2011-11-07,342,0.03,slow_moving,8750825.679999994,1.6664033517458435e-06,0.9819801510906121,C,meduim_risk,2.65,low,stable
90059C,DIAMANTE HAIR GRIP PACK/2 MONTANA,13.2,8,3,2010-12-01,2011-11-07,342,0.02,slow_moving,8750838.879999993,1.481247423774083e-06,0.9819816323380358,C,High_risk,2.89,low,stable
90059D,DIAMANTE HAIR GRIP PACK/2 PERIDOT,9.899999999999999,6,1,2011-09-23,2011-09-23,1,6.0,fast_moving,8750848.779999994,1.1109355678305622e-06,0.9819827432736037,C,,,,stable
90059E,DIAMANTE HAIR GRIP PACK/2 RUBY,16.499999999999996,10,3,2010-12-01,2011-11-07,342,0.03,slow_moving,8750865.279999994,1.8515592797176033e-06,0.9819845948328834,C,meduim_risk,2.52,low,stable
90059F,DIAMANTE HAIR GRIP PACK/2 LT ROSE,14.85,9,3,2011-06-01,2011-11-07,160,0.06,slow_moving,8750880.129999993,1.6664033517458435e-06,0.9819862612362351,C,meduim_risk,2.65,low,stable
90060B,FIRE POLISHED GLASS NECKL GOLD,5.95,1,1,2010-12-15,2010-12-15,1,1.0,medium_moving,8750886.079999993,6.676834978375602e-07,0.9819869289197328,C,,,,
90060D,FIRE POLISHED GLASS NECKL BRONZE,17.85,3,3,2010-12-06,2010-12-15,10,0.3,slow_moving,8750903.929999992,2.0030504935126805e-06,0.9819889319702263,C,,,,
90063A,WHITE VINT ART DECO CRYSTAL NECKLAC,93.5,11,7,2011-02-11,2011-11-03,266,0.04,slow_moving,8750997.429999992,1.0492169251733089e-05,0.981999424139478,C,low_risk,0.75,low,stable
90063B,BLACK VINT ART DEC CRYSTAL NECKLACE,68.0,8,5,2011-02-11,2011-11-03,266,0.03,slow_moving,8751065.429999992,7.630668546714973e-06,0.9820070548080247,C,low_risk,0.55,low,stable
90064A,WHITE VINTAGE CRYSTAL EARRINGS,26.25,7,3,2011-02-11,2011-05-11,90,0.08,slow_moving,8751091.679999992,2.9456624904598242e-06,0.9820100004705152,C,low_risk,2.12,low,stable
90064B,BLACK VINTAGE  CRYSTAL EARRINGS,41.25,11,6,2011-02-11,2011-10-09,241,0.05,slow_moving,8751132.929999992,4.628898199294009e-06,0.9820146293687145,C,low_risk,1.3,low,stable
90065A,WHITE VINTAGE CRYSTAL BRACELET,54.0,8,3,2011-02-20,2011-06-26,127,0.06,slow_moving,8751186.929999992,6.059648551803067e-06,0.9820206890172664,C,low_risk,1.53,low,stable
90065B,BLACK VINT ART DEC CRYSTAL BRACELET,6.75,1,1,2011-11-09,2011-11-09,1,1.0,medium_moving,8751193.679999992,7.574560689753834e-07,0.9820214464733353,C,,,,stable
90067A,PINK VINTAGE VICTORIAN EARRINGS,29.500000000000004,10,3,2010-12-12,2011-11-15,339,0.03,slow_moving,8751223.179999992,3.3103635607072315e-06,0.982024756836896,C,meduim_risk,2.52,low,stable
90081A,LILY BROOCH AMETHYST COLOUR,74.25,15,8,2010-12-02,2011-12-07,371,0.04,slow_moving,8751297.429999992,8.332016758729217e-06,0.9820330888536547,C,low_risk,1.07,low,stable
90081C,LILY BROOCH OLIVE COLOUR,54.45,11,6,2010-12-10,2011-12-07,363,0.03,slow_moving,8751351.879999992,6.110145623068093e-06,0.9820391989992777,C,low_risk,1.1,low,stable
90082A,DIAMANTE BOW BROOCH GREEN COLOUR,133.35,21,10,2010-12-02,2011-12-07,371,0.06,slow_moving,8751485.229999991,1.4963965451535907e-05,0.9820541629647292,C,meduim_risk,2.77,low,stable
90082B,DIAMANTE BOW BROOCH RED COLOUR,171.45,27,10,2010-12-02,2011-12-07,371,0.07,slow_moving,8751656.67999999,1.9239384151974736e-05,0.9820734023488811,C,High_risk,6.19,low,stable
90082D,DIAMANTE BOW BROOCH BLACK COLOUR,50.8,8,4,2010-12-02,2011-11-27,361,0.02,slow_moving,8751707.479999991,5.700558267251774e-06,0.9820791029071484,C,High_risk,4.24,low,stable
90120B,BLUE MURANO TWIST BRACELET,85.0,20,5,2011-02-09,2011-11-17,282,0.07,slow_moving,8751792.479999991,9.538335683393716e-06,0.9820886412428318,C,meduim_risk,3.67,low,stable
90120C,GREEN MURANO TWIST BRACELET,131.75,31,7,2010-12-20,2011-11-17,333,0.09,slow_moving,8751924.229999991,1.478442030926026e-05,0.9821034256631411,C,low_risk,2.7,low,stable
90120D,WHITE MURANO TWIST BRACELET,8.5,2,2,2010-12-13,2011-02-09,59,0.03,slow_moving,8751932.729999991,9.538335683393717e-07,0.9821043794967095,C,low_risk,0.0,low,
90122A,PINK CRYSTAL+GLASS BRACELET,39.6,8,3,2011-01-09,2011-05-11,123,0.07,slow_moving,8751972.32999999,4.4437422713222495e-06,0.9821088232389807,C,High_risk,2.89,low,stable
90122B,JADE CRYSTAL+GLASS BRACELET,4.95,1,1,2011-02-09,2011-02-09,1,1.0,medium_moving,8751977.27999999,5.554677839152812e-07,0.9821093787067645,C,,,,
90122C,TURQUOISE CRYSTAL+GLASS BRACELET,84.15,17,5,2011-01-09,2011-10-09,274,0.06,slow_moving,8752061.42999999,9.44295232655978e-06,0.9821188216590911,C,meduim_risk,2.3,low,stable
90123A,PINK HEART OF GLASS BRACELET,83.3,14,8,2011-01-27,2011-08-01,187,0.07,slow_moving,8752144.729999991,9.347568969725842e-06,0.9821281692280609,C,low_risk,1.21,low,stable
90123B,TURQUOISE HEART OF GLASS BRACELET,47.6,8,4,2011-01-09,2011-08-01,205,0.04,slow_moving,8752192.32999999,5.3414679827004816e-06,0.9821335106960436,C,low_risk,0.82,low,stable
90123C,GREEN HEART OF GLASS BRACELET,77.35,13,5,2011-01-09,2011-08-01,205,0.06,slow_moving,8752269.67999999,8.679885471888281e-06,0.9821421905815154,C,low_risk,1.14,low,stable
90123D,WHITE HEART OF GLASS BRACELET,17.85,3,2,2011-01-27,2011-04-10,74,0.04,slow_moving,8752287.52999999,2.0030504935126805e-06,0.9821441936320089,C,low_risk,0.71,low,stable
90124A,PINK MURANO TWIST NECKLACE,59.699999999999996,6,4,2011-03-28,2011-10-30,217,0.03,slow_moving,8752347.22999999,6.699278121160057e-06,0.98215089291013,C,low_risk,1.0,low,stable
90124B,BLUE MURANO TWIST NECKLACE,39.8,4,3,2011-03-04,2011-05-25,83,0.05,slow_moving,8752387.02999999,4.4661854141067045e-06,0.9821553590955442,C,low_risk,0.0,low,stable
90124C,GREEN MURANO TWIST NECKLACE,69.64999999999999,7,4,2011-03-28,2011-10-23,210,0.03,slow_moving,8752456.67999999,7.815824474686733e-06,0.9821631749200189,C,low_risk,0.96,low,stable
90125A,PINK BERTIE GLASS BEAD BAG CHARM,93.89999999999999,109,6,2010-12-14,2011-05-26,164,0.66,slow_moving,8752550.57999999,1.0537055537301999e-05,0.9821737119755563,C,low_risk,21.08,medium,stable
90125B,AQUA BERTIE GLASS BEAD BAG CHARM,24.9,19,3,2011-01-14,2011-12-02,323,0.06,slow_moving,8752575.479999991,2.7941712766647475e-06,0.9821765061468329,C,meduim_risk,5.51,low,stable
90125C,TURQUOISE BERTIE GLASS BEAD CHARM,63.3,73,3,2011-01-25,2011-05-26,122,0.6,slow_moving,8752638.779999992,7.1032546912802615e-06,0.9821836094015244,C,low_risk,17.68,low,stable
90125D,PURPLE BERTIE GLASS BEAD BAG CHARM,65.39999999999999,74,5,2010-12-13,2011-05-26,165,0.45,slow_moving,8752704.179999992,7.338907690517047e-06,0.9821909483092149,C,meduim_risk,21.08,medium,stable
90125E,AMBER BERTIE GLASS BEAD BAG CHARM,2.1,1,1,2011-05-26,2011-05-26,1,1.0,medium_moving,8752706.279999992,2.3565299923678594e-07,0.982191183962214,C,,,,stable
90128B,BLUE LEAVES AND BEADS PHONE CHARM,1.25,1,1,2010-12-03,2010-12-03,1,1.0,medium_moving,8752707.529999992,1.4026964240284879e-07,0.9821913242318565,C,,,,
90129A,PINK GLASS TASSLE BAG CHARM ,20.650000000000002,7,3,2010-12-13,2011-06-26,196,0.04,slow_moving,8752728.179999992,2.317254492495062e-06,0.982193641486349,C,low_risk,0.71,low,stable
90129B,TURQUOISE GLASS TASSLE BAG CHARM ,61.95000000000001,21,6,2010-12-15,2011-12-07,358,0.06,slow_moving,8752790.129999992,6.951763477485186e-06,0.9822005932498264,C,meduim_risk,2.77,low,stable
90129C,GREEN GLASS TASSLE BAG CHARM,50.150000000000006,17,6,2010-12-15,2011-12-07,358,0.05,slow_moving,8752840.279999992,5.627618053202294e-06,0.9822062208678797,C,meduim_risk,2.7,low,stable
90129D,AMBER GLASS TASSLE BAG CHARM,23.6,8,2,2011-10-05,2011-10-19,15,0.53,slow_moving,8752863.879999992,2.648290848565785e-06,0.9822088691587282,C,,,,stable
90129E,PURPLE GLASS TASSLE BAG CHARM,17.700000000000003,6,1,2011-10-05,2011-10-05,1,6.0,fast_moving,8752881.57999999,1.986218136424339e-06,0.9822108553768646,C,,,,stable
90129F,RED GLASS TASSLE BAG CHARM,47.2,16,5,2010-12-01,2011-12-07,372,0.04,slow_moving,8752928.77999999,5.29658169713157e-06,0.9822161519585616,C,High_risk,3.35,low,stable
90130A,WHITE STONE/CRYSTAL EARRINGS,2.95,1,1,2011-11-24,2011-11-24,1,1.0,medium_moving,8752931.72999999,3.310363560707231e-07,0.9822164829949176,C,,,,stable
90130B,TURQ STONE/CRYSTAL EARRINGS,26.55,9,3,2011-05-08,2011-11-29,206,0.04,slow_moving,8752958.27999999,2.979327204636508e-06,0.9822194623221223,C,meduim_risk,2.65,low,stable
90141A,GREEN PENDANT TRIPLE SHELL NECKLACE,19.8,4,2,2011-03-04,2011-07-18,137,0.03,slow_moving,8752978.07999999,2.2218711356611247e-06,0.9822216841932581,C,meduim_risk,1.41,low,stable
90141B,IVORY PENDANT TRIPLE SHELL NECKLACE,29.700000000000003,6,2,2011-05-23,2011-07-18,57,0.11,slow_moving,8753007.77999999,3.3328067034916873e-06,0.9822250169999615,C,low_risk,0.0,low,stable
90141C,TURQ PENDANT TRIPLE SHELL NECKLACE,19.8,4,2,2011-03-04,2011-07-18,137,0.03,slow_moving,8753027.57999999,2.2218711356611247e-06,0.9822272388710972,C,meduim_risk,1.41,low,stable
90141D,ROSE PENDANT TRIPLE SHELL NECKLACE,14.850000000000001,3,1,2011-07-18,2011-07-18,1,3.0,medium_moving,8753042.42999999,1.6664033517458437e-06,0.982228905274449,C,,,,stable
90141E,ORANGE PENDANT TRIPLE SHELL NECKLAC,14.850000000000001,3,1,2011-07-18,2011-07-18,1,3.0,medium_moving,8753057.27999999,1.6664033517458437e-06,0.9822305716778006,C,,,,stable
90142D,MOP PENDANT SHELL NECKLACE,44.55,9,3,2011-04-10,2011-10-23,197,0.05,slow_moving,8753101.82999999,4.99921005523753e-06,0.982235570887856,C,low_risk,2.12,low,stable
90152A,SILVER/NAT SHELL NECKLACE W PENDANT,17.85,3,3,2011-02-14,2011-09-30,229,0.01,slow_moving,8753119.67999999,2.0030504935126805e-06,0.9822375739383494,C,low_risk,0.0,low,stable
90152B,BLUE/GREEN SHELL NECKLACE W PENDANT,5.95,1,1,2010-12-03,2010-12-03,1,1.0,medium_moving,8753125.62999999,6.676834978375602e-07,0.9822382416218471,C,,,,
90152C,BLUE/NAT SHELL NECKLACE W PENDANT,5.95,1,1,2011-02-14,2011-02-14,1,1.0,medium_moving,8753131.579999989,6.676834978375602e-07,0.9822389093053449,C,,,,
90160A,PURPLE BOUDICCA LARGE BRACELET,215.45000000000002,31,11,2010-12-12,2011-10-09,302,0.1,slow_moving,8753347.029999988,2.4176875564555015e-05,0.9822630861809094,C,meduim_risk,2.74,low,stable
90160B,RED BOUDICCA LARGE BRACELET,145.95000000000002,21,8,2010-12-12,2011-11-09,333,0.06,slow_moving,8753492.979999987,1.6377883446956624e-05,0.9822794640643563,C,meduim_risk,2.71,low,stable
90160C,TURQ+RED BOUDICCA LARGE BRACELET,284.95000000000005,41,16,2010-12-12,2011-11-17,341,0.12,slow_moving,8753777.929999987,3.197586768215341e-05,0.9823114399320383,C,meduim_risk,3.0,low,stable
90160D,PINK BOUDICCA LARGE BRACELET,222.4,32,9,2010-12-12,2011-11-17,341,0.09,slow_moving,8754000.329999987,2.4956774776314854e-05,0.9823363967068147,C,meduim_risk,3.78,low,stable
90161A,ANT COPPER RED BOUDICCA BRACELET,44.550000000000004,9,6,2010-12-17,2011-12-07,356,0.03,slow_moving,8754044.879999988,4.999210055237531e-06,0.98234139591687,C,low_risk,0.84,low,stable
90161B,ANT COPPER TURQ BOUDICCA BRACELET,222.75,45,12,2010-12-12,2011-12-07,361,0.12,slow_moving,8754267.629999988,2.499605027618765e-05,0.9823663919671461,C,meduim_risk,3.96,low,stable
90161C,ANT COPPER LIME BOUDICCA BRACELET,222.75,45,15,2010-12-15,2011-12-07,358,0.13,slow_moving,8754490.379999988,2.499605027618765e-05,0.9823913880174223,C,meduim_risk,4.33,low,stable
90161D,ANT COPPER PINK BOUDICCA BRACELET,153.45000000000002,31,9,2010-12-15,2011-12-07,358,0.09,slow_moving,8754643.829999987,1.721950130137372e-05,0.9824086075187236,C,low_risk,2.88,low,stable
90162A,ANT SILVER TURQUOISE BOUDICCA RING,17.700000000000003,6,1,2011-11-07,2011-11-07,1,6.0,fast_moving,8754661.529999986,1.986218136424339e-06,0.98241059373686,C,,,,stable
90162B,ANT SILVER LIME GREEN BOUDICCA RING,79.65,27,10,2010-12-05,2011-11-09,340,0.08,slow_moving,8754741.179999987,8.937981613909525e-06,0.982419531718474,C,High_risk,3.8,low,stable
90162C,ANT SILVER FUSCHIA BOUDICCA RING,41.300000000000004,14,7,2010-12-13,2011-10-30,322,0.04,slow_moving,8754782.479999987,4.634508984990124e-06,0.982424166227459,C,low_risk,0.84,low,stable
90162D,ANT SILVER PURPLE BOUDICCA RING,29.500000000000004,10,5,2010-12-05,2011-10-30,330,0.03,slow_moving,8754811.979999987,3.3103635607072315e-06,0.9824274765910197,C,low_risk,0.58,low,stable
90163A,PINK ROSEBUD & PEARL NECKLACE,30.0,4,2,2011-04-26,2011-11-08,197,0.02,slow_moving,8754841.979999987,3.3664714176683707e-06,0.9824308430624374,C,low_risk,0.0,low,stable
90163B,WHITE ROSEBUD & PEARL NECKLACE,15.0,2,1,2011-04-26,2011-04-26,1,2.0,medium_moving,8754856.979999987,1.6832357088341853e-06,0.9824325262981463,C,,,,stable
90164A,PINK ROSEBUD PEARL BRACELET,70.35,19,6,2011-03-28,2011-12-02,250,0.08,slow_moving,8754927.329999987,7.894375474432329e-06,0.9824404206736206,C,meduim_risk,2.49,low,stable
90164B,WHITE  ROSEBUD PEARL BRACELET,65.7,28,7,2011-04-26,2011-11-30,219,0.13,slow_moving,8754993.029999986,7.372572404693732e-06,0.9824477932460253,C,meduim_risk,8.74,low,stable
90165B,WHITE ROSEBUD  PEARL EARRINGS,2.55,1,1,2010-12-23,2010-12-23,1,1.0,medium_moving,8754995.579999987,2.861500705018115e-07,0.9824480793960958,C,,,,
90175A,WHITE GLASS CHUNKY CHARM BRACELET,80.55,9,8,2010-12-05,2011-06-05,183,0.05,slow_moving,8755076.129999988,9.038975756439574e-06,0.9824571183718523,C,High_risk,1.79,low,stable
90175C,BLUE GLASS CHUNKY CHARM BRACELET,80.55,9,6,2010-12-02,2011-11-17,351,0.03,slow_moving,8755156.679999989,9.038975756439574e-06,0.9824661573476089,C,low_risk,0.5,low,stable
90175D,TIGRIS EYE CHUNKY CHARM BRACELET,26.849999999999998,3,2,2010-12-07,2011-04-10,125,0.02,slow_moving,8755183.529999988,3.0129919188131913e-06,0.9824691703395276,C,low_risk,0.71,low,stable
90176A,CLASSIC DIAMANTE NECKLACE JET,15.0,2,1,2011-11-03,2011-11-03,1,2.0,medium_moving,8755198.529999988,1.6832357088341853e-06,0.9824708535752364,C,,,,stable
90176B,DIAMANTE NECKLACE BLACK ,15.0,2,1,2011-11-03,2011-11-03,1,2.0,medium_moving,8755213.529999988,1.6832357088341853e-06,0.9824725368109453,C,,,,stable
90176C,DIAMANTE NECKLACE,15.0,2,1,2011-08-22,2011-08-22,1,2.0,medium_moving,8755228.529999988,1.6832357088341853e-06,0.9824742200466542,C,,,,stable
90176D,DIAMANTE NECKLACE PURPLE,52.5,7,4,2011-06-26,2011-11-03,131,0.05,slow_moving,8755281.029999988,5.8913249809196485e-06,0.982480111371635,C,low_risk,0.5,low,stable
90176E,DIAMANTE NECKLACE GREEN,22.5,3,2,2011-08-22,2011-10-09,49,0.06,slow_moving,8755303.529999988,2.524853563251278e-06,0.9824826362251983,C,low_risk,0.71,low,stable
90177A,CLASSIC DIAMANTE EARRINGS JET,17.700000000000003,6,1,2011-09-23,2011-09-23,1,6.0,fast_moving,8755321.229999987,1.986218136424339e-06,0.9824846224433347,C,,,,stable
90177B,DROP DIAMANTE EARRINGS BLACK DIAMON,20.650000000000002,7,2,2010-12-17,2011-06-13,179,0.04,slow_moving,8755341.879999988,2.317254492495062e-06,0.9824869396978272,C,High_risk,3.54,low,stable
90177C,DROP DIAMANTE EARRINGS CRYSTAL,38.35000000000001,13,3,2010-12-02,2011-09-23,296,0.04,slow_moving,8755380.229999987,4.3034726289194015e-06,0.9824912431704561,C,meduim_risk,2.89,low,stable
90177D,DROP DIAMANTE EARRINGS PURPLE,50.150000000000006,17,6,2010-12-17,2011-10-09,297,0.06,slow_moving,8755430.379999988,5.627618053202294e-06,0.9824968707885093,C,meduim_risk,2.88,low,stable
90177E,DROP DIAMANTE EARRINGS GREEN,17.700000000000003,6,1,2011-09-23,2011-09-23,1,6.0,fast_moving,8755448.079999987,1.986218136424339e-06,0.9824988570066456,C,,,,stable
90178A,AMBER CHUNKY GLASS+BEAD NECKLACE,71.69999999999999,6,6,2010-12-02,2011-10-20,323,0.02,slow_moving,8755519.779999986,8.045866688227404e-06,0.9825069028733338,C,meduim_risk,1.73,low,stable
90178B,PURPLE CHUNKY GLASS+BEAD NECKLACE,11.95,1,1,2010-12-17,2010-12-17,1,1.0,medium_moving,8755531.729999986,1.3409777813712341e-06,0.9825082438511151,C,,,,
90179A,AMBER FINE BEAD NECKLACE W TASSEL,17.85,3,2,2010-12-15,2011-11-03,324,0.01,slow_moving,8755549.579999985,2.0030504935126805e-06,0.9825102469016086,C,low_risk,0.71,low,stable
90179C,BLACK FINE BEAD NECKLACE W TASSEL,5.95,1,1,2010-12-06,2010-12-06,1,1.0,medium_moving,8755555.529999984,6.676834978375602e-07,0.9825109145851063,C,,,,
90180A,BLACK+WHITE NECKLACE W TASSEL,87.35,13,5,2010-12-02,2011-10-23,326,0.04,slow_moving,8755642.879999984,9.802042611111071e-06,0.9825207166277173,C,meduim_risk,2.63,low,stable
90180B,PURPLE AMETHYST NECKLACE W TASSEL,29.849999999999998,3,3,2011-02-14,2011-12-04,294,0.01,slow_moving,8755672.729999984,3.3496390605800286e-06,0.9825240662667779,C,low_risk,0.0,low,stable
90181A,AMBER GLASS/SHELL/PEARL NECKLACE,8.95,1,1,2011-11-03,2011-11-03,1,1.0,medium_moving,8755681.679999983,1.0043306396043971e-06,0.9825250705974174,C,,,,stable
90182C,BLACK 3 BEAD DROP EARRINGS,17.700000000000003,6,1,2011-09-23,2011-09-23,1,6.0,fast_moving,8755699.379999982,1.986218136424339e-06,0.9825270568155537,C,,,,stable
90183A,AMBER DROP EARRINGS W LONG BEADS,59.00000000000001,20,5,2011-09-01,2011-12-07,98,0.2,slow_moving,8755758.379999982,6.620727121414463e-06,0.9825336775426752,C,High_risk,9.81,low,stable
90183C,BLACK DROP EARRINGS W LONG BEADS,2.95,1,1,2011-03-04,2011-03-04,1,1.0,medium_moving,8755761.329999981,3.310363560707231e-07,0.9825340085790312,C,,,,
90184A,AMBER CHUNKY BEAD BRACELET W STRAP,71.6,8,4,2010-12-08,2011-11-10,338,0.02,slow_moving,8755832.929999981,8.034645116835177e-06,0.982542043224148,C,meduim_risk,2.08,low,stable
90184B,AMETHYST CHUNKY BEAD BRACELET W STR,187.95,21,11,2010-12-08,2011-12-02,360,0.06,slow_moving,8756020.87999998,2.109094343169234e-05,0.9825631341675796,C,meduim_risk,2.2,low,stable
90184C,BLACK CHUNKY BEAD BRACELET W STRAP,98.44999999999999,11,7,2011-01-09,2011-11-10,306,0.04,slow_moving,8756119.32999998,1.1047637035648368e-05,0.9825741818046152,C,low_risk,1.3,low,stable
90185A,AMBER DIAMANTE EXPANDABLE RING,93.5,22,5,2010-12-15,2011-09-23,283,0.08,slow_moving,8756212.82999998,1.0492169251733089e-05,0.9825846739738668,C,meduim_risk,4.8,low,stable
90185B,AMETHYST DIAMANTE EXPANDABLE RING,55.25,13,3,2010-12-02,2011-09-23,296,0.04,slow_moving,8756268.07999998,6.199918194205916e-06,0.9825908738920611,C,meduim_risk,2.89,low,stable
90185C,BLACK DIAMANTE EXPANDABLE RING,89.25,21,5,2010-12-01,2011-09-23,297,0.07,slow_moving,8756357.32999998,1.0015252467563402e-05,0.9826008891445287,C,low_risk,4.58,low,stable
90185D,CRYSTAL DIAMANTE EXPANDABLE RING,136.0,32,8,2010-12-05,2011-04-27,144,0.22,slow_moving,8756493.32999998,1.5261337093429947e-05,0.9826161504816221,C,low_risk,2.83,low,stable
90186A,AMETHYST HOOP EARRING FLORAL LEAF,14.75,5,3,2010-12-02,2011-08-05,247,0.02,slow_moving,8756508.07999998,1.6551817803536155e-06,0.9826178056634024,C,low_risk,0.71,low,stable
90186B,CRYSTAL HOOP EARRING FLORAL LEAF,35.400000000000006,12,6,2010-12-12,2011-11-29,353,0.03,slow_moving,8756543.47999998,3.972436272848678e-06,0.9826217780996753,C,High_risk,4.0,low,stable
90187B,GREEN DROP EARRINGS W BEAD CLUSTER,13.4,4,1,2011-06-13,2011-06-13,1,4.0,fast_moving,8756556.87999998,1.5036905665585388e-06,0.9826232817902419,C,,,,stable
90189A,SILVER 2 STRAND NECKLACE-LEAF CHARM,15.0,2,2,2011-10-09,2011-11-18,41,0.05,slow_moving,8756571.87999998,1.6832357088341853e-06,0.9826249650259508,C,low_risk,0.0,low,stable
90190A,SILVER/CRYSTAL DROP EARRINGS W LEAF,17.700000000000003,6,1,2011-06-13,2011-06-13,1,6.0,fast_moving,8756589.57999998,1.986218136424339e-06,0.982626951244087,C,,,,stable
90190B,GOLD/AMBER DROP EARRINGS W LEAF,17.700000000000003,6,1,2011-06-13,2011-06-13,1,6.0,fast_moving,8756607.279999979,1.986218136424339e-06,0.9826289374622235,C,,,,stable
90190C,SILVER/AMETHYST DROP EARRINGS LEAF,14.75,5,4,2010-12-12,2011-11-29,353,0.01,slow_moving,8756622.029999979,1.6551817803536155e-06,0.9826305926440038,C,meduim_risk,1.15,low,stable
90195A,PURPLE GEMSTONE BRACELET,95.2,16,7,2010-12-02,2011-12-06,370,0.04,slow_moving,8756717.229999978,1.0682935965400963e-05,0.9826412755799692,C,meduim_risk,3.03,low,stable
90195B,BLACK GEMSTONE BRACELET,20.849999999999998,3,3,2010-12-02,2011-11-09,343,0.01,slow_moving,8756738.079999978,2.3396976352795173e-06,0.9826436152776044,C,low_risk,0.71,low,stable
90196A,PURPLE GEMSTONE NECKLACE 45CM,102.0,8,5,2010-12-02,2011-11-29,363,0.02,slow_moving,8756840.079999978,1.144600282007246e-05,0.9826550612804245,C,meduim_risk,2.08,low,stable
90196B,BLACK GEMSTONE NECKLACE 45CM,51.0,4,4,2010-12-03,2011-11-09,342,0.01,slow_moving,8756891.079999978,5.72300141003623e-06,0.9826607842818345,C,low_risk,0.0,low,stable
90197B,BLACK GLASS BRACELET W HEART CHARMS,14.850000000000001,3,1,2011-01-25,2011-01-25,1,3.0,medium_moving,8756905.929999977,1.6664033517458437e-06,0.9826624506851862,C,,,,
90198A,VINTAGE ROSE BEAD BRACELET RASPBERR,144.5,34,10,2010-12-17,2011-11-17,336,0.1,slow_moving,8757050.429999977,1.621517066176932e-05,0.982678665855848,C,low_risk,2.71,low,stable
90198B,VINTAGE ROSE BEAD BRACELET BLACK,127.5,30,11,2010-12-03,2011-12-04,367,0.08,slow_moving,8757177.929999977,1.4307503525090576e-05,0.982692973359373,C,meduim_risk,2.71,low,stable
90199A,5 STRAND GLASS NECKLACE BLACK,50.8,8,3,2010-12-02,2011-11-03,337,0.02,slow_moving,8757228.729999978,5.700558267251774e-06,0.9826986739176403,C,low_risk,1.15,low,stable
90199B,5 STRAND GLASS NECKLACE AMETHYST,12.7,2,1,2011-11-03,2011-11-03,1,2.0,medium_moving,8757241.429999977,1.4251395668129436e-06,0.9827000990572071,C,,,,stable
90199C,5 STRAND GLASS NECKLACE CRYSTAL,107.94999999999999,17,7,2010-12-01,2011-11-08,343,0.05,slow_moving,8757349.379999977,1.2113686317910019e-05,0.9827122127435249,C,low_risk,1.95,low,stable
90199D,5 STRAND GLASS NECKLACE AMBER,12.7,2,2,2010-12-17,2011-10-09,297,0.01,slow_moving,8757362.079999976,1.4251395668129436e-06,0.9827136378830916,C,low_risk,0.0,low,stable
90200A,PURPLE SWEETHEART BRACELET,174.25,41,16,2010-12-01,2011-12-07,372,0.11,slow_moving,8757536.329999976,1.955358815095712e-05,0.9827331914712426,C,High_risk,4.5,low,stable
90200B,BLACK SWEETHEART BRACELET,284.75,67,24,2010-12-01,2011-12-07,372,0.18,slow_moving,8757821.079999976,3.195342453936895e-05,0.9827651448957819,C,low_risk,3.96,low,stable
90200C,BLUE SWEETHEART BRACELET,85.0,20,6,2010-12-01,2011-02-09,71,0.28,slow_moving,8757906.079999976,9.538335683393716e-06,0.9827746832314653,C,High_risk,11.31,low,
90200D,PINK SWEETHEART BRACELET,408.75,99,24,2010-12-01,2011-12-07,372,0.27,slow_moving,8758314.829999976,4.586817306573155e-05,0.9828205514045311,C,High_risk,9.63,low,stable
90200E,GREEN SWEETHEART BRACELET,311.0,76,18,2010-12-05,2011-12-07,368,0.21,slow_moving,8758625.829999976,3.489908702982878e-05,0.9828554504915609,C,High_risk,8.31,low,stable
90201A,PURPLE ENAMEL FLOWER RING,138.65,47,11,2011-04-27,2011-10-20,177,0.27,slow_moving,8758764.479999976,1.5558708735323988e-05,0.9828710092002962,C,High_risk,9.24,low,stable
90201B,BLACK ENAMEL FLOWER RING,188.8,64,10,2011-03-16,2011-12-04,264,0.24,slow_moving,8758953.279999977,2.118632678852628e-05,0.9828921955270848,C,meduim_risk,7.36,low,stable
90201C,RED ENAMEL FLOWER RING,153.4,52,12,2011-04-27,2011-10-05,162,0.32,slow_moving,8759106.679999977,1.7213890515677603e-05,0.9829094094176006,C,low_risk,6.47,low,stable
90201D,GREEN ENAMEL FLOWER RING,135.70000000000002,46,9,2011-04-27,2011-10-05,162,0.28,slow_moving,8759242.379999977,1.5227672379253264e-05,0.9829246370899798,C,High_risk,9.91,low,stable
90202A,PURPLE ENAMEL FLOWER HAIR TIE,17.700000000000003,6,1,2011-09-23,2011-09-23,1,6.0,fast_moving,8759260.079999976,1.986218136424339e-06,0.9829266233081161,C,,,,stable
90202B,WHITE ENAMEL FLOWER HAIR TIE,20.650000000000002,7,2,2011-02-09,2011-09-23,227,0.03,slow_moving,8759280.729999976,2.317254492495062e-06,0.9829289405626087,C,High_risk,3.54,low,stable
90202C,GREEN ENAMEL FLOWER HAIR TIE,20.650000000000002,7,2,2011-02-09,2011-09-23,227,0.03,slow_moving,8759301.379999977,2.317254492495062e-06,0.9829312578171012,C,High_risk,3.54,low,stable
90202D,PINK ENAMEL FLOWER HAIR TIE,35.400000000000006,12,2,2011-05-19,2011-09-23,128,0.09,slow_moving,8759336.779999977,3.972436272848678e-06,0.982935230253374,C,low_risk,0.0,low,stable
90205A,LARGE MINT DIAMANTE HAIRSLIDE,26.4,16,6,2011-07-07,2011-11-02,119,0.13,slow_moving,8759363.179999977,2.962494847548166e-06,0.9829381927482217,C,meduim_risk,3.56,low,stable
90205C,LARGE CRYSTAL DIAMANTE HAIRSLIDE,9.899999999999999,6,3,2011-07-07,2011-09-23,79,0.08,slow_moving,8759373.079999978,1.1109355678305622e-06,0.9829393036837896,C,meduim_risk,1.73,low,stable
90206A,GOLD DIAMANTE STAR BROOCH,29.700000000000003,6,3,2011-06-02,2011-11-27,179,0.03,slow_moving,8759402.779999977,3.3328067034916873e-06,0.982942636490493,C,low_risk,1.0,low,stable
90206C,CRYSTAL DIAMANTE STAR BROOCH,64.35000000000001,13,7,2011-06-02,2011-11-29,181,0.07,slow_moving,8759467.129999977,7.221081190898656e-06,0.9829498575716838,C,low_risk,2.52,low,stable
90209A,PURPLE ENAMEL+GLASS HAIR COMB,163.8,84,4,2011-08-05,2011-11-04,92,0.91,medium_moving,8759630.929999977,1.8380933940469303e-05,0.9829682385056244,C,meduim_risk,19.08,low,stable
90209B,GREEN ENAMEL+GLASS HAIR COMB,191.1,105,11,2011-02-22,2011-10-02,223,0.47,slow_moving,8759822.029999977,2.144442293054752e-05,0.9829896829285549,C,High_risk,25.12,medium,stable
90209C,PINK ENAMEL+GLASS HAIR COMB,413.7,231,12,2010-12-16,2011-10-02,291,0.79,slow_moving,8760235.729999976,4.6423640849646826e-05,0.9830361065694044,C,High_risk,53.12,medium,stable
90210A,GREY ACRYLIC FACETED BANGLE,35.9,26,3,2010-12-13,2011-01-13,32,0.81,slow_moving,8760271.629999977,4.028544129809817e-06,0.9830401351135343,C,High_risk,15.56,low,
90210B,CLEAR ACRYLIC FACETED BANGLE,58.6,40,6,2010-12-01,2011-12-08,373,0.11,slow_moving,8760330.229999976,6.5758408358455504e-06,0.9830467109543701,C,low_risk,3.27,low,stable
90210C,RED   ACRYLIC FACETED BANGLE,115.9,94,5,2010-12-13,2011-12-08,361,0.26,slow_moving,8760446.129999977,1.3005801243592138e-05,0.9830597167556138,C,High_risk,36.35,medium,stable
90210D,PURPLE ACRYLIC FACETED BANGLE,125.0,104,5,2010-12-13,2011-11-10,333,0.31,slow_moving,8760571.129999977,1.4026964240284878e-05,0.983073743719854,C,High_risk,42.72,medium,stable
90211A,DIAMOND LAS VEGAS NECKLACE 45CM,29.75,5,3,2011-08-25,2011-11-23,91,0.05,slow_moving,8760600.879999977,3.3384174891878007e-06,0.9830770821373432,C,low_risk,0.71,low,stable
90211B,JET BLACK LAS VEGAS NECKLACE 45CM,23.8,4,2,2010-12-09,2011-11-03,330,0.01,slow_moving,8760624.679999977,2.6707339913502408e-06,0.9830797528713346,C,low_risk,0.0,low,stable
90212B,JET BLACK LAS VEGAS BRACELET ROUND,11.25,3,1,2010-12-08,2010-12-08,1,3.0,medium_moving,8760635.929999977,1.262426781625639e-06,0.9830810152981163,C,,,,
90212C,PURPLE LAS VEGAS BRACELET ROUND,22.5,6,2,2010-12-08,2011-09-06,273,0.02,slow_moving,8760658.429999977,2.524853563251278e-06,0.9830835401516795,C,low_risk,0.0,low,stable
90214A,"LETTER ""A"" BLING KEY RING",55.71,63,14,2011-02-23,2011-12-08,289,0.22,slow_moving,8760714.139999978,6.251537422610164e-06,0.9830897916891023,C,High_risk,8.49,low,stable
90214B,"LETTER ""B"" BLING KEY RING",4.7299999999999995,13,2,2010-12-08,2011-12-05,363,0.04,slow_moving,8760718.869999979,5.307803268523797e-07,0.9830903224694292,C,High_risk,7.78,low,stable
90214C,"LETTER ""C"" BLING KEY RING",40.04,52,9,2010-12-08,2011-12-08,366,0.14,slow_moving,8760758.909999978,4.493117185448052e-06,0.9830948155866145,C,High_risk,11.15,low,stable
90214D,"LETTER ""D"" BLING KEY RING",25.71,39,7,2010-12-20,2011-12-08,354,0.11,slow_moving,8760784.619999979,2.8850660049417935e-06,0.9830977006526195,C,High_risk,8.92,low,stable
90214E,"LETTER ""E"" BLING KEY RING",27.25,41,8,2011-06-07,2011-12-08,185,0.22,slow_moving,8760811.869999979,3.0578782043821035e-06,0.9831007585308239,C,High_risk,9.98,low,stable
90214F,"LETTER ""F"" BLING KEY RING",3.7699999999999996,13,2,2011-12-05,2011-12-07,3,4.33,fast_moving,8760815.639999978,4.230532414869919e-07,0.9831011815840653,C,,,,stable
90214G,"LETTER ""G"" BLING KEY RING",18.5,34,7,2011-01-23,2011-12-07,319,0.11,slow_moving,8760834.139999978,2.0759907075621618e-06,0.9831032575747729,C,High_risk,10.4,low,stable
90214H,"LETTER ""H"" BLING KEY RING",15.02,22,6,2011-06-09,2011-12-07,182,0.12,slow_moving,8760849.159999978,1.6854800231126309e-06,0.983104943054796,C,meduim_risk,5.51,low,stable
90214I,"LETTER ""I"" BLING KEY RING",18.77,25,3,2011-07-13,2011-12-08,149,0.17,slow_moving,8760867.929999977,2.106288950321177e-06,0.9831070493437463,C,low_risk,0.71,low,stable
90214J,"LETTER ""J"" BLING KEY RING",17.23,23,5,2010-12-01,2011-12-05,370,0.06,slow_moving,8760885.159999978,1.9334767508808676e-06,0.9831089828204972,C,meduim_risk,4.5,low,stable
90214K,"LETTER ""K"" BLING KEY RING",34.75,47,12,2010-12-08,2011-12-08,366,0.13,slow_moving,8760919.909999978,3.899496058799196e-06,0.9831128823165559,C,High_risk,8.24,low,stable
90214L,"LETTER ""L"" BLING KEY RING",29.189999999999998,51,5,2011-06-09,2011-12-08,183,0.28,slow_moving,8760949.099999977,3.275576689391324e-06,0.9831161578932452,C,High_risk,16.28,low,stable
90214M,"LETTER ""M"" BLING KEY RING",22.23,27,5,2010-12-01,2011-12-05,370,0.07,slow_moving,8760971.329999978,2.4945553204922624e-06,0.9831186524485659,C,meduim_risk,4.57,low,stable
90214N,"LETTER ""N"" BLING KEY RING",10.02,18,5,2011-06-09,2011-12-08,183,0.1,slow_moving,8760981.349999977,1.1244014535012356e-06,0.9831197768500193,C,High_risk,5.69,low,stable
90214O,"LETTER ""O"" BLING KEY RING",3.4799999999999995,12,1,2011-12-05,2011-12-05,1,12.0,fast_moving,8760984.829999978,3.9051068444953093e-07,0.9831201673607037,C,,,,stable
90214P,"LETTER ""P"" BLING KEY RING",10.999999999999998,28,6,2011-03-07,2011-12-08,277,0.1,slow_moving,8760995.829999978,1.234372853145069e-06,0.9831214017335569,C,High_risk,12.0,low,stable
90214R,"LETTER ""R"" BLING KEY RING",6.27,15,4,2011-01-19,2011-12-08,324,0.05,slow_moving,8761002.099999977,7.035925262926894e-07,0.9831221053260831,C,High_risk,6.93,low,stable
90214S,"LETTER ""S"" BLING KEY RING",26.0,40,6,2010-12-01,2011-12-08,373,0.11,slow_moving,8761028.099999977,2.9176085619792546e-06,0.9831250229346451,C,meduim_risk,11.06,low,stable
90214T,"LETTER ""T"" BLING KEY RING",3.4799999999999995,12,1,2011-12-05,2011-12-05,1,12.0,fast_moving,8761031.579999978,3.9051068444953093e-07,0.9831254134453297,C,,,,stable
90214U,"LETTER ""U"" BLING KEY RING",3.4799999999999995,12,1,2011-12-05,2011-12-05,1,12.0,fast_moving,8761035.059999978,3.9051068444953093e-07,0.9831258039560141,C,,,,stable
90214V,"LETTER ""V"" BLING KEY RING",5.9799999999999995,14,3,2010-12-01,2011-12-05,370,0.04,slow_moving,8761041.039999979,6.710499692552285e-07,0.9831264750059835,C,High_risk,6.35,low,stable
90214W,"LETTER ""W"" BLING KEY RING",3.4799999999999995,12,1,2011-12-05,2011-12-05,1,12.0,fast_moving,8761044.519999979,3.9051068444953093e-07,0.983126865516668,C,,,,stable
90214Y,"LETTER ""Y"" BLING KEY RING",18.65,61,3,2011-05-17,2011-12-06,204,0.3,slow_moving,8761063.16999998,2.0928230646505034e-06,0.9831289583397327,C,High_risk,41.72,medium,stable
90214Z,"LETTER ""Z"" BLING KEY RING",3.4799999999999995,12,1,2011-12-05,2011-12-05,1,12.0,fast_moving,8761066.64999998,3.9051068444953093e-07,0.9831293488504171,C,,,,stable
BANK CHARGES,Bank Charges,165.001,12,11,2010-12-02,2011-12-07,371,0.03,slow_moving,8761231.65099998,1.851570501288996e-05,0.98314786455543,C,low_risk,0.76,low,stable
C2,CARRIAGE,6686.0,134,133,2010-12-01,2011-12-05,370,0.36,slow_moving,8767917.65099998,0.0007502742632843575,0.9838981388187145,C,low_risk,5.59,low,stable
DOT,DOTCOM POSTAGE,11906.36,16,16,2011-08-30,2011-12-05,98,0.16,slow_moving,8779824.01099998,0.0013360806876156661,0.9852342195063301,C,low_risk,2.05,low,stable
M,Manual,53779.93,7173,253,2010-12-01,2011-12-08,373,19.23,fast_moving,8833603.94099998,0.006034953239640191,0.9912691727459702,C,High_risk,1070.65,high,stable
PADS,PADS TO MATCH ALL CUSHIONS,0.003,3,3,2011-04-15,2011-09-25,164,0.02,slow_moving,8833603.94399998,3.3664714176683706e-10,0.9912691730826174,C,low_risk,0.0,low,stable
POST,POSTAGE,77803.96,3120,1099,2010-12-01,2011-12-09,374,8.34,fast_moving,8911407.90399998,0.008730826917380441,0.9999999999999979,C,low_risk,88.22,medium,stable
