name,price,old_price,discount
Refurbished HP Probook 640 Core I5 8GB Ram 500GB HDD 14 Plus Bag and Mouse-Black,"UGX 559,000","UGX 1,400,000",60%
Latitude 11'' Inch 3180/3190 4GB RAM 128GB SSD Refurbished - Grey/Black Grade A,"UGX 349,000","UGX 700,000",50%
"Hp Refurbished Probook TouchScreen X360 Intel 4GB RAM 128GB SSD 11.6""-Grey (Grade A)","UGX 440,000","UGX 980,019",55%
"Travelmate 12 Inch Laptop 4GB RAM 128GB SSD, Intel (Refurbished) - Black Grade A","UGX 356,400","UGX 800,000",55%
"Elitebook 820(12.5-inch,Core I5,8GB RAM,500 GB,Refurbished) Free Mouse & Bag- Black Grade A","UGX 579,000","UGX 1,320,017",56%
"HP Certified Refurbished 14"" EliteBook 840 Core i5, 8GB RAM, 500GB HDD  - Silver","UGX 554,000","UGX 1,100,000",50%
" Renewed 12.5"" EliteBook 820,Core I5 8GB Ram,500GB HDD- Black Refurbished  Grade A","UGX 530,000","UGX 1,390,000",62%
"Refurbished Elitebook 820 Core i5 8GB RAM 500GBHDD 12"", Black( 6MTHS WRTY ) Grade A","UGX 548,980","UGX 1,349,987",59%
"Hp Intel Core i7, Touchscreen, 16GB RAM, 512GB SSD","UGX 3,333,000","UGX 4,000,000",17%
"Refurbished Surface Pro 7 Plus Laptop i5 11th Gen Ram 8GB Storage 256GB SSD 12.3"" Touchscreen Detachable Keyboard Win 11 Black","UGX 2,327,500","UGX 4,000,000",42%
"Refurbished Surface Pro 7 Plus Laptop i5 11th Gen Ram 8GB Storage 512GB SSD 12.3"" Touchscreen Detachable Keyboard Win 11 Black","UGX 2,517,500","UGX 5,000,000",50%
"Refurbished Surface Pro 7 Plus Laptop i5 11th Gen Ram 8GB Storage 256GB SSD 12.3"" Touchscreen Detachable Keyboard and Stylus pen Win 11 Black","UGX 2,422,500","UGX 4,500,000",46%
"Travelmate,Intel Celeron.4GB RAM 64GB SSD, 12Inches - Black-Refurbished","UGX 319,000","UGX 650,000",51%
"Hp Stream Probook G2/G3  11'6  Inch Mini Laptop, Celeron, 4GB Ram 64GB SSD – Black- Renewed","UGX 329,000","UGX 610,000",46%
"Hp Elite Book 840, Intel Core i5,8GB Ram, 500GB Hdd - Silver & Black","UGX 579,000","UGX 1,790,019",68%
"HP ProBook 640 (Refurbished), Intel, 8GB RAM, 500GB HDD, 14-inches - Black (6months warranty)","UGX 487,900","UGX 900,000",46%
"Hp Probook G4/G5  11'6  Inch Mini Laptop, Celeron, 4GB Ram 64GB SSD – Grey- Renewed","UGX 329,000","UGX 590,000",44%
Refurbished ProBook 640 Intel 8gb RAM 500Hdd 14 Inches. - Black Plus FREE MOUSE (6months Warranty),"UGX 489,000","UGX 1,000,000",51%
Hp Elitebook 840 Intel Core i5- 8GB RAM-500GB HARD DISC - Black,"UGX 579,000","UGX 990,008",42%
Lenovo 100e Storage 64GB SSD EMMC / 4GB RAM WiFi - HDMI - Camera - Bluetooth Refurb (6 Months WRTY) Small & Slim - Black.,"UGX 299,800","UGX 780,000",62%
"Acer RENEWED Travelmate,Intel Celeron.4GB RAM 64GB SSD, 12Inches - Black","UGX 319,000","UGX 650,000",51%
"HP EliteBook 840, Core i5, 16GB Ram, 500GB Hdd Plus Free Bag And Mouse - Refurbished - Black","UGX 649,900","UGX 1,300,000",50%
"Hp Renewed EliteBook 820 12.5'' Core I5, 12GB Ram,1TB HDD , plus bag and mouse - Black","UGX 779,900","UGX 1,500,000",48%
"Refurbished ProBook 11 G2 Mini Laptop, 11'6 Core, 4gb Ram 64GB SSD – Grey","UGX 329,000","UGX 689,000",52%
"Travelmate Mini Laptop,Intel Celeron.4GB RAM 64GB SSD, 12Inches - Black-Refurbished","UGX 319,000","UGX 690,000",54%
"HP Probook 640 (Refurbished , Intel Core i5, 8GB RAM, 500GB HDD, 14-inches - Black Plus USB Flash Drive","UGX 529,000","UGX 1,500,000",65%
"Hp Stream Pro G2  11'6  Inch Mini Laptop, Celeron, 4GB Ram 64GB SSD – Grey- Renewed","UGX 329,000","UGX 700,000",53%
"Think pad Yoga Touchscreen 11.6"",Intel Celeron/Pentium, 128GB,4GB Black, Refurbished","UGX 399,000","UGX 1,090,017",63%
Renewed ProBook 640 Intel 8gb RAM 500Hdd 14 inches. Grade A+ Black(6months warranty),"UGX 499,000","UGX 950,000",47%
"Mini Laptop,Intel Celeron.4GB RAM 64GB SSD, 12Inches - Black-Refurbished","UGX 319,000","UGX 660,000",52%
"Hp  EliteBook  Core I5 8th Gen, 8GB Ram, 256GB SSD, - Silver (6MTHS WRTY) Renewed Grade A","UGX 999,000","UGX 1,700,000",41%
"Elitebook 8460P, Intel Core I5,8GB RAM,500GB HDD,14"" Aluminium Body-Refurbished","UGX 469,000","UGX 899,000",48%
"12Inches Touch Screen,Travelmate.4GB RAM 128GB SSD, 4Hrs Battery- - Black,Refurbished ","UGX 359,000","UGX 650,000",45%
"DELL Latitude 3380-Business Laptop, Intel Core i3, 13.3""- 6th/7th Gen, 8GB RAM, 500GB HDD Renewed (With a Free Laptop Bag) - Grey","UGX 555,000","UGX 940,000",41%
"Lenovo Referburished Thinkpad X270/X260 Laptop, Intel Core i5  , 8GB RAM, 256GB SSD- BLACK","UGX 639,000","UGX 1,500,000",57%
EliteBook  G3 Intel Core i7 6th Gen 8GB RAM 256GB SSD 14 Inches HD Display-Refurbished-Silver Windows 11,"UGX 890,000","UGX 1,800,000",51%
"EliteBook 14'' Intel Core I5, 16GB PC3L RAM, 500GB HDD  - Refurbished - Black","UGX 609,000","UGX 1,359,909",55%
"Refurbished Probook Touch Screen X360,Intel,4GB RAM,128GB SSD, 11.6-Grey (Grade A)","UGX 440,000","UGX 800,000",45%
"Refurbished 3189/3190,Pentium/Celeron ,4GB RAM,128GB SSD,11"" Touch With Mouse, Pouch & Foam Cleaner - Grey (6MTHS WRTY)","UGX 499,900","UGX 1,290,006",61%
Hp EliteBook 1030/830 X360 i5-8th Generation Touchscreen 2 in 1 Laptop 8GB RAM 256GB SSD 13.3 Inch(Renewed) - Silver Grade A,"UGX 2,500,000",,
"Flip E205, 2 in (Tablet and laptop) 11.6-inch Touchscreen x360, Pentium 4GB,128GB Storage, (64GB SSD Plus 64GB SD Card), Dark Blue,Refurbished","UGX 399,000","UGX 699,000",43%
Refurbished probook  G1 Touchscreen screen X360. Intel/celeron 4GB RAM  128GB SSD 11.6 inch plus  a pouch - grey,"UGX 485,000","UGX 900,000",46%
"Refurbished ThinkPad 11e 4GBRAM 128GB SSD 11.6"" Plus Free Mouse-Black (Grade A)","UGX 350,000","UGX 650,000",46%
Refurbished  Probook 640 Core I5 8GB Ram 500GB HDD 14 Plus Mouse-Black,"UGX 525,000","UGX 1,400,000",63%
"Nec VersaPro , Intel Core i5 8th Generation,8GB RAM,128GB SSD,12.5""Windows 11 Pro-Black,Refurished","UGX 579,000","UGX 1,020,000",43%
"X260/X270 Core I5 6th Gen 8GB Ram, 256GB SSD (Renewed ) - Black","UGX 599,000","UGX 1,099,000",45%
"Hp Elitebook 840 G5 14"" Core I5 , 8GB DDR4 Ram, 256GB SSD,Windows 11,Renewed – Silver","UGX 1,090,000","UGX 1,699,000",36%
"DELL Latitude 3380 business laptop, 13.3in HD Display, Intel Core i3-6006U, 8GB DDR4, 500GB, Webcam, Windows 11 Pro (Renewed)","UGX 550,000","UGX 950,000",42%
"DELL 3140 Mini Laptop, Intel Pentium, 4GB Ram, 192 GB SSD 11.6”, Renewed (3 Months Warranty)-Grey","UGX 389,000","UGX 799,988",51%
"Acer Travelmate x360 Spin Mini Laptop,Touch Screen,4GB RAM,128GB SSD,11.6 Inch","UGX 469,000","UGX 999,000",53%
"Nec VersaPro Slim Laptop, Intel Core i5 8th Generation,8GB RAM,128GB SSD,12.5"" Windows 11 Pro-Black,Refurished","UGX 589,000","UGX 1,100,000",46%
"Mini Laptop,Intel Celeron.4GB RAM 64GB SSD, 12Inches - Black-Refurbished","UGX 319,000","UGX 660,000",52%
"Certified (Refurbished) 14"" EliteBook 840 Core I5, 16GB RAM, 500GB HDD - Silver","UGX 629,000","UGX 1,899,900",67%
Touchmate Touch mate Intel Celeron N4000 8GB RAM And 256GB SSD Brand New -Black with  Afree Bag ,"UGX 855,000","UGX 1,500,000",43%
"Hp Stream Pro G2  11'6  Inch Mini Laptop, Celeron, 4GB Ram 64GB SSD – Grey- Renewed","UGX 650,000",,
" Elitebook 840 G5/G6 14-inch FHD (1920x1080) Business Laptop Intel Core I5, 8GB RAM, 256GB SSD , Windows 11 Pro- Refurbished Grade A","UGX 1,500,000",,
"Hp Stream Pro G4  11'6  Inch Mini Laptop, Celeron, 4GB Ram 64GB SSD – Grey- Renewed","UGX 329,000","UGX 550,000",40%
"Hp EliteBook X360 830  Core i5 8GB 256GB SSD Touchscreen- Notebook 13.3""-Silver-(Renewed)Grade A+","UGX 1,290,000","UGX 1,650,000",22%
"Think pad Yoga 11e Touchscreen 11.6"",Intel Celeron 500GB,HDD, 4GB Ram -Black(6MTHS WRTY), Refurbished","UGX 470,000","UGX 999,986",53%
"HP EliteBook 840, Core i5, 16GB Ram, 500GB Storage Refurbished -Black (6MNTHS WRNTY)","UGX 627,500","UGX 1,300,000",52%
"RENEWED Certified Refurbished 14"" EliteBook 840 Core i5, 8GB RAM, 500GB HDD - Black","UGX 568,000","UGX 1,000,000",43%
"Refurbished EliteBook 820 (12.5-inch,Core I7, 8GB RAM,1TB , PLUS FREE MOUSE PAD, MOUSE & BAG -Black (6MTHS WRTY) Grade A","UGX 799,900","UGX 1,500,000",47%
"Acer Mini Intel Celeron 4GB RAM 128GB Storage, 12 Inches Screen- Black(Renewed)","UGX 359,000","UGX 899,000",60%
DELL  Latitude 11'' Inch 3180/3190 128GB SSD/4GB RAM -Dark Grey/ Black,"UGX 435,000","UGX 830,000",48%
Refurbished Probook 640 core i5 8GB RAM  500GB HDD.GRADE  A+ (Refurbished). Black(6months warranty),"UGX 499,500","UGX 800,000",38%
"Travelmate,Intel Celeron.4GB RAM 64GB SSD, 12Inches - Black-Refurbished","UGX 319,000","UGX 670,000",52%
"820 , Intel Core I5  8GB RAM, 500 GB HDD With 3-5hrs Battery Slim Laptop Windows 10 -Black(Refurbished) Grade A","UGX 550,000","UGX 1,150,000",52%
"X260/X270 Core I5 6th Gen 8GB Ram, 256GB SSD Plus Free Bag(Renewed ) - Black","UGX 649,000","UGX 1,199,000",46%
"Travelmate Mini Laptop,Intel Duo Core, 4GB RAM 64GB SSD, 12Inches - Black-Refurbished","UGX 319,000","UGX 630,000",49%
"Thinkpad 100e 4th Gen 11.6"" 4GB RAM,128GB SSD (64 ssd +64 Memory Card),Rugged & Spill Resistant Mini Refurbished Laptop","UGX 338,000","UGX 550,000",39%
"Elite Book 840, Core I5, 16GB Ram, 1TB Storage Free Bag And Mouse - Refurbished (Grade A+) - Black (6MTHS WRTY","UGX 759,000","UGX 1,099,000",31%
"Acer Mini Laptop.4GB RAM 128GB SSD, 12Inches Plus Free Laptop Sleeve - Black(Renewed)","UGX 349,000","UGX 809,000",57%
"Flip E205, 2 in 1 (Tablet and laptop) 11.6-inch Touchscreen x360, Pentium 4GB,128GB Storage, (64GB SSD Plus 64GB SD Card), Dark Blue,Refurbished","UGX 399,000","UGX 7,000,000",94%
"Hp Victus Gaming 16 Laptop – Intel Core i7 13th Gen 2.40GHz, 16GB DDR5 RAM, 1TB SSD, 8GB RTX Graphics, 16.1"" FHD Display, Backlit Keyboard, Bang & Olufsen Audio, Windows 11 – Black","UGX 4,450,000","UGX 5,000,000",11%
"Acer Travelmate Spin Mini Laptop ,2 in 1, Touch Screen,4GB RAM,128GB SSD,11.6 Inch","UGX 469,000","UGX 845,000",44%
"Refurbished Travelmate B series 4GB RAM,64GB SSD-Black","UGX 319,000","UGX 689,982",54%
"Hp Stream Probook G2/G3  11'6  Inch Mini Laptop, Celeron, 4GB Ram 64GB SSD – Black- Renewed","UGX 329,000","UGX 600,000",45%
"Elitebook 840 Core I5,16GB RAM,750GB,14""Plus Free Bag and Mouse,Refurbished - Black(6MONTHS WARRANTY)","UGX 659,000","UGX 1,089,995",40%
"ThinkPad X1 Carbon 8th Gen Intel Core i7 Slim & Light Laptop, 16GB RAM 512GB SSD (Renewed) -Black (Grade A)","UGX 1,699,000","UGX 2,000,000",15%
Renewed HP probook 640 core i5  8GB RAM  500GB  HDD GRADE A+ Plus Free Bag and foam cleaner. (6months Warranty),"UGX 569,900","UGX 1,100,000",48%
"Latitude 3140 Business Mini Laptop, 4GB Ram, 192 GB SSD 11.6”, Windows 11 Pro,Renewed (3 Months Warranty)-Grey","UGX 389,000","UGX 690,000",44%
"Lenovo Refurbished ThinkPad 11e 4GBRAM 128GB SSD 11.6"" Plus Free Flash-Disk-Black (Grade A)","UGX 360,000","UGX 650,000",45%
Probook G1 Touch Screen X360 Intel 4GB RAM 256GB SSD 11.6 Refurbished With A Bag - Grey,"UGX 505,000","UGX 800,000",37%
"Refurbished ProBook 11 G2 Mini Laptop, 11'6 Core, 4gb Ram 64GB SSD – Grey","UGX 329,000","UGX 678,090",51%
"Refurbished  11” Mini, Celeron,4gb RAM, 500GB HDD Plus Free Bag  - Black Grade A","UGX 480,000","UGX 999,000",52%
"Hp Renewed 12.5"" EliteBook 820,Core I5 8GB Ram,500GB HDD- Black Grade A","UGX 547,530","UGX 1,189,995",54%
"Refurbished Touch screen, X360 11.6 inch,4GB RAM, 128GB SSD,Intel Celeron/Pentium,- Black","UGX 399,000","UGX 699,000",43%
"Hp  Elite book 820 Core i5 8GB RAM 256GB SSD 12"" Black","UGX 639,900","UGX 1,050,000",39%
"Hp Stream Pro G4/G5  11'6  Inch Mini Laptop, Celeron, 4GB Ram 64GB SSD – Grey- Renewed","UGX 329,000","UGX 590,000",44%
"Hp Probook G4  11'6  Inch Mini Laptop, Celeron, 4GB Ram 64GB SSD – Grey- Renewed","UGX 339,000","UGX 550,000",38%
ProBook 640 Intel Core I5 12GB RAM 256GB SSD Refurbished (6 MNTHS WRNTY) - Black,"UGX 599,000","UGX 1,200,000",50%
"Refurbished Probook Touch Screen X360,Intel,4GB RAM,128GB SSD, 11.6 Plus Free Mouse- (Grade A)","UGX 440,000","UGX 650,000",32%
"Refurbished Probook 430, Duo Core ,8GB RAM, 500GB HDD 14"" - Black","UGX 499,000","UGX 720,000",31%
"Hp Renewed Elitebook G3,Core I5 6th Gen ,8GB RAM,500GB HDD 13""- Silver Grade A","UGX 739,900","UGX 1,259,000",41%
"Lenovo Renewed Mini 11e 11.6"" Inch 4GB RAM 4hours 128GB SSD Plus Bag and Pouche -Black","UGX 399,000","UGX 799,000",50%
"Refurbished Laptop For Student Latitude 3190 Convertible 2-in-1,11.6 Intel Pentium-Silver-N5030 CPU@1.10GHZ 4GB RAM,256GB SSD,1366x768 HD Touchscreen,FREE Wi-Fi Wireless Mouse & Bag Windows 11 Pro","UGX 473,100","UGX 800,000",41%
"Lenovo X270/X260  Laptop, Intel Core i5,6th/7th Generation, 8GB RAM, 256GB SSD, 12.5 inch Renewed (6 MONTHS WARRANTY)","UGX 649,000","UGX 1,190,000",45%
"DELL Latitude 3350/3340 13.3"", Intel Core I5  6GB RAM 500GB HDD Renewed Laptop With Free Bag & Foam Cleaner - Grey","UGX 532,000","UGX 1,000,000",47%
Refurbished Latitude 11'' Inch 3180/3190 128GB SSD/4GB RAM -Dark Grey/ Black (Grade A),"UGX 380,000","UGX 780,000",51%
"EliteBook 13 inch,Core I5,8GB RAM,500 GB,Black,Plus Bag and Mouse, Refurbished (6MTHS WRTY) Grade A","UGX 590,000","UGX 1,099,000",46%
"Refurbished Probook 430 G2/G3,Duo Core ,8GB RAM, 500GB HDD 14"" - Black","UGX 499,000","UGX 799,000",38%
"Refurbished Elitebook G5 14 Inch,Core i5,16GB RAM,512GB SSD-Silver","UGX 1,299,000","UGX 1,689,986",23%
"Hp EliteBook 840 , Intel Core I5 Up To 2.3 GHz, 8GB RAM, 500 GB HDD Laptop Computer Windows 10 Pro -Black","UGX 589,000","UGX 1,090,006",46%
"Hp Stream Pro G2  11'6  Inch Mini Laptop, Celeron, 4GB Ram 64GB SSD – Grey- Renewed","UGX 329,000","UGX 670,000",51%
Hp Dragonfly G4 – Intel Core i7 (13th Gen)  Touchscreen 16GB RAM  1TB SSD. Brand New,"UGX 2,999,000","UGX 3,500,000",14%
"Lenovo Thinkpad Intel Core i3 6th Gen,4GB RAM,128GB SSD,11.6 Inch Mini Laptop,Rugged-Black,Renewed","UGX 399,000","UGX 670,000",40%
Hp Core i5 15s 12th Gen Laptop 8GB 256GB SSD 15.6 FHD Windows 11 – (1 Year Warranty),"UGX 1,400,000","UGX 2,000,000",30%
"Think Pad Renewed 11e Mini,11.6"" 4GB RAM,128GB SSD, Bag, Mouse - Black","UGX 379,000","UGX 1,109,012",66%
"Refurbished ProBook x360 11 G1 EE Touchscreen Convertible Laptop Computer 11.6"" LED Display PC, Intel , 4GB RAM, 128GB SSD, Windows 10","UGX 470,000","UGX 500,000",6%
"EliteBook 13 inch,Core I5,12GB RAM,500 GB,Black, Plus Laptop stand and Bag Refurbished (6MTHS WRTY) Grade A","UGX 629,000","UGX 1,099,000",43%
"Lenovo Refurbished ThinkPad 11e 4GBRAM 128GB SSD 11.6"" Plus Free Earphones-Black (Grade A)","UGX 380,000","UGX 650,000",42%
"Latitude 7280,  12.5 inch, Intel Core i5, 8GB DDR4, 256GB SSD - Refurbished - Black (6MTHS WRTY)","UGX 635,000","UGX 1,300,000",51%
"Refurbished Acer 4GB RAM 128GB SSD,12"" Plus External Hard Disk,Pouche 5Hrs- - Black (6MTHS WRTY)","UGX 399,000","UGX 950,009",58%
Latitude E5480 Intel Core I5 6th Gen 8GB RAM 256GB SSD-Renewed- Black (6MTHS WRTY),"UGX 659,000","UGX 1,099,888",40%
"Refurbished Acer 4GB RAM 128GB SSD 12"" Screen Black","UGX 349,000","UGX 889,988",61%
"Hp EliteBook 820 g2/g1 Business Laptop, Intel Core i5, 8GB  RAM, 500GB HDD, 12.5 inch Display, Windows 10 Pro (Renewed)-Black","UGX 550,000","UGX 900,000",39%
"Intel Core i3 6th Generation,4GB RAM,128GB SSD,11.6 Inch Mini Laptop Windows 11-Black,Refurbished","UGX 394,000","UGX 690,000",43%
"Nec VersaPro , Intel Core i5 8th Generation,8GB RAM,128GB SSD,12.5"" Windows 11 Pro-Black,Refurished","UGX 589,000","UGX 1,050,000",44%
Refurbished Hp Probook 640 Corei5  12gb Ram 1TB Hdd +Bag,"UGX 665,000","UGX 1,500,000",56%
"EliteBook 840/830  G5 8th Gen Intel Core i5-8250U, 8GB RAM 512 GB SSD, 14"" Full HD FHD Display- Silver (Refurbished) Grade A","UGX 1,900,000",,
HP Refurbished  probook 640 intel core i5 8GB RAM 500G HDD 14 inches. Grade A+ Black + Bag and Mouse (6months warranty),"UGX 566,000","UGX 1,000,000",43%
"Hp Probook 440/430 Intel Core i5 ,8GB Ram 500GB HDD 14 Inch Screen -Black,Renewed","UGX 599,000","UGX 999,000",40%
"Renewed 840/830 G5 Intel Core I5 8th Gen,16GB RAM,512GB SSD-Silver(6 Months Warranty)","UGX 1,299,000","UGX 1,590,000",18%
"Refurbished Elitebook 840 G5: 14 Inch, intel i5, 8GB RAM, 256GB SSD - Silver","UGX 990,000","UGX 2,100,000",53%
"Hp  820 , Intel Core I5 Up To 2.5 GHz, 8GB RAM, 500 GB HDD With 3-5hrs Battery Slim Laptop Windows 10  -Black Grade A","UGX 544,000","UGX 1,100,000",51%
"Hp Stream Probook G2/G3  11'6  Inch Mini Laptop, Celeron, 4GB Ram 64GB SSD – Black- Renewed","UGX 329,000","UGX 600,000",45%
"Refurbished Elitebook 820 12.5-inch,Core i5,8GB RAM,512GB SSD - Black (6MTHS WRTY) Grade A","UGX 779,000","UGX 1,699,988",54%
"EliteBook 820 12.5-inch,Core I5,8GB RAM,500 GB,Black Plus Bag,Refurbished Grade A","UGX 569,660","UGX 1,099,000",48%
"X260/X270 Intel core I5 8GB RAM 500GB HDD 13"" - Black ","UGX 579,000","UGX 1,790,019",68%
"Refurbished Travelmate,Intel Celeron.4GB RAM 64GB SSD, 12Inches - Black","UGX 319,000","UGX 650,000",51%
"Mini Laptop,Intel Celeron.4GB RAM 64GB SSD, 12Inches - Black-Refurbished","UGX 319,000","UGX 670,000",52%
"Refurbished Probook 430 G2/G3, Intel Duo Core ,8GB RAM, 500GB HDD 14"" - Black","UGX 499,000","UGX 750,000",33%
"Intel Core i3 6th Generation,8GB RAM,128GB SSD,11.6 Inch,Mini Laptop-Black,Refurbished","UGX 459,000","UGX 670,000",31%
Renewed  X260/X270  Intel core i5 8GB 500GB HDD  13 Inch-Black,"UGX 759,000","UGX 1,089,990",30%
"Refurbished EliteBook 840 G2, Core I5 16GB Ram, 512GB SSD, 14inch Grade A","UGX 890,000","UGX 1,370,000",35%
"DELL Renewed Latitude 7490 Core  I5 8th Generation ,8GB RAM,256GB SSD,14"" - Black Grade A","UGX 908,600","UGX 1,690,000",46%
Refurbished ProBook 640 Core I5 8GB Ram 1TB HDD - Black (6 MNTHS WRTY),"UGX 600,000","UGX 1,300,000",54%
"Hp 250 G7 i5 Core, 15.6"" Inch Display 8GB RAM 10th Gen 256SSD Win10 Laptop -Black","UGX 990,000","UGX 1,650,000",40%
"Hp Probook 640 G2, I5 6th Gen,8GB PC4 RAM 512GB SSD 14""DVD RW – Black,Renewed","UGX 799,000","UGX 1,290,000",38%
"Refurbished Slim NoteBook ,Core I5,8GB Ram,500GB HDD 14""Windows 11 (6 MONTHS WARRANTY)-  Black","UGX 575,000","UGX 1,090,000",47%
Hp OMEN 16 Gaming Laptop – Intel Core i9 12th Gen · NVIDIA RTX 6 GB · 16 GB RAM · 1 TB SSD,"UGX 4,999,000","UGX 6,000,000",17%
"Certified Refurbished 14"" EliteBook 840 Core i5, 8GB RAM, 500GB HDD  Windows 11 - Silver","UGX 589,000","UGX 1,490,000",60%
Lenovo Ideapad 1 14Igl7 14 Inches Celeron Laptop- Part Number- 82V60093Ue,"UGX 1,090,000","UGX 1,507,800",28%
"Vivo book Flip E205SA 11.6” Touchscreen x360, Intel Pentium 4GB,128GB Storage (64GB SSD Plus 64GB SD Card), Dark Blue,Refurbished","UGX 399,000","UGX 700,000",43%
"Certified Refurbished 14"" EliteBook 840 Core I5, 8GB RAM, 500GB HDD Windows 11 - Silver (6MTHS WRTY)","UGX 589,000","UGX 1,390,000",58%
"Renewed Probook Ultra PC, I5 6th Gen,16GB RAM 256GB SSD 14""  - Black","UGX 799,000","UGX 1,190,000",33%
"Hp  Renewed 12.5"" EliteBook 820,Core I5 8GB Ram,500GB HDD- Black(6MTHS WRTY)  Grade A","UGX 549,000","UGX 1,299,000",58%
"Refurbished Lenovo ThinkPad Yoga ""Touch Screen,Intel Celeron / Pentium ,128GB SSD, 4GB RAM- Black","UGX 399,000","UGX 800,000",50%
"Refurbished 13"" ThinkPad  X270/X260 Core i5 8GB RAM,  512GB SSD - Black (6MTHS WRTY)","UGX 739,000","UGX 1,400,000",47%
"Refurbished Acer Mini Travelmate.Celeron,4GB RAM,128GB SSD, 12Inches - Black() (4MTHS WRTY)","UGX 359,000","UGX 859,000",58%
"Refurbished Probook 640 G2 I5 6th Generation,8GB RAM 256GB SSD- Black","UGX 649,000","UGX 1,099,896",41%
Hp 15s AMD Ryzen 5 15.6 Inch 2.89GHz Processor Speed 8GB RAM 256GB SSD (Open Box) - Silver,"UGX 1,545,000","UGX 2,500,000",38%
"Hp Pavilion 14 X360 – Intel Core i5 (12th Gen), 14"" FHD Touchscreen, 16GB RAM, 1TB SSD. Brand New. Silver","UGX 2,227,000","UGX 3,000,000",26%
"Think pad Flip x360, Touchscreen 11.6"",Intel Celeron 128GB, SSD,4GB Black, Refurbished","UGX 399,000","UGX 650,000",39%
"Hp Probook 11” Mini, DuoCore,4gb RAM, 500GB HDD Plus free Mouse  - Black Grade A","UGX 469,000","UGX 990,000",53%
"Refurbished Latitude 3189/3190 2 in 1, 11.6"" Touch Screen Laptop, Intel Pentium , 4GB RAM DDR4, 128GB SSD-Black","UGX 446,500","UGX 1,100,000",59%
"Stream Probook 11 G2 Mini Laptop, 11'6 Core, 4GB RAM 64GB SSD – Grey- Refurbished","UGX 329,000","UGX 690,000",52%
" Mini Refurbrished Travel Mate  - 11.6"" Touch Screen Intel Pentium 4GB RAM 128GB SSD - Black","UGX 360,000","UGX 850,000",58%
3189 Touch Screen X360 Laptop Intel Celeron/Pentium 4GB RAM 128GB Ssd (Refurbished ) Free Wd 500GB Hard Disk,"UGX 459,000","UGX 890,000",48%
"Travel Mate 12"" 4GB Ram 128GB SSD - Black-Refurbished ","UGX 359,000","UGX 689,982",48%
"Nec VersaPro,Slim Laptop, Intel Core i5 8th Gen,8GB RAM,128GB SSD-Black,Refurished","UGX 586,000","UGX 1,020,000",43%
"Latitude E5440 14"", Intel Core i5, 8GB RAM, 500GB HDD,Black-Refurbished (6 Months Warranty)- Black","UGX 499,000","UGX 1,050,000",52%
"Refurbished Elitebook 820 , Intel Core I5 Up To 2.5 8GBRAM, 500GB HDD With 3-5hrs Battery Slim Laptop Windows 10 -Black Plus Bag","UGX 550,000","UGX 1,100,000",50%
"Refurbished Elite Book 840 G2, Intel Core i5:8GB Ram, 500GB HDD-  Black","UGX 599,000","UGX 1,990,008",70%
"Refurbished X270/X260 i5 Think pad – DDR4 8GB ram ,256Gb SSD,  Laptop/ Windows 10 Pro","UGX 599,000","UGX 1,500,000",60%
"Hp Elite Book 840 G2, Intel Core i5,8GB Ram, 500GB Hdd - Silver & Black","UGX 599,000","UGX 1,390,001",57%
Refurbished ProBook 640 core i5 8GB Ram 500GB HDD Plus Free 64gb flash & Mouse (6 MNTHS WRNTY) - Refurbished - Black,"UGX 558,000","UGX 980,000",43%
Hp Omen Transcend Gaming 14 Processor: Intel Core Ultra 9-185H  1000 GB SSD (1 TB),"UGX 1,970,000","UGX 9,000,000",78%
Refurbished  X260/X270 Intel core i5 8GB 256GB SSD  13 Inch-Black,"UGX 669,000","UGX 1,089,990",39%
"Latitude 5270/7270,12.5"", I5,8GB RAM, 256GB SSD- Refurbished","UGX 599,019","UGX 1,599,912",63%
Probook G1 Touch Screen X360 Intel 4GB RAM 128GB SSD 11.6 Refurbished - Grey + FREE  Flash Drive & Laptop Bag Sleeve,"UGX 485,000","UGX 1,000,000",52%
"Refurbished X360 Convertible Touch Screen Intel 4GB RAM 256 GB SSD 11.6""inch 4Hours-Grey Grade A","UGX 539,900","UGX 1,100,000",51%
"Refurbished Latitude 7280, 12.5"" Core i5, 8GB DDR4, 256GB SSD Plus a free mouse- Black (6MTHS WRTY)","UGX 673,000","UGX 1,350,000",50%
"Refurbished 14 Inch EliteBook 840 G2, Core i5, 16GB Ram, 1TB HDD, Windows 10 Pro -g1 (g2/g1). Refurbished","UGX 795,000","UGX 1,370,000",42%
"EliteBook 13 inch,Core I5, 8GB RAM,500 GB,Black, Refurbished( 6MTHS WRTY) Grade A","UGX 619,900","UGX 1,099,000",44%
" Latitude 3380 Intel Core I3, 6th/7th Gen 8GB RAM, 500GB SSD Refurbished+Mouse &Bag(6mths warranty)","UGX 522,000","UGX 780,000",33%
"DELL  Latitude 3380 business laptop, 13.3in HD Display, Intel Core i3-6006U, 8GB DDR4, 500GB, Webcam, Windows 11 Pro (Renewed)","UGX 569,000","UGX 600,000",5%
"Hp Referburished Elitebook 840 i5 G2 ,8GBRAM  ,500GB Hdd, 14""- Black","UGX 679,000","UGX 1,599,900",58%
" Latitude 3380 Intel Core I3 13.3"" 6th/7th Gen 8GB RAM, 500GB HDD Refurbished+Mouse & Mouse pad Dark grey","UGX 499,000","UGX 880,000",43%
 Refurbished Elitebook 820 Core i5 8gb Ram 1TB Hdd Black,"UGX 699,000","UGX 1,500,000",53%
"Acer Spin B X360,11.6” Touchscreen Laptop, Intel, 4GB RAM,64GB SSD -Renewed(3 MONTHS WARRANTY)","UGX 389,000","UGX 790,000",51%
" EliteBook 820 G3, Core i5 6th, 8GB RAM,256GB SSD Laptop-Silver (Refurbished)","UGX 739,900","UGX 1,290,000",43%
"Acer X360 Spin Mini Laptop ,2 in 1, Touch Screen,4GB RAM,128GB SSD,11.6 Inch","UGX 469,000","UGX 899,000",48%
"Refurbished Elitebook  Core I5,16GB RAM,750GB 14"", Plus Free Bag and Mouse - Black","UGX 659,000","UGX 1,790,019",63%
"Refurbished HP EliteBook 820, 12.5"", Intel Core i5, 8GB RAM, 500GB HDD, Black","UGX 557,235","UGX 1,090,000",49%
Refurbished Latitude 7490 I5 8th Gen 8GB 256GB SSD Windows 11 - Black Grade A,"UGX 909,901","UGX 1,699,000",46%
"Elitebook 8460 Intel Core I5,8GB RAM,500GB HDD,14"" Aluminium Body-Refurbished","UGX 469,000","UGX 899,000",48%
Refurbished Lenovo Yoga 11e Intel Celeron/pentium 4gb Ram 128Gb - SSD Touch Screen Black,"UGX 399,000","UGX 1,090,017",63%
" Refurbished EliteBook 820 12.5"" - Core I7 ,8GB RAM 500GB-Black (6MTHS WRTY)","UGX 669,900","UGX 1,389,000",52%
"Refurbished EliteBook X360 1030/830 Notebook PC Intel Core I5-8 5U 16GB RAM, 512GB SSD, -Silver (6MTHS WRTY) Grade A","UGX 1,630,000","UGX 2,500,000",35%
"Nec VersaPro,Slim Laptop, Intel Core i5 8th Gen,8GB RAM,128GB SSD,12.5""Windows 11 Pro-Black,Refurished","UGX 587,000","UGX 1,020,000",42%
Dell Latitude 5320 Core i5 16GB RAM 256GB SSD Storage 11th Gen Laptop - Silver,"UGX 1,300,000","UGX 2,000,000",35%
"Latitude 3310 13.3"" Intel Core i3-8th Gen, 128GB NVMe SSD, 4GB DDR4,Refurbished","UGX 499,000","UGX 9,000,000",94%
"Eeebook Flip E205 11.6-inch Touchscreen x360, Intel Celeron/Pentium 4GB,128GB Storage, (64GB SSD Plus 64GB SD Card), Dark Blue,Refurbished","UGX 399,000","UGX 800,000",50%
Refurbished Latitude 11'' Inch 3180/3190 128GB SSD/4GB RAM -Dark Grey/ Black (Grade A),"UGX 360,000","UGX 780,000",54%
"Refurbished Thinkpad X270/260 Laptop, Intel Core I5- CPU, 8GB RAM, 256GB SSD -BLACK","UGX 639,900","UGX 1,500,000",57%
"Refurbished 14""Inch ThinkPad T440s/T440/450 Core i5, 8GB RAM, 500GB HDD, - Black(6MTHS WRTY)","UGX 549,900","UGX 1,100,000",50%
"Certified Refurbished 14"" EliteBook 840 Core I5, 8GB RAM, 1TB GB HDD - Silver (6MTHS WRTY)","UGX 720,000","UGX 970,000",26%
"Elitebook 840 G5/G6, 14-inch, Intel Core I5, 16GB RAM, 512GB SSD , Windows 11 Pro, Refurbished – Silver","UGX 1,450,000","UGX 2,400,000",40%
"Thinkpad T440/T440s/T450 Core i5 8GB RAM,  500GB Hdd , 14 inch -Black Refurbished Grade A","UGX 550,000","UGX 1,599,993",66%
"Hp Renewed EliteBook 840/830 G5, Core i5 8th Generation, 8GB Ram DDR4, 256GB SSD – Silver","UGX 1,099,000","UGX 1,799,000",39%
"DELL  Renewed Latitude 7490 I5 ,8th Gen , 8GB Ram , 512GB SSD( Grade A+) - Black(6MTHS WRTY)","UGX 1,220,000","UGX 1,800,000",32%
Hp (Refurbished) i7 HP EliteBook 840 Intel Core i7- 4GB RAM-500GB Hard Disc - Black,"UGX 699,000","UGX 1,799,901",61%
"ThinkPad T470s/T460s 14 Inch, Core I5 ,8GB Ram, 256GB SSD, Windows 10 - Black (6MTHS WRTY) Refurbished Grade A","UGX 715,000","UGX 1,400,000",49%
"Elite 830  G6 Core i5, 8th Gen Touch Screen ,2-IN-1 Laptop, 8GB RAM,256GB SSD, Refurbished-Silver (6MTHS WRTY)Grade A+","UGX 1,280,900","UGX 1,990,000",36%
"Hp Elite Book 1030 G7 Intel Core i7  16GB RAM  512GB SSD  13.3"" FHD Display  touch screen Lightweight Business Laptop","UGX 1,990,000","UGX 2,500,000",20%
"Hp EliteBook x360 1040 G8 – Core i5, 8GB RAM, 512GB SSD, 14"" FHD Touchscreen – Silver (Brand New)","UGX 2,790,000","UGX 3,000,000",7%
Hp Laptop 15-Dw1345Nia (571C5Ea)- Core I7 15.6 Inches Touch Screen Laptop. Intel® Core™ I7-10510U,"UGX 3,120,000","UGX 4,326,000",28%
"DELL Renewed Latitude 14"" 7490 Core I5 8th Generation ,8GB RAM,512GB SSD,(Grade A+) - Black( 6MTTHS WRTY)","UGX 1,109,000","UGX 1,700,000",35%
"Hp Envy X360 ES1013DX - Intel Core i5 Processor - 8GB Ram DDR4 - 512GB SSD NVMe - Intel Iris Xe Graphics - Backlit Keyboard - 14"" FHD (1920x1080) IPS Touch Screen -  Finger Pirnt Reader - 5MP Camera - Windows 11 Home - Natural Silver - Brand New","UGX 2,560,000","UGX 4,000,000",36%
"Elitebook 820 g2, 12.5-inch, Core I5, 8GB RAM, 500GB HDD – Black(Refurbished)  Grade A","UGX 549,000","UGX 1,250,000",56%
Refurbished HP Elitebook 840 G5  Core i5 8th Gen  8 GB RAM 256 GB SSD - Silver,"UGX 1,099,000","UGX 3,290,018",67%
"Thinkpad T470s Core I5,6th Gen,8GB Ram, 256GB SSD - Black","UGX 710,000","UGX 1,990,000",64%
"Refurbished Probook Touch Screen X360,Intel,4GB RAM,128GB SSD, 11.6-Grey/Black (Grade A)","UGX 440,000","UGX 800,000",45%
"Hp Stream Probook G4  11'6  Inch Mini Laptop, Celeron, 4GB Ram 64GB SSD – Grey- Renewed","UGX 329,000","UGX 600,000",45%
"Refurbished Elitebook Notebook Core I5,16GB RAM,256 GB SSD 14"", - Black","UGX 639,990","UGX 1,190,019",46%
"DELL  Latitude E7470 Laptop, 14 inches , Intel Core 6th Gen i5-6300U, 8GB RAM, 256GB SSD, Windows 10 Pro (Renewed)Grade A","UGX 728,645","UGX 1,299,000",44%
Refurbished ProBook 640 Core I5 8GB Ram 1TB HDD 14 Inch Screen -Black (6 MNTHS WRTY),"UGX 599,000","UGX 1,100,000",46%
"Hp 14s Laptop, Intel Celeron N4020, 4 GB RAM, 256GB SSD, 14-inch HD Touchscreen, Windows 11 Home","UGX 1,120,000","UGX 1,300,000",14%
"DELL Latitude 3380 business laptop, 13.3in HD Display, Intel Core i3-6006U, 8GB DDR4, 500GB, Webcam, Windows 11 Pro (Renewed)","UGX 560,000","UGX 950,000",41%
"Refurbished Latitude 3189/3190,Pentium,4GB RAM 256GB SSD 11""Touch-Grey","UGX 499,900","UGX 1,200,015",58%
DELL 8TH GEN Latitude 3310 - Intel Core -Quad Core-4GB RAM- 128GB SSD (Refurbished Grade A) (6M WRTY),"UGX 800,000","UGX 1,000,000",20%
"Refurbished Acer Portable Mini Laptop.4GB RAM 128GB SSD, 12Inches Plus Free Pouche/sleeve- Black() (6MTHS WRTY)","UGX 359,000","UGX 899,000",60%
"Latitude 7280/5270,12.5"" Core I5, 8GB,256GB SSD-Refurbished-Black","UGX 599,000","UGX 1,089,995",45%
"Refurbished Thinkpad T440s/T440/T450 Core i5,14'' 500GB HDD, 8GBRAM - Black Grade A","UGX 550,000","UGX 1,150,000",52%
"Refurbished Elitebook Intel Core i5, 14"" 8GB RAM 500GB HDD Plus Free Mouse - Black","UGX 579,000","UGX 999,900",42%
"Refurbished 14 Inch EliteBook 840 G2, Core i7, 5th Gen, 16GB Ram, 500GB HDD, Windows 10 Pro, with a Free Laptop Bag-Black G1/G2","UGX 820,000","UGX 1,350,000",39%
"Refurbished 14"" ThinkPad T440s/T440/T450 Core i5 8GB RAM 500GB HDD - Black Grade A","UGX 549,000","UGX 1,200,000",54%
"ProBook 430 G3 Intel Core i5 6th Gen 13.3 inches ,8GB RAM ,256GB SSD Windows 10 Pro-Refurbished","UGX 599,000","UGX 1,090,001",45%
"Latitude 3189/3190, Intel ,4GB RAM,256GB SSD,11""inch, With 6Hour Battery, Touch Screen -Grey(Refurbished) Grade A","UGX 519,000","UGX 1,100,000",53%
"11e 4GBRAM 128GB SSD 11.6"" Laptop Refurbished (Free Pouch And Hard Drive) -Black","UGX 449,000","UGX 800,000",44%
Latitude 3000 Series Intel 4GB RAM 500GB HDD (Refurbished),"UGX 435,000","UGX 790,000",45%
"Probook 440 G3 Intel Core i5 6th Generation,16GB RAM 256GB HDD- Black","UGX 699,000","UGX 1,189,995",41%
"(Refurbished) Latitude 3000 3120 2-in-1 (2021) 11.6"" HD Touch  Core Pentium - 128GB SSD - 8GB RAM  4 Cores @ 3.3 GHz","UGX 475,000","UGX 850,000",44%
Refurbished HP ELITEBOOK 840 / i5 - 5300U / 8GB - 500GB / REFURB. (6MTHS WRTY),"UGX 599,008","UGX 1,790,019",67%
Hp Fast 14' HP 840 INTEL CORE I5 / 8GB RAM / 1TB HARD DISK G1 EliteBook - Black,"UGX 699,000","UGX 1,899,896",63%
" ProBook 640 Intel Core I5, 8GB RAM, 500GB HDD. Grade A Refurbished Plus Free Bag and Mouse- Black (6MTHS WRTY)","UGX 566,500","UGX 1,080,000",48%
Laptop  640 Core I5 8GB Ram 1TB HDD Storage 14 Inch Screen Refurbished -Black (6 MNTHS WRTY),"UGX 639,000","UGX 1,200,000",47%
"Hp EliteBook 850 G8 15.6 FHD, Intel Core i7-11th Generation  16GB RAM 512GB SDD Win 10 Pro Laptop - Silver","UGX 2,755,000","UGX 4,000,000",31%
"Latitude 3380-Business Laptop, Intel Core i3, 13.3 inch, 6th/7th Gen, 8GB RAM, 500GB HDD Refurbished - Grey","UGX 549,000","UGX 1,200,000",54%
"Hp EliteBook 840 G7 – Intel Core, 8GB RAM, 256GB SSD, 14  Silver Laptop","UGX 1,480,000","UGX 2,000,000",26%
Hp Dragonfly G4 – Intel Core i5 (13th Gen) Touchscreen  16GB RAM  1TB SSD Brand New ,"UGX 2,671,000","UGX 3,000,000",11%
"Refurbished ThinkPad 11e 4GBRAM 128GB SSD 11.6""-Black","UGX 375,000","UGX 700,008",46%
"Renewed Probook Ultra PC, I5 6th Gen,8GB RAM 500GB  14""DVD RW - Black","UGX 649,000","UGX 1,190,000",45%
"EliteBook 820 12.5-inch,Core I5,8GB RAM,500 GB,Black,Plus Bag,mouse,laptop stand,Refurbished(6MTHS WRTY) Grade A","UGX 639,000","UGX 1,199,000",47%
"Refurbished EliteBook 840 G5 14 Inch Screen, Core i5, 8GB Ram DDR4, 256GB SSD – Silver","UGX 1,099,000","UGX 1,590,000",31%
"Probook G1,Touch Screen X360 4GB RAM,256GB SSD, 11.6 Inch (Grade A) Plus Free Mouse-Grey","UGX 590,000","UGX 1,000,000",41%
" Latitude 5440 Core i5 16GB RAM 500GB HDD,14"" - Black,Refurbished","UGX 559,000","UGX 1,050,000",47%
"Refurbished Elitebook 840  Core i5 12GB RAM, 500GB HDD,Windows 11 Pro- Black 6 MONTHS WARRANTY","UGX 599,000","UGX 1,089,995",45%
"Hp Elite book 820 Core i5 8GB RAM 500GBHDD 12"" Black","UGX 546,200","UGX 899,000",39%
"Probook X360 Intel  Touch Screen, 2-in-1 Convertable,Screen Laptop 4GB RAM 256SSD - Grey(Refurbished) Grade A","UGX 499,990","UGX 999,986",50%
"Acer Renewed Mini Laptop,Intel Celeron,4GB RAM,128GB SSD, 12"", 5hrs Battery - Black","UGX 359,000","UGX 899,000",60%
"Hp 15s Core i7 11th Gen 15.6 FHD Display"" (512GB SSD, 8GB DDR4 Memory) 2.9GHz","UGX 2,360,000","UGX 2,500,000",6%
"ProBook 430 G3 Intel Core i5 6th Gen 13.3 inches Business Laptop ,8GB RAM ,256GB SSD Windows 10 Pro-Refurbished","UGX 699,000","UGX 1,290,000",46%
"DELL Latitude 3380-Business Laptop, Intel Core i3, 13.3""- 6th/7th Gen, 8GB RAM, 500GB HDD Renewed - Grey","UGX 559,000","UGX 1,230,000",55%
"Latitude 3380 Intel Core I3 13.3"" 6th/7th Gen 8GB RAM, 500GB HDD Refurbished - grey (Grade A)","UGX 490,000","UGX 1,000,000",51%
" Refurbished ProBrook 11e Mini laptop 11.6 Inch 500GB HDD ,8GB Ram, Plus Bag  -Black Grade A","UGX 485,900","UGX 899,000",46%
"Elite X2 G2 7th Gen Detachable,2-IN-1,Core I5, 8GB RAM, 256GB SSD,- Silver (6MHS WRTY) Refurbished  Grade A","UGX 1,279,000","UGX 1,900,000",33%
"Refurbished Latitude 7470, Core I5 8GB RAM, 256GB SSD, 14-Inch FHD Display, Black, Business Laptop (6months Warranty)","UGX 729,900","UGX 1,150,000",37%
"Hp Elitebook 820 G2(12.5-inch,Core I5,8GB RAM,500 GB) - Black Grade A","UGX 569,900","UGX 1,190,012",52%
"Hp OMEN 16 16.1"" FHD 165Hz Gaming Laptop (Intel 13th Gen Core i7-13700HX, 16GB DDR5 RAM, 1TB SSD, Geforce RTX 4060 8GB) 8GB Dedicated Graphics Backlit Gaming Laptop - Black","UGX 6,600,000","UGX 10,000,000",34%
"Refurbished  840 Elitebook Core I5, 16GB RAM, 750GB HDD Plus Bag and Mouse - Black","UGX 669,000","UGX 1,399,900",52%
Hp Spectre 14 X360 Ef0036Na Core I5 12Th Gen - Silver,"UGX 5,260,000","UGX 7,280,000",28%
"Hp Pavilion 15, 15.6"" Intel Core i5  2.5Ghz 8GB RAM 512SSD Slim Laptop (Open Box) - Silver","UGX 2,200,000","UGX 3,000,000",27%
Thinkpad Refurbished  11''  8GBRAM 500GB HDD -Black Grade A,"UGX 460,000","UGX 649,985",29%
"X260/X270 Laptop, Intel Core I5-6th Generation CPU, 8GB RAM, 256GB SSD, 12.5 Inch Refurbished Plus Bag (6MTHS WRTY)","UGX 649,000","UGX 1,099,990",41%
"Hp EliteBook 840 G7 – Power, Performance & Style!","UGX 1,675,000","UGX 2,000,000",16%
"Latitude 3380 Intel Core I3 13.3"" 6th/7th Gen 8GB RAM, 500GB HDD, Refurbished - Grey","UGX 540,000","UGX 870,000",38%
"Elitebook 8460P, Intel Core I5,4GB RAM,500GB HDD,14"" Aluminium Body-Refurbished","UGX 469,000","UGX 899,000",48%
"Travelmate.4GB RAM 128GB SSD, 12Inches - Black(Refurbished","UGX 359,000","UGX 999,000",64%
DELL Latitude 3340/3350,"UGX 512,000","UGX 1,180,008",57%
"Refurbished 14"" Latitude E5480 Core i5 8GB RAM 256GB  SSD  ROM - Black","UGX 649,000","UGX 990,006",34%
RENEWED  PROBOOK  640 CORE i5. 8GB RAM 500GB HDD REFURBISHED GRADE A - BLACK  PLUS FREE MOUSE (6months Warranty),"UGX 528,500","UGX 1,100,000",52%
"DELL Laptop Latitude 5540 15.6"" Core I5 With 13Th Gen Intel Processor. - Grey","UGX 4,230,000","UGX 5,866,000",28%
Refurbished Latitude 4gb Ram 320gb HDD Intel -Gray,"UGX 400,000","UGX 889,988",55%
"Core i3 6th Generation,4GB RAM,128GB SSD,11.6 Inch Mini Laptop Windows 11-Black,Refurbished","UGX 399,000","UGX 700,000",43%
" ProBook 640 Intel Core I5, 8GB RAM, 500GB HDD. Refurbished Grade A+ Plus Free Bag and Mouse- Black (6MTHS WRTY)","UGX 567,500","UGX 1,050,000",46%
"Hp Pavilion 15, 15.6"" Intel Core i5  2.5Ghz 8GB RAM 512SSD Slim Laptop (Open Box) - Silver.  Brand New","UGX 2,200,000","UGX 3,000,000",27%
"Refurbished Probook 640 G2, I5 6th Gen,16GB PC4 RAM 256GB SSD 14""DV – Black","UGX 699,000","UGX 1,290,000",46%
"Lenovo hinkpad T460s/T470s Core i5,6th Gen,8GB Ram, 256GB Ssd - Black (Grade A)","UGX 895,000","UGX 1,500,000",40%
" Refurbished EliteBook 840 G5 14"" i7 8th Generation 8GB 256GB SSD Silver","UGX 1,140,000","UGX 1,700,000",33%
"Refurbished NoteBook ,Core I5,8GB Ram,500GB HDD 14""Windows 11 (6 MONTHS WARRANTY)-  Black","UGX 569,000","UGX 999,000",43%
"Refurbished 820 G3,Core I5,8GB RAM,500GB HDD 12.5""- Silver Grade A","UGX 699,000","UGX 1,689,984",59%
"Refurbished 14 Inch EliteBook 840 G2, Core i5, 5th Gen, 16GB Ram, 500GB HDD, Windows 10 Pro - Black","UGX 720,000","UGX 1,200,000",40%
"Refurbished Thinkpad ,intel  processor 4GBram, 320GB - Black","UGX 450,000","UGX 850,014",47%
"Latitude 3380 (Refurbished), Intel Core I3, 13.3"", 6th/7th Gen, 8GB RAM, 256GB SSD +Mouse & Bag","UGX 525,000","UGX 780,000",33%
"Hp 255 G8, AMD Ryzen 5 @ 2.1GHz, 8GB RAM, 256GB SSD","UGX 1,270,000","UGX 1,500,000",15%
"EliteBook 840 G2, (Refurbished), Core i5, 8GB Ram, 500GB HDD 14inch, Black (with a Free laptop bag, Mouse & Foam cleaner & 6Months Warranty)","UGX 840,000","UGX 1,000,000",16%
Refurbished Slim HP 820 - I5 8 GB RAM - 1 TB HDD - Black,"UGX 739,000","UGX 100,000,000",99%
Latitude 11'' Inch 3180/3190 4GB RAM 128GB SSD Refurbished (3MTHS WRTY) - Grey/Black (Grade A),"UGX 390,000","UGX 800,000",51%
DELL Latitude 3340/3350 Core I5 4GB Ram 500GB Storage,"UGX 579,000","UGX 890,000",35%
"Flip E205, 2 in (Tablet and laptop) 11.6-inch Touchscreen x360, Pentium 4GB,128GB Storage, (64GB SSD Plus 64GB SD Card), Dark Blue,Refurbished","UGX 399,000","UGX 700,000",43%
"DELL Latitude 7200 2-in-1 12.3"""" FHD, Core i5-8265U 1.6GHz, 8GB RAM, 256GB Solid State Drive, Windows 11 Pro 64Bit, CAM, Touch","UGX 1,620,000","UGX 2,000,000",19%
"Refurbished 14"" ThinkPad T440/T440s Core I5 8GB RAM 500GB HDD - Black Grade A","UGX 560,000","UGX 1,200,000",53%
3189 Touch Screen X360 Laptop 4GB RAM 256GB GB Ssd Refurbished - Grey.,"UGX 459,900","UGX 870,000",47%
"Hp Renewed Elitebook G4,Core I5 7th Generation,8GB RAM,256GB SSD 12.5""- Silver Grade A","UGX 750,000","UGX 1,390,000",46%
Latitude 3340/3350 Intel 4GB RAM 320GB HDD Refurbished,"UGX 399,900","UGX 980,000",59%
"Hp OmniBook 5 14-fp0023dx Flip Laptop Intel® Core ™ 7 150U Processor 512GB Solid State Drive, 16GB on-board LPDDR5 SDRAM, 16GB on-board LPDDR5 SDRAM 2K (1920 x 1200) IPS LED, Display (300 nits), 5MP IR Camera, Backlight KB, Windows 11  Brand New ","UGX 3,117,000","UGX 5,000,000",38%
Hp Probook 640 Core i5 8GB RAM  500GB HDD.Black. Plus Laptop stand and Free mouse (6months Warranty),"UGX 579,000","UGX 1,000,000",42%
"Probook G1,Touch Screen X360 4GB RAM,256GB SSD, 11.6 Inch (Grade A) Plus Free Mouse-Grey. Refurbished","UGX 589,000","UGX 1,000,000",41%
"Lenovo Ultrabook Renewed 11.6"" Mini Core i3 6th Gen,4GB RAM 128GB SSD,Windows 11 Pro-Black","UGX 395,000","UGX 999,014",60%
"Elitebook 820,Core I5,8GB RAM,512 GB SSD ,Refurbished- Black( 6MTHS WRTY) Grade A","UGX 799,000","UGX 1,320,017",39%
"Refurbished 14 Inch EliteBook 840 G1/G2, Core i5, 8GB Ram, 500GB HDD, Windows 10 Pro - Black","UGX 680,000","UGX 1,240,000",45%
"Refurbished Elitebook Core I5,16GB RAM,500GB SSD 14 Inch, - Black","UGX 629,000","UGX 1,489,995",58%
"Refurbished DELL Latitude 3189/3190 X360 Convertible 2 -n-1 4GB 128GB SSD Touchscreen Laptop 11.6""-Grey (Grade A)","UGX 499,000","UGX 900,000",45%
"Elitebook 840/830 Business Laptop Core I5, 8GB DDR4 Ram, 512GB SSD Storage - Silver(6MTHS WRTY) Refurbished  Grade A","UGX 1,690,000",,
"Lenovo X270/X260  Laptop, Intel Core i5, 16GB RAM, 256GB SSD, 12.5 inch Renewed (6 MONTHS WARRANTY)","UGX 799,000","UGX 1,090,000",27%
"Latitude 3380-Business laptop, Intel Core I3 13.3""- 6th/7th Gen, 8GB RAM, 500GB HDD Refurbished – Grey","UGX 550,000","UGX 1,250,000",56%
"Refurbished Probook 440/430 G3 i5,8GB RAM, 256GB SSD 14"" - Black","UGX 599,000","UGX 1,290,006",54%
"Hp EliteBook 830 G6 X360 Core i5, 8GB Ram, 256GB SSD 8th Gen Touchscreen 13.3 Inches-Renewed - Silver","UGX 1,290,700","UGX 2,200,000",41%
" (Refurbished) Elitebook 840 G5 14"" FHD Business Laptop Computer, Intel Quad-Core i7-8350U, 16GB DDR4 RAM, 512GB SSD, Backlit Keyboard, Type-C, HDMI, Windows 11 Pro","UGX 1,425,000","UGX 1,800,000",21%
"Hp Probook 430 Intel Core i5 ,8GB Ram 500GB HDD 14 Inch Screen -Black,Renewed","UGX 599,000","UGX 999,000",40%
"Nec VersaPro , Intel Core i5 8th Generation,8GB RAM,128GB SSD,12.5""Windows 10 Pro-Black,Refurished","UGX 579,000","UGX 1,020,000",43%
"Refurbished ThinkPad 11e 4GBRAM 128GB SSD 11.6"" Plus Free Mouse-Pad-Black (Grade A)","UGX 350,000","UGX 650,000",46%
Refurbished Elitebook 14'' Core I5 8GB RAM 1TB HDD - Black,"UGX 699,000","UGX 2,499,984",72%
"DELL  Latitude 7280, 12.5"" Core i5, 8GB DDR4, 256GB SSD Plus a free mouse Black (6MTHS WRTY)","UGX 673,000","UGX 1,350,000",50%
"Refurbished Probook TouchScreen X360 Intel 4GB RAM 128GB SSD 11.6"" Plus Free 500GB External Harddrive- (Grade A)","UGX 490,000","UGX 650,000",25%
"Refurbished NoteBook ,Core I5,12GB Ram,500GB HDD 14""Windows 11 Plus Bag and Mouse(6 MONTHS WARRANTY)-  Black","UGX 657,000","UGX 1,200,000",45%
ProBook 640 Core I5 8GB RAM 500GB HDD GRADE A (Refurbished)- Black (6months Warranty),"UGX 518,900","UGX 1,000,000",48%
"Hp EliteBook 830 G5/G6,Intel Core I5 8th Gen,16GB RAM,512GB SSD, 13inch, Silver-Renewed","UGX 1,299,000","UGX 1,800,000",28%
"Hp Renewed Elitebook 840 G3 Core I5 6th Gen 8GB RAM, 256 GB SSD,Plus Free Bag and Mouse, 6MONTHS WARRANTY – Silver","UGX 899,000","UGX 1,200,000",25%
"Refurbished NoteBook ,Core I5,12GB Ram,500GB HDD 14""Windows 11 Plus Bag and Mouse(6 MONTHS WARRANTY)-  Black","UGX 657,000","UGX 1,200,000",45%
ProBook 640 Core I5 8GB RAM 500GB HDD GRADE A (Refurbished)- Black (6months Warranty),"UGX 518,900","UGX 1,000,000",48%
"Hp EliteBook 830 G5/G6,Intel Core I5 8th Gen,16GB RAM,512GB SSD, 13inch, Silver-Renewed","UGX 1,299,000","UGX 1,800,000",28%
DELL Refurbished Latitude 11'' Inch 3189 / 3190 Touch X360 256GB SSD/4GB RAM -Dark Grey,"UGX 539,000","UGX 989,982",46%
Hp 15s AMD Ryzen 5 15.6 Inch 2.89GHz Processor Speed 8GB RAM 256GB SSD (Open Box) - Silver,"UGX 1,525,000","UGX 2,500,000",39%
"Refurbished EliteBook 820 g1/g2, 12.5"", Core i5, 8GB RAM, 500GB HDD - Black","UGX 530,000","UGX 1,000,000",47%
"Nec VersaPro Slim Laptop, Intel Core i5 8th Generation,8GB RAM,128GB SSD,12.5""Win10-Black,Refurished","UGX 589,000","UGX 1,050,000",44%
Refurbished Latitude 3340/3350  Core I5 8GB RAM 1TB ROM - Gray,"UGX 629,000","UGX 1,589,990",60%
"Nec VersaPro Laptop , Intel Core i5 8th Generation,8GB RAM,128GB SSD,12.5"" Windows 11 Pro-Black,Refurished","UGX 595,000","UGX 1,090,000",45%
"Refurbished 14 Inch EliteBook 840 G2, Core i7, 5th Gen, 16GB Ram, 500GB SSD, Windows 10 Pro, with a Free Laptop Bag-Black","UGX 920,000","UGX 1,350,000",32%
"Refurbished Probook Ultra PC, I5 6th Gen,8GB RAM 256GB SSD 14"" - Black (6MTHS WRTY)","UGX 649,999","UGX 1,200,000",46%
 Refurbished ProBook 640 Core i5 8GB Ram 500GB HDD Plus Free BAG & MOUSE (6 MNTHS WRNTY) - Refurbished - Black,"UGX 568,500","UGX 980,000",42%
"EliteBook 840, Core i5 2.3Ghz, 8GB Ram, 500GB Hdd  - Refurbished - Black","UGX 585,000","UGX 990,000",41%
"Hp  Renewed Elitebook G3,Core I5 6TH Generation,8GB RAM,256GB SSD 12.5""- Silver Grade A","UGX 699,900","UGX 1,295,000",46%
"DELL Latitude 3380-Business Laptop, Intel Core i3, 13.3""- 6th/7th Gen, 8GB RAM, 500GB HDD Renewed - Grey","UGX 540,000","UGX 1,000,000",46%
"Refurbished Acer Mini Travelmate.4GB RAM 128GB SSD, 12Inches - Black() (4MTHS WRTY)","UGX 359,000","UGX 990,000",64%
DELL Latitude Portable Laptop Intel 8GB RAM 1Tb HDD Storage (Refurbished),"UGX 490,000","UGX 1,000,000",51%
"Nec VersaPro,Slim Laptop, Intel Core i5 8th Generation,8GB RAM,128GB SSD,12.5""Windows 11 Pro-Black,Refurished","UGX 585,000","UGX 1,040,000",44%
" Latitude 7270/5270, 12.5"" HD, Intel Core i5, 8GB DDR4, 256GB SSD, Refurbished - Black","UGX 599,900","UGX 1,089,984",45%
"Refurbished NoteBook ,Core I5,12GB Ram,500GB HDD 14""Windows 11 (6 MONTHS WARRANTY)-  Black","UGX 599,000","UGX 999,000",40%
Refurbished ProBook 640 Core I5 8GB RAM 500GB HDD GRADE A ,"UGX 499,000","UGX 950,000",47%
"Hp 14S Intel Core i5-12th Gen – 8GB RAM, 256GB SSD, 14"" Silver Laptop. Brand New","UGX 1,525,000","UGX 2,000,000",24%
"Elitebook 840 G5/G6 14"" Touchscreen Core I5 8th Gen, 8GB Ram, 512GB SSD Refurbished - Silver","UGX 1,180,000","UGX 2,800,000",58%
"Hp Renewed Elite X2 Detachable,2-IN-1 Laptop,Core i5,8GB RAM,256GB SSD-Silver (6MTHS WRTY)","UGX 1,299,000","UGX 2,000,000",35%
Refurbished Probook Touch Screen X360 Intel 4GB RAM 128GB SSD 11.6 Plus Free Bag-(Grade A),"UGX 480,000","UGX 650,000",26%
"Refurbished Thinkpad X270/X260  Laptop, Intel Core i5, 8GB RAM,  256GB SSD, 12.5 Inch - A Grade -Black","UGX 593,750","UGX 750,000",21%
" Elitebook G4,Core I5 7TH Generation,8GB RAM,256GB SSD 12.5""- Silver (Refurbished Grade A","UGX 750,000","UGX 1,349,000",44%
"Hp 14-FP0013DX OmniBook 5 Flip 2-in-1 14"" FHD+ Touch Screen Intel Core 5 120U 8GB RAM 512 SSD - Gracier Silver Brand New Laptop Computer","UGX 2,340,000","UGX 4,000,000",42%
Notebook 15 Intel Celeron 8GB RAM Ram 500 GB HDD 15 Inch HD Free Bag - Black-Refurb,"UGX 799,000","UGX 2,100,006",62%
"Refurbished Probook TouchScreen X360 Intel 4GB RAM 128GB SSD 11.6""-Grey (Grade A)","UGX 449,900","UGX 980,100",54%
"Elitebook 840 G5/G6, 14-inch, Intel Core I5, 16GB RAM, 512GB SSD , Windows 11 Pro, Refurbished – Silver","UGX 1,500,000","UGX 2,400,000",38%
"Vivo book  E205SA 11.6” Touchscreen x360, Intel Pentium 4GB,128GB Storage (64GB SSD Plus 64GB SD Card), Dark Blue,Refurbished","UGX 399,000","UGX 700,000",43%
"Hp Elitebook 840/830 G5  Core I5 8th Generation , 8GB DDR4 Ram, 256GB SSD,Windows 11, Renewed – Silver","UGX 1,099,999","UGX 1,789,000",39%
"Refurbished 840 G5 14"",i5 8th Gen,8GB RAM,512GB SSD-Silver","UGX 999,000","UGX 2,389,986",58%
Refurbished Probook 640 Core I5 8GB Ram 256GB SSD 14inch+mouse +mouse pad,"UGX 580,000","UGX 1,000,000",42%
Refurbished Probook Touch Screen X360 Intel 4GB RAM 128GB SSD 11.6 - Grey (Grade A),"UGX 440,000","UGX 900,000",51%
"Intel Core i3 6th Generation,8GB RAM,128GB SSD,11.6 Inch,Mini Laptop-Black,Refurbished","UGX 469,000","UGX 750,000",37%
Refurbished 840 14 Inch Core i5 12GB Ram 1TB HDD Back Light Keyboard - Black,"UGX 729,000","UGX 1,790,019",59%
ProBook 640 Intel Core I5 8GB RAM 256GB SSD Refurbished (6 MNTHS WRNTY) - Black,"UGX 579,000","UGX 1,200,000",52%
Latitude 7470 Intel Core I5-6300U 8GB Ram 256GB SSD -BLACK (Refurbished),"UGX 659,000","UGX 1,450,000",55%
DELL Renewed Latitude 7490 Core I5 8GB RAM 256GB SSD - Black Grade A,"UGX 889,000","UGX 1,490,000",40%
"Hp Pavilion 15.6-inch FHD Display, 11th Gen Intel Core i5/i7 8GB RAM 512GB SSD B&O - Silver","UGX 2,534,000 - UGX 3,090,000","UGX 4,000,000 - UGX 40,000,000",92%
"Hp  Renewed Probook G1,Touch Screen X360,Intel,4GB RAM,128GB SSD, 11.6,-Grey(6MNTHS Warranty)","UGX 498,000","UGX 1,000,000",50%
"Hp Renewed Elitebook 840 G5 14"" Core I5 , 8GB DDR4 Ram, 256GB SSD ,Windows 11– Silver","UGX 1,079,000","UGX 1,890,000",43%
"Hp Stream Probook G2/G3  11'6  Inch Mini Laptop, Celeron/Pentium, 4GB RAM, 64GB SSD – Black- Renewed","UGX 329,000","UGX 600,000",45%
"T460s/T470s, 14 Inch, Core i5, 8GB Ram, 256GB SSD, Windows 10 (Refurbished)","UGX 697,000","UGX 1,300,000",46%
"DELL Latitude 3380-Business Laptop, Intel Core i3, 13.3""- 6th/7th Gen, 8GB RAM, 500GB HDD Renewed - Grey","UGX 557,000","UGX 1,000,000",44%
"Elitebook I5 8GB Ram 500GB HDD 12.5"" Plus Bag-Black (Refurbished) Grade A","UGX 559,000","UGX 1,400,000",60%
"Lenovo ThinkPad 13.3 inch, Intel, Core i5 8GB RAM, 512GB SSD,  -Black (Renewed)","UGX 838,600","UGX 1,600,000",48%
"Refurbished Elite Book 840,Core I5,8GB Ram,500GB HDD- Black (6MTHS WRTY)","UGX 579,900","UGX 1,290,000",55%
"Refurbished Yoga 11.6""Touch Screen,Intel Celeron Quad Core,128GB SSD, 4GB RAM Mini- Black","UGX 399,000","UGX 1,499,999",73%
"Refurbished HP EliteBook 840 G2 Core i5 4GB RAM, 500GB HDD - Black","UGX 599,000","UGX 1,790,019",67%
3340 Intel Celeron 13.3 Inch 8GB RAM 1Tb Ssd- Black Laptop Refurbished,"UGX 499,990","UGX 960,000",48%
" Latitude 3380 Intel Core I3 13.3"" 6th/7th Gen 8GB RAM, 500GB HDD Refurbished Dark grey","UGX 524,000","UGX 780,000",33%
"EliteBook Core I5 8GB RAM, 500GB HDD-Black 6MTHS WRTY Refurbished  Grade A","UGX 549,980","UGX 1,350,000",59%
"EliteBook 820 Core i5 Up To 2.3 GHz, 8GB RAM, 500 GB HDD And a Mouse -Black (Refurbished) Grade A","UGX 559,900","UGX 1,100,000",49%
"Stream Pro G5/G6  11'6  Inch Mini Laptop, Celeron, 4GB Ram 64GB SSD – Grey- Refurbished","UGX 339,000","UGX 650,000",48%
"Refurbished 820 G3,Core I7,16GB RAM,1TB HDD 12.5""- Silver Grade A","UGX 899,999","UGX 1,990,008",55%
"Refurbished Probook 640, 14"" G2 I5,8GB RAM 256GB SSD- Black","UGX 649,999","UGX 1,799,901",64%
"Nec VersaPro Slim Laptop, Intel Core i5 8th Generation,8GB RAM,128GB SSD,12.5""-Black,Refurished","UGX 589,000","UGX 1,100,000",46%
"Refurbished Probook 430 G2/G3,Duo Core ,8GB RAM, 500GB HDD 14"" - Black","UGX 499,000","UGX 740,000",33%
"Latitude 3380 Intel Core I3 13.3"" 6th/7th Gen 8GB RAM, 500GB HDD Refurbished","UGX 485,000","UGX 860,000",44%
"Refurbished ThinkPad 11e 4GBRAM 128GB SSD 11.6""-Black (Grade A)","UGX 375,000","UGX 650,000",42%
"Refurbished 14"" Latitude 5440 Core i5 16GB RAM 500GB HDD - Black","UGX 549,000","UGX 1,090,000",50%
" Refurbished Latitude E7470/7480 Core i5, 6th/7th Gen, 8GB RAM , 256gb SSD, 14"" -Black","UGX 730,000","UGX 1,300,000",44%
Seagate Products Seagate 1TB Laptop Hard Disk - 1000GB-Silver,"UGX 135,000","UGX 150,000",10%
Refurbished HP Elitebook 840 G2 i5 6GB RAM 500GB HDD - Backlit Keyboard,"UGX 599,000","UGX 1,689,984",65%
"Hp Probook 640 G2, I5 6th Gen,8GB RAM 256GB SSD 14""DVD RW – Black,Renewed","UGX 649,000","UGX 1,299,000",50%
"Refurbished Acer Travelmate.4GB RAM 128GB SSD, 12Inches - Black()","UGX 359,000","UGX 989,982",64%
"Latitude 7270/5270,12.5"" Core I5, 8GB,256GB SSD-Refurbished-Black","UGX 599,000","UGX 1,089,984",45%
"Elitebook 8460/8470 Intel Core I5,8GB RAM,500GB HDD,14"" Aluminium Body-Refurbished","UGX 469,000","UGX 899,000",48%
"EliteBook 13 inch,Core I5,8GB RAM,500 GB,Black, Refurbished Grade A","UGX 566,540","UGX 999,000",43%
Tecno Laptop MegaBook K16S-R7-5800U(16+1TB) Ssd Amd,"UGX 3,500,000",,
"Lenovo Referburished  Intel ,11""8GB RAM,  500GB HDD,GB- Black Grade A","UGX 475,000","UGX 999,986",52%
"  Refurbished  11e Mini laptop 11.6 Inch 500GB HDD 4GB ram ,Plus Bag -Black( 6MTHS WRTY)","UGX 479,000","UGX 850,000",44%
"Hp Renewed Elite X2 Touchscreen,Detachable 2-IN-1 Laptop and Tablet,Core i5,8GB RAM,256GB SSD,-Silver (6MTHS WRTY)","UGX 1,299,000","UGX 2,000,000",35%
"Hp Pavilion 15.6-inch FHD Display, 12th Gen Intel Core i5/i7 8GB RAM 512GB SSD (Open Box) - Silver","UGX 2,760,000 - UGX 3,090,000","UGX 40,000,000",93%
"Hp Pavilion x360 14"" FHD Touchscreen 2-in-1 Laptop 12th Generation Core i5, 8GB RAM 512GB SSD, Backlit Keyboard,  Windows , Natural Silver.","UGX 2,861,000","UGX 35,000,000",92%
"Refurbished, Elitebook 840 G2, Core i5, 256GB SSD, 8GB Ram (6-Months Warranty) - Black ","UGX 695,000","UGX 1,300,000",47%
"Nec VersaPro  Laptop, Intel Core i5 8th Generation,8GB RAM,128GB SSD,12.5""Win10-Black,Refurished","UGX 588,000","UGX 1,050,000",44%
ProBook 640 Intel Core I5 8GB Ram 500GB HDD 14 Inch Refurbished (Grade A+) Plus SanDisk - Black,"UGX 532,500","UGX 1,200,015",56%
Refurbished Probook 640 Core I5 8GB Ram 500GB HDD 14+Bag-mouse,"UGX 580,000","UGX 1,200,000",52%
"Hp 15s 15.6 FHD Display"" (512GB SSD, 8GB DDR4 Memory)","UGX 2,250,000","UGX 2,500,000",10%
 Elite X2 G3/G2 Detachable 2-In-1 Business Tablet Laptop Touchscreen Intel Core i5 256GB SSD 8GB RAM Webcam Windows 11 Pro( Refurbished) Grade A,"UGX 1,290,000","UGX 1,800,000",28%
"Hp Envy 2-In-1 14"" Wide Ultra Xga Touch-Screen Laptop - Intel Core Ultra 7 - 16Gb Memory - 1Tb Ssd (9T8G4Ua)","UGX 4,900,000","UGX 6,776,000",28%
Hp Probook 440 14 Inch G11 Notebook Pc (816N0Ea) - Silver,"UGX 2,820,000","UGX 3,892,000",28%
"Hp ZBook Firefly 14 G8 14"" Laptop i7 11Tth Gen 32GB RAM 512GB SSD, 3.00 GHz ","UGX 3,830,000","UGX 5,000,000",23%
Tecno Megabook T15AA laptop,"UGX 3,500,000",,
Refurbished Latitude 5480 Core I5 8GB RAM 256 GB SSD- Black,"UGX 649,000","UGX 1,099,901",41%
"Hp Probook 430 G8 Notebook Pc-Core I7 13.3 Inches- Win 11 Home,- 2V658Av","UGX 3,700,000","UGX 5,096,000",27%
"Hp Probook 430 Intel Core i5 ,8GB Ram 500GB HDD 14"" Windows 11 Pro -Black,Renewed","UGX 599,000","UGX 999,000",40%
"Latitude 3380-Business Laptop, Intel Core i3, 13.3 inch, 6th/7th Gen, 8GB RAM, 500GB HDD Refurbished - Grey","UGX 555,000","UGX 1,200,000",54%
"Latitude 3310 Intel Core i3-8th Gen, 128GB NVMe SSD, 4GB DDR4, 13.3"", Refurbished","UGX 499,000","UGX 800,000",38%
Refurbished 840 Elitebook G5/G6 Core I5 8GB RAM 256GB SSD-Silver (Grade A),"UGX 989,000","UGX 2,000,000",51%
"Refurbished 11e 11.6"" Inch 8GB RAM 4hours 128GB SSD-Black (6MTHS WRTY)","UGX 459,990","UGX 788,981",42%
"Latitude 3380 Intel Core I3 13.3"" 6th/7th Gen 8GB RAM, 256GB SSD Refurbished+Mouse,mousepad & Bag","UGX 565,000","UGX 999,000",43%
"5440 Core i5 16GB RAM 500GB HDD,14"" - Black,Refurbished","UGX 569,000","UGX 1,090,000",48%
"Lenovo Refurbished ThinkPad 11e 4GBRAM 128GB SSD 11.6""-Black","UGX 375,000","UGX 700,100",46%
"Nec Versa  Laptop, Intel Core i5 8th Generation,8GB RAM,128GB SSD,12.5""-Black,Refurished","UGX 587,000","UGX 1,040,000",44%
"EliteBook 820 ,Core I5,8GB RAM,500 GB HDD,12.5-inch,Black,Plus stand and mouse,Refurbished Grade A","UGX 599,900","UGX 999,000",40%
"ThinkPad inch, Intel, Core i5 8GB RAM, 512GB SSD, , -Black (Refurbished)","UGX 828,100","UGX 1,800,000",54%
"Hp Renewed Probook 11” Mini, Celeron,4gb RAM, 500GB HDD  - Black Grade A","UGX 459,000","UGX 959,000",52%
"3140 Mini Laptop, Intel Pentium, 4GB Ram, 128GB SSD, 11.6”, Refurbished-Grey(3 Months Warranty)","UGX 389,000","UGX 650,000",40%
"Refurbished Elitebook 840,Core i5,500GB HDD, 8GB RAM, Windows 11 - Black","UGX 579,000","UGX 1,090,019",47%
Lenovo Thinkpad Refurbished X260/X270 Intel Core I5 8GB RAM 256GB SSD 13 Inch - Black (6MTHS WRTY),"UGX 690,000","UGX 1,000,000",31%
"Refurbished Latitude 7490 i5  ,8GB Ram ,512GB SSD , 8th gen - Black","UGX 1,139,000","UGX 1,990,000",43%
"Elitebook 8470 Intel Core I5,8GB RAM,500GB HDD,14"" Aluminium Body-Refurbished","UGX 469,000","UGX 899,000",48%
"Refurbished Slim Elitebook 840 14 Inch: 16GB RAM, 1TB HDD - Black (6MTHS WRTY)","UGX 1,400,000","UGX 2,389,986",41%
Refurbished Probook Touch Screen X360 Intel 4GB RAM 128GB SSD 11.6 Plus Free USB-HUB B- (Grade A),"UGX 450,000","UGX 650,000",31%
"Refurbished Elitebook Core I7,8GB RAM,256GB SSD 14 Inch, - Black","UGX 899,000","UGX 1,589,990",43%
"Probook 430/440 G3 Intel Core i5 6th Generation, ,8GB RAM ,256GB SSD, 13.3 inches -Refurbished-Black","UGX 599,000","UGX 999,905",40%
"Hp EliteBook 830 G5/G6,Intel Core I5 8th Gen,8GB RAM,256GB SSD, 13inch, Silver-Renewed","UGX 1,099,000","UGX 1,600,000",31%
Dell Latitude 5320 Core i5 16GB RAM 512GB SSD Storage 11th Gen Laptop - Silver,"UGX 1,399,000","UGX 2,200,000",36%
" Latitude 3380 Buisness/study laptop Intel Core I3 13.3"" 6th/7th Gen 8GB RAM, 500GB HDD Refurbished+Mouse &Mousepad,Dark grey","UGX 499,000","UGX 900,000",45%
"Hp Refurbished Elitebook 840 14 Inch, Core i7 - 2.60Ghz, 8GB RAM, 1TB HDD - Black (6MTHS WRTY)","UGX 2,489,981",,
"Renewed Elitebook G3,Core I5,12GB RAM,256GB SSD 13""- Silver 6MTHS WRTY  Grade A","UGX 699,000","UGX 1,689,984",59%
Refurbished Latitude 11'' Inch 3180/3190 256GB SSD/4GB RAM -Black Grade A,"UGX 440,000","UGX 800,000",45%
"Flip E205 11.6-inch Touchscreen x360, Intel Celeron/Pentium 4GB,128GB Storage, (64GB SSD Plus 64GB SD Card), Dark Blue,Refurbished","UGX 399,000","UGX 760,000",48%
"Flip E205 11.6-inch Touchscreen x360, Intel Pentium 4GB,128GB Storage (64GB SSD Plus 64GB SD Card), Windows 10, Dark Blue,Refurbished","UGX 399,000","UGX 700,000",43%
Lenovo Ideapad Flex 5 14Iau7 Cor Ei7 X360 14 Inches Touch - Silver,"UGX 4,950,000","UGX 6,930,000",29%
Refurbished Probook Touch Screen X360 Intel 4GB RAM 128GB SSD 11.6 - Grey (Grade A),"UGX 435,000","UGX 550,000",21%
  Probook 640 I5 8GB Ram 500GB HDD 14 Plus Bag-Black Refurbished (6MNTHS WRTY),"UGX 550,000","UGX 1,200,000",54%
"Refurbished Thinkpad 11e 11.6"" Inch 4GB RAM 128GB SSD-Black (Grade A)","UGX 375,000","UGX 700,000",46%
"Hp Renewed Elite X2 Touchscreen,2-IN-1 Laptop and Tablet,Core i5,8GB RAM,256GB SSD,-Silver (6MTHS WRTY)","UGX 1,349,000","UGX 1,900,000",29%
"ProBook 440/430 G3 Intel Core i5 6th Generation ,8GB RAM ,256GB SSD Windows 10 Pro-Refurbished","UGX 599,000","UGX 989,981",39%
Hp EliteBook 830 G5 Laptop -13'' Intel Core i5 8th Gen 256 SSD  16GB - Silver,"UGX 1,200,000","UGX 2,499,984",52%
Refurbished ProBook 640 i5 8GB Ram 500GB HDD Plus Free wireless Mouse (6 MNTHS WRNTY) - Refurbished - Black,"UGX 530,000","UGX 950,000",44%
"T460s/T470s, 14 Inch, Core i5, 8GB Ram, 256GB SSD, Windows 10 (Refurbished)- Black","UGX 680,000","UGX 1,560,000",56%
"Acer X360 Spin Mini Laptop ,2 in 1, Touch Screen,4GB RAM,128GB Storage,(64GB SSD and 64GB Memory Card)11.6 Inch-Renewed","UGX 429,000","UGX 700,000",39%
Refurbished Elitebook Core I5 6GB Ram 256 GB SSD Black,"UGX 699,000","UGX 1,489,995",53%
"Refurbished EliteBook 820 g1/g2 12.5"", Intel Core i5, 8GB RAM, 500GB HDD - Black","UGX 550,000","UGX 1,200,000",54%
Refurbished Thinkpad 11e Touchscreen 11.6 Grade A,"UGX 439,000","UGX 1,090,000",60%
Hp Probook 640 core i5 8gb Ram 500GB HDD. GRADE A+ plus wireless Mouse and Mouse pad (6month warranty),"UGX 539,000","UGX 800,000",33%
"Elitebook 820,Core I5,16GB RAM,512GBSSD ,Refurbished- Black( 12MTHS WRTY) Grade A","UGX 790,000","UGX 1,320,017",40%
"Hp Laptop 15s, 10th Gen Intel Core i3 15.6-inch 8GB RAM 1TB HDD (Open Box)- Black","UGX 1,580,000","UGX 20,000,000",92%
"Hp Probook G1,Touch Screen X360,Intel,4GB RAM,512GB SSD, 11.6 Plus Mouse-Grey/Black  (6MTHS WRTY)","UGX 799,000","UGX 1,200,000",33%
"Refurbished Probook Touch Screen X360,Intel,4GB RAM,128GB SSD, 11.6 Plus Free Unlocked SIM-Card Internet Mifi-(Grade A)","UGX 499,000","UGX 650,000",23%
"Refurbished Travelmate.4GB RAM 128GB SSD,12Inches 5Hrs- - Black","UGX 359,000","UGX 1,699,988",79%
"Elitebook 8460 Intel Core I5,4GB RAM,500GB HDD,14"" Aluminium Body-Refurbished","UGX 449,000","UGX 859,000",48%
"Refurbished Thinkpad X270/X260 Business Laptop, Intel Core I5-7th Generation CPU, 8GB RAM, 256GB SSD, 12.5 Inch Display, Windows 10 Pro- A Grade Grade A","UGX 654,900","UGX 1,400,000",53%
"Hp  Elite Book 820,Core I5,8GB Ram,500GB Plus mouse -Black","UGX 556,800","UGX 1,290,000",57%
"Elitebook 820 Core i5 8GB RAM, 500GB HDD, 12"" Black (Refurbished)6MTHS WRTY  Grade A","UGX 540,000","UGX 1,350,000",60%
"ProBook 640 G1 Intel Core I3, 8GB RAM, 750GB HDD. Refurbished Grade A+ Plus free Bag and Mouse - Black (6MTHS WRTY)","UGX 569,000","UGX 999,000",43%
"Refurbished NoteBook ,Core I5,16GB Ram,256GB SSD 14""Windows 11 Plus Bag and Mouse(6 MONTHS WARRANTY)-  Black","UGX 699,000","UGX 1,090,000",36%
Refurbished Probook Touch Screen X360 Intel 4GB RAM 128GB SSD 11.6 - Grey (Grade A),"UGX 435,000","UGX 550,000",21%
Lenovo V14 G4 Iru- 14 Inches Core I3 Laptop= Part Number- 83A00055U,"UGX 1,480,000","UGX 2,051,000",28%
"EliteBook 13 inch,Core I5,12GB RAM,500 GB,Black, Refurbished Grade A","UGX 619,900","UGX 1,099,000",44%
"Refurbished 820 G3,Core I5,12GB RAM,256GB SSD 12.5""- Silver Grade A","UGX 799,000","UGX 1,689,984",53%
"Probook 640 G2 (Refurbished), I5 6th Gen, 8GB RAM, 256GB SSD, 14"", DVD RW - Black","UGX 649,000","UGX 1,290,000",50%
Hp PROBOOK 450 G9 INTEL CORE I5 12TH GEN 8GB RAM 256GB SSD 15.6 FHD DISPLAY - SILVER,"UGX 2,205,000","UGX 4,000,000",45%
" EliteBook 820 12.5inch Laptop, Intel Core i5, 8GB Ram, 500GB Hard Drive, Windows 10 Pro 64bit (Refurbished) Grade A","UGX 549,890","UGX 1,400,000",61%
"EliteBook 840  Intel Core i5 , 16 GB Ram, 256GB SSD   - Silver - Refurbished","UGX 899,000","UGX 1,999,890",55%
" Latitude 3380 Intel Core I3 13.3"" 6th/7th Gen 8GB RAM, 500GB HDD Refurbished+Mouse & bag","UGX 525,000","UGX 950,000",45%
Refurbished 840 Elite Book Intel Core I5 - 16GB Ram 256GB SSD G2 Laptop - Black (6MTHS WRTY) Grade A,"UGX 793,000","UGX 1,000,000",21%
"Refurbished 11” Screen, Mini Laptop, Celeron,4gb RAM, 500GB HDD - Black Grade A","UGX 470,000","UGX 999,000",53%
"Renewed Elitebook G3,Core I5,8GB RAM, 1000GB HDD 13""- Silver 6MTHS WRTY Grade A","UGX 799,900","UGX 1,689,984",53%
"Nec VersaPro, Laptop, Intel Core i5 8th Gen,8GB RAM,128GB SSD,12.5""-Black,Refurished","UGX 580,000","UGX 1,010,000",43%
"Latitude 13.3"" 8th Gen,Intel Core i3, 128GB NVMe SSD, 4GB DDR4, Refurbished","UGX 499,000","UGX 800,000",38%
"Refurbished Elitebook  14"" Screen, Core I5 8GB Ram, 256GB SSD- Black(6MTHS WRTY) Grade A","UGX 699,997","UGX 950,000",26%
Thinkpad Refurbished X260/X270 Intel Core I5 8GB 512GB SSD 13 Inch-Black( Refurbished ) Grade A,"UGX 650,000","UGX 1,300,000",50%
"Refurbished Latitude Laptop 8GB Ram, 500GB,HDD + Bag , mouse pad And Mouse - Dark grey","UGX 499,700","UGX 1,400,000",64%
"Refurbished Latitude  13.3"" Intel Pentium/Celeron, 128 GB SSD, 4GB RAM- Black","UGX 459,999","UGX 899,984",49%
"Latitude 3380-Business Laptop, Intel Core i3, 13.3""- 6th/7th Gen, 8GB RAM, 500GB HDD Refurbished - Grey","UGX 560,000","UGX 1,200,000",53%
"Dell Latitude E7470 14.0-Inch Laptop - Intel Core i5-6300U 2.4 GHz (6th Gen), 8GB RAM, 256GB SSD, Intel HD Graphics 520, Windows 10 Professional, Wi-Fi (Renewed)-Black","UGX 779,000","UGX 1,900,017",59%
"Hp Elitebook 855 G8 AMD Ryzen 5, 2.6GHz, 256 SSD, 8192 mb 15,6"" IPS FHD","UGX 2,400,000","UGX 2,600,000",8%
"Thinkpad 100e 4th Gen 11.6"" 4GB RAM,128GB SSD (64 ssd +64 Memory Card),Rugged & Spill Resistant Mini Refurbished Laptop","UGX 339,000","UGX 550,000",38%
"Tecno Megabook S14, 1TB ROM, 12GB RAM, Snapdragon X Elite Processor, 14-inch Display. - Silver.","UGX 3,327,777","UGX 5,000,000",33%
"11e Mini laptop,11.6"" Inch 4GB RAM,128GB SSD, 4hours -Black,Refurbished (6MTHS WRTY)","UGX 359,000","UGX 699,000",49%
" Core i3 6th Generation,4GB RAM,128GB SSD,11.6 Inch-Black,Refurbished","UGX 399,000","UGX 700,000",43%
"Refurbished Thinkpad X270/X260 Laptop, Intel Core I5 CPU, 8GB RAM, 256GB SSD,-Black(6MTHS WRTY) Grade A","UGX 599,990","UGX 1,550,000",61%
" Latitude 3380 Intel Core I3 13.3"" , 8GB RAM, 500GB HDD Refurbished+Mouse,mousepad & Bag","UGX 546,000","UGX 950,000",43%
ProBook 640 Intel Core I5 8GB RAM 750GB HDD Refurbished (6 MNTHS WRNTY) - Black,"UGX 550,000","UGX 1,200,000",54%
"REFURB. X360 3189 TOUCH SCREEN,4GB RAM, 256GB SSD 11.6"" - Black","UGX 899,000","UGX 1,290,000",30%
"Refurbished 11e Mini laptop,11.6"" Inch 4GB RAM,128GB SSD, -Black,Refurbished (3 MTHS WRTY)","UGX 379,000","UGX 648,996",42%
"Acer Spin,11.6” Touchscreen Laptop, Intel, 4GB RAM,64GB SSD-Renewed(3 MONTHS WARRANTY)","UGX 379,000","UGX 690,000",45%
HP Refurbished probook 640 Core i5 8GB RAM 500GB HDD.Plus Free Bag and Mouse GRADE A+(6 MONTHS WARRANTY),"UGX 563,900","UGX 1,290,006",56%
"Refurbished Latitude 7490 I5 16GB Ram , 512GB SSD - Black Grade A","UGX 1,144,500","UGX 1,850,000",38%
DELL Latitude 5320 Core I5 13.3 Inches Laptop - Grey,"UGX 4,900,000","UGX 6,776,000",28%
 ProBook 640 Core I5 8GB Ram 1TB HDD 14 Inch Screen -Black (6 MNTHS WRTY) - Refurbished,"UGX 599,000","UGX 1,100,000",46%
"Elitebook 840 G5/G6, 14-inch, Intel Core I5, 8GB RAM, 256GB SSD , Windows 11 Pro, Refurbished – Silver","UGX 1,090,000","UGX 1,800,000",39%
"Refurbished Latitude 3189/3190 2 In 1, 11.6"" Touch Screen Laptop, Intel , 4GB RAM DDR4, 128GB SSD-Black","UGX 490,000","UGX 750,000",35%
"Refurbished 11e Mini Laptop 11.6"" Inch 4GB RAM,128GB SSD 4hours -Black (6MTHS WRTY)","UGX 369,000","UGX 699,000",47%
"DELL Latitude 3380-Business Laptop, Intel Core i3, 13.3""- 6th/7th Gen, 8GB RAM, 500GB HDD Renewed (With a Free Laptop Bag) - Grey","UGX 577,000","UGX 990,000",42%
"Elitebook 840 G5/G6, 14-inch, Intel Core i5, 8GB RAM, 256GB SSD , Windows 11 Pro, Refurbished – Silver","UGX 1,200,000","UGX 2,100,000",43%
"Latitude  13.3"" Intel Pentium/Celeron, 128 GB SSD, 4GB RAM,Free Bag And Mouse- Black-Refurbished","UGX 499,000","UGX 899,000",44%
"Latitude 3380 Intel Core I3 13.3"" 6th/7th Gen 8GB RAM, 256GB SSD Refurbished+Mouse grey","UGX 520,000","UGX 780,000",33%
DELL Latitude 5320 Core I5 Laptop 13.3 Iniches - 11Th Generation Intel Core I5-1135G7,"UGX 4,400,000","UGX 6,090,000",28%
"Refurbished EliteBook X360 1030 G3 Intel Core I5 8th Gen 8GB RAM 256GB SSD 13.3 Inches ,non TouchscreenDisplay-Silver(6MTHS WRTY) Grade A","UGX 1,359,000","UGX 2,000,000",32%
Hp 15s-fq5016nia Intel Core I5 1235U 12th Gen 8GB RAM/512GB SSD 15.6″ - Black,"UGX 2,600,000",,
"Nec VersaPro, Intel Core i5 8th Generation,8GB RAM,128GB SSD,12.5"" Windows 11 Pro-Black,Refurished","UGX 599,000","UGX 1,050,000",43%
"Refurbished ThinkPad 11e 4GBRAM 128GB SSD 11.6"" Plus Free Wireless Earpods-Black (Grade A)","UGX 390,000","UGX 650,000",40%
"Refurbished EliteBook 840/830 G5 , Core i5 8th GEN, 16GB RAM DDR4, 512GB SSD – Silver","UGX 1,299,000","UGX 1,500,000",13%
Refurbished Latitude 3180/3190 11.6'' Inch 128GB SSD 4GB RAM -Black (Grade A),"UGX 399,000","UGX 800,000",50%
Refurbished Elitebook 820 Core i5 8gb Ram 500gb Hdd - Black,"UGX 545,900","UGX 1,289,995",58%
"DELL Latitude 3380-Business Laptop, Intel Core i3, 13.3""- 6th/7th Gen, 8GB RAM, 500GB HDD Renewed (comes with a Mouse)- Grey","UGX 555,000","UGX 950,000",42%
"Refurbished ThinkPad T490S/T480S 14""Core i5-8th Gen 8GB RAM 256GB SSD M.2-NVMe-Black (Grade A)","UGX 979,000","UGX 1,500,000",35%
"Intel Core i3 6th Generation,8GB RAM,128GB SSD,11.6 Inch Mini Laptop Win 10-Black,Refurbished","UGX 449,000","UGX 799,000",44%
Refurbished 840 Elitebook G5/G6 Core I5 8GB RAM 256GB SSD-Silver (Grade A),"UGX 981,000","UGX 1,071,000",8%
Lenovo Thinkpad Refurbished  X260 Intel core i5 8GB 1000GB(1TB) HDD Plus Bag 13 Inch-Black,"UGX 949,000","UGX 1,790,019",47%
Refurbished slim Ultrabook Intel Core I5 16gb Ram 500gb HDD- Black ,"UGX 619,000","UGX 1,250,000",50%
"Refurbished 11e ThinkPad Intel, 11.6 Inch 4GB RAM 128GB SSD","UGX 473,100","UGX 1,000,000",53%
Tecno Megabook T15DA laptop,"UGX 3,400,000",,
"Elite X2 Detachable,2-IN-1 Laptop and Tablet,Core i5,8GB RAM,256GB SSD, Refurbished-Silver (6MTHS WRTY)","UGX 1,299,000","UGX 2,000,000",35%
" Elitebook 820 ,  Core I5 Up To 2.5 GHz, 8GB RAM, 500 GB HDD With 3-5hrs Battery Slim Laptop Windows 10 -Black(Refurbished)  Grade A","UGX 549,000","UGX 1,400,000",61%
"EliteBook X360 1030/830 Core I5 8GB Ram, 256GB SSD, Plus mouse Touchscreen- Notebook 13.3""-Silver(Refurbished)  Grade A","UGX 2,300,000",,
"T460s/T470s, 14 Inch, Core i5, 8GB Ram, 256GB SSD, Windows 10 (Refurbished)- Black","UGX 700,000","UGX 1,790,000",61%
"Elitebook 8460P/8470P Intel Core I5,8GB RAM,500GB HDD,14"" Aluminium Body-Refurbished","UGX 479,000","UGX 899,000",47%
"Refurbished Elite Book 840,Core I5,16GB Ram,1TB - (Grade A+) - Black (6MTHS WRTY)","UGX 780,000","UGX 1,200,000",35%
"Refurbished Acer Travelmate,Celeron.4GB RAM 128GB SSD, 12Inches - Black()","UGX 359,000","UGX 899,000",60%
" EliteBook 820 (12.5-inch,Core i5,8GB RAM,500 GB) - Black(Refurbished) Grade A","UGX 550,000","UGX 1,290,000",57%
"Eeebook Flip E205SA 11.6-inch Touchscreen x360, Intel Celeron/Pentium 4GB,128GB Storage, (64GB SSD Plus 64GB SD Card), Dark Blue,Refurbished","UGX 399,000","UGX 700,000",43%
"Refurbished Slim NoteBook ,Core I5,8GB Ram,500GB HDD 14""Windows 10 (6 MONTHS WARRANTY)-  Black","UGX 575,000","UGX 1,090,000",47%
Hp PROBOOK 450 G9 INTEL CORE I7 12TH GEN 8GB RAM 256GB SSD 15.6 FHD DISPLAY - SILVER,"UGX 2,755,000","UGX 4,000,000",31%
Refurbished Probook G1 Touch Screen X360 Intel 4GB RAM 128GB SSD 11.6 - Grey (Grade A),"UGX 449,000","UGX 790,000",43%
"Refurbished 11e 11.6"" Inch 4GB RAM 4hours 128GB SSD Plus Free Pouche-Black (6MTHS WRTY)","UGX 369,000","UGX 759,000",51%
"Refurbished 14 Inch EliteBook 840 G2/G1, Core i5, 8GB Ram, 500GB HDD, Windows 10 Pro - Black","UGX 680,000","UGX 1,240,000",45%
"Latitude 7270/5270,12.5"", I5,8GB RAM, 512GB SSD- Refurbished","UGX 699,000","UGX 1,099,907",36%
"Hp EliteBook 840 G2, Core i5, 8GB Ram, 500GB HDD, 14inch, Black (4Months warranty)","UGX 796,000","UGX 1,000,000",20%
"Nec VersaPro,Slim Laptop, Intel Core i5 8th Gen,8GB RAM,128GB SSD-Black,Refurished","UGX 590,000","UGX 1,010,000",42%
"Refurbished EliteBook 840 G2/G1, Core i5, 8GB RAM, 500GB HDD - Black","UGX 620,000","UGX 1,350,000",54%
"Refurbished Elitebook Notebook Core I5,16GB RAM,512 GB SSD,14"", - Black","UGX 999,890","UGX 1,790,019",44%
"Hp Probook 11  Duo Core,64GB  SSD RAM 4GB RAM, Dark Grey","UGX 339,000","UGX 589,995",43%
"DELL  Latitude 3380-Business Laptop, Intel Core i3, 13.3""- 6th/7th Gen, 8GB RAM, 500GB HDD Renewed (FREE MOUSE) - Grey/Black","UGX 566,000","UGX 890,000",36%
"Elite Book 840 , Intel Core I5,8GB Ram, 1TB Hdd- Refurbished - Silver & Black (4MTHS WRTY)","UGX 699,000","UGX 2,199,920",68%
"ProBook 640  Intel Core I3, 8GB RAM, 500GB HDD. Refurbished Grade A+ - Black (6MTHS WRTY)","UGX 569,000","UGX 999,000",43%
"Refurbished ThinkPad 11e 4GBRAM 128GB SSD 11.6"" Plus Free Unlcoked Simcard Internet MIFI-Black (Grade A","UGX 440,000","UGX 650,000",32%
"Hp 840 G6 14 Inch Core i5 8th Gen, 8GB RAM 256GB SSD No Scratches (Open Box) - Silver","UGX 1,320,000","UGX 2,500,000",47%
"Refurbished Lenovo ThinkPad Yoga 11.6""Touch Screen,Intel Celeron Quad Core,128GB SSD, 4GB RAM Mini- Black","UGX 989,982",,
"Intel Core i3 6th Gen,4GB RAM,128GB SSD,11.6 Inch Mini Laptop-Black,Refurbished","UGX 395,000","UGX 670,000",41%
"EliteBook 830 G6 X360 Core i5, 2in 1 Laptop , 8GB Ram, 256GB SSD, 8th Gen Touchscreen 13"" Inch-Refurbished - Silver(Grade A)","UGX 1,299,990","UGX 1,890,000",31%
"Latitude E7270/E5270,Intel Core i5 6th Gen,8GB RAM, 256GB SSD,12.5""Screen(6 MONTHS WARRANTY)- Refurbished","UGX 599,000","UGX 1,090,000",45%
"Refurbished Latitude E7470/7480, Core i5 , 6th/7th Gen,  8GB RAM, 256GB SSD ,14"", with a Laptop Bag, Mouse, Foam Cleaner -Black","UGX 780,000","UGX 1,400,000",44%
"Refurbished  Latitude Laptop 3150 8GB Ram 1TB HDD +Bag , Mousepad And Mouse - Dark Gray Grade A","UGX 519,900","UGX 1,300,000",60%
"Transformer Book Flip E205 11.6-inch Touchscreen x360, Intel Pentium 4GB,128GB Storage, (64GB SSD Plus 64GB SD Card) Windows 10, Dark Blue,Refurbished","UGX 399,000","UGX 700,000",43%
"Elitebook 840 G5/G6, 14-inch, Intel Core I5, 16GB RAM, 512GB SSD , Windows 11 Pro, Refurbished – Silver","UGX 1,500,000","UGX 2,300,000",35%
"Refurbished ThinkPad 11e 4GBRAM 128GB SSD 11.6"" Plus Free laptop Handbag-Black (Grade A)","UGX 430,000","UGX 650,000",34%
"Refurbished EliteBook 820(12.5-inch,Core i5,8GB RAM,500 GB) - Black Grade A","UGX 575,000","UGX 1,390,001",59%
"Refurbished EliteBook 840 G5 / G6 Business Laptop Intel Core i5, 16GB DDR4 RAM 512GB SSD - SILVER","UGX 1,240,000","UGX 2,200,000",44%
"Refurbished UK Intel Core i3 (Only CPU), 4GB RAM, 320GB Hard Drive - Black","UGX 630,000","UGX 1,600,000",61%
Hp Referburished 2560/2570p i7 320GB HDD 4GB RAM 12.5 Inch 3 Hours-Silver Grade A,"UGX 699,999","UGX 1,000,000",30%
Hp Envy X360 2-In-1 Laptop 15-Fe0005Nia (88X11Ea) 15 Inches Core I5 Laptop Touch - Grey,"UGX 5,120,000","UGX 7,084,000",28%
"T440/T440s 14"" UltraBook - Core I5-4200U 8GB RAM ,500GB HDD -Black( Refurbished) Grade A","UGX 550,000","UGX 1,500,000",63%
Hp 250 15.6 Inch G9 Notebook Pc (6S6V4Ea) Core I7 15.6 Inches - Grey,"UGX 2,700,000","UGX 3,738,000",28%
"Refurbished Latitude 3189/3190 2 In 1, 11.6"" Touch Screen Laptop, Intel Pentium , 4GB RAM DDR4, 128GB SSD-Black","UGX 550,000","UGX 1,000,000",45%
"Refurbished EliteBook 840 Intel Core I5 4GB Ram, 500GB HDD Plus Free Smart Watch- Black (6MTHS WRTY)","UGX 729,000","UGX 1,300,000",44%
"Hp EliteBook 830 G5/G6,Intel Core I5 8th Gen,8GB RAM,256GB SSD, 13inch, Silver-Renewed","UGX 1,299,000","UGX 1,700,000",24%
"Elitebook 725,AMD A8 Pro Quad Core ,8GB RAM,256GB SSD,12.5"" Silver,Refurbished ","UGX 599,000","UGX 990,000",39%
"Nec VersaPro  Laptop, Intel Core i5 8th Generation,8GB RAM,128GB SSD,12.5""-Black,Refurished","UGX 599,000","UGX 1,100,000",46%
"Hp EliteBook 830 G5/G6,Intel Core I5 8th Gen,8GB RAM,256GB SSD, 13inch, Silver-Renewed","UGX 1,090,000","UGX 1,650,000",34%
"Eeebook Flip E205 11.6-inch Touchscreen x360, Intel Pentium 4GB,128GB Storage (64GB SSD Plus 64GB SD Card), Windows 10, Dark Blue,Refurbished","UGX 399,000","UGX 690,000",42%
"EliteBook 830 13.3 Inch Laptop i5-8th Gen 8GB DDR4 RAM, 256GB SSD – Silver (Refurbished)Grade A","UGX 979,600","UGX 1,450,000",32%
Refurbished 840 Elitebook G5/G6 Core I5 8GB RAM 256GB SSD-Silver (Grade A),"UGX 980,000","UGX 1,060,000",8%
"Refurbished Latitude11.6 Inch, Intel Celeron/Pentium 8GB RAM 500GB HDD Plus Flash Disk & Mouse - Grey","UGX 579,000","UGX 1,000,000",42%
"ProBook 640 I7 8GB RAM 500GB HDD 14"" Refurbished Plus Bag - Black (6MTHS WRTY)","UGX 639,000","UGX 1,290,000",50%
"Elitebook 8470P Intel Core I5,8GB RAM,500GB HDD,14"" Aluminium Body-Refurbished","UGX 469,000","UGX 899,000",48%
"Refurbished Probook 430 , Intel Duo Core ,8GB RAM, 500GB HDD 14"" - Black","UGX 499,000","UGX 740,000",33%
Hp Referburished Elitebook 2560 I5 320GB HDD 4GBRAM-Silver Grade A,"UGX 999,986",,
"T460s/T470s, 14 Inch, Core i5, 8GB Ram, 256GB SSD, Windows 10 (Refurbished)","UGX 695,000","UGX 1,350,000",49%
"Certified Refurbished 14"" HP EliteBook 840 Core I5, 8GB RAM, 500GB HDD - Black","UGX 579,000","UGX 1,390,000",58%
"Refurbished Thinkpad X270/X260 Laptop, Intel Core I5, CPU, 8GB RAM, 256GB SSD-BLACK Grade A","UGX 599,900","UGX 1,450,000",59%
"Intel Core i3 6th Gen,8GB RAM,128GB SSD,11.6 Inch Mini Laptop, Win 11-Black,Refurbished","UGX 449,000","UGX 700,000",36%
" Refurbished Latitude E7470/7480 Core i5, 6th/7th Gen, 8GB RAM , 256gb SSD, 14"" -Black","UGX 730,000","UGX 1,300,000",44%
"Hp EliteBook 1030 G8 Intel Core i5 11th Generation 16GB RAM 256GB SSD, Windows - silver","UGX 2,760,000","UGX 3,500,000",21%
Refurbished Elitebook 840 Core I5 8gb Ram 500gb HDD Black (6MTHS WRTY),"UGX 579,000","UGX 1,390,001",58%
"Refurbished NoteBook ,Core I5,8GB Ram,500GB HDD 14""Windows 11 (6 MONTHS WARRANTY)-  Black","UGX 579,000","UGX 999,000",42%
Lenovo Thinkbook 13S Core I5 Laptop Gen 4 With 12 Gen Proessor- Slim Alptop 13.3 Inches Non Touch. (21Ara00Gue ) - Silver,"UGX 3,895,000","UGX 5,404,000",28%
"HP EliteBook 840 G5 / G6 Intel Core i5 8th Gen 16GB RAM 256GB SSD 14"" Refurbished - Silver","UGX 1,310,000","UGX 2,100,000",38%
" Refurbished Probook 430 G2/G3,Core i5,8GB RAM, 256GB SSD 14"" - Black","UGX 599,000","UGX 990,000",39%
"Refurbished EliteBook 840 G5 14"" i7 8th Generation 16GB 256GB SSD Silver","UGX 1,282,500","UGX 1,900,000",33%
"ThinkPad X1 Carbon 8th Gen Intel Core i7 Slim & Light Laptop, 16GB RAM 512GB SSD (Renewed) -Black (Grade A)","UGX 1,699,000","UGX 2,000,000",15%
"Refurbished  11” Mini, Celeron,4gb RAM, 500GB HDD Plus Free Bag  - Black Grade A","UGX 489,000","UGX 999,000",51%
"Hp Referburished 2560p i5 500GB HDD 4GB RAM 12.5""inch 3hours-Silver","UGX 1,100,000",,
"Refurbished 11e Mini 11.6"" Inch 4GB RAM,128GB SSD, 4hour Plus Free Bag and Pouch-Black (6MTHS WRTY)","UGX 378,000","UGX 759,000",50%
Refurbished 840 Elitebook Core i5 4GB RAM 500GB HDD-Black,"UGX 699,000","UGX 1,499,999",53%
"Stream Pro G5/G4  11'6  Inch Mini Laptop, Celeron, 4GB Ram 64GB SSD – Grey- Refurbished","UGX 329,000","UGX 600,000",45%
"Refurbished 250 G6 Core i5 8GB RAM - 1TB HDD - 15.6"" - Black (6MTHS WRTY)","UGX 799,000","UGX 2,489,981",68%
Refurbished EliteBook Folio 1040 14inch Laptop Core i7 8GB Ram 256GB SSD-Gray/silver (Grade A),"UGX 1,100,000","UGX 1,500,000",27%
Refurbished Probook 360 Intel  4GB RAM 128GBSSD 11 Grade A,"UGX 490,000","UGX 850,000",42%
Replacement Keyboard for Lenovo ThinkPad E480 E485 L480 T480s E490 E495 T490 L490 Laptop ,"UGX 190,000 - UGX 250,000","UGX 300,000 - UGX 600,000",58%
"Refurbished  Dell Latitude E6420/E6430- Corei5-4GB Ram, 500GB HD - Black (3MTHS WRTY)","UGX 1,300,010",,
"Latitude 3380 Intel Core i3 13.3"" 6th/7th Gen 8GB RAM, 500GB HDD Refurbished (Grade A)","UGX 490,000","UGX 1,200,000",59%
"Refurbished Slim NoteBook ,Core I5,8GB Ram,500GB HDD 14""Windows 10 (6 MONTHS WARRANTY)-  Black","UGX 575,000","UGX 1,090,000",47%
"Refurbished Probook TouchScreen X360 Intel 4GB RAM 128GB SSD 11.6"" Plus Free Wireless Earpods- (Grade A)","UGX 480,000","UGX 650,000",26%
"EliteBook 820 Core i5 Up To 2.3 GHz, 8GB RAM, 500 GB HDD With a Bag-Black(Refurbished)  Grade A","UGX 564,200","UGX 1,150,000",51%
"Lenovo Refurbished ThinkPad 11e 4GBRAM 128GB SSD 11.6"" Plus Free 500GB EXTERNAL HARD-DRIVE-Black (Grade A)","UGX 390,000","UGX 650,000",40%
"Elitebook 820 g1/g2, 12.5-inch, Core I5, 8GB RAM ,500 GB HDD (Refurbished) - Black","UGX 550,000","UGX 1,200,000",54%
"Core i3 6th Generation,8GB RAM,128GB SSD,11.6 Inch Mini Laptop Windows 11-Black,Refurbished","UGX 457,000","UGX 700,000",35%
"Refurbished E7240 Core I5  4GB RAM 256GB SSD,12.5"" Silver","UGX 699,000","UGX 1,300,010",46%
Hp ENVY 13 i5 512 SSD 8GB 11th Gen - Silver,"UGX 4,180,000","UGX 5,190,000",19%
Refurbished (Grade A) HP Elitebook 840 Notebook PC  (Intel Core I5 / 8GB Ram / 500gb Hdd / Back Lit Keyboard / Office 2019 / Windows 10 Pro) - Black,"UGX 670,000","UGX 1,100,000",39%
"Core i3 6th Gen,4GB RAM,128GB SSD,11.6 Inch Mini Laptop Rugged-Black,Refurbished","UGX 389,000","UGX 700,000",44%
 Probook G1 Touch Screen X360 Intel 4GB RAM 128GB SSD 11.6 Refurbished With A  Bag - Grey,"UGX 499,000","UGX 1,050,000",52%
"Certified (Refurbished) Hp 14"" EliteBook 840 Core I5, 8GB RAM, 500GB HDD - Black","UGX 579,999","UGX 1,390,000",58%
"Hp Pavilion 15.6-inch FHD Display, 11th/12th Gen Intel Core i5 8GB RAM 512GB SSD 2GB Graphics Card - Silver","UGX 2,865,000 - UGX 3,090,000","UGX 4,000,000",28%
"Probook 440 G3 Intel Core i5 6th Generation, 8GB RAM, 500GB HDD, 14 Inches HD Display. Refurbished-Black (6 Months Warranty)","UGX 599,000","UGX 1,001,000",40%
Refurbished 840 Elitebook G3/G4 Core i5 8GB DDR4 RAM 1TB HDD-Silver (Grade A),"UGX 850,000","UGX 2,100,006",60%
"Renewed Elitebook G3,Core I5,12GB RAM,500GB HDD 13""- Silver Grade A","UGX 739,000","UGX 1,689,984",56%
"DELL Latitude 3380-Business laptop, Intel Core I3 13.3""- 6th/7th Gen, 8GB RAM, 500GB HDD (Renewed) – Grey","UGX 585,000","UGX 1,230,000",52%
" Refurbished Elitebook 840/830 Business Laptop Core I5, 8GB DDR4 Ram speed 2660/3200MHZ Speed 512GB SSD Storage – Silver  Grade A","UGX 1,299,000","UGX 1,790,000",27%
"Refurbished 840 G6 14"",i5 8th Gen,8GB RAM,512GB SSD-Silver","UGX 1,299,000","UGX 2,389,986",46%
"Adell A  Latitude 3150 4gb Ram 500gb HDD Intel Pentium, Gray Grade A","UGX 430,000","UGX 1,000,000",57%
"Hp 14S Intel Core i5-12th Gen – 8GB RAM, 256GB SSD, 14"" Silver Laptop","UGX 1,785,000","UGX 2,000,000",11%
"Latitude 5270/7270,12.5"" Core I5, 8GB,256GB SSD-Refurbished-Black","UGX 599,014","UGX 1,089,984",45%
"Stream Pro G5/G6  11'6  Inch Mini Laptop, Celeron, 4GB Ram 64GB SSD – Grey- Refurbished","UGX 335,000","UGX 600,000",44%
"X360 Spin,11.6” Touchscreen Laptop X360, Intel, 4GB RAM,64GB SSD-Refurbished(3 MONTHS WARRANTY)","UGX 399,000","UGX 700,000",43%
"Core i3 6th Generation,8GB RAM,128GB SSD,11.6 Inch Mini Laptop-Black,Refurbished","UGX 469,000","UGX 700,000",33%
"Refurbished Probook G1,Touch Screen X360 4GB RAM,256GB SSD, 11.6 Inch-Grey (6MTHS WRTY)","UGX 579,000","UGX 1,099,980",47%
"Refurbished Probook TouchScreen X360 Intel 4GB RAM 128GB SSD 11.6"" Plus Free USB HUB s- (Grade A)","UGX 450,000","UGX 650,000",31%
"Refurbished NoteBook ,Core I5,8GB Ram,500GB HDD 14""Windows 11 (6 MONTHS WARRANTY)-  Black","UGX 575,000","UGX 1,090,000",47%
" Latitude E5440 Core i5 16GB RAM 500GB HDD,14"" - Black,Refurbished","UGX 549,000","UGX 1,090,000",50%
" Flip E205 11.6-inch Touchscreen x360, Intel Pentium 4GB,128GB Storage (64GB SSD Plus 64GB SD Card), Windows 10, Dark Blue,Refurbished","UGX 399,000","UGX 650,000",39%
Refurbished EliteBook Folio 1040 14inch Laptop Core i7 8GB Ram 256GB SSD-Gray/silver (Grade A),"UGX 1,100,000","UGX 1,500,000",27%
"Nec VersaPro  Laptop, Intel Core i5 8th Generation,8GB RAM,128GB SSD,12.5""Windows 10 Pro-Black,Refurished","UGX 599,000","UGX 1,050,000",43%
"Intel Core i3 6th Gen,8GB RAM,128GB SSD,11.6 Inch Mini Laptop Win 10-Black,Refurbished","UGX 449,000","UGX 700,000",36%
"EliteBook 820 g1/g2 12.5"", Core i5, 8GB RAM, 256GB HDD, Refurbished - Black","UGX 700,000","UGX 1,300,000",46%
"Refurbished  ThinkPad T440, Intel Core i5, 4GB RAM, 500GB HDD - Black Grade A","UGX 530,000","UGX 1,400,004",62%
"Nec VersaPro, Laptop, Intel Core i5 8th Gen,8GB RAM,128GB SSD,12.5""Windows 11 Pro-Black,Refurished","UGX 595,000","UGX 1,020,000",42%
"Flip E205 Touchscreen x360, Intel Celeron/Pentium 4GB,128GB Storage, (64GB SSD Plus 64GB SD Card), Dark Blue,Refurbished","UGX 399,000","UGX 700,000",43%
"Lenovo Thinkpad Refurbished 11e 11.6"" Inch 4GB RAM 4hours 320GB HDD-Black","UGX 989,982",,
"Lenovo 11e Mini Laptop,11.6 Inch Screen, 8GB RAM,500GB HDD (Renewed)- Black","UGX 700,000",,
"Refurbished Probook G1,Touch Screen X360,Intel,4GB RAM,128GB SSD, 11.6,Mini-Grey","UGX 1,100,000",,
"Refurbished Thinkpad X270/X260  Laptop, Intel Core I5, 8GB RAM,  256GB SSD, 12.5 Inch - A Grade -Black Grade A","UGX 629,000","UGX 1,300,000",52%
"T460s/T470s, 14 Inch, Core i5, 8GB Ram, 256GB SSD, Windows 10 (Refurbished)- Black","UGX 690,000","UGX 1,430,000",52%
"Nec VersaPro,Slim Laptop, Intel Core i5 8th Gen,8GB RAM,128GB SSD,Windows 11 Pro-Black,Refurished","UGX 587,900","UGX 1,020,000",42%
"Refurbished Dell Latitude 3340/3350 13.3"", Intel Core i5, 4GB RAM, 500GB HDD,-  - Dark Grey","UGX 1,090,000","UGX 1,900,000",43%
" Probook 430 G3, Intel Core i5 6th Generation, ,8GB RAM ,256GB SSD,13.3 inches -Refurbished-Black","UGX 599,000","UGX 990,006",39%
Elitebook 830 G5 (Refurbished),"UGX 850,000","UGX 1,700,000",50%
Refurbished Computer 640 Core I5 8GB Ram 1TB HDD 14 Inch Screen -Black (6 MNTHS WRTY),"UGX 599,000","UGX 1,000,000",40%
"3160 Refurbished TouchScreen,4GB RAM,500GB HDD 11.6""Free Mouse-Black Grade A","UGX 550,000","UGX 1,200,015",54%
"Transformer Flip E205 11.6-inch Touchscreen x360, Intel Pentium 4GB,128GB Storage, (64GB SSD Plus 64GB SD Card) Windows 10, Dark Blue,Refurbished","UGX 399,000","UGX 740,000",46%
"Refurbished Elitebook Core I7,8GB RAM,512 GB SSD 14 Inch, - Black","UGX 1,199,890","UGX 1,790,019",33%
"Stream Pro G5/G4  11'6 Mini Laptop, 128GB SSD,Intel, 4GB RAM -Grey- Refurbished","UGX 389,000","UGX 600,000",35%
"Refurb Latitude D630/D620 Core 2 2GB 160GB Grey,","UGX 700,000",,
"Refurbished Latitude E7470 Intel Core I5, 6th Gen 8GB RAM, 256gb SSD, 14"" Inch -Black Grade A","UGX 729,900","UGX 1,159,000",37%
"EliteBook 820 12.5-inch,Core I5,8GB RAM,500 GB,Black,Plus Bag and Mouse,Refurbished Grade A","UGX 589,900","UGX 990,000",40%
"Replacement Keyboard for Lenovo ThinkPad X280 X390 X395, Thinkpad L13 Gen 1 & L13 Gen 2, Thinkpad X13 Gen 1 & L13 Yoga Gen 1 Series Laptop","UGX 150,000","UGX 300,000",50%
"Refurbished EliteBook X360 1030 G4 Notebook PC Intel Core I5-8 5U 16GB  RAM 512GB SSD, -Silver(6MTHS WRTY) Grade A","UGX 1,590,000","UGX 2,200,000",28%
Hp Probook 440 G8 i5 11th Generation 8GB RAM 256GB SSD 14 inch FHD Laptop (Open Box) - Silver (1YR WRTY),"UGX 2,200,000","UGX 3,000,000",27%
"Refurbished EliteBook 820(12.5-inch,Core I7, 8GB RAM, 1TB HDD , PLUS FREE MOUSE PAD ,MOUSE & BAG - Black(6MTHS WRTY) Grade A","UGX 799,900","UGX 1,350,000",41%
Hp Laptop 15S-Fq5017Nia (6G3P7Ea) Core I7 Laptop 15.6 Inches. - Silver,"UGX 2,700,000","UGX 3,738,000",28%
"Refurbished Elite Book 840 G2, Intel Core i5:8GB Ram, 500GB HDD- Black","UGX 599,000","UGX 1,790,019",67%
Elitebook 820 i5 8gb Ram 500gb HDD- Black(6MTHS WRTY) Refurbished  Grade A,"UGX 546,000","UGX 1,150,000",53%
"EliteBook 12.5nch, Intel Core I5,8GB RAM,500 GB With A Bag Refurbished) - Black Grade A","UGX 595,500","UGX 1,099,000",46%
"Refurbished Latitude 3340 13.3"", Intel, 8GB RAM, 1TB HDD - -Dark Grey (6MTHS WRTY)","UGX 599,000","UGX 1,890,014",68%
"REFURBISHED ELITEBOOK 840 G2 INTEL 14"" i5-5300U 2.3GHz 8GB RAM 500GB SSD WINDOWS 10","UGX 750,000","UGX 850,000",12%
"Refurbished Probook TouchScreen X360 Intel 4GB RAM 128GB SSD 11.6"" Plus Free 500GB EXTERNAL HARDDRIVE L - (Grade A)","UGX 499,000","UGX 650,000",23%
"T490S Core i5-8th Gen 16GB RAM 256GB SSD,14"" Windows 11 Pro -Black-Refurbished","UGX 899,000","UGX 1,350,000",33%
"Thinkpad Refurbished ThinkPad 11e 4GBRAM 128GB SSD 11.6""-Black (6MTHS WRTY)","UGX 379,000","UGX 990,000",62%
Refurbished HP Core I5  Elitebook 12GB RAM 500GB HDD - Black,"UGX 629,000","UGX 2,290,000",73%
ProBook 640 Intel Core I5 (4GB RAM 500GB HDD) Refurbished (6 MNTHS WRNTY) Plus Bag - Black,"UGX 555,000","UGX 1,200,000",54%
"Refurbished NoteBook ,Core I5,12GB Ram,500GB HDD 14""Windows 11 (6 MONTHS WARRANTY)-  Black","UGX 659,000","UGX 1,100,000",40%
"Refurbished Elitebook 820 (12.5-inch,Core i5,8GB RAM,500 GB) - Grey, Black Grade A","UGX 547,310","UGX 1,359,990",60%
"EliteBook 820 g1/g2 12.5"", Core i5, 8GB RAM, 256GB HDD, Refurbished - Black","UGX 650,000","UGX 1,200,000",46%
"HP EliteBook 2560 (Refurbished), Intel Core i7, 500GB HDD, 8GB RAM - Silver","UGX 1,400,004",,
"Refurbished EliteBook 820 12.5"" - Core I7 ,8GB RAM 500GB-Black(6MTHS WRTY) Grade A","UGX 699,900","UGX 1,390,000",50%
"Refurbished EliteBook 840 G2, Core i5, 8GB RAM, 500GB HDD - Black","UGX 595,000","UGX 970,000",39%
"Refurbished Latitude 3150, Intel Celeron, 4GB RAM, 320GB HDD, 11.6"" (6M WRTY) -  Grey","UGX 509,000","UGX 890,000",43%
"Refurbished ThinkPad 11e 4GBRAM 128GB SSD 11.6"" Plus Free USB HUB-Black (Grade A)","UGX 380,000","UGX 650,000",42%
"Refurbished Elite Book 840 G2,Core i5,16GB Ram,1TB  SSD - Silver & Black","UGX 999,000","UGX 2,900,003",66%
Refurbished Elitebook 840 Core i5 16gb Ram 1000gb HDD Black,"UGX 769,000","UGX 1,589,990",52%
"Refurbished Acer Mini Laptop,Celeron,4GB RAM,128GB SSD, 12"", 5hrs Battery - Black() (6MTHS WRTY)","UGX 359,000","UGX 899,000",60%
"Refurbished EliteBook 820 g1/g2, 12.5 inches, Core i5, 8GB RAM, 500GB HDD - Black","UGX 560,000","UGX 900,000",38%
"Refurbished ProBook 11 G2 11.6-inch Laptop, Intel Celeron 4GB Ram , 500gb - Black/Grey","UGX 460,000","UGX 900,000",49%
"Refurbished Elitebook 840 G2, Intel Core i5, 512GB SSD, 8GB Ram, Windows 10Pro with a Laptop Bag - Black","UGX 770,000","UGX 1,600,000",52%
"Latitude 3140 Mini Laptop, Intel , 4GB Ram, 128GB SSD, 11.6”, WIn 11,Refurbished-Grey(3 Months Warranty)","UGX 389,900","UGX 600,000",35%
"Latitude 7470, Core I5 8GB RAM, 256GB SSD, 14-Inch FHD Display- Black, Business Laptop (6months Warranty)Refurbished","UGX 729,000","UGX 1,099,900",34%
Refurbished Hp 840 EliteBook Intel Corei5 - 5000U+ / 8GB RAM / 500GB HDD - Black (4MTHS WRTY),"UGX 599,000","UGX 1,790,019",67%
"Refurbished EliteBook 840 Intel Core I5 - 4GB Ram, 500GB HDD- Dark Grey (6MTHS WRTY)","UGX 689,000","UGX 990,000",30%
"Refurbished Elitebook 840 CORE I5,8GB RAM,1TB HDD14” - Black (6MTHS WRTY)","UGX 699,000","UGX 2,000,012",65%
Refurbished Elitebook 14 Inch Intel Core i5 8GB Ram 500GB HDD Plus Mouse and Mouse Pad - Black,"UGX 589,000","UGX 1,090,019",46%
  REFURBISHED  Probook G1 Touch Screen X360 Intel 4GB RAM 128GB SSD 11.6 Inch Plus Free wireless mouse & Bag - Grey,"UGX 535,000","UGX 1,200,000",55%
"Refurbished Probook 640,14""G1 i5 4thGen 4Gb RAM 500GB HDD 4hrs Black","UGX 1,790,019",,
Refurbished Probook 640 i7 8GB RAM 256GB SSD - Black (6MTHS WRTY),"UGX 699,000","UGX 1,000,000",30%
Refurbished Latitude 3180/3190 11.6'' Inch 128GB SSD 4GB RAM -Black (Grade A),"UGX 370,000","UGX 450,000",18%
"Intel Core i3 6th Gen,4GB RAM,128GB SSD,11.6 Inch Mini Laptop, Win 10-Black,Refurbished","UGX 399,000","UGX 690,000",42%
"Refurbished 820 G3,Core I5,8GB RAM,500GB SSD 12.5""- Silver Grade A","UGX 890,000","UGX 1,689,984",47%
"Refurbished 5480 Core I5 6th Gen ,8GB RAM ,256 GB SSD- Black","UGX 649,000","UGX 999,993",35%
"Refurbished 840 Core i5, 8 GB RAM, 500 GB HDD Laptop Bag, Mouse - Grey,Black","UGX 599,000","UGX 1,990,008",70%
"Latitude 7270/5270,12.5"" Core I5, 8GB,256GB SSD-Refurbished-Black","UGX 599,000","UGX 1,089,984",45%
"Refurbished Elitebook Core I7,16GB RAM,1000GB HDD 14""Refurbished - Black","UGX 899,893","UGX 1,790,019",50%
"Elite X2 Detachable,2-IN-1 Laptop,Core i5,8GB RAM,256GB SSD, Refurbished-Gray (6MTHS WRTY)","UGX 1,299,000","UGX 1,890,000",31%
Refurbished Latitude 7490 I5 8GB 256GB SSD - Black Grade A,"UGX 899,900","UGX 1,590,000",43%
"Hp EliteBook 830 G5/G6,Intel Core I5 8th Gen,16GB RAM,512GB SSD, 13inch, Silver-Renewed","UGX 1,299,000","UGX 1,750,000",26%
Hp Probook 640 core i5 8GB RAM 500GB HDD.GRADE A+ (6months  Warranty) plus free mouse And Mouse Pad - Black,"UGX 550,000","UGX 780,000",29%
Refurbished Probook 640 Corei5 12gb Ram 1TB Hdd (6MTHS WRTY),"UGX 649,000","UGX 1,200,000",46%
"Intel Core i3 6th Gen,8GB RAM,128GB SSD,11.6 Inch Mini Laptop, Win 11-Black,Refurbished","UGX 449,000","UGX 740,000",39%
"Refurbished 840 G/G21 14 Inch Core I5 500GB HDD, 4GB RAM- Black","UGX 579,000","UGX 1,589,990",64%
"EliteBook 840/830 G5 ,Core I5 8th Generation,8GB Ram, 256GB SSD 14 Inch Screen,  - Refurbished - Silver","UGX 999,000","UGX 1,590,000",37%
"Refurbished Latitude E5480 I5 6th Gen 6GB RAM 256GB SSD 14""- Black","UGX 699,000","UGX 1,199,894",42%
"Refurbished Elite Book 840 G2, Intel Core i5,8GB Ram, 500GB Hdd- - Silver & Black (6MTHS WRTY)","UGX 599,000","UGX 1,890,014",68%
"Hp Pavilion x360 14"" Fhd Touchscreen Laptop, Intel Core i5, 8Gb Ram, 512GB SSD, 12th Gen - Silver","UGX 3,290,900","UGX 4,500,000",27%
"Refurbished DELL Latitude 3189/3190 X360 Convertible 2 -n-1 4GB 128GB SSD Touchscreen Laptop 11.6""-Grey (Grade A)","UGX 499,000","UGX 900,000",45%
"Refurbished HP Probook 640 i5,6TH GEN ,8GB RAM 500 GB HDD,(Grade A) (6MTHS WRTY)","UGX 649,000","UGX 1,799,982",64%
"Lenovo Thinkpad T440s Notebook Refurbished, Core i5, 8GB RAM, 500GB HDD, 14"" Screen, Black","UGX 2,100,006",,
 Probook 640 Core I5 8GB Ram 500GB HDD 14+Bag+mouse(Refurbished/ WRTY6mths),"UGX 568,000","UGX 950,000",40%
"Refurbished X260/X270 Laptop, Intel Core I5-6th Generation CPU, 8GB RAM, 256GB SSD, 12.5 Inch Plus Bag (6MTHS WRTY)","UGX 649,000","UGX 1,099,990",41%
Logi Wireless Mouse M235 -Grey/Black,"UGX 70,000",,
Type-C to HDTV 8 in 1 Hub (PD + TF + Type-C + RJ45 + SD + USB*2 + HDTV).Silver,"UGX 95,000","UGX 120,000",21%
"Hp 14s, 12th Gen Intel Core i5-1235U, 8GB DDR4, 512GB SSD, Backlit KB, Thin & light, Dual speakers.","UGX 2,000,000","UGX 3,000,000",33%
"Latitude 3380 Intel Core I3 13.3"" 6th/7th Gen 8GB RAM, 500GB HDD, Refurbished - Grey","UGX 553,000","UGX 930,000",41%
"Intel Core i3 6th Gen,4GB RAM,128GB SSD,11.6 Inch Mini Laptop Win 10-Black,Refurbished","UGX 399,000","UGX 700,000",43%
"Refurbished, 14 Inch EliteBook 840 G2, Core i5, 8GB Ram, 500GB HDD, Windows 10 Pro - Black","UGX 600,000","UGX 950,000",37%
"Certified Refurbished 14"" EliteBook 840 Core I5, 8GB RAM, 500GB HDD - Silver","UGX 589,000","UGX 1,009,990",42%
"Intel Core i3 6th Generation,4GB RAM,128GB SSD,11.6 Inch Mini Laptop-Black,Refurbished","UGX 396,000","UGX 670,000",41%
"Lenovo Refurbished ThinkPad 11e 4GBRAM 128GB SSD 11.6"" Plus Free Laptop Bag-Black (Grade A)","UGX 390,000","UGX 650,000",40%
Refurbished Elitebook 840 Core I5 16gb Ram 750gb HDD Black (6MTHS WRTY),"UGX 679,000","UGX 1,489,995",54%
"Refurbished EliteBook 840 G5 14 Inch Screen, Core I5, 16GB Ram DDR4, 512GB SSD – Silver","UGX 1,299,000","UGX 1,990,000",35%
"Core i3 6th Generation,8GB RAM,128GB SSD,11.6 Inch-Black,Refurbished","UGX 499,000","UGX 700,000",29%
Refurbished Probook Touch Screen X360 Intel 4GB RAM 128GB SSD 11.6 Plus Free Earphones- (Grade A),"UGX 440,000","UGX 650,000",32%
"Refurbished 11e,8GB RAM,500GB HDD-Black Grade A","UGX 479,000","UGX 999,986",52%
"Certified Refurbished 14"" HP EliteBook 840 Core i5, 8GB RAM, 500GB HDD - Black","UGX 579,000","UGX 1,599,900",64%
"Refurbished 820 G3,Core I5,12GB RAM,1TB HDD 12.5""- Silver Grade A","UGX 799,000","UGX 1,990,008",60%
"Thinkpad Core i3 6th Generation,8GB RAM,128GB SSD,11.6 Inch-Black,Refurbished","UGX 479,000","UGX 700,000",32%
"Hp 250 G8 Intel Core i5 8GB RAM 256GB SSD 11th Generation 15.6 FHD Inch Screen, Windows (Open Box) -Black/Grey","UGX 2,200,000","UGX 3,000,000",27%
"Refurbished EliteBook 840 G2, Core i5, 8GB RAM, 500GB HDD with a free Laptop Bag - Black","UGX 630,000","UGX 1,050,000",40%
"Hp ProBook 440 G8 14"" Notebook - Full HD - 1920 x 1080- Intel Core i5 11th Gen i5-1145G7 Quad-core (4 Core) - 8 GB RAM - 256 GB SSD - Windows 10 Pro","UGX 2,600,000","UGX 3,000,000",13%
"T490S Core i5-8th Gen 16GB RAM 256GB SSD,14"" Windows 11 Pro -Black-Refurbished","UGX 899,000","UGX 1,300,000",31%
Refurbished Latitude 11'' Inch 3189 2-in-1 Touch 360 - 256GB SSD/4GB RAM - Black (6MTHS WRTY),"UGX 760,000","UGX 1,590,000",52%
15s/250g7 10th Gen Intel Core i3 15.6-inch 8GB RAM 256GB SSD- Black (refurbished),"UGX 1,000,000","UGX 1,500,000",33%
Refurbished Probook x360 inel 4GB RAM 128GBSSD 11 Grade A,"UGX 489,000","UGX 850,000",42%
"Adell Referburished E3150 Intel Celeron, 500GB HDD ,8GB RAM -Black Grade A","UGX 495,000","UGX 999,986",50%
"Refurbished Probook 11” Screen, Mini, Celeron,8GB RAM, 500GB HDD Plus Free Flash and Bag - Black Grade A","UGX 489,000","UGX 999,000",51%
Refurbished 12'' X260/ X270 I5 4GBRAM 500GB HDD -Black,"UGX 1,269,999","UGX 2,299,995",45%
Refurbished Probook G1 Touch Screen X360 Intel 4GB RAM 128GB SSD 11.6 - Grey (6MTHS WRTY),"UGX 498,000","UGX 960,000",48%
"Hp Renewed G4 Ultrabook,Core I5 7TH Generation,8GB RAM,256GB SSD 12.5""- Silver Grade A","UGX 759,000","UGX 1,390,000",45%
"Refurbished Probook TouchScreen X360 Intel 4GB RAM 128GB SSD 11.6"" Plus Free 500GB EXTERNAL HARDDRIVE L - (Grade A)","UGX 499,000","UGX 650,000",23%
Probook 640 i7 12GB 1TB HDD Refurbished +bag and Mouse (6MTHS WRTY),"UGX 799,000","UGX 1,100,000",27%
"Elitebook 8470P Intel Core I5,4GB RAM,500GB HDD,14"" Aluminium Body-Refurbished","UGX 479,000","UGX 899,000",47%
Latitude 11'' Inch 3180/3190 4GB RAM 128GB SSD Refurbished (3MTHS WRTY) - Grey/Black,"UGX 400,000","UGX 750,000",47%
"Renewed Elitebook G3,Core I5,16GB RAM,1TB HDD 13""- Silver Grade A","UGX 839,000","UGX 1,990,008",58%
"Refurbished ThinkPad 11e 4GBRAM 128GB HDD 11.6"" Laptop-Black (Grade A)","UGX 360,000","UGX 489,000",26%
"Refurbished 840 G6 14""  Core i5 8th Gen 8GB RAM 256GB SSD - Silver","UGX 1,090,000","UGX 1,470,000",26%
Pro X2 Core I5 12.5 Inch 7th Gen 8GB RAM 256GB SSD Detachable Touchscreen Laptop Silver (Refurbished) Grade A,"UGX 1,259,000","UGX 1,700,000",26%
"Intel Core i3 6th Gen,4GB RAM,128GB SSD,11.6 Inch Mini Laptop, Win 11-Black,Refurbished","UGX 399,000","UGX 700,000",43%
"Hp Elitebook Notebook Core I5,8GB RAM,256GB SSD 14"" - Black","UGX 699,000","UGX 1,489,995",53%
"11e 4GBRAM 128GB SSD 11.6"" Laptop Refurbished (Free Pouch And SanDisk Falsh) -Black","UGX 449,000","UGX 1,000,000",55%
"Elitebook ,Intel Core i5,12GB RAM,500GB Hard Disk Plus Bag and Mouse - Black (Refurbished)","UGX 649,000","UGX 1,099,000",41%
"Lenovo Refurbished ThinkPad 11e 4GBRAM 128GB SSD 11.6"" Plus Free USB-HUB s-Black (Grade A)","UGX 380,000","UGX 650,000",42%
"Refurbished 11e,Mini,11.6"" Inch 4GB RAM 4hours 128GB SSD Plus Bag and Pouche-Black (6MTHS WRTY)","UGX 399,000","UGX 699,000",43%
Probook G1 Touch Screen X360 Intel 4GB RAM 128GB SSD 11.6 Refurbished With A Pouch & Mouse - Grey,"UGX 499,000","UGX 880,000",43%
"EliteBook 820 Core I5, 8GB RAM, 500GB HDD (Refurbished)-Black Grade A","UGX 567,400","UGX 1,290,000",56%
"Hp Refubished Elitebook 8460p, Core i5, 4GBRAM,500GB - Flash Drive - Wireless Mouse  - Silver","UGX 1,800,000",,
"Latitude E7270/E5270,Intel Core i5 6th Gen,8GB RAM, 256GB SSD,12.5""Screen,Windows 11 Refurbished","UGX 599,000","UGX 1,100,000",46%
ProBook 640 Intel Core I5 8GB RAM 750GB HDD Refurbished (6 MNTHS WRNTY) Plus Bag - Black,"UGX 580,000","UGX 1,200,000",52%
"Refurbished  11” Screen, Mini Laptop, Celeron,4GB RAM, 500GB HDD - Black Grade A","UGX 479,000","UGX 999,000",52%
"X360 Spin Mini Laptop ,2 in 1, Touch Screen,4GB RAM,128GB Storage,(64GB SSD and 64GB Memory Card)11.6 Inch-Refurbished","UGX 429,000","UGX 709,000",39%
"Elitebook 840 G5/G6, 14-inch, Intel Core I5, 8GB RAM, 256GB SSD , Windows 11 Pro, Refurbished – Silver","UGX 1,150,000","UGX 2,150,000",47%
Refurbished X390 Thinkpad 13.3 Inch Convertible TouchScreen Core i5 8th Gen 8GB Ram 256GB SSD - Black (Grade A),"UGX 1,300,000","UGX 2,100,000",38%
" Refurbished Latitude 11'' Inch 3180/3190, 128GB SSD/4GB RAM - Black/DARK GREY","UGX 450,000","UGX 850,000",47%
"Refurbished EliteBook 840 G2, Core I5 16GB Ram, 512GB SSD, 14inch Grade A","UGX 890,000","UGX 1,370,000",35%
"Refurbished 840 G5 14"" Core I5 8th Gen 8GB RAM 512GB SSD - Silver (6MTHS WRTY)","UGX 1,379,000","UGX 2,320,000",41%
"Refurbished Acer Travelmate B117 4Gb Ram 128Gb SSD, Black","UGX 379,000","UGX 1,090,017",65%
"Refurbished 11e Mini Laptop,11.6 Inch Screen, 4GB RAM,500GB HDD () 6months Warranty- Black","UGX 435,000","UGX 700,000",38%
"Refurbished 840 Elitebook G3/G4 Core i5, 8GB DDR4 RAM, 500GB HDD - Silver (Grade A)","UGX 799,000","UGX 1,890,013",58%
"Refurbished x230 core i5,8GB Ram,500GB HDD,Mini Laptop-Black","UGX 1,349,987",,
"Refurbished Thinkpad X270/X260  Business Laptop, Intel Core I5-CPU, 8GB RAM, 256GB SSD, 12.5 Inch Display, Windows 10 Pro, Grade A","UGX 599,000","UGX 1,300,000",54%
 Refurbished ProBook 640 Core i5 8GB 1TB HDD Plus Bag And Mouse (6MTHS WRTY),"UGX 680,000","UGX 1,050,000",35%
Refurbished Latitude E6420/6430/E6330/E6320 Corei5 4GBRAM 320GB -Grey (3MTHS WRTY),"UGX 1,900,000",,
"Refurbished EliteBook 820 (12.5-inch,Corei5,8GB RAM,500 GB) - Black Grade A","UGX 599,000","UGX 1,280,003",53%
"Refurbished, Elitebook 840 G2/G2, Core i5, 256GB SSD, 8GB Ram (6-Months Warranty) - Black ","UGX 695,000","UGX 1,300,000",47%
"Hp Referburished 2560p I7500GB HDD, 4GB RAM - Silver Grade A","UGX 750,000","UGX 1,200,015",38%
 ProBook 640 Intel 8gb RAM 500Hdd 14 Inches. Refurbished - Black Plus FREE MOUSE (6months Warranty),"UGX 504,000","UGX 999,000",50%
Refurbished 840 Elitebook G5/G6 Core I5 8GB RAM 256GB SSD-Silver (Grade A),"UGX 981,000","UGX 1,071,000",8%
"Adell A  Latitude 3150 ,4gb Ram 500gb HDD Intel Pentium, Gray Grade A","UGX 430,000","UGX 1,050,000",59%
Refurbished latitude 6330 Core i5 8GB Ram 500GB HDD Plus Bag Mouse- Black,"UGX 899,000","UGX 1,290,000",30%
"ProBook 640 Intel Core I3, 16GB RAM, 500GB HDD. Refurbished Grade A+ Plus Free Bag and Mouse- Black (6MTHS WRTY)","UGX 549,000","UGX 999,000",45%
"Lenovo Refurbished ThinkPad 11e 4GBRAM 128GB SSD 11.6"" Plus Free laptop Stand-Black (Grade A)","UGX 380,000","UGX 650,000",42%
"Refurbished  11” Screen, Mini, Celeron,4gb RAM, 500GB HDD Plus Free Flash and Bag - Black Grade A","UGX 480,000","UGX 999,000",52%
" Refurbished Probook 640 Core I5 8GB Ram 500GB HDD, 14inch","UGX 529,000","UGX 890,000",41%
"Refurbished 14""  Slim EliteBook  Core i5, 8GB RAM, 500GB HDD - Silver","UGX 599,900","UGX 990,000",39%
Elite Book 840 G2 Core i5 8GBRam 500GB Hdd-Refurbished Silver & Black,"UGX 599,000","UGX 1,790,019",67%
"Rugged Thinkpad Core i3 6th Generation,4GB RAM,128GB SSD,11.6 Inch-Black,Refurbished","UGX 399,000","UGX 700,000",43%
"Refurbished 4gb Ram 500GB HDD Intel Pentium, Gray","UGX 512,000","UGX 1,400,000",63%
"Travel Mate Spin B 2-in-1 Touchscreen Laptop, Intel, 4GB RAM,64GB SSD-Refurbished(3 MONTHS WARRANTY)","UGX 409,000","UGX 700,000",42%
DELL Latitude 3340/3350 Core I3 8GB RAM 1Tb HDD (Refurbished),"UGX 579,000","UGX 890,000",35%
"Certified Refurbished 14"" EliteBook 840 Core I5, 8GB RAM, 500GB HDD - Silver","UGX 579,000","UGX 1,089,990",47%
"Refurbished Mini Ultrabook 11.6"" Inch 4GB RAM 4hours 128GB SSD-Black, (6MTHS WRTY)","UGX 384,000","UGX 699,000",45%
"Slim Notebook Intel Celeron 8GB RAM 500 GB HDD 15""  - Black-Refurbished","UGX 799,000","UGX 2,100,006",62%
"Refurbished Latitude 11'' Inch 3180 , 128GB SSD/4GB RAM -Black Grade A","UGX 440,000","UGX 799,997",45%
"Intel Core i3 6th Gen,4GB RAM,128GB SSD,11.6 Inch Mini Laptop Windows 11-Black,Refurbished","UGX 398,000","UGX 690,000",42%
"Elitebook 820 g2, 12.5-inch, Core I5, 8GB RAM, 500GB HDD – Black(Refurbished)  Grade A","UGX 540,000","UGX 1,290,000",58%
Refurbished ProBook 640 I7 8GB Ram 500GB HDD 14'' -Black,"UGX 699,000","UGX 1,290,000",46%
"Refurbished  Probook 440/430 Core i5 6th Generation,8GB Ram 500GB HDD 14 Inch Screen -Black","UGX 649,000","UGX 1,000,000",35%
"Refurbished X360 Convertible Touch Screen Intel 4GB RAM 128GB SSD 11.6""inch 4Hours-Grey Grade A","UGX 489,500","UGX 1,000,000",51%
Refurbished Thinkpad 11e Touchscreen 11.6 Grade A,"UGX 439,900","UGX 1,300,000",66%
"Refurbished 840, intel Core i5  500GB HDD 4GB Ram 14 inch LED Display - Black (4MTHS WRTY)","UGX 590,000","UGX 1,489,995",60%
Latitude 11'' Inch 3190/3180 4GB RAM 128GB SSD Refurbished - Black\Grey,"UGX 410,000","UGX 850,000",52%
"Refurbished EliteBook 840 G5/G6 14"" , Core i5 8th GEN, 32GB RAM DDR4, 512GB SSD – Silver","UGX 1,499,000","UGX 2,100,000",29%
"Refurbished Probook G1,Touch Screen X360,Intel,4GB RAM,128GB SSD, 11.6,Mini,Plus Bag,Mouse-Grey","UGX 499,000","UGX 1,149,998",57%
Refurbished HP ProBook 640 14in Notebook Pc Intel Core i5 8GB 1000GB HDD - Black,"UGX 799,000","UGX 2,289,992",65%
"Hp Elitebook x360 1030 G2/G3, core i5, 8GB RAM, 256GB SSD (Silver)","UGX 2,000,000","UGX 2,500,000",20%
"Certified Refurbished 14"" EliteBook 840 Core I5, 16GB RAM, 500GB HDD - Silver","UGX 706,000","UGX 1,300,000",46%
"Refurbished Elite Book 840,Core I5,8GB Ram,512GB SSD - Silver & Black (6MTHS WRTY)","UGX 899,000","UGX 1,990,008",55%
"Hp Elitebook 820(12.5-inch,Core I5,8GB RAM,500 GB) - Black Grade A","UGX 730,000","UGX 1,300,010",44%
Refurbished Elitebook Core I5 6GB Ram 512 GB SSD Black (4MTHS WRTY),"UGX 799,000","UGX 1,489,995",46%
"X360,11.6” Touchscreen Laptop, Intel, 4GB RAM,64GB SSD-Refurbished(3 MONTHS WARRANTY)","UGX 399,000","UGX 680,000",41%
"Refurbished Probook G1,Touch Screen X360,Intel,8GB RAM,128GB SSD, 11.6,Mini-Grey","UGX 1,200,015",,
Refurbished Hp  Hp Elitebook 840 G1/G2 Notebook PC - Black,"UGX 1,000,000","UGX 2,000,000",50%
Refurbished Elitebook Core I5 8GB Ram 500GB HDD Black (4MTHS WRTY),"UGX 589,000","UGX 1,489,995",60%
"Refurbished Latitude E5480 I5 6th Gen 4GB RAM 256GB SSD 14""- Black","UGX 649,000","UGX 1,199,894",46%
"Refurbished Elite Book 840 ,Core i5,8GB Ram,500GB HDD - Silver & Black","UGX 599,000","UGX 1,090,000",45%
"Refurbished Latitude 3380 Intel Core I3 13.3"" 6th/7th Gen 8GB RAM, 500GB HDD +Mouse","UGX 525,000","UGX 1,100,000",52%
"Intel Core i3 6th Gen,4GB RAM,128GB SSD,11.6 Inch Mini Laptop Rugged-Black,Refurbished","UGX 399,000","UGX 680,000",41%
"Refurbished DELL LATITUDE E7250 i5 256GB SSD, 8GB RAM","UGX 1,799,982",,
Refurbished Probook G1 Touch Screen X360 Intel 4GB RAM 128GB SSD 11.6 Refurbished With A mouse & external hard drive- Grey,"UGX 565,000","UGX 1,250,000",55%
"Refurbished 820 G3,Core I5,8GB RAM,256GB SSD 12.5""- Silver Grade A","UGX 699,900","UGX 1,689,984",59%
"Refurbished Probook 640 G2, I5 6th Gen,8GB RAM 500GB 14""DVD RW - Black (6MTHS WRTY)","UGX 649,000","UGX 1,200,000",46%
"Refurbished Probook G1,Touch Screen X360 4GB RAM,256GB SSD, 11.6 Inch-Grey+Free mouse & Porch (6MTHS WRTY)","UGX 579,000","UGX 1,080,000",46%
"Refurbished EliteBook 840 ,Core i5,8GB RAM,500 GB - Black(6 Months Warranty)","UGX 589,000","UGX 1,089,995",46%
Refurbished ProBook 640 Core I5 8GB RAM 500GB HDD GRADE A+ - Black (6months Warranty),"UGX 537,900","UGX 1,000,000",46%
"Refurbished Probook Touch Screen X360,Intel,4GB RAM,128GB SSD, -Grey/Black","UGX 550,000","UGX 1,200,000",54%
"Core I5 -EliteBook 8GB RAM, 500GB HDD, 12.5 inch -BlacK(Refurbished)  Grade A","UGX 550,200","UGX 1,350,000",59%
"Latitude 3380 Intel Core I3 13.3"" 6th/7th Gen 8GB RAM, 500GB HDD Refurbished (Grade A)","UGX 490,000","UGX 790,000",38%
"EliteBook 820 Business Laptop, Intel Core i5, 8GB RAM, 500GB HDD, 12.5 inch -Black Refurbished Grade A","UGX 540,000","UGX 1,150,000",53%
"Refurbished 840 Elitebook G1 14 Inch Core i5 8GB Ram 500GB Hard Disk, Windows 10 Pro, Microsoft Office Year 2019 - Silver Black","UGX 579,014","UGX 1,790,019",68%
"Refurbished EliteBook 820 g1/g2, 12.5"" Core i5, 8GB RAM, 500GB HDD (FREE MOUSE) - Black","UGX 535,000","UGX 950,000",44%
Hp Probook 640 core i5 8gb 500GB HDD - Black,"UGX 565,000","UGX 1,200,000",53%
Elite X2 Core I5 12.5 Inch 7th Gen 8GB RAM 256SSD Detachable Touchscreen Laptop Silver (Refurbished),"UGX 1,225,000","UGX 2,000,000",39%
"Refurbished Latitude 7240 I5 8GB RAM 128GB SSD 12.5""- Silver","UGX 699,000","UGX 1,299,888",46%
Refurbished  X260/X270 Intel core i5 8GB RAM 256GB SSD 13 Inch - Black,"UGX 649,000","UGX 1,089,990",40%
"Refurbished 840 G5 Core i5 8th Gen, 16GB RAM, 256GB SSD - Silver (6MTHS WRTY)","UGX 1,250,000","UGX 2,400,000",48%
"Refurbished Elitebook 820 Core i5 8GB RAM 320GBHDD 12""Silver","UGX 548,620","UGX 1,359,990",60%
" EliteBook 820 12.5-inch,Core i5, 8GB RAM, 500GB HDD-Black(Refurbished)6MTHS WRTY  Grade A","UGX 540,000","UGX 1,300,000",58%
"Rugged Intel Core i3 6th Generation,4GB RAM,128GB SSD,11.6 Inch-Black,Refurbished","UGX 399,000","UGX 700,000",43%
"Refurbished ThinkPad 11e 4GBRAM 128GB SSD 11.6"" Plus Free Wireless Mouse-Black (Grade A)","UGX 370,000","UGX 650,000",43%
Hp EliteBook X360 1030 G3/G2 13.3 Touchscreen FHD Laptop-Gray,"UGX 2,650,000","UGX 6,000,000",56%
"Refurbished Mini,4GB RAM 128GB SSD, 12Inches Plus Free Laptop Sleeve- Black() (6MTHS WRTY)","UGX 399,000","UGX 799,000",50%
"Refurbished Latitude E5440 Intel Core i5,8GB RAM,1TB HDD,14"",Bag,Mouse -Black","UGX 699,000","UGX 1,099,000",36%
"ProBook 640 lntel core i5 RAM 8GB, HDD 500GB  14 inches. Grade A(Refurbished)+ Laptop stand & Mouse (6months warranty)","UGX 570,000","UGX 980,000",42%
"Elitebook 840G2, 14 Inch Intel Core i5, 16GB Ram, 256GB SS Disk, (Refurbished), Windows 10 Pro, Microsoft Office Plus Free bag - Black","UGX 845,000","UGX 1,400,000",40%
Refurbished(GRADE A)HP Probook 440 G1-14'' Core i5 -8GB RAM  500GB HDD - Black,"UGX 1,750,005",,
"T460s/T470s, 14 Inch, Core i5, 8GB Ram, 256GB SSD, Windows 10 (Refurbished)- Black","UGX 700,000","UGX 1,790,000",61%
"Refurbished EliteBook 840 G5 14 Inch Screen, Core i5, 16GB Ram DDR4, 256GB SSD – Silver (6MTHS WRTY)","UGX 1,099,000","UGX 1,999,000",45%
Refurbished HP 840 CORE i5 - 500GB HDD - 6GB RAM - G2 Elitebook.,"UGX 599,000","UGX 1,790,019",67%
"Refurbished Probook 640 G2, Core I5 6th Gen,8GB RAM 500GB HDD, Grade A - Black(6 Months Warranty)","UGX 599,000","UGX 1,100,000",46%
"Hp 14s 12th Gen Intel Core i5-1235U, 14-inch ","UGX 2,360,000","UGX 2,500,000",6%
"Elitebook 820,Core I5,8GB RAM,256 GBSSD ,Refurbished- Black Grade A","UGX 619,000","UGX 1,320,017",53%
"Refurbished 14"" Latitude E5440 Core i5 16GB RAM 500GB HDD. - Black","UGX 569,000","UGX 1,090,000",48%
Refurbished 840 Elitebook G3/G4 Core i5 8GB DDR4 RAM 1TB HDD-Silver (Grade A),"UGX 890,000","UGX 1,990,008",55%
Refurbished Ultrabook Intel  Core i5 16GB RAM 500GB - Black,"UGX 619,900","UGX 1,199,000",48%
"Elite Book 840 G2, Intel Core i5, 4GB RAM, 500GB HDD - Refurbished","UGX 579,000","UGX 1,790,019",68%
"Elitebook 1030/830 X360 Core i5 8th Gen, 16GB RAM,  512GB SSD, 13.3 Touchscreen-Silver 6MTHS WRTY(Refurbished)  Grade A","UGX 1,750,000","UGX 2,200,000",20%
Refurbished Elitebook- 8460p/8470p-Corei5- 4GB RAM 320GB HDD-14Inch - Grey.,"UGX 1,500,000",,
"Refurbished Elitebook 840 G1,14 Inch Core i5,8GB Ram-500GB Hard Disk, Black (6MTHS WRTY)","UGX 579,000","UGX 1,790,019",68%
"Refurbished Elitebook Core I7,8GB RAM,500 GB HDD 14 Inch, - Black","UGX 899,900","UGX 1,390,019",35%
"T460s/T470s, 14 Inch, Core i5, 8GB Ram, 256GB SSD, Windows 10 (Refurbished)- Black","UGX 680,000","UGX 1,560,000",56%
"Refurbished 14"" Latitude E5440 Core i5 16GB RAM 500GB HDD, - Black","UGX 559,000","UGX 1,050,000",47%
"Refurbished Elitebook Core I5 8GB Ram 500GB HDD 14""- Black","UGX 579,000","UGX 949,987",39%
"Hp Renewed Elitebook G3,Core I5,8GB RAM,500GB HDD 12.5""- Silver Grade A","UGX 699,910","UGX 1,290,000",46%
"Refurbished Probook Touch Screen X360,Intel,4GB RAM,128GB SSD, 11.6 Plus Free Unlocked SIM-Card Internet Mifi-(Grade A)","UGX 499,000","UGX 650,000",23%
"T460s/T470s, 14 Inch, Core i5, 8GB Ram, 256GB SSD, Windows 10 (Refurbished)","UGX 695,000","UGX 1,350,000",49%
"Refurbished  Latitude 11 Laptop ,8GB Ram 1TB HDD, plus Bag ,mouse pad And Mouse - Dark Grey Grade A","UGX 569,000","UGX 1,100,000",48%
Refurbished Probook 640 - Core i5  8GB RAM 1TB HDD - Black (4MTHS WRTY),"UGX 799,000","UGX 1,890,014",58%
Refurbished Probook Touch Screen X360 Intel 4GB RAM 128GB SSD 11.6 Plus Free Mouse-Pad- (Grade A),"UGX 450,000","UGX 650,000",31%
"Refurbished Probook G1,Touch Screen X360,Intel,4GB RAM,128GB SSD, 11.6,Mini-Grey","UGX 990,000",,
Hp Probook 640 core i5  8GB RAM 500GB HDD.GRADE A+  Plus  Free mouse And Flash. - Black (6months warranty),"UGX 549,000","UGX 860,000",36%
"Refurbished Elite X2 Detachable,2-IN-1 Laptop,Core i5,8GB RAM,256GB SSD, -Silver (6MTHS WRTY)","UGX 1,399,000","UGX 2,000,000",30%
"Refurbished Latitude Intel Core I3 8GB Ram, 500GB HDD- Grey(6MTHS WRTY) Grade A","UGX 499,000","UGX 1,200,015",58%
Refurbished Elitebook Core I5 8GB Ram 512 GB SSD Black (4MTHS WRTY),"UGX 799,000","UGX 1,489,995",46%
"Hp ProBook 430 G3 Intel Core i5 6th Gen Business Laptop ,8GB RAM ,256GB SSD, 13.3 inches -Refurbished","UGX 729,000","UGX 1,400,000",48%
Refurbished Probook Touch Screen X360 Intel 4GB RAM 128GB SSD 11.6 - Grey (Grade A),"UGX 440,000","UGX 900,000",51%
"Refurbished Elitebook 840 G1, Core i5,  8GB RAM 500GB - Black","UGX 589,000","UGX 990,001",41%
 Refurbished Latitude 11'' Inch 3180/3190 128GB SSD/4GB RAM -Dark grey/black,"UGX 420,000","UGX 850,000",51%
Refurbished Latitude 11'' Inch 3180/3190 128GB SSD/4GB RAM -Dark Grey/ Black,"UGX 399,000","UGX 790,000",49%
"DELL Latitude 3380-Business laptop, Intel Core I3 13.3""- 6th/7th Gen, 8GB RAM, 500GB HDD (Renewed) – Grey","UGX 555,000","UGX 1,230,000",55%
"Refurbished NoteBook ,Core I5,8GB Ram,500GB HDD 14""Windows 11- Black","UGX 579,000","UGX 899,000",36%
"Latitude 3380 Intel Core I3 13.3"" 6th/7th Gen 8GB RAM, 256GB SSD Refurbished+Mouse","UGX 550,000","UGX 1,300,000",58%
"Core i3 6th Generation,8GB RAM,128GB SSD,11.6 Inch Mini Laptop Win 10-Black,Refurbished","UGX 449,000","UGX 670,000",33%
" Refurbished Latitude E7470/7480 Core i5, 6th/7th Gen, 8GB RAM , 256gb SSD, 14"" -Black","UGX 730,000","UGX 1,300,000",44%
"Refurbished 14 Inch EliteBook 840 G2/G1, Core i5, 16GB Ram, 500GB HDD, Windows 10 Pro - Black","UGX 740,000","UGX 1,430,000",48%
"Refurbished Notebook Core I5,16GB RAM,256 GB SSD,14""- Black","UGX 999,900","UGX 1,790,019",44%
"Refurbished EliteBook 820 g1/g2, 12.5"" Core i5, 8GB RAM, 500GB HDD - Black","UGX 555,000","UGX 999,999",44%
Refurbished Laitude 3190/3180 4gb Ram 128gb SSD Intel-BLACK,"UGX 419,000","UGX 750,000",44%
"Travel Mate Spin B1 X360, 2-in-1 Touchscreen Laptop, Intel, 4GB RAM,64GB SSD-Refurbished (3 MONTHS WARRANTY)","UGX 399,000","UGX 790,000",49%
"EliteBook 840 G2/G1, Core i5, 8GB Ram, 500GB HDD, 14inch (Refurbished) - Black (4Months warranty)","UGX 796,000","UGX 1,000,000",20%
Refurbished 3150 8gb Ram 500GB HDD Gray + Free Mouse (6MTHS WRTY),"UGX 499,000","UGX 1,400,000",64%
"Refurbished  13.3""  Pentium Gold, 500 GB, 4GB RAM,- Black","UGX 779,000","UGX 1,390,000",44%
Refurbished 840 Elitebook G1 14 Inch Core i5 8GB Ram 500GB HDD - Silver Black,"UGX 579,000","UGX 1,890,014",69%
"Refurbished Probook 640, 14"" G2 I5,8GB RAM 500 GB HDD, Black","UGX 599,000","UGX 1,499,918",60%
Refurbished Probook Touch Screen X360 Intel 4GB RAM 128GB SSD 11.6 Plus Free Wireless Mouse- (Grade A),"UGX 450,000","UGX 650,000",31%
"Refurbished Mini .4GB RAM 128GB SSD, 12Inches Plus Backpack - Black() (4MTHS WRTY)","UGX 379,000","UGX 899,000",58%
Refurbished HP Elitebook 840 Core i5 8GB RAM 1TB HDD Free Anti Theft Bag - Black (6MTHS WRTY),"UGX 1,119,000","UGX 1,790,000",37%
Hp 840 Elitebook Intel Corei5 - 5000U+ / 4GB RAM / 500GB HDD - Black,"UGX 2,800,008",,
"Refurbished Elite Book 840 G2, Intel Core i5,8GB Ram, 500GB Hdd- - Black (3MTHS WRTY)","UGX 1,550,000","UGX 2,900,000",47%
"Refurbished Probook TouchScreen X360 Intel 4GB RAM 128GB SSD 11.6"" Plus Free 500GB External Harddrive- (Grade A)","UGX 490,000","UGX 650,000",25%
"Refurbished Probook G1,Touch Screen X360,Intel,4GB RAM,128GB SSD, 11.6,Mini,Plus Bag,Mouse-Grey","UGX 499,000","UGX 1,200,015",58%
 Refurbished Elitebook 820 core i5 8GB Ram 500GB HDD GRADE A (6MTHS WRTY) - Black,"UGX 540,000","UGX 1,290,000",58%
"Hp Referburished 440  g2 i5 500GB HDD, 8GBRAM,14inch-Black Grade A","UGX 1,000,000","UGX 1,699,988",41%
"Elitebook 840 G5/G6, 14-inch, Intel Core I5, 8GB RAM, 256GB SSD , Windows 11 Pro, Refurbished - Silver","UGX 1,200,000","UGX 2,000,000",40%
"Refurbished 14"" Latitude E5440 Core i5 16GB RAM 500GB HDD - Black","UGX 599,000","UGX 1,090,000",45%
Probook G1 Touch Screen X360 Intel 4GB RAM 128GB SSD 11.6 Inch Plus Free Pouch & Bag - Grey. Refurbished,"UGX 518,000","UGX 1,050,000",51%
"Lenovo Refurbished  11” Screen, Mini, Celeron,4gb RAM, 500GB HDD - Black Grade A","UGX 459,000","UGX 999,000",54%
Refurbished Latitude 11'' Inch 3180/3190 128GB SSD/4GB RAM -Dark Grey/ Black (Grade A),"UGX 390,000","UGX 780,000",50%
"T460s/T470s, 14 Inch, Core i5, 8GB Ram, 256GB SSD, Windows 10 (Refurbished)","UGX 697,000","UGX 1,300,000",46%
" Thinkpad Intel Core i3 6th Gen,4GB RAM,128GB SSD,11.6 Inch-Black,Refurbished","UGX 399,000","UGX 699,000",43%
"11e Touchscreen 11.6"",Intel Celeron 128ssd,4GB Black Plus Mouse,Refurbished.","UGX 989,982",,
"Refurbished EliteBook 820 (12.5-inch,Core i5,8GB RAM,500 GB) - Black Grade A","UGX 559,900","UGX 1,200,015",53%
"Refurbished, 14 Inch EliteBook 840 G2, Core i5, 8GB Ram, 500GB HDD, Windows 10 Pro - Black","UGX 600,000","UGX 950,000",37%
"Adell Latitude 3150, 4gb Ram 500gb HDD Intel Pentium- Gray(6MTHS WRTY) Grade A","UGX 459,000","UGX 1,000,000",54%
"Thinkpad Core i3 6th Generation,4GB RAM,128GB SSD,11.6 Inch-Black,Refurbished","UGX 399,000","UGX 690,000",42%
Refurbished Elitebook 840 CORE i5 8GB RAM 500 GB HDD 14” - Black (6MTHS WRTY),"UGX 2,000,000",,
"Refurbished 13"" Latitude E6320 Core i5 4GB RAM 500GB ROM - Black (6MTHS WRTY) Grade A","UGX 599,000","UGX 1,400,004",57%
Refurbished 3189  x360 4GB RAM 128gbGB SSD 11 inch Touch Screen - Grey,"UGX 549,000","UGX 1,000,000",45%
"HP EliteBook 840 G5 / G6 Core i5, 8GB Ram, 256 SSD- Refurbished -silver","UGX 1,030,000","UGX 1,800,000",43%
DELL Latitude 3340/3350 Core I3 16G RAM 1Tb HDD (Renewed),"UGX 599,900","UGX 970,000",38%
"Refurbished Latitude 11'' Inch 3180/3190, 128GB SSD/4GB RAM - Black Grade A","UGX 420,000","UGX 799,000",47%
"Latitude 3380 Intel Core I3 13.3"" 6th/7th Gen 4GB RAM, 500GB HDD Refurbished (Grade A)","UGX 470,000","UGX 800,000",41%
Refurbished 840 Elitebook G5/G6 Core I5 8GB RAM 256GB SSD-Silver (Grade A),"UGX 972,000","UGX 1,072,000",9%
"EliteBook 840 , Intel Core I5, 16GB Ram, 1TB Hdd- Refurbished - Silver & Black (6MTHS WRTY)","UGX 770,000","UGX 1,300,000",41%
"UK Certified  14 Inch: EliteBook 840 Core i5, 8GB RAM, 1TB HDD - Black","UGX 719,000","UGX 1,690,000",57%
"Refurbished Hp HP Elitebook x360 1030 G2/G3, core i5, 8GB RAM, 256GB SSD (Silver) (3MTHS WRTY)","UGX 2,590,000","UGX 5,200,000",50%
"Refurbished Acer Travel Mate Intel Celeron 4GB RAM, 128GB SSD () - Black","UGX 399,000","UGX 1,090,017",63%
"Travel Mate Spin B X360, 2-in-1 Convertible Laptop, Intel, 4GB RAM,64GB SSD-Refurbished(3 MONTHS WARRANTY)","UGX 399,000","UGX 700,000",43%
"Elitebook 840 G5/G6, 14-inch, Intel Core I5, 8GB RAM, 512GB SSD , Windows 11 Pro, Refurbished – Silver","UGX 2,300,000",,
Refurbished 840 ELITEBOOK G2 Core i5 16GB RAM 1TB HDD - Black,"UGX 920,000","UGX 1,700,000",46%
"Refurbished EliteBook 840 G2, Core i5, 8GB RAM, 500GB HDD - Black","UGX 595,000","UGX 970,000",39%
"Refurbished Latitude 3189/3190 2 In 1, 11.6"" Touch Screen Laptop, Intel , 4GB RAM DDR4, 128GB SSD-Black","UGX 520,000","UGX 730,000",29%
"Refurbished Latitude 3350/3340 13.3""Core i5 4GB RAM,500GB HDD - Dark Grey (3MTHS WRTY)","UGX 2,000,000",,
Hp probook 640 corei5 8GB RAM 500GB HDD GRADE A+ Plus free bag and 64GB Flash Disk(6 months warranty - Black,"UGX 569,500","UGX 800,000",29%
"Refurbished 11"" Mini, Core i3/duo core ,4GB RAM 320GB HDD - Black","UGX 1,200,015",,
"Elitebook 820 G3, 12.5 Inch, Core I5 6th Gen,8GBRAM ,256GB SSD-Silver 6MTHS WRTY(Refurbished) Grade A","UGX 739,900","UGX 1,300,000",43%
"Refurbished NoteBook ,Core I5,16GB Ram,256GB SSD 14""Windows 11 Plus Bag and Mouse(6 MONTHS WARRANTY)- Black","UGX 699,000","UGX 1,090,000",36%
"Refurbished Elitebook Notebook Core I5,16GB RAM,750GB HDD,14"", - Black","UGX 669,000","UGX 1,090,019",39%
Hp 255 G8 Laptop,"UGX 2,200,000","UGX 2,500,000",12%
"Refurbished Probook TouchScreen X360 Intel 4GB RAM 128GB SSD 11.6"" Plus Free Wireless Earpods- (Grade A)","UGX 480,000","UGX 650,000",26%
"Refurbished 15.6"" HP ProBook 650 G1 Core i5 8GB RAM 500GB ROM - Black & Silver (6MTHS WRTY)","UGX 1,900,017",,
"Refurbished Latitude 7240 I5 4GB RAM 256GB SSD,12.5""- Silver (6MTHS WRTY)","UGX 698,990","UGX 1,299,888",46%
"Refurbished Elitebook Core I5,16GB RAM,500 GB HDD,14 Plus Bag and Mouse"", - Black","UGX 669,900","UGX 1,790,019",63%
"Refurbished Elitebook 820 Core I5 8GB RAM 500GBHDD 12"" Black Grade A","UGX 989,010","UGX 1,378,013",28%
"Refurbished ThinkPad 11e 4GBRAM 128GB HDD 11.6"" Laptop-Black (Grade A)","UGX 375,000","UGX 690,000",46%
"Latitude 3380-Business Laptop, Intel Core i3, 13.3""- 6th/7th Gen, 8GB RAM, 500GB HDD Refurbished - Grey","UGX 570,000","UGX 1,200,000",53%
DELL 3340 Intel Celeron/Pentium 8GB RAM 500GB HDD Free Flash Disk Toshiba,"UGX 475,000","UGX 840,000",43%
Slim Laptop 360 Touch Screen With 4GB RAM 128GB Ssd Storage (Refurbished) Free Pouch,"UGX 429,900","UGX 820,000",48%
DELL Latitude 3340 Intel 4GB RAM 750GB HDD Refurbished Free Bag,"UGX 485,000","UGX 8,800,000",94%
"Refurbished Probook TouchScreen X360 Intel 4GB RAM 128GB SSD 11.6"" Plus Free USB HUB s- (Grade A)","UGX 450,000","UGX 650,000",31%
"Intel Core i3 6th Generation,4GB RAM,128GB SSD,11.6 Inch Mini Laptop-Black,Refurbished","UGX 399,000","UGX 690,000",42%
Refurbished Latitude 3189 2-in-1 Touch 360 - 256GB SSD 4GB RAM - Pentium Silver (6MTHS WRTY),"UGX 1,199,000","UGX 1,490,000",20%
"Hp Referburished Elitebook 840 i5 G2 ,8GBRAM  ,500GB Hdd, 14""- Black Grade A","UGX 799,000","UGX 1,400,004",43%
"Refurbished 14"" Latitude 5440 Core i5, 16GB RAM 500GB HDD - Black","UGX 599,000","UGX 1,090,000",45%
"Refurbished 15.6"" HP ProBook 650 G1 Core i5 8GB RAM 500GB ROM - Black & Silver (6MTHS WRTY)","UGX 1,900,017",,
"Refurbished Latitude 7240 I5 4GB RAM 256GB SSD,12.5""- Silver (6MTHS WRTY)","UGX 698,990","UGX 1,299,888",46%
"Refurbished Elitebook Core I5,16GB RAM,500 GB HDD,14 Plus Bag and Mouse"", - Black","UGX 669,900","UGX 1,790,019",63%
"Refurbished 840 Elitebook G3 Core i5, 8GB DDR4 RAM, 256GB SSD Plus 1TB HDD - Silver (6MTHS WRTY)","UGX 899,000","UGX 1,450,000",38%
"Refurbished Elitebook 820 Core I5 8GB RAM 500GBHDD 12"" Black Grade A","UGX 989,010","UGX 1,378,013",28%
"Refurbished ThinkPad 11e 4GBRAM 128GB HDD 11.6"" Laptop-Black (Grade A)","UGX 375,000","UGX 690,000",46%
"Latitude 3380-Business Laptop, Intel Core i3, 13.3""- 6th/7th Gen, 8GB RAM, 500GB HDD Refurbished - Grey","UGX 570,000","UGX 1,200,000",53%
DELL 3340 Intel Celeron/Pentium 8GB RAM 500GB HDD Free Flash Disk Toshiba,"UGX 475,000","UGX 840,000",43%
Slim Laptop 360 Touch Screen With 4GB RAM 128GB Ssd Storage (Refurbished) Free Pouch,"UGX 429,900","UGX 820,000",48%
DELL Latitude 3340 Intel 4GB RAM 750GB HDD Refurbished Free Bag,"UGX 485,000","UGX 8,800,000",94%
"Refurbished Probook TouchScreen X360 Intel 4GB RAM 128GB SSD 11.6"" Plus Free USB HUB s- (Grade A)","UGX 450,000","UGX 650,000",31%
"Intel Core i3 6th Generation,4GB RAM,128GB SSD,11.6 Inch Mini Laptop-Black,Refurbished","UGX 399,000","UGX 690,000",42%
Refurbished Latitude 3189 2-in-1 Touch 360 - 256GB SSD 4GB RAM - Pentium Silver (6MTHS WRTY),"UGX 1,199,000","UGX 1,490,000",20%
"Hp Referburished Elitebook 840 i5 G2 ,8GBRAM  ,500GB Hdd, 14""- Black Grade A","UGX 799,000","UGX 1,400,004",43%
"Refurbished 14"" Latitude 5440 Core i5, 16GB RAM 500GB HDD - Black","UGX 599,000","UGX 1,090,000",45%
"Refurbished Probook 4540/4530S Core i5 8GB Ram 1000GB (1TB) HDD 15.6"",Brown (3MTHS WRTY)","UGX 1,350,000","UGX 2,500,000",46%
"Refurbished Elitebook 840 G3 , i5 6th Gen- 2.3ghz - Silver","UGX 799,000","UGX 1,790,019",55%
"Refurbished Probook 640 G2, I5 6th Gen,8GB RAM 500GB HDD 14""DVD RW – Black","UGX 649,000","UGX 1,190,000",45%
Refurbished HP ELITEBOOK 840 G1 i5 - 8GB RAM - 1TB HARD DISK (6MTHS WRTY),"UGX 699,000","UGX 1,799,982",61%
Elitebook 820 core i5 8GB RAM 500GB HDD Plus Bag (Refurbished) Black Grade A,"UGX 548,900","UGX 1,150,000",52%
"Refurbished 11"" Mini Intel 4GB RAM 320GB HDD Plus Free Mouse 3-4Hrs- Black Grade A","UGX 460,000","UGX 800,000",43%
"Refurbished HP Probook 640 G1 with Intel Core i5 ,8GB RAM,500GB HDD (Grade A)","UGX 1,790,019",,
"Refurbished 840 Elitebook G3 ,6TH Gen,Core i5, 16GB DDR4 RAM, 1TB HDD - Silver (6MTHS WRTY)","UGX 999,000","UGX 1,590,000",37%
"Refurbished Elite Book 840 G2, Intel Core I5,16 GB Ram, 1TB Hdd- - Sil Ver & Black Grade A","UGX 890,000","UGX 1,500,000",41%
Hp Probook 11 G2 I3 6TH GEN  -2.3GHZ 128GB  SSD RAM 4GB -TOUCH,"UGX 899,000","UGX 1,390,000",35%
"Refurbished Elitebook 840 G5 14"" Core I5 , 8GB DDR4 Ram, 256GB SSD – Silver (6MTHS WRTY)","UGX 1,099,000","UGX 1,690,000",35%
"Latitude 7280,  12.5 inch, Intel Core i5, 8GB DDR4, 256GB SSD - Refurbished - Black (6MTHS WRTY)","UGX 635,000","UGX 1,300,000",51%
Refurbished probook 640 core i5 4GB Ram 500GB HDD GRADE A+ (6months Warranty) Black/Sliver,"UGX 539,000","UGX 1,000,000",46%
"Refurbished Thinkpad 11e 11.6"" Inch 4GB RAM 128GB SSD-Black (Grade A)","UGX 375,000","UGX 700,000",46%
"Elitebook 840 14-inch,Core I7,4GB RAM,500 GB  - Black,Refurbished","UGX 799,000","UGX 1,589,990",50%
"Refurbished Elitebook 840 G3 Core I5 6th Gen 8GB RAM, 128 GB SSD Plus 500GB HDD 6MONTHS WARRANTY – Silver","UGX 899,000","UGX 1,490,000",40%
"Refurbished Elitebook 840 G5 14"" Core I5, 8GB DDR4 Ram, 512GB SSD - Silver","UGX 1,099,000","UGX 1,890,000",42%
"Refurbished Probook 640 G2, I5 6th Gen,16GB RAM 1000GB(1TB) 14""DVD RW - Black","UGX 899,000","UGX 1,490,000",40%
"Travel Mate Spin B 2-in-1 (Tablet and Laptop), Intel, 4GB RAM, 64GB -Refurbished(3 MONTHS WARRANTY)","UGX 399,000","UGX 700,000",43%
"Refurbished Probook G1,Touch Screen X360 4GB RAM,256GB SSD, 11.6 Inch-Grey (6MTHS WRTY)","UGX 579,000","UGX 1,100,000",47%
"Refurbished 14 Inch EliteBook 840 G2, Core i5 5th Gen, 16GB Ram, 1TB HDD, Windows 10 Pro - Black","UGX 795,000","UGX 1,370,000",42%
Refurbished Probook Touch Screen X360 Intel 4GB RAM 128GB SSD 11.6 Plus Free Laptop Hand-bag- (Grade A),"UGX 480,000","UGX 650,000",26%
"Refurbished Elitebook 840 G3 Core I5 6th Gen 8GB RAM, 1000 GB/1TB HDD, 6MONTHS WARRANTY – Silver","UGX 969,000","UGX 1,350,000",28%
Logitech Original H390 Wired Headset for PC/Laptop Stereo Headphones w/ Noise Cancellation,"UGX 191,000","UGX 350,000",45%
"Renewed Probook 640 G2, I5 6th Gen,8GB RAM 500GB  14""DVD RW - Black","UGX 649,000","UGX 1,200,000",46%
Certified Refurbished Eliteook 840 G5 Core i5 8gb Ram 256gb SSDTouchScreen Silver/non touch (3MTHS WRTY),"UGX 1,600,000","UGX 2,400,000",33%
"Intel Core i3 6th Generation,8GB RAM,128GB SSD,11.6 Inch,Mini Laptop-Black,Refurbished","UGX 459,000","UGX 800,000",43%
Refurbished Latitude 3180/3190 11.6'' Inch 128GB SSD 4GB RAM -Black (Grade A),"UGX 370,000","UGX 450,000",18%
 Probook G1 Touch Screen X360 Intel 4GB RAM 128GB SSD 11.6 Refurbished With A Mouse - Grey,"UGX 497,000","UGX 1,050,000",53%
Refurbished ThinkPad Intel 4GBRAM 750GB HDD -Black (6MTHS WRTY),"UGX 569,000","UGX 890,000",36%
"Refurbished Ultra Slim 820 G2: 13.3"", i5 4GB RAM, 500GB Hdd - Grey, Black (6MTHS WRTY)","UGX 549,000","UGX 1,348,650",59%
"Refurbished 840 G5 Touch Screen, Core i5 8th Gen, 16GB RAM, 256GB SSD - Silver","UGX 2,800,000","UGX 3,100,000",10%
" Latitude 3380 Intel Core I3 13.3"" 6th/7th Gen 8GB RAM, 500GB HDD Refurbished+Mouse & Mousepad","UGX 512,000","UGX 820,000",38%
"Elitebook 840 G5/G6, 14-inch, Intel Core I5, 8GB RAM, 512GB SSD , Windows 11 Pro, Refurbished – Silver","UGX 1,370,000","UGX 2,300,000",40%
Refurbished Elitebook 820 Core i5 8gb Ram 1TB Hdd Black (6MTHS WRTY) Grade A,"UGX 799,000","UGX 1,449,981",45%
"Refurbished Probook 640 Intel Core I5, 16GB RAM 500GB HDD - Black","UGX 1,200,000",,
 Refurbished ProBook 640 Core I5 8GB Ram 500GB HDD 14 Inch Screen Plus Free mouse &mouse pad -Black,"UGX 525,000","UGX 1,200,000",56%
"Refurbished Dell Latitude E7440 Intel Core i5  16GB RAM, 500GB HDD,14 "" - Silver","UGX 2,100,006",,
"Refurbished Probook Touch Screen X360,Intel,4GB RAM,128GB SSD, Free Bag & Mouse 11.6-Grey/Black","UGX 550,000","UGX 1,100,000",50%
"Refurbished Latitude 3189/3190 2 In 1, 11.6"" Touch Screen Laptop, Intel Pentium , 4GB RAM DDR4, 128GB SSD-Black","UGX 550,000","UGX 1,000,000",45%
"DELL Refurbished Latitude E3380 13.3"" Intel Pentium Gold, 500 GB, 8GB RAM- Black","UGX 499,990","UGX 1,689,984",70%
"Refurbished Dell Latitude E6420 core i5 4GB Ram,320GB HDD - Black","UGX 843,000","UGX 1,700,000",50%
"Renewed Elitebook G3,Core I5,12GB RAM,1TB HDD 13""- Silver Grade A","UGX 799,000","UGX 1,990,008",60%
"840,Core I5,4GB Ram,500GB Hdd- Refurbished -Black - + 500GB External HDD","UGX 599,000","UGX 1,900,017",68%
"EliteBook 820 g1/g2, 12.5"", Core i5, 8GB RAM, 1TB HDD (Refurbished) - Black","UGX 640,000","UGX 1,250,000",49%
"Refurbished Latitude E7450,Core i5, 16GB RAM,256GB SSD,14""-Black","UGX 2,900,003",,
"Refurbished  X270/X260  Intel Core I5 8GB/256GB SDD , Generaton - Black Grade A","UGX 639,000","UGX 1,400,004",54%
"Refurbished E6400, 14inch, 2GB RAM 250GB Hard Disk - Black (6MTHS WRTY) Grade A","UGX 790,000",,
"Refurbished Latitude 4gb Ram GB 320HDD Intel Pentium, Grey","UGX 489,000","UGX 889,988",45%
"Refurbished 840 G5 Touch Screen, Core i5 8th Gen, 8GB RAM, 256GB SSD - Silver (6MTHS WRTY)","UGX 2,399,000","UGX 2,900,000",17%
"Refurbished Elitebook 2560P Core i5 8GB 500GB, 12.5"" - Silver","UGX 969,003","UGX 1,400,004",31%
Refurbished Probook G1 Touch Screen X360 Intel 4GB RAM 128GB SSD 11.6 - Grey (Grade A),"UGX 440,000","UGX 790,000",44%
"Refurbished Elitebook 820 12.5"" intel Core i5,4GB RAM, 500 GB HDD - Grey (6MTHS WRTY) Grade A","UGX 559,000","UGX 1,200,000",53%
"Refurbished 14 Inch EliteBook 840, Core I7, 8GB Ram, 500GB Hard Disk - Black","UGX 799,000","UGX 1,790,019",55%
" Latitude 3380 Buisness/study laptop Intel Core I3 13.3"" 6th/7th Gen 8GB RAM, 500GB HDD Refurbished+Mouse &Mousepad,Dark grey","UGX 500,000","UGX 710,000",30%
Refurbished Probook 430 Intel Duo Core  8GB Ram 500GB HDD 13 Inch Screen -Black,"UGX 699,000","UGX 1,190,000",41%
"Refurbished EliteBook 840 G3 Intel Core i5 , 16 GB Ram, 1TB Storage - Silver","UGX 1,099,000","UGX 1,800,000",39%
"ProBook 430 G3 Intel Core i5 6th Gen 13.3 inches Business Laptop ,8GB RAM ,256GB SSD Windows 10 Pro-Renewed","UGX 749,000","UGX 1,490,000",50%
 Refurbished Probook 640 Intel Core I5 8gb 500Gb Hdd 14 Inch-Black Plus Bag And 32 GB Flash(6MTHS WRTY),"UGX 585,000","UGX 950,000",38%
 Latitude 11'' Inch 3180/3190 4GB RAM 128GB SSD Refurbished (4MTHS WRTY) - Grey/Black,"UGX 420,000","UGX 800,000",48%
"Refurbished 12.5"" 820 Core I5 4GB RAM 500GB HDD- Black, Grey (6MTHS WRTY)","UGX 1,499,999",,
Refurbished Latitude 11'' Inch 3180 128GB SSD/4GB RAM - Black (6MTHS WRTY) Grade A,"UGX 415,000","UGX 890,000",53%
"Refurbished Latitude E5480 Intel Core i5,8GB RAM,1TB HDD,14"" Black","UGX 899,000","UGX 1,199,000",25%
"Refurbished Probook 640 G2, I5 6th Gen,8GB RAM 512 GB SSD 14""DVD RW – Black","UGX 799,000","UGX 1,230,000",35%
"Refurbished ThinkPad T470s, 6th Gen Core i5, 8GB RAM, 256GB SSD Black","UGX 736,250","UGX 1,700,000",57%
"Refurbished 11e 11.6"" Inch 4GB RAM 128GB SSD-Black (Grade A)","UGX 375,000","UGX 7,800,000",95%
Refurbished Latitude Laptop 8GB Ram 500gb HDD Plus Bag And Mouse - Gray Grade A,"UGX 490,000","UGX 1,080,000",55%
"Hp Elitebook 820(12.5-inch,Core i5,4GB RAM,500 GB) - Black","UGX 1,690,000",,
 Refurbished ProBook 640 Intel Core I5 16GB RAM 500GB HDD (Grade A) Black(3MTHS WRTY),"UGX 598,000","UGX 1,050,000",43%
"Refurbished Probook 440 G3,Inte Core i5 6th Gen,8GB RAM, 500GB HDD 14' - Black","UGX 699,000","UGX 1,269,999",45%
"Refurbished EliteBook 820 (12.5-inch,Core I5,8GB RAM,500 GB) - Black Grade A","UGX 790,000","UGX 1,200,015",34%
Refurbished Probook G1 Touch Screen X360 Intel 4GB RAM 128GB SSD 11.6 - Grey (Grade A),"UGX 445,000","UGX 550,000",19%
Latitude 11'' Inch 3180/3190 4GB RAM 128GB SSD Refurbished (3MTHS WRTY) - Grey/Black,"UGX 499,000","UGX 750,000",33%
Refurbished Latitude 5480 Core I5 8gb Ram 500GB HDD- Black (6MTHS WRTY),"UGX 799,000","UGX 1,599,912",50%
Logitech Original H390 Wired Headset for PC/Laptop Stereo Headphones w/ Noise Cancellation,"UGX 191,000","UGX 350,000",45%
"Refurbished Elitebook 820 - 12.5 Inch Core i5, 4GB RAM, 500 GB Hdd - Grey (6MTHS WRTY) Grade A","UGX 569,000","UGX 1,200,015",53%
"Refurbished X260 / X270 13.0"" I5 4GB RAM 256GB SSD DOS - Black","UGX 659,000","UGX 1,589,990",59%
Refurbished EliteBook 840 G1 -intel Core i5  500GB HDD 8GB Ram 14 inch (4MTHS WRTY),"UGX 579,000","UGX 1,399,883",59%
Refurbished HP 840 Elitebook Core I5 - 4GB RAM - 500GB HDD (6MTHS WRTY),"UGX 689,000","UGX 2,100,006",67%
"Refurbished  T450s  i5 , 8GB RAM, 500GB HDD - Black","UGX 2,100,006",,
"Certified (Refurbished) 14"" EliteBook 840 Core I5, 8GB RAM, 500GB HDD - Black","UGX 589,000","UGX 1,390,000",58%
"Refurbished Elitebook 840/830 G5: 14 Inch, intel i5, 8GB RAM, 256GB SSD - Silver","UGX 999,000","UGX 1,500,000",33%
Refurbished Probook Touch Screen X360 Intel 4GB RAM 128GB SSD 11.6 Plus Free FlashDrive - (Grade A),"UGX 450,000","UGX 650,000",31%
"Refurbished 11e 11.6"" Inch 4GB RAM 128GB SSD-Black (Grade A)","UGX 365,000","UGX 490,000",26%
Refurbished Probook 640 - Core i5 8GB RAM 1TB HDD - Black (6MTHS WRTY),"UGX 899,000","UGX 1,990,008",55%
"Refurbished 14 Inch EliteBook 840 G2, Core i5 5th Gen, 16GB Ram, 1TB HDD, Windows 10 Pro - Black","UGX 795,000","UGX 1,370,000",42%
"Elitebook 820 G3,Core I5,8GB RAM,256GB SSD 12.5""- Silver (Refurbished) Grade A","UGX 739,000","UGX 1,200,000",38%
Refurbished Probook Touch Screen X360 Intel 4GB RAM 128GB SSD 11.6 Plus Free Laptop Stand- (Grade A),"UGX 450,000","UGX 650,000",31%
 Refurbished Probook 640 G1 Core I5 8GB Ram 500GB HDD 14+Bag-mouse(6MTHS Warranty),"UGX 580,000","UGX 1,150,000",50%
"Intel Core i3 6th Gen,4GB RAM,128GB SSD,11.6 Inch Mini Laptop Win 10-Black,Refurbished","UGX 398,999","UGX 650,000",39%
"UK Refurbished Elite Book 840 Intel i5, 8GB RAM, 500GB HDD - Black","UGX 990,000",,
"Elitebook 820(12.5-inch,Core i5,8GB RAM,500 GB,Refurbished) - Black","UGX 799,000","UGX 1,489,995",46%
Refurbished Elitebook 840 Core i5 8gb Ram 750gb HDD Black (6MTHS WRTY),"UGX 699,000","UGX 1,390,001",50%
"Refurbished Probook G1,Touch Screen X360,Intel,4GB RAM,128GB SSD, 11.6,Mini-Grey","UGX 1,190,000",,
"Refurbished Latitude 11'' Inch 3180 , 128GB SSD/4GB RAM -Black Grade A","UGX 440,000","UGX 899,991",51%
"Latitude 3380 Intel Core I3 13.3"" 6th/7th Gen 8GB RAM, 500GB HDD Refurbished - grey (Grade A)","UGX 490,000","UGX 1,000,000",51%
 Latitude 11'' Inch 3180/3190 4GB RAM 128GB SSD Refurbished (4MTHS WRTY) - Grey/Black,"UGX 420,000","UGX 800,000",48%
"Elitebook 840 G5/G6, 14-inch, Intel Core I5, 8GB RAM, 256GB SSD , Windows 11 Pro, Refurbished - Silver","UGX 1,200,000","UGX 2,000,000",40%
" Refurbished 12.5"" EliteBook 820,Core I5 8GB Ram,500GB HDD- Black","UGX 547,950","UGX 999,000",45%
Refurbished Latitude 11'' Inch 3180/3190 128GB SSD/4GB RAM -Dark Grey/ Black(6MNTHS WRTY),"UGX 417,000","UGX 750,000",44%
"Certified Refurbished 14"" HP EliteBook 840 Core i5, 8GB RAM, 500GB HDD - Silver","UGX 1,900,017",,
" Elitebook G3,Core I5,8GB RAM,500GB HDD 13""- Silver(Refurbished) Grade A","UGX 699,000","UGX 1,689,984",59%
Refurbished ProBook 640 Core I5 8GB RAM 500GB HDD GRADE A - Black (6months Warranty),"UGX 529,000","UGX 1,000,000",47%
Refurbished ProBook 640 I5 8GB Ram 256GB SSD 14 Inch-Black,"UGX 599,000","UGX 1,000,000",40%
ProBook 640 Intel Core I5 12GB RAM 750GB HDD Refurbished (6 MNTHS WRNTY) - Black,"UGX 599,000","UGX 1,200,000",50%
Refurbished Latitude 11'' Inch 3180/3190 128GB SSD/4GB RAM -Dark Grey/ Black(6MNTHS WRTY),"UGX 417,000","UGX 750,000",44%
"Certified Refurbished 14"" HP EliteBook 840 Core i5, 8GB RAM, 500GB HDD - Silver","UGX 1,900,017",,
" Elitebook G3,Core I5,8GB RAM,500GB HDD 13""- Silver(Refurbished) Grade A","UGX 699,000","UGX 1,689,984",59%
Refurbished ProBook 640 Core I5 8GB RAM 500GB HDD GRADE A - Black (6months Warranty),"UGX 529,000","UGX 1,000,000",47%
Refurbished ProBook 640 I5 8GB Ram 256GB SSD 14 Inch-Black,"UGX 599,000","UGX 1,000,000",40%
ProBook 640 Intel Core I5 12GB RAM 750GB HDD Refurbished (6 MNTHS WRNTY) - Black,"UGX 599,000","UGX 1,200,000",50%
" Refurbished 14 Inch EliteBook 840 G2, Core i5, 5th Gen, 8GB RAM, 500GB HDD, Windows 10 Pro, with a Free Laptop Bag, Foam Cleaner & Mouse-Black","UGX 750,000","UGX 1,600,000",53%
" Latitude 5440 Core i5 8GB RAM 500GB HDD,14"" - Black,Refurbished","UGX 589,000","UGX 1,009,000",42%
Refurbished Elitebook 840 CORE I5 8GB RAM 1TB HDD14” - Black (6MTHS WRTY),"UGX 699,000","UGX 1,699,988",59%
"Refurbished Elitebook 840 G1, Core i5,  4GB RAM 500GB - Black (4MTHS WRTY)","UGX 579,019","UGX 1,599,912",64%
"Refurbished Latitude E7440 Intel Core i5  8GB RAM, 500GB HDD,14 - Silver","UGX 1,799,982",,
"Latitude 3340 13.3"", Intel Celeron/Pentium, 8GB RAM, 1TB HDD - Refurbished -Dark Grey","UGX 599,000","UGX 999,982",40%
"Refurbished 11"" Mini Intel 4GB RAM 320GB HDD 3-4Hrs - Black","UGX 999,986",,
"Certified Refurbished 14"" EliteBook 840 Core i5, 16GB RAM, 1TB HDD - Black (6MTHS WRTY)","UGX 788,000","UGX 1,400,000",44%
(Refurbished) 840 EliteBook G3 Core I5 8GB DDR4 RAM 1TB HDD - Silver (4MTHS WRTY),"UGX 899,000","UGX 2,199,920",59%
Refurbished 840 14 Inch Core i5 16GB Ram 1TB HDD- Black (6MTHS WRTY),"UGX 759,000","UGX 1,790,019",58%
 Refurbished  Probook 640 I5 8GB Ram 500GB HDD 14 Plus 32gb flash & wireless mouse-Black,"UGX 580,000","UGX 1,050,000",45%
Refurbished Elitebook Core I5 8GB RAM 500GB Plus Free Bag- Black (6MTHS WRTY),"UGX 599,000","UGX 1,200,000",50%
"Refurbished Probook 640 G2, I5 6th Gen,8GB DDR4 RAM 1TB HDD(100GB) 14""DVD RW – Black (6MTHS WRTY)","UGX 799,000","UGX 1,190,000",33%
Refurbished Elitebook 840 Core I5 6gb Ram 500gb HDD Black (6MTHS WRTY),"UGX 579,000","UGX 1,390,000",58%
Original New for HP EliteBook X360 1030 G2 US Keyboard Backlit,"UGX 320,000","UGX 600,000",47%
Refurbished Latitude 11'' Inch 3180 128GB SSD/4GB RAM - Black Grade A,"UGX 459,000","UGX 790,000",42%
"Elitebook 820,Core I5,6GB RAM,256 GBSSD ,Refurbished- Black Grade A","UGX 699,996","UGX 1,320,017",47%
"Latitude E5440 Intel Core i5, 8GB RAM, 500GB HDD -Refurbished","UGX 1,900,017",,
EliteBook 820 Core I5 8GB RAM 500GB HDD (Refurbished)-Black 6MTHS WRTY Grade A,"UGX 595,000","UGX 1,100,000",46%
"ProBook 430 G3 Intel Core i5 6th Gen 13.3 inches ,8GB RAM ,256GB SSD Windows 10 Pro-Refurbished","UGX 699,000","UGX 1,190,000",41%
"Refurbished 840 Elitebook G3 Core i5, 8GB DDR4 RAM, 256GB SSD -Silver (6MTHS WRTY)","UGX 930,000","UGX 1,500,000",38%
"Refurbished  Probook 440/430 Intel Core i5 ,8GB Ram 500GB HDD 14 Inch Screen -Black","UGX 599,000","UGX 999,000",40%
"Thinkpad Refurbished ThinkPad 11e 4GBRAM 128GB SSD 11.6"" Laptop-Black (Grade A)","UGX 365,000","UGX 780,000",53%
"Refurbished EliteBook 840 14 Inch Core i5 , 12GB 500GB HDD - Black","UGX 799,000","UGX 1,200,000",33%
"Refurbished Probook 11""Touchscreen,i3 4GB RAM 500GB-Grey","UGX 798,900","UGX 1,290,006",38%
"Refurbished Hp EliteBook -Core I5-500GB HDD,8GB RAM - Black","UGX 589,000","UGX 1,489,995",60%
"Refurbished Latitude 7240 I5 4GB RAM 128GB SSD 12.5""- Silver","UGX 1,199,894",,
"EliteBook 840 G2, Core i5, 8GB Ram, 500GB HDD, 14inch (Refurbished) - Black (4Months warranty)","UGX 796,000","UGX 1,000,000",20%
"Refurbished X360 Convertible Touch Screen Intel 4GB RAM 128GB SSD 11.6""inch 4Hours+Grey Grade A","UGX 489,000","UGX 999,986",51%
"Refurbished Latitude 3189/3190 2 In 1, 11.6"" Touch Screen Laptop, Intel , 4GB RAM DDR4, 128GB SSD-Black","UGX 490,000","UGX 750,000",35%
"Refurbished 14"" Latitude 5440 Core i5 16GB RAM 500GB HDD- Black","UGX 558,000","UGX 1,070,000",48%
Laptop Replacement Keyboard Fit Asus X542 X542U X542UN ,"UGX 150,000","UGX 300,000",50%
Refurbished HP Probook 440 G1 Core i5 / 8GB RAM / 500GB HDD - Black (4MTHS WRTY),"UGX 799,000","UGX 1,790,019",55%
"EliteBook 820 g1/g2,  12.5"", Core i5, 8GB RAM, 512GB HDD, Refurbished - Black","UGX 700,000","UGX 1,250,000",44%
"Refurbished Probook, I5 6th Gen,8GB RAM 256GB SSD 14"" - Black (6MTHS WRTY)","UGX 649,000","UGX 1,200,000",46%
Refurbished Elitebook 840 G3 6th Gen 8GB 1TB/1000GB Storage Laptop - Silver (6MTHS WRTY),"UGX 990,000","UGX 1,800,000",45%
"Refurbished Elite Book 840 G2, Intel Core i5,8GB Ram, 256GB SSD - Silver & Black (4MTHS WRTY)","UGX 799,000","UGX 1,790,019",55%
"Refurbished EliteBook 820 g1/g2, 12.5"", Core i5, 8GB RAM, 500GB HDD - Black","UGX 530,000","UGX 1,000,000",47%
"Refurbished Probook G1,Touch Screen X360,Intel,4GB RAM,128GB SSD, 11.6,Mini-Grey","UGX 499,900","UGX 1,200,015",58%
"Refurbished Elitebook 840 G1, Core i5, 4GB RAM 500GB - Black (Grade A)","UGX 699,990","UGX 1,009,988",31%
Probook 640 Core I5 8GB Ram 500GB HDD 14+free laptop stand(Refurbished/ WRTY6mths),"UGX 570,000","UGX 1,100,000",48%
"Refurbished Elitebook 840 G1, Core i5, 4GB RAM 500GB - Black (Grade A)","UGX 700,000","UGX 1,010,000",31%
"Refurbished 820 G3,Core I5,8GB RAM,256GB SSD 12.5""- Silver Grade A","UGX 799,999","UGX 1,689,984",53%
"EliteBook 820 g1/g2 12.5"", Intel Core i5, 8GB RAM, 500GB HDD, Refurbished - Black","UGX 650,000","UGX 1,200,000",46%
Refurbished Elitebook 840  Core I5 12gb Ram 750gb HDD Black,"UGX 799,000","UGX 1,489,995",46%
"Refurbished Elite Book ,Core I5,8GB Ram,256GB SSD - Black (6MTHS WRTY)","UGX 999,000","UGX 1,790,000",44%
DELL 3340 Core I5 8GB RAM 500GB HDD Storage - Grey,"UGX 535,000","UGX 960,000",44%
Refurbished Elitebook Core I5 8GB Ram 1TB HDD Black (4MTHS WRTY),"UGX 699,000","UGX 1,189,995",41%
"Refurbished Latitude E5480 Intel Core I5 6th Gen 12GB RAM 256GB SSD,14""- BLACK","UGX 799,000","UGX 1,099,883",27%
"EliteBook 820 g1/g2 12.5"", intel Core i5, 8GB RAM, 500GB HDD, Refurbished - Black","UGX 650,000","UGX 1,200,000",46%
"Refubished Elitebook 8460p, Core i5, 4GB RAM 500GB  -Silver - Refurbished","UGX 850,000","UGX 1,800,000",53%
"Refurbished Latitude 7240 I5 6GB RAM 128GB SSD 12.5""- Silver (6MTHS WRTY)","UGX 739,000","UGX 1,199,894",38%
"Refurbished Latitude E5440 Intel Core i5,8GB RAM,500GB HDD,Bag,Mouse -Black","UGX 549,009","UGX 1,900,017",71%
"EliteBook 820 g1/g2 12.5"", Core i5, 8GB RAM, 500GB HDD, Refurbished - Black","UGX 610,000","UGX 1,100,000",45%
"Refurbished X360 Convertible Touch Screen Intel 4GB RAM 128GB SSD 11.6""inch 4Hours-Grey (6MTHS WRTY) Grade A","UGX 479,900","UGX 1,000,000",52%
"Refurbished 840 Elitebook G1 14'' Core I5, 8GB Ram, 500GB HDD - Black (3MTHS WRTY)","UGX 1,200,000",,
"Refurbished Elitebook 840 G1,14 Inch Core i5,8GB Ram-500GB Hard Disk, Black","UGX 999,000","UGX 1,499,000",33%
"Refurbished 14"" Latitude 5440 Core i5, 8GB RAM 500GB HDD - Black","UGX 549,000","UGX 1,090,000",50%
"Refurbished Probook 640 G2, I5 6th Gen,8GB DDR4 RAM 256GB SSD 14""DVD RW – Black","UGX 649,000","UGX 1,190,000",45%
"Refurbished ProBook 640 Intel Core I3, 8GB RAM, 1000GB HDD(1TB). Grade A+ Plus Free Bag and Mouse - Black (6MTHS WRTY)","UGX 639,000","UGX 1,099,000",42%
"Hp EliteBook 820 (12.5-inch,Core i5,8GB RAM,500 GB) - Black","UGX 1,250,000","UGX 2,500,000",50%
"Elitebook 820 g1/g2, 12.5-inch, Core I5, 8GB RAM, 1TB HDD (Refurbished) - Black","UGX 700,000","UGX 1,300,000",46%
"Refurbished 820 Elitebook G3,Core I5 6th Gen,8GB RAM,500GB HDD 13""- Silver Grade A","UGX 699,400","UGX 1,279,000",45%
"ELITEBOOK 840 G2/G!, CORE i5, 500GB HDD, 8GB RAM, WINDOWS 10Pro, with a LAPTOP BAG, MOUSE and FOAM CLEANER (Refurbished)- BLACK","UGX 740,000","UGX 1,390,000",47%
 Refurbished Latitude 11'' Inch 3189 / 3190 Touch X360 128GB SSD/4GB RAM -Dark Grey,"UGX 499,000","UGX 700,000",29%
Refurbished Latitude 4gb Ram 320gb HDD Storage Intel -Gray (6MTHS WRTY),"UGX 500,900","UGX 890,000",44%
Refurbished Latitude 5480 Core I5 8gb Ram 256GB SSD- Black (6MTHS WRTY),"UGX 699,000","UGX 1,899,896",63%
 Probook 640 Core I5 8GB Ram 500GB HDD 14+free 64gb flash & mouse(Refurbished/ WRTY6mths),"UGX 570,000","UGX 1,080,000",47%
Latitude 11'' Inch 3180/3190 4GB RAM 128GB SSD Refurbished (4MTHS WRTY) - Grey/Black,"UGX 450,000","UGX 820,000",45%
"Refurbished Probook G1,Touch Screen X360,Intel,4GB RAM,128GB SSD, 11.6,Mini-Grey","UGX 499,000","UGX 800,000",38%
"Refurbished  820 G2 -5th Generation with 4gb Ram, 500gb HDD - Black, Grey","UGX 750,000","UGX 1,300,000",42%
"Refurbished  Thinkpad T430/t430s/t420  Black, Intel core i5, 4gb Ram, 500gb HDD 2.50GHz- Black (3MTHS WRTY)","UGX 2,000,012",,
Refurbished Elitebook 840 CORE i5 4GB RAM 500 GB HDD 14” - Black (6MTHS WRTY),"UGX 2,000,000",,
"Refurbished Latitude 7490 I5 ,8th Gen , 8GB Ram , 512GB SSD - Black(6MTHS WRTY) Grade A","UGX 1,029,010","UGX 1,900,000",46%
"Refurbished 820 G3,Core I5,8GB RAM,1TB HDD 12.5""- Silver Grade A","UGX 790,000","UGX 1,689,984",53%
"Elitebook 820 Intel Core I5,6GB RAM,750GB,12.5""Refurbished- Black","UGX 779,000","UGX 1,489,995",48%
ProBook 640 Intel Core I5 (8GB RAM 500GB HDD) Refurbished (6 MNTHS WRNTY) Plus Bag - Black,"UGX 570,000","UGX 1,200,000",53%
"ProBook 640 Core I5, 8GB RAM 500GB HDD (Refurbished) Black+Flash & Bag","UGX 565,000","UGX 1,000,000",44%
Refurbished Elitebook 840 14 Inch Screen _ Core i7 _  8GB RAM 1TB HDD - Black,"UGX 2,389,986",,
"Certified Refurbished 14"" HP EliteBook 840 Core i5, 8GB RAM, 500GB HDD - Silver","UGX 1,890,000",,
Latitude 11'' Inch 3180/3190 4GB RAM 128GB SSD Refurbished (4MTHS WRTY) - Grey/Black,"UGX 450,000","UGX 820,000",45%
Refurbished Probook 430 Duo Core 8GB Ram 500GB HDD 14 Screen 3-4Hrs-Brown,"UGX 899,950",,
Refurbished Latitude 3180/3190 11.6'' Inch 128GB SSD 4GB RAM -Black (Grade A),"UGX 399,000","UGX 800,000",50%
"Refurbished T440S Core i5,8GB Ram,1TB HDD,14"" Screen,-Black","UGX 2,100,006",,
"Refurbished 14""  Probook 440- CORE i5  8GB RAM 1TB HDD DVD-RW - Black","UGX 1,900,017",,
"Refurbished Probook 640 8GB Ram 500GB HDD 14"" Black","UGX 859,005","UGX 1,349,987",36%
"Refurbished Probook 640, 14"" G2 I5,4GB RAM 500GB HDD- Black (6MTHS WRTY)","UGX 649,000","UGX 1,499,918",57%
Refurbished Latitude 5480 Core I5 8GB RAM 1TB HDD- Black,"UGX 799,000","UGX 1,599,912",50%
Refurbished Latitude 11'' Inch 3180 128GB SSD/4GB RAM -Black (6MTHS WRTY) Grade A,"UGX 459,900","UGX 850,000",46%
"Refurbished EliteBook 820 g1/g2,  12.5"" Core i5, 8GB RAM, 500GB HDD (FREE MOUSE)- Black","UGX 600,000","UGX 1,100,000",45%
Refurbished Probook 440 Core i3 8GB RAM 500GB HDD Black (6MTHS WRTY),"UGX 999,000","UGX 1,290,000",23%
" ProBook 640 Core I5, 12GB RAM 500GB HDD (Refurbished) Black + free mouse","UGX 590,000","UGX 1,000,000",41%
Latitude 11'' Inch 3180/3190 4GB RAM 128GB SSD Refurbished (3MTHS WRTY) - Grey/Black,"UGX 499,000","UGX 750,000",33%
"Refurbished 12.5 Inch EliteBook 820, Core I5 5th Gen, 8GB Ram, 500GB Hard Disk, Windows 10 Pro - Black Grade A","UGX 650,000","UGX 1,200,015",46%
" ProBook 640 Core I5, 8GB RAM 500GB HDD (Refurbished) Black +64gb Flash+Bag(3mths warranty)","UGX 588,500","UGX 1,050,000",44%
Refurbished HP ELITEBOOK  840 / i5 - 5300U / 8GB - 500GB / REFURB.,"UGX 720,000","UGX 2,100,000",66%
"Refurbished Latitude 7490 I5 8GB ,256GB SSD ,8th Gen - Black Grade A","UGX 854,940","UGX 1,900,000",55%
Refurbished ProBook 640 Intel Core I5 8GB 750Gb HDD 14 Inch -Black,"UGX 599,000","UGX 1,200,000",50%
"Refurbished Travelmate B117 4GB RAM 128GB SSD,12Inches 5Hrs - Black","UGX 399,000","UGX 960,012",58%
"Refurbished Mini Travelmate.4GB RAM 128GB SSD, 12"" Screen Plus laptop Pouche - Black()","UGX 399,000","UGX 789,000",49%
Refurbished Probook Touch Screen X360 Intel 4GB RAM 128GB SSD 11.6 Plus Free USB-HUB B- (Grade A),"UGX 450,000","UGX 650,000",31%
 Refurbished Probook 640 Core I5 8GB Ram 500GB HDD 14+Free Bag,"UGX 554,000","UGX 950,000",42%
Refurbished 840 Elitebook G3/G4 Core i5 8GB DDR4 RAM 1TB HDD-Silver (Grade A),"UGX 850,000","UGX 2,100,100",60%
Refurbished Latitude 11'' Inch 3180/3190 128GB SSD/4GB RAM -Dark Grey/ Black (Grade A),"UGX 380,000","UGX 780,000",51%
 Refurbished ProBook 640 core i5 8GB Ram 500GB HDD Plus Free LAPTOP STAND & WIRELESS MOUSE (6 MNTHS WRNTY) - Refurbished - Black,"UGX 585,000","UGX 1,000,000",42%
Refurbished Latitude E7470 Core I5 6th Gen 8GB Ram 256GB Ssd- Black Grade A,"UGX 699,000","UGX 1,900,017",63%
Refurbished Elitebook Core I5 6GB Ram 750GB HDD Black (4MTHS WRTY),"UGX 589,000","UGX 1,489,995",60%
"Refurbished 14"" ProBook 645 8GB RAM 500GB ROM - Black","UGX 1,489,995",,
" Refurbished Elitebook 840 G2, 14 Inch Intel Core i5, 8GB Ram, 256GB SS Disk, Windows 10 Pro, Microsoft Office Plus Free bag - Black","UGX 800,000","UGX 1,250,000",36%
 Refurbished ProBook 640 Intel Core I5 12GB RAM 500GB HDD (Grade A) Black,"UGX 598,000","UGX 1,100,000",46%
"Refurbished ELITEBOOK 840 G2, CORE i5, 500GB HDD, 8GB RAM, 14"" DISPLAY, WINDOWS 10Pro, with a LAPTOP BAG & EXTERNAL DRIVE - BLACK","UGX 750,000","UGX 1,600,000",53%
"Refurbished EliteBook 840 8GB RAM, 500GB HDD G3 Core I5 -- Silver (6MTHS WRTY)","UGX 890,000","UGX 1,400,000",36%
Probook G1 Touch Screen X360 Intel 4GB RAM 128GB SSD 11.6 Refurbished With A Pouch & Mouse - Grey,"UGX 499,000","UGX 1,100,000",55%
"Refurbished EliteBook 820 (12.5-inch,Core i5,8GB RAM,500 GB) - Black (6MTHS WRTY) Grade A","UGX 700,000","UGX 1,400,004",50%
"Refurbished Probook 640 8GB Ram 500GB HDD 14"" Black","UGX 859,005","UGX 1,349,987",36%
"Refurbished Probook 640, 14"" G2 I5,4GB RAM 500GB HDD- Black (6MTHS WRTY)","UGX 649,000","UGX 1,499,918",57%
Refurbished Latitude 11'' Inch 3180 128GB SSD/4GB RAM -Black (6MTHS WRTY) Grade A,"UGX 459,900","UGX 850,000",46%
"Refurbished EliteBook 820 g1/g2,  12.5"" Core i5, 8GB RAM, 500GB HDD (FREE MOUSE)- Black","UGX 600,000","UGX 1,100,000",45%
Refurbished Probook 440 Core i3 8GB RAM 500GB HDD Black (6MTHS WRTY),"UGX 999,000","UGX 1,290,000",23%
"Refurbished 840 Elitebook G3 Core I5, 8GB DDR4 RAM, 500GB HDD - Silver (6MTHS WRTY)","UGX 1,090,000","UGX 2,000,012",46%
" ProBook 640 Core I5, 12GB RAM 500GB HDD (Refurbished) Black + free mouse","UGX 590,000","UGX 1,000,000",41%
Latitude 11'' Inch 3180/3190 4GB RAM 128GB SSD Refurbished (3MTHS WRTY) - Grey/Black,"UGX 499,000","UGX 750,000",33%
"Refurbished 12.5 Inch EliteBook 820, Core I5 5th Gen, 8GB Ram, 500GB Hard Disk, Windows 10 Pro - Black Grade A","UGX 650,000","UGX 1,200,015",46%
" ProBook 640 Core I5, 8GB RAM 500GB HDD (Refurbished) Black +64gb Flash+Bag(3mths warranty)","UGX 588,500","UGX 1,050,000",44%
Refurbished HP ELITEBOOK  840 / i5 - 5300U / 8GB - 500GB / REFURB.,"UGX 720,000","UGX 2,100,000",66%
"Refurbished Latitude 7490 I5 8GB ,256GB SSD ,8th Gen - Black Grade A","UGX 854,940","UGX 1,900,000",55%
Refurbished ProBook 640 Intel Core I5 8GB 750Gb HDD 14 Inch -Black,"UGX 599,000","UGX 1,200,000",50%
"Refurbished Travelmate B117 4GB RAM 128GB SSD,12Inches 5Hrs - Black","UGX 399,000","UGX 960,012",58%
"Refurbished Mini Travelmate.4GB RAM 128GB SSD, 12"" Screen Plus laptop Pouche - Black()","UGX 399,000","UGX 789,000",49%
Refurbished Probook Touch Screen X360 Intel 4GB RAM 128GB SSD 11.6 Plus Free USB-HUB B- (Grade A),"UGX 450,000","UGX 650,000",31%
 Refurbished Probook 640 Core I5 8GB Ram 500GB HDD 14+Free Bag,"UGX 554,000","UGX 950,000",42%
Refurbished 840 Elitebook G3/G4 Core i5 8GB DDR4 RAM 1TB HDD-Silver (Grade A),"UGX 850,000","UGX 2,100,100",60%
"Refurbished Elitebook 840 G3 Core I5 6th Gen 8GB RAM, 256 GB SSD,Plus Free Bag and Mouse, 6MONTHS WARRANTY – Silver","UGX 899,000","UGX 1,300,000",31%
Refurbished Latitude 11'' Inch 3180/3190 128GB SSD/4GB RAM -Dark Grey/ Black (Grade A),"UGX 380,000","UGX 780,000",51%
 Refurbished ProBook 640 core i5 8GB Ram 500GB HDD Plus Free LAPTOP STAND & WIRELESS MOUSE (6 MNTHS WRNTY) - Refurbished - Black,"UGX 585,000","UGX 1,000,000",42%
Refurbished Latitude E7470 Core I5 6th Gen 8GB Ram 256GB Ssd- Black Grade A,"UGX 699,000","UGX 1,900,017",63%
Refurbished Elitebook Core I5 6GB Ram 750GB HDD Black (4MTHS WRTY),"UGX 589,000","UGX 1,489,995",60%
"Refurbished 14"" ProBook 645 8GB RAM 500GB ROM - Black","UGX 1,489,995",,
" Refurbished Elitebook 840 G2, 14 Inch Intel Core i5, 8GB Ram, 256GB SS Disk, Windows 10 Pro, Microsoft Office Plus Free bag - Black","UGX 800,000","UGX 1,250,000",36%
 Refurbished ProBook 640 Intel Core I5 12GB RAM 500GB HDD (Grade A) Black,"UGX 598,000","UGX 1,100,000",46%
"Refurbished ELITEBOOK 840 G2, CORE i5, 500GB HDD, 8GB RAM, 14"" DISPLAY, WINDOWS 10Pro, with a LAPTOP BAG & EXTERNAL DRIVE - BLACK","UGX 750,000","UGX 1,600,000",53%
"Refurbished EliteBook 840 8GB RAM, 500GB HDD G3 Core I5 -- Silver (6MTHS WRTY)","UGX 890,000","UGX 1,400,000",36%
Probook G1 Touch Screen X360 Intel 4GB RAM 128GB SSD 11.6 Refurbished With A Pouch & Mouse - Grey,"UGX 499,000","UGX 1,100,000",55%
"Refurbished EliteBook 820 (12.5-inch,Core i5,8GB RAM,500 GB) - Black (6MTHS WRTY) Grade A","UGX 700,000","UGX 1,400,004",50%
Refurbished 5440 Core i5 4gb Ram 500gb Hdd Black,"UGX 1,489,995",,
Refurbished Latitude 7490 I5 8GB 256GB SSD - Black (6MTHS WRTY) Grade A,"UGX 905,000","UGX 1,950,000",54%
"Refurbished Latitude Intel Celeron 4GB 320GB HDD Plus Mouse, Pouch, Grey- (6MTHS WRTY)","UGX 509,000","UGX 890,000",43%
 Refurbished ProBook 640 Core I5 8GB RAM 500GB HDD GRADE A - Black (6mths Wrty),"UGX 525,000","UGX 950,000",45%
"Refurbished Latitude E5440 Intel Core i5,8GB RAM,750GB  HDD,14"",Bag,Mouse -Black","UGX 1,079,000","UGX 2,290,000",53%
"Refurbished ProBook 11 G2 11.6 inch Laptop, Intel Celeron 4GB Ram , 1TB GB Storage - Black/Grey (6MTHS WRTY)","UGX 550,000","UGX 1,000,000",45%
"Refurbished  440 G1 I5 500GB Hdd, 4GBram,14inch-Black Grade A","UGX 1,499,999",,
Refurbished Elitebook 840  Core i5 4gb Ram 500gb HDD Black,"UGX 579,000","UGX 1,589,990",64%
"Latitude 3340 Intel,8GB RAM,500GB HDD,Free Bag 13.3"",- Refurbished - Dark Grey","UGX 599,000","UGX 1,390,000",57%
"Refurbished Latitude 3150 Series 4gb Ram 500gb HDD Intel Pentium, Gray Grade A","UGX 490,000","UGX 1,000,000",51%
"Refurbished 840 Elitebook G3/G4 Core i5, 8GB DDR4 RAM, 256GB SSD - Silver (Grade A)","UGX 820,000","UGX 1,900,017",57%
"Refurbished 820 G3,Core I5,6GB RAM,256GB SSD 12.5""- Silver Grade A","UGX 799,000","UGX 1,689,984",53%
"EliteBook 840 G2, (Refurbished), Core i5, 8GB Ram, 500GB HDD 14inch, Black (with a Free laptop bag, Mouse & Foam cleaner & 6Months Warranty)","UGX 800,000","UGX 1,000,000",20%
Refurbished ProBook 640 Core i5 8GB RAM 500GB HDD- Black (6MTHS WRTY),"UGX 599,000","UGX 1,100,000",46%
"Refurbished Elite Book 840 G2, Intel Core i5:4GB Ram, 500GB HDD- Black (4MTHS WRTY)","UGX 599,000","UGX 1,559,898",62%
"Refurbished Mini Intel Celeron 4GB RAM 128GB SSD, 12Inches Plus External Hard Disk - Black()","UGX 389,000","UGX 990,000",61%
"Refurbished  Elitebook 840 G2 Core i5 ,8GB RAM ,500GB HDD - Black Grade A","UGX 650,000","UGX 1,150,000",43%
"Refurbished 14"" Latitude 5440 Core i3 4GB RAM 500GB HDD,DVD - Black","UGX 599,000","UGX 1,790,019",67%
"Elitebook 820(12.5-inch,Core i5,8GB RAM,500 GB,Refurbished) - Black Grade A","UGX 619,000","UGX 1,400,004",56%
 Refurbished Probook 640 Core I5 8GB Ram 500GB HDD 14+ 64gb flash (3mths warranty),"UGX 550,000","UGX 990,000",44%
 Refurbished Probook 640 Core I5 8GB Ram 500GB HDD 14+Bag,"UGX 560,000","UGX 1,000,000",44%
"Refurbished EliteBook 840 G5 Business Laptop Intel Core i5, 8GB DDR4 RAM 512GB SSD - SILVER","UGX 1,189,000","UGX 2,500,000",52%
"Refurbished 14"" Latitude E6410 i5 4GB RAM 500GB - Gray (3MTHS WRTY)","UGX 2,500,000",,
Refurbished ProBook 640 Core I5 8GB RAM 500GB HDD  - Black (6MTHS WRTY) ,"UGX 525,000","UGX 850,000",38%
Refurbished ProBook 640 14inch Intel Core i5 4GB 500GB HDD 3-5 Hrs - Black,"UGX 698,998","UGX 1,790,019",61%
"Refurbished Latitude Laptop 8gb Ram 500GB HDD Intel, -Black( Refurbished) Grade A","UGX 499,000","UGX 1,085,000",54%
"Certified Refurbished 14""  EliteBook 840 Core i5, 8GB RAM, 500GB HDD - Silver Grade A","UGX 800,000","UGX 1,200,015",33%
"Refurbished Elitebook 820: 12.5 Notebook ,Core i5, 4GB RAM, 500 GB HDD - Grey (6MTHS WRTY) Grade A","UGX 599,000","UGX 1,290,006",54%
"Refurbished Latitude 11'' Inch 3180 ,128GB SSD/4GB RAM -Black Grade A","UGX 449,000","UGX 950,009",53%
" ProBook 640 Core I5, 8GB RAM 500GB HDD (Refurbished) Black","UGX 585,000","UGX 1,100,000",47%
"Refurbished Latitude E-6320/E6430- Corei5-8GB Ram, 500GB HD - Black Grade A","UGX 599,900","UGX 999,986",40%
"Refurbished  E6400/E6500, 14inch, 2GB RAM 250GB Hard Disk - Black (3MTHS WRTY)","UGX 590,000","UGX 1,000,000",41%
Refurbished ProBook 640 Corei5 12gb Ram 1TB +Bag (6MTHS WRTY),"UGX 720,000","UGX 950,000",24%
"Refurbished Latitude Intel ,8gb Ram  ,640gb HDD , Plus Mouse & Bag - Grey Grade A","UGX 476,000","UGX 1,000,000",52%
Refurbished Probook 440 8GB RAM 320GB HDD- Black,"UGX 759,000","UGX 1,390,001",45%
Refurbished Probook 440 8GB RAM 500GB HDD Black,"UGX 799,019","UGX 1,489,995",46%
"Refurbished ThinkPad 11e 4GBRAM 128GB SSD 11.6""-Black (Grade A)","UGX 375,000","UGX 650,000",42%
Latitude 11'' Inch 3180/3190 4GB RAM 128GB SSD Refurbished (3MTHS WRTY) - Grey/Black (Grade A),"UGX 390,000","UGX 800,000",51%
"Refurbished Elitebook 840 G1 8GB RAM,  1TB HDD -Black","UGX 1,900,100",,
"Refurbished Elitebook 840 G1 8GB RAM,  1TB HDD -Black","UGX 799,000","UGX 2,100,100",62%
Refurbished 840 Elitebook G3/G4 Core i5 8GB DDR4 RAM 1TB HDD-Silver (Grade A),"UGX 890,000","UGX 1,990,100",55%
" EliteBook Core i5, 8GB Ram,500GB Plus mouse -Black(Refurbished)Grade A","UGX 559,900","UGX 1,055,000",47%
Refurbished Probook G1 Touch Screen X360 Intel 4GB RAM 128GB SSD 11.6 - Grey (Grade A),"UGX 445,000","UGX 550,000",19%
Latitude 11'' Inch 3180/3190 4GB RAM 128GB SSD Refurbished (3MTHS WRTY) - Grey/Black,"UGX 495,000","UGX 770,000",36%
"Elitebook 820 g1/g2, 12.5-inch, Core I5, 8GB RAM ,500 GB HDD (Refurbished) - Black","UGX 550,000","UGX 1,200,000",54%
"Refurbished Elitebook 840 G1 8GB RAM, 500GB HDD -Black","UGX 699,000","UGX 1,090,014",36%
"EliteBook 820 g1/g2 12.5"", Core i5, 8GB RAM, 256GB HDD, Refurbished – Black","UGX 690,000","UGX 1,000,000",31%
"ELITEBOOK 840 G2, CORE i5, 500GB HDD, 16GB RAM, WINDOWS 10Pro with a LAPTOP BAG, MOUSE & FOAM CLEANER  (Refurbished) - BLACK","UGX 785,000","UGX 1,600,000",51%
"Refurbished EliteBook 840 Intel Core I5 8GB Ram, 500GB HDD Storage - Black, Silver","UGX 695,000","UGX 1,000,000",31%
"Refurbished Elite Book 840,Core I5,16GB Ram,1TB - (Grade A+) - Black (6MTHS WRTY)","UGX 860,000","UGX 1,550,000",45%
"T460s/T470s, 14 Inch, Core i5, 8GB Ram, 256GB SSD, Windows 10 (Refurbished)- Black","UGX 690,000","UGX 1,430,000",52%
"Refurbished(GRADE A) HP Probook 440 G1- Core i5 -4GB RAM  500GB HDD,14'' - Black (4MTHS WRTY)","UGX 799,000","UGX 1,790,019",55%
Refurbished Probook 640 - Core i5  4GB RAM 500GB HDD - Black,"UGX 799,000","UGX 1,589,990",50%
"Refurbished 14"" Latitude E5420 Core i5 4GB RAM 320GB ROM - Black (3MTHS WRTY)","UGX 1,699,988",,
"Refurbished Elitebook 820 G2 12.5""Inch Screen, Core i5, 6GB RAM, 512GB SSD - Black (6MTHS WRTY) Grade A","UGX 789,000","UGX 1,249,506",37%
Hp (Refurbished) 840 EliteBook G1 Core i5 / 8GB RAM / 500GB HDD - Black (6MTHS WRTY),"UGX 730,000","UGX 2,499,984",71%
"Refurbished Probook Touch Screen X360,Intel,4GB RAM,128GB SSD, 11.6-Grey (Grade A)","UGX 440,000","UGX 800,000",45%
Refurbished Probook Touch Screen X360 Intel 4GB RAM 128GB SSD 11.6 Plus Free Mouse-Pad- (Grade A),"UGX 450,000","UGX 650,000",31%
Refurbished Probook Touch Screen X360 Intel 4GB RAM 128GB SSD 11.6 Plus Free Laptop Stand- (Grade A),"UGX 450,000","UGX 650,000",31%
"Refurbished Latitude E6320/E6430,Core i5, 4GB RAM,500 GB HDD - Silver (6MTHS WRTY) Grade A","UGX 739,000","UGX 1,000,000",26%
"Refurbished 6460b/6470-Corei5-14"" 500GB HDD-4GB RAM, Black","UGX 749,000","UGX 1,500,000",50%
Refurbished Elitebook 840 Core I5 4gb Ram 500gb HDD Black,"UGX 830,000","UGX 1,000,000",17%
"Refurbished  Latitude E6440 Core I5 ,4GBRAM ,500GB HDD - Silver Grade A","UGX 770,000","UGX 990,000",22%
"Refurbished Intel , 8gb Ram 320gb Hdd 11 .6Inch - Black Grade A","UGX 490,000","UGX 999,986",51%
Refurbished 640 Core i5 4gb Ram 500gb Hdd Black (4MTHS WRTY),"UGX 870,000","UGX 1,589,990",45%
"Hp (Refurbished)  EliteBook 840 / I5 - / 4GB - 500GB, Black (4MTHS WRTY)","UGX 599,000","UGX 1,599,912",63%
"Refurbished Latitude 4gb Ram 320gb HDD Intel Pentium, Gray (6MTHS WRTY)","UGX 519,900","UGX 890,000",42%
"Refurbished 820 G3,Core I5,6GB RAM,1TB HDD 12.5""- Silver Grade A","UGX 799,000","UGX 1,689,984",53%
"Refurbished 820 G3,Core I5,12GB RAM,500GB HDD 12.5""- Silver 6MTHS WRTY Grade A","UGX 699,009","UGX 1,689,984",59%
ProBook 640 - 14 inch Core i5 12GB RAM 1TB HDD Refurbished - Black (6MTHS WRTY),"UGX 730,000","UGX 1,500,000",51%
"Refurbished Probook 640 G2, I5 6th Gen,8GB RAM 1000GB(1TB) 14""DVD RW - Black (6MTHS WRTY)","UGX 799,000","UGX 1,390,000",43%
Refurbished Latitude E7470 Core I5 6th Gen 8GB Ram 256GB Ssd- Black Grade A,"UGX 700,000","UGX 1,799,982",61%
"Refurbished Latitude 3440 Intel Core I3, 4GB RAM, 320GB HDD-Grey (6MTHS WRTY) Grade A","UGX 1,200,015",,
"Refurbished Elitebook Core I5 8GB RAM 500GBHDD 14"", Black","UGX 579,000","UGX 1,099,883",47%
Refurbished Probook Touch Screen X360 Intel 4GB RAM 128GB SSD 11.6 Plus Free FlashDrive - (Grade A),"UGX 450,000","UGX 650,000",31%
Refurbished 3160/3150 11.6 Inch Intel Celeron/Pentium 8GB RAM 500GB HDD (6 months Warranty) - Grey,"UGX 590,000","UGX 1,000,000",41%
EliteBook 820 12.5 Inch 8GB RAM 500GB HDD Refurbished (Free Bag & Mouse)- Black,"UGX 699,000","UGX 1,200,000",42%
"Probook 640 I5 8GB, 500GB HDD,14"" Refurbished (6MTHS WRTY)","UGX 649,000","UGX 1,900,000",66%
"EliteBook 840 14 Inch Core i5 , 8GB 1TB HDD Refurbished - Black ","UGX 899,000","UGX 1,500,000",40%
Refurbished ProBook 640 Core I5 8GB RAM 500GB HDD GRADE A - Black (6months Warranty),"UGX 528,500","UGX 900,000",41%
" Latitude 3380 Intel Core I3 13.3"" 6th/7th Gen 8GB RAM, 500GB HDD Refurbished+Mouse","UGX 499,800","UGX 850,000",41%
"Refurbished Latitude 3189/3190 2 In 1, 11.6"" Touch Screen Laptop, Intel , 4GB RAM DDR4, 128GB SSD-Black","UGX 520,000","UGX 730,000",29%
Refurbished ProBook 640 Core i5 8GB RAM 500GB Plus free Mouse & Bag - Black,"UGX 569,000","UGX 1,400,000",59%
"Latitude 3340 13.3"" Intel,8GB RAM 500GB HDD Refurbished-Grey","UGX 799,000","UGX 1,190,000",33%
 Latitude 11'' Inch 3180/3190 4GB RAM 128GB SSD Refurbished (3MTHS WRTY) - Grey/Black,"UGX 410,000","UGX 750,000",45%
"Latitude 3380 Intel Core I3 13.3"" 6th/7th Gen 8GB RAM, 500GB HDD Refurbished","UGX 520,000","UGX 950,000",45%
"Latitude 3380 Intel Core I3 13.3"" 6th/7th Gen 8GB RAM, 256GB SSD Refurbished+Mouse grey","UGX 520,000","UGX 700,000",26%
DELL Latitude 3340 Core I3 4GB RAM 500GB HDD Refurbished Free Flash Disk,"UGX 485,000","UGX 790,000",39%
"Hp 11"" Core i3 Touchscreen 4GB RAM,500GB HDD,4hrs Battery -Grey-Refurbished","UGX 999,000","UGX 1,590,000",37%
"Refurbished Probook Touch Screen X360,Intel,4GB RAM,128GB SSD, 11.6-Grey/Black (Grade A)","UGX 440,000","UGX 800,000",45%
"Refurbished Latitude E6320/E6430,Core i5, 4GB RAM,500 GB HDD - Silver (6MTHS WRTY) Grade A","UGX 739,000","UGX 1,000,000",26%
"Refurbished 6460b/6470-Corei5-14"" 500GB HDD-4GB RAM, Black","UGX 749,000","UGX 1,500,000",50%
"Refurbished  Latitude E6440 Core I5 ,4GBRAM ,500GB HDD - Silver Grade A","UGX 770,000","UGX 990,000",22%
"Hp (Refurbished)  EliteBook 840 / I5 - / 4GB - 500GB, Black (4MTHS WRTY)","UGX 599,000","UGX 1,599,912",63%
"Refurbished Latitude 4gb Ram 320gb HDD Intel Pentium, Gray (6MTHS WRTY)","UGX 519,900","UGX 890,000",42%
Refurbished Elitebook 840 Core I5 4gb Ram 500gb HDD Black,"UGX 830,000","UGX 1,000,000",17%
"Refurbished Intel , 8gb Ram 320gb Hdd 11 .6Inch - Black Grade A","UGX 490,000","UGX 999,986",51%
"Refurbished 840 Elitebook G3 Core i5, 8GB DDR4 RAM, 500GB HDD - Silver (4MTHS WRTY)","UGX 789,000","UGX 1,899,896",58%
Refurbished 840 Elitebook G3 Core i5 8GB DDR4 RAM 1TB HDD-Silver,"UGX 899,000","UGX 1,799,901",50%
Refurbished 640 Core i5 4gb Ram 500gb Hdd Black (4MTHS WRTY),"UGX 870,000","UGX 1,589,990",45%
"Refurbished 820 G3,Core I5,12GB RAM,500GB HDD 12.5""- Silver 6MTHS WRTY Grade A","UGX 699,009","UGX 1,689,984",59%
"Refurbished 820 G3,Core I5,6GB RAM,1TB HDD 12.5""- Silver Grade A","UGX 799,000","UGX 1,689,984",53%
ProBook 640 - 14 inch Core i5 12GB RAM 1TB HDD Refurbished - Black (6MTHS WRTY),"UGX 730,000","UGX 1,500,000",51%
"Refurbished Probook 640 G2, I5 6th Gen,8GB RAM 1000GB(1TB) 14""DVD RW - Black (6MTHS WRTY)","UGX 799,000","UGX 1,390,000",43%
"Refurbished Latitude 3440 Intel Core I3, 4GB RAM, 320GB HDD-Grey (6MTHS WRTY) Grade A","UGX 1,200,015",,
Refurbished Latitude E7470 Core I5 6th Gen 8GB Ram 256GB Ssd- Black Grade A,"UGX 700,000","UGX 1,799,982",61%
"Refurbished Elitebook Core I5 8GB RAM 500GBHDD 14"", Black","UGX 579,000","UGX 1,099,883",47%
Refurbished Probook Touch Screen X360 Intel 4GB RAM 128GB SSD 11.6 Plus Free FlashDrive - (Grade A),"UGX 450,000","UGX 650,000",31%
Refurbished 3160/3150 11.6 Inch Intel Celeron/Pentium 8GB RAM 500GB HDD (6 months Warranty) - Grey,"UGX 590,000","UGX 1,000,000",41%
" Latitude 3380 Intel Core I3 13.3"" 6th/7th Gen 8GB RAM, 500GB HDD Refurbished+Mouse","UGX 499,800","UGX 850,000",41%
"Refurbished Latitude 3189/3190 2 In 1, 11.6"" Touch Screen Laptop, Intel , 4GB RAM DDR4, 128GB SSD-Black","UGX 520,000","UGX 730,000",29%
"EliteBook 840 14 Inch Core i5 , 8GB 1TB HDD Refurbished - Black ","UGX 899,000","UGX 1,500,000",40%
"Probook 640 I5 8GB, 500GB HDD,14"" Refurbished (6MTHS WRTY)","UGX 649,000","UGX 1,900,000",66%
EliteBook 820 12.5 Inch 8GB RAM 500GB HDD Refurbished (Free Bag & Mouse)- Black,"UGX 699,000","UGX 1,200,000",42%
Refurbished ProBook 640 Core I5 8GB RAM 500GB HDD GRADE A - Black (6months Warranty),"UGX 528,500","UGX 900,000",41%
"Latitude 3340 13.3"" Intel,8GB RAM 500GB HDD Refurbished-Grey","UGX 799,000","UGX 1,190,000",33%
Refurbished ProBook 640 Core i5 8GB RAM 500GB Plus free Mouse & Bag - Black,"UGX 569,000","UGX 1,400,000",59%
 Latitude 11'' Inch 3180/3190 4GB RAM 128GB SSD Refurbished (3MTHS WRTY) - Grey/Black,"UGX 410,000","UGX 750,000",45%
"Latitude 3380 Intel Core I3 13.3"" 6th/7th Gen 8GB RAM, 500GB HDD Refurbished","UGX 520,000","UGX 950,000",45%
"Latitude 3380 Intel Core I3 13.3"" 6th/7th Gen 8GB RAM, 256GB SSD Refurbished+Mouse grey","UGX 520,000","UGX 700,000",26%
DELL Latitude 3340 Core I3 4GB RAM 500GB HDD Refurbished Free Flash Disk,"UGX 485,000","UGX 790,000",39%
"Hp 11"" Core i3 Touchscreen 4GB RAM,500GB HDD,4hrs Battery -Grey-Refurbished","UGX 999,000","UGX 1,590,000",37%
"Refurbished Probook Touch Screen X360,Intel,4GB RAM,128GB SSD, 11.6-Grey/Black (Grade A)","UGX 440,000","UGX 800,000",45%
"Refurbished Probook Touch Screen X360,Intel,4GB RAM,128GB SSD, 11.6 Plus Free Mouse- (Grade A)","UGX 440,000","UGX 650,000",32%
Refurbished Probook Touch Screen X360 Intel 4GB RAM 128GB SSD 11.6 Plus Free Wireless Mouse- (Grade A),"UGX 450,000","UGX 650,000",31%
Refurbished Probook Touch Screen X360 Intel 4GB RAM 128GB SSD 11.6 Plus Free Earphones- (Grade A),"UGX 440,000","UGX 650,000",32%
Refurbished Probook Touch Screen X360 Intel 4GB RAM 128GB SSD 11.6 - Grey (Grade A),"UGX 449,000","UGX 890,000",50%
Refurbished Probook Touch Screen X360 Intel 4GB RAM 128GB SSD 11.6 Plus Free Bag-(Grade A),"UGX 480,000","UGX 650,000",26%
Refurbished Elitebook 840 CORE i5  8GB RAM 1TB HDD14” - Black (4MTHS WRTY),"UGX 699,000","UGX 1,729,998",60%
DELL 3340 Core I5 4GB RAM 500GB HDD Storage - Grey,"UGX 520,000","UGX 990,000",47%
"Latitude Laptop 11.6"" HD Intel Pentium Windows 11 PC 4GB RAM 64GB SSD-Grey/Black,Refurbished","UGX 299,000","UGX 590,000",49%
"EliteBook 840, Core i5, 16GB Ram, 500GB Hdd,Windows 11 - Renewed-6MONTHS WARRANTY - Black","UGX 649,000","UGX 999,000",35%
"Elitebook 8460p, Core i5, 14.1, 8GB RAM 500GB  -Silver - Refurbished","UGX 439,000","UGX 760,000",42%
" Refurbished EliteBook 820(12.5-inch,Core i7, 16GB RAM, 1TB HDD , PLUS FREE MOUSE PAD ,MOUSE& BAG - Black(6MTHS WRTY)","UGX 889,000","UGX 1,300,000",32%
EliteBook 840 G5/G6 Core I5 8th Gen 14inch Silver Color (Refurbished),"UGX 945,000","UGX 1,000,000",6%
"Refurbished ThinkPad 11e 4GBRAM 128GB SSD 11.6"" Plus Free Mouse-Pad-Black (Grade A)","UGX 390,000","UGX 650,000",40%
"DELL Renewed Latitude E5450/E7450 Core i5 16GB RAM 500GB HDD,6Months Warranty -Black ","UGX 599,000","UGX 1,090,000",45%
"Hp ELITEBOOK 840 14"" i5 8GB RAM 500GB Storage Windows 10 Plus Free Smart Watch - Black","UGX 580,000","UGX 1,300,000",55%
"Refurbished ThinkPad T470s/ T460s 14 Inch, Core i5 ,8GB Ram, 256GB SSD, Windows 11 - Black (6MTHS WRTY)","UGX 699,000","UGX 1,500,000",53%
"Refurbished EliteBook 840 14 Inch Core i5, 12GB Ram, 1TB/ 1000GB HDD - Black","UGX 739,000","UGX 1,200,000",38%
"EliteBook 840, Core i5, 16GB Ram, 500GB Hdd Plus Free Bag And Mouse - Renewed-6MONTHS WARRANTY - Black","UGX 665,000","UGX 998,900",33%
"DELL  Latitude 3310 Intel Pentium 4GB RAM 128GB SSD,13-inch ,Win 10-3 Months Warranty,Renewed- Grey/Black","UGX 449,000","UGX 610,000",26%
"Refurbished V5 / Travelmate Intel,4GB RAM 128GB SSD,12Inches Touch Screen- - Black","UGX 359,000","UGX 650,000",45%
DELL 7390/7290 core i5 8gb ram 256gb storage touch screen black,"UGX 800,000","UGX 1,350,000",41%
IdeaPad Intel Celeron N4020  4GB RAM And 256GB SSD-Dark Grey,"UGX 1,500,000","UGX 2,800,000",46%
"ThinkPad Yoga 12.5-inch, Intel, Core i5 8GB RAM, 512GB SSD, Touch Screen, -Black (Renewed)","UGX 1,250,000","UGX 1,900,000",34%
DELL 3189 8gb 512gbssd,"UGX 599,000","UGX 1,680,000",64%
"Laptop 11"" 500GB 8GB RAM Intel ,HDMI Windows 10 Pro Webcam Zoom Ready-Dark Grey","UGX 449,900","UGX 950,000",53%
"Refurbrished  Elitebook 820 G3, 12.5 Inch, Core i5  ,6th Gen, 8GBRAM DDR4 , 256GB SSD, Windows 10 Pro - Silver","UGX 739,000","UGX 1,200,000",38%
"Ultrabook 11e Mini Laptop, 11.6"",Intel Duo Core 128 GB SSD,4GB Black Plus Free Pouche,and Mouse, Refurbished.","UGX 359,000","UGX 940,000",62%
"Renewed Latitude Mini Laptop 11.6"" HD Intel Pentium 4GB RAM 64GB SSD,Windows 11 Pro,Grey/Black","UGX 299,000","UGX 700,000",57%
Refurbished Probook 640 Intel Core i5 8gb 500Gb hdd 14 inch-Black Plus Bag and 32 GB Flash,"UGX 570,000","UGX 1,300,000",56%
"Lenovo Renewed ThinkPad T470s,14 Inch Intel Core i7, 8GB Ram, 256gb SSD - Black","UGX 1,050,000","UGX 1,700,000",38%
Refurbished Latitude 11'' Inch 3180/3190 128GB SSD/4GB RAM Plus Free USB HUB s-Dark Grey/ Black (Grade A),"UGX 380,000","UGX 650,000",42%
"Latitude 3000 series Mini Laptop,Intel Duo Core,4GB RAM,64GB SSD,11.6 Inch-Grey/Black,Refurbished","UGX 299,000","UGX 600,000",50%
2018 MacBook Pro 15-inch corei7 16 GB RAM 512 GB SSD - Silver- Refurbished 4gb Graphics Card Touch Bar.,"UGX 1,800,000","UGX 2,800,000",36%
"DELL  Refurbished Latitude E7470/7480 Core i5, 6th/7th Gen, 8GB RAM , 256gb SSD, 14"" -Black","UGX 730,000","UGX 850,000",14%
"Refurbished Latitude 3189/3190 2 In 1, 11.6"" Touch Screen Laptop, Intel , 8GB RAM DDR4, 256GB SSD Windows 11-Black","UGX 709,000","UGX 1,200,000",41%
"Refurbrished ThinkPad X1 Carbon Intel Core i7 - 14"" 16GB RAM 512GB SSD - Black","UGX 1,200,000","UGX 2,100,000",43%
Hp Probook 640 I5 16GB RAM 500GB HDD  Renewed Laptop Plus Warranty 6 Months – Black,"UGX 599,000","UGX 1,100,000",46%
Hp EliteBook 840 G8 Core i5 8GB Ram 512gb SSD Storage 11th Generation Renewed - Silver,"UGX 1,599,000","UGX 3,500,000",54%
"Hp EliteBook 820 g2 Business Laptop, Intel Core i5, 8GB RAM, 500GB HDD, 12.5 inch Display, Windows 10 Pro (Renewed)-Black","UGX 515,000","UGX 750,000",31%
MacBook Air 11 Inch I5 4GB Ram 128GB 2015 (Refurbished) Silver,"UGX 650,000","UGX 800,000",19%
MacBook Pro Retina 13 Inch i5 8GB Ram 256GB SSD 2015 (Refurbished) - 1 Yr Wrnty,"UGX 799,000","UGX 2,000,000",60%
"Hp  EliteBook 820 g2 Business Laptop, Intel Core i5, 8GB RAM, 500GB HDD, 12.5 inch Display, Windows 10 Pro (Renewed)-Black","UGX 520,000","UGX 750,000",31%
"DELL Latitude 3340/3350 13.3 Inch Intel Core I5, 12GB RAM, 1TB HDD (Renewed)with Free Bag - Grey","UGX 650,000","UGX 750,000",13%
"Thinkpad X270 Laptop, Intel Core i5, 8GB RAM, 256GB SSD, 12.5 inch Renewed (6 MONTHS WARRANTY)","UGX 630,000","UGX 9,000,000",93%
Refurbished Latitude 11'' 3189 Touch X360 256SSD/8GB RAM -Dark Grey (6MTHS WRTY),"UGX 650,000","UGX 1,499,999",57%
"Refurbished ThinkPad Yoga, 12.5-inch, Core I5, 8GB RAM, 256GB SSD, Touch Screen , Plus Bag -Black","UGX 800,000","UGX 1,500,000",47%
"Mini Ultrabook Refurbished 11.6"" 4GB RAM 128GB SSD-Black","UGX 349,000","UGX 699,014",50%
"Hp EliteBook 840 G5 Laptop i5-8th Gen 8GB DDR4 RAM, 256GB SSD – Silver(6MTHS WRTY)Refurbished","UGX 999,000","UGX 1,600,000",38%
DELL Latitude 3180/3190 11.6 Inch Intel Celeron 4GB RAM 128GB SSD Free Mouse - Grade A Renewed,"UGX 378,000","UGX 600,000",37%
"Yoga 11e Touchscreen 11.6"" 4gb Ram , 500GB- Black","UGX 459,900","UGX 990,000",54%
"EliteBook 840, Core i5, 16GB Ram, 1TB Storage Free Mouse - Refurbished (Grade A+) - Black (6MTHS WRTY","UGX 715,000","UGX 1,200,000",40%
"Thinkpad X270 Laptop, Intel Core i5, 8GB RAM, 256GB SSD, 12.5 inch Renewed (6 MONTHS WARRANTY)","UGX 660,000","UGX 2,000,000",67%
Refurbished Hp Probook 11 G1 / G2 4GB Ram 500GB HDD With Free Mouse - Black Grey,"UGX 378,000","UGX 800,000",53%
"Latitude 3189/90 2in 1, 11.6"" Touch Screen Laptop, Intel N4200, 4GB RAM DDR4, 256GB SSD-Black(Refurbished)","UGX 499,900","UGX 1,200,000",58%
"Lenovo Thinkpad  X270 i7 7th Gen 8GB RAM, 256GB SSD, 12.5 inch Renewed (6 MONTHS WARRANTY)","UGX 750,000","UGX 1,200,000",38%
"Refurbished Yoga 11.6""Touch Screen, Intel Celeron,128GB Drive, 4GB RAM Mini- Black","UGX 399,000","UGX 798,997",50%
"X270 Laptop, Intel Core i5,6th/7th Generation, 8GB RAM, 256GB SSD, 12.5 inch Renewed (6 MONTHS WARRANTY)","UGX 669,000","UGX 2,000,000",67%
"DELL Refurbrished Latitude 3120  Touch Screen - 11.6"" Intel Pentium 8GB RAM 128GB SSD - Gray","UGX 450,000","UGX 1,000,000",55%
"Hp Renewed Elite X2 7TH GEN Touchscreen, Detachable 2-IN-1 Laptop And Tablet, Core i5,8GB RAM, 256GB SSD,- Silver (6MTHS WRTY)","UGX 1,150,000","UGX 1,850,000",38%
Refurbished Elitebook 840 G5/G6 Core i5 Ram 8GB Storage 256 GB SSD 14 Inches screensize  6months warranty with free wireless  mouse -silver,"UGX 995,000","UGX 2,300,000",57%
DELL Latitude 3180/3190 11.6 Inch 4GB RAM 128GB SSD Free Toshiba 500GB Hard drive - Grade A,"UGX 442,000","UGX 700,000",37%
Elitebook 640 i7 8GB RAM 256GB SSD Storage – Black,"UGX 599,000","UGX 1,100,000",46%
Lenovo Renewed V14 INTEL Celeron Laptop 4GB RAM 1TB HDD 15 inch - black/Grey,"UGX 830,000","UGX 2,000,000",59%
"Refurbished Probook Touch Screen X360 Intel, 2-in-1 Convertable HD Screen Laptop 4GB RAM 128GB SSD - Grey (Grade A)","UGX 440,000","UGX 1,000,000",56%
"ThinkPad T470s 14 Inch Slim Laptop, Core i5  8GB Ram, 512GB SSD  – Black Refurbished (6MTHS WRTY) Grade A","UGX 879,990","UGX 1,299,000",32%
DELL 3340 Intel Celeron/Pentium 8GB RAM 500GB HDD Free Flash Disk Toshiba,"UGX 429,000","UGX 750,000",43%
"Thinkpad T460s/T470s Core I5,6th Gen,8GB Ram, 256GB Ssd Refurbished - Black","UGX 750,000","UGX 2,000,000",63%
"DELL Renewed Latitude E5450/E7450 Core i5 16GB RAM 1000GB(1TB) HDD,6Months Warranty -Black ","UGX 699,000","UGX 1,090,000",36%
"Refurbished Probook Touch Screen X360,Intel,4GB RAM,128GB SSD, 11.6-Grey/Black (Grade A)","UGX 500,000","UGX 950,000",47%
" Refurbished 14"" ThinkPad T440s/T440/T450 Core I5 8GB RAM 500GB HDD Plus Bag -Black","UGX 554,630","UGX 1,400,000",60%
"ThinkPad T490s Laptop ,Core I7 16GB RAM 512GB SSD,backlight Keyboard,Refurbished-Black","UGX 1,300,000","UGX 2,000,000",35%
"Refurbished ThinkPad 11e 4GBRAM 128GB SSD 11.6"" Plus Free Flash-Disk-Black (Grade A)","UGX 430,000","UGX 650,000",34%
"X270/X260 Core i5 2.3 GHz 8 GB RAM 256GB SSD 12.5"" IPS Windows 11-Refurbished","UGX 649,000","UGX 999,000",35%
"Hp EliteBook 840 , Intel Core I5 Up To 2.3 GHz, 8GB RAM, 500 GB HDD With 4-8 Hour Battery Laptop Computer Windows 10 Pro -Black","UGX 750,000","UGX 1,500,000",50%
"DELL Latitude E5450/E7450 Core I5 8GB RAM 500GB HDD,6Months Warranty -Black Renewed","UGX 549,000","UGX 999,000",45%
"EliteBook 840, Core i5, 16GB Ram, 256GB SSD Plus Free Bag And Mouse - Renewed-6MONTHS WARRANTY - Black","UGX 739,000","UGX 999,000",26%
Renewed 3310 13.3-inch Intel Duo Core 4GB RAM 128GB SSD Win 10-3 Months Warranty - Grey/Black,"UGX 449,000","UGX 650,000",31%
" Refurbished Probook Touch Screen X360 Intel, 2-in-1 Convertable HD 11.6"" Screen Laptop 4GB RAM 128 GB SSD - Grey Grade A","UGX 500,000","UGX 955,000",48%
"Latitude 7490 i7  8th gen  ,8GB  Ram , 256GB SSD - Black ( 6MTHS WRTY)Renewed.","UGX 1,000,000","UGX 1,900,000",47%
"3000 Series Mini Laptop,Intel Duo Core,64GB SSD,4GB RAM,11.6""-Grey/Black,Refurbished","UGX 299,000","UGX 700,000",57%
"ProBook MT31 ,Intel Dual Core, 16GB RAM, 256GB SSD, 13.3"" Notebook,  Windows 10 Pro(Renewed) 6 MONTHS WARRANTY","UGX 599,000","UGX 970,000",38%
"Hp Elitebook 8460/8470p, Core i5, 14.1, 4GB RAM 500GB  -Silver - Refurbished","UGX 439,000","UGX 750,000",41%
"Thinkpad Yoga 11e Touchscreen 11.6"" 4gb Ram 500GB- Black","UGX 454,900","UGX 890,000",49%
Refurbished Elitebook 640 i7 8GB RAM 500GB HDD Storage – Black,"UGX 599,000","UGX 1,350,000",56%
"Latitude 5440 Core i5 8GB RAM 500GB HDD,Windows 10 - Black(6 Months warranty)","UGX 499,000","UGX 1,099,980",55%
Refurbished Latitude 11'' Inch 3180/3190 128GB SSD/4GB RAM -Dark Grey/ Black (Grade A),"UGX 400,000","UGX 950,000",58%
"Refurbished 840 G5 Touch Screen, Core i5 8th Gen, 16GB RAM, 256GB SSD - Silver","UGX 1,250,000","UGX 5,000,000",75%
 Latitude 11'' Inch 3189 / 3190 Touch X360 256GB SSD/4GB RAM -Dark Grey,"UGX 630,000","UGX 980,000",36%
"Referburished Thinkpad X270/X260 Laptop, Intel Core I7,  8GB RAM, 256GB SSD- BLACK( 6MTHS WRTY)","UGX 667,878","UGX 1,390,000",52%
"Lenovo Thinkpad Flip Touchscreen 11.6"",Intel Celeron/Pentium,4GB Black,128GB SSD, Renewed","UGX 399,000","UGX 700,000",43%
"100e 2nd Gen 11.6"" 4GB RAM,128GB SSD,Rugged & Spill Resistant Mini Laptop Plus Free Pouche,Black,Refurbished. ","UGX 329,000","UGX 599,000",45%
"Refurbished Elitebook 840 G5/G6 14"" Core I5 , 8GB DDR4 Ram, 256GB SSD – Silver","UGX 970,000","UGX 1,900,000",49%
"100e 2nd Gen 11.6"" 4GB RAM,128GB SSD,Rugged & Spill Resistant Mini Laptop Plus Free Mouse,Black,Refurbished. ","UGX 335,000","UGX 599,000",44%
"11.6"",Intel Celeron 128 GB SSD,4GB Black Plus Free Mouse, Refurbished.","UGX 355,000","UGX 938,000",62%
Renewed Probook 640 I5 8GB RAM 500GB HDD + Bag & Mouse Refurbished - Black,"UGX 564,400","UGX 1,200,000",53%
"DELL Latitude 3340 13.3 Inch Laptop, Intel Core I5, 500GB HDD Storage , 8GB RAM (Renewed) Plus free Bag - Grey","UGX 540,000","UGX 1,500,000",64%
"EliteBook 840 G5 16GB Ram, 512GB SSD 14 Inch Screen, Core I5 8th Gen - Renewed - Silver","UGX 1,399,000","UGX 1,500,000",7%
"DELL Referburished Latitude 3150 Laptop  ,8GB Ram ,500GB HDD +MOUSE-Grey","UGX 459,000","UGX 850,000",46%
"EliteBook 850 G1 Intel Core I7 15"" Inch , 8GB RAM 500 GB HDD Win10, 6 Months WRTY Refurbished Black","UGX 600,000","UGX 850,000",29%
 Refurbished Thinkpad X270 Intel Core I7 8GB/256GB SDD 13 Inch - Black (6MTHS WRTY),"UGX 650,000","UGX 1,500,000",57%
Microsoft Surface Go 2 - 10.5 Inch Touch-Screen - Intel Pentium Gold- 4GB Ram 64GB SSD Renewed,"UGX 599,000","UGX 1,500,000",60%
"Elite X2  G3/G4 8th Gen Detachable,2-IN-1,Core i7,16GB RAM,256GB SSD, Refurbished-Gray (6MTHS WRTY)","UGX 1,690,000","UGX 2,500,000",32%
"Hp EliteBook 820 g2/g1 Business Laptop, Intel Core i5, 8GB  RAM, 500GB HDD, 12.5 inch Display, Windows 10 Pro (Renewed)-Black","UGX 550,000","UGX 950,000",42%
Refurbished thinkpad  11E 4gbRAM 500gb HDD - Black,"UGX 459,000","UGX 850,014",46%
" ThinkPad Yoga  12.5-inch ,Core i5, 8GB RAM, 256GB SSD,  Touch Screen, -Black (Renewed)","UGX 780,000","UGX 1,500,000",48%
"ThinkPad  Intel core i5, 8GB Fast RAM, 256GB SSD 12.5"" FHD 1920x1080 LCD-Renewed Grade A","UGX 790,900","UGX 1,390,000",43%
"Refurbished Yoga Touch screen 256GB SSD,Intel Core i5, 8GBRAM - Black","UGX 850,000","UGX 1,000,000",15%
"Refurbished ThinkPad T490S/T480S 14""Core i5-8th Gen 8GB RAM 256GB SSD M.2-NVMe-Black (Grade A)","UGX 970,000","UGX 1,400,000",31%
"Refurbished Lenovo Touch screen , Core i5 8GBRAM, 512GB SSD - Black","UGX 890,000","UGX 1,100,000",19%
"Thinkpad T470s/T460s 14 Inch Core i5 ,8GB Ram, 512GB SSD, Windows 11 - Black-Refurbished (6MTHS WRTY)","UGX 889,000","UGX 1,500,000",41%
Hp Probook G1 Touch Screen X360 Intel 4GB RAM 128GB SSD 11.6 (Refurbished) Grade A,"UGX 484,600","UGX 790,000",39%
" Latitude Laptop, 8GB Ram 500GB HDD, Plus Bag And Mouse Refurbished - DarkGray","UGX 480,000","UGX 1,300,000",63%
"EliteBook 840 G5/G6 Core I5 8th Gen 8GB Ram, 256GB SSD 14 Inch Screen, ,Windows 11 - Refurbished - Silver","UGX 1,099,000","UGX 1,350,000",19%
" Refurbished  Mini Laptop 4GB RAM 128GB SSD 11.6"" Plus Pouche and Mouse-Black","UGX 345,000","UGX 550,000",37%
"Hp Spectre x360 13.3 Convertable Touch Screen Laptop Intel Core i7 RAM 8GB 256 ssd 10th Gen ,Touch Screen ","UGX 3,200,000","UGX 5,000,000",36%
"DELL Latitude Mini Laptop,Intel Duo Core,64GB SSD,4GB RAM,11.6""-Gey/Black,Renewed","UGX 299,000","UGX 6,590,000",95%
"Thinkpad Refurbished 11e Mini,11.6"" Screen,4GB RAM, 128GB SSD - Black","UGX 340,000","UGX 600,000",43%
" Refurbished ThinkPad T470s/ T460s 14 Inch, Core i5 ,8GB Ram, 256GB SSD, Windows 11 - Black (6MTHS WRTY) Grade A","UGX 699,000","UGX 1,400,000",50%
"DELL Renewed Latitude 5440 Core i5 8GB RAM 500GB HDD,14"",Windows 10 - Black","UGX 499,000","UGX 750,000",33%
"UK Refurbished Intel Core I5 Complete Set, 4GB RAM, 500GB Hard Drive","UGX 435,000","UGX 1,000,000",57%
"Hp EliteBook 820 12.5"" - Core i7 ,8GB RAM 500GB-Black","UGX 650,000","UGX 900,000",28%
"Refurbished EliteBook 840 14 Inch Core i5, 16GB Ram, 500GB HDD - Black","UGX 659,000","UGX 1,100,000",40%
"Elitebook 8460/8470p, Core i5, 14.1, 8GB RAM 500GB  -Silver - Refurbished","UGX 449,000","UGX 760,000",41%
"Dell Latitude E7470 Intel Core I5,8GB RAM,256GB SSD,14"",Bag,Mouse -Silver ","UGX 739,000","UGX 1,300,000",43%
"Latitude 7270/5270, 12.5"" HD, Intel Core i5, 8GB RAM, 256GB SSD, Refurbished - Black (6MTHS WRTY)","UGX 599,000","UGX 999,000",40%
"Hp Renewed EliteBook 1040 G8 / 1030 X360 Core i7, 16GB Ram, 512GB SSD 11th Gen Touchscreen 14 Inch - Silver","UGX 2,200,000","UGX 3,500,000",37%
"Latitude  E7270/E5270, Intel Core i5,6th Generation  8GB, 256GB SSD,12.5""Screen, Refurbished - Black (6MTHS WRTY)","UGX 599,000","UGX 999,000",40%
Renewed Probook 640 I5 8GB RAM 500GB HDD + Bag & Mouse Refurbished - Black,"UGX 564,400","UGX 1,200,000",53%
"DELL Latitude 3340 13.3 Inch Laptop, Intel Core I5, 500GB HDD Storage , 8GB RAM (Renewed) Plus free Bag - Grey","UGX 540,000","UGX 1,500,000",64%
"EliteBook 840 G5 16GB Ram, 512GB SSD 14 Inch Screen, Core I5 8th Gen - Renewed - Silver","UGX 1,399,000","UGX 1,500,000",7%
"DELL Referburished Latitude 3150 Laptop  ,8GB Ram ,500GB HDD +MOUSE-Grey","UGX 459,000","UGX 850,000",46%
"EliteBook 850 G1 Intel Core I7 15"" Inch , 8GB RAM 500 GB HDD Win10, 6 Months WRTY Refurbished Black","UGX 600,000","UGX 850,000",29%
 Refurbished Thinkpad X270 Intel Core I7 8GB/256GB SDD 13 Inch - Black (6MTHS WRTY),"UGX 650,000","UGX 1,500,000",57%
Microsoft Surface Go 2 - 10.5 Inch Touch-Screen - Intel Pentium Gold- 4GB Ram 64GB SSD Renewed,"UGX 599,000","UGX 1,500,000",60%
"Elite X2  G3/G4 8th Gen Detachable,2-IN-1,Core i7,16GB RAM,256GB SSD, Refurbished-Gray (6MTHS WRTY)","UGX 1,690,000","UGX 2,500,000",32%
"Hp EliteBook 820 g2/g1 Business Laptop, Intel Core i5, 8GB  RAM, 500GB HDD, 12.5 inch Display, Windows 10 Pro (Renewed)-Black","UGX 550,000","UGX 950,000",42%
Refurbished thinkpad  11E 4gbRAM 500gb HDD - Black,"UGX 459,000","UGX 850,014",46%
" ThinkPad Yoga  12.5-inch ,Core i5, 8GB RAM, 256GB SSD,  Touch Screen, -Black (Renewed)","UGX 780,000","UGX 1,500,000",48%
"ThinkPad  Intel core i5, 8GB Fast RAM, 256GB SSD 12.5"" FHD 1920x1080 LCD-Renewed Grade A","UGX 790,900","UGX 1,390,000",43%
"Refurbished Yoga Touch screen 256GB SSD,Intel Core i5, 8GBRAM - Black","UGX 850,000","UGX 1,000,000",15%
"Refurbished ThinkPad T490S/T480S 14""Core i5-8th Gen 8GB RAM 256GB SSD M.2-NVMe-Black (Grade A)","UGX 970,000","UGX 1,400,000",31%
"Refurbished Lenovo Touch screen , Core i5 8GBRAM, 512GB SSD - Black","UGX 890,000","UGX 1,100,000",19%
"Thinkpad T470s/T460s 14 Inch Core i5 ,8GB Ram, 512GB SSD, Windows 11 - Black-Refurbished (6MTHS WRTY)","UGX 889,000","UGX 1,500,000",41%
Hp Probook G1 Touch Screen X360 Intel 4GB RAM 128GB SSD 11.6 (Refurbished) Grade A,"UGX 484,600","UGX 790,000",39%
" Latitude Laptop, 8GB Ram 500GB HDD, Plus Bag And Mouse Refurbished - DarkGray","UGX 480,000","UGX 1,300,000",63%
"EliteBook 840 G5/G6 Core I5 8th Gen 8GB Ram, 256GB SSD 14 Inch Screen, ,Windows 11 - Refurbished - Silver","UGX 1,099,000","UGX 1,350,000",19%
" Refurbished  Mini Laptop 4GB RAM 128GB SSD 11.6"" Plus Pouche and Mouse-Black","UGX 345,000","UGX 550,000",37%
"Hp Spectre x360 13.3 Convertable Touch Screen Laptop Intel Core i7 RAM 8GB 256 ssd 10th Gen ,Touch Screen ","UGX 3,200,000","UGX 5,000,000",36%
"DELL Latitude Mini Laptop,Intel Duo Core,64GB SSD,4GB RAM,11.6""-Gey/Black,Renewed","UGX 299,000","UGX 6,590,000",95%
"Thinkpad Refurbished 11e Mini,11.6"" Screen,4GB RAM, 128GB SSD - Black","UGX 340,000","UGX 600,000",43%
" Refurbished ThinkPad T470s/ T460s 14 Inch, Core i5 ,8GB Ram, 256GB SSD, Windows 11 - Black (6MTHS WRTY) Grade A","UGX 699,000","UGX 1,400,000",50%
"DELL Renewed Latitude 5440 Core i5 8GB RAM 500GB HDD,14"",Windows 10 - Black","UGX 499,000","UGX 750,000",33%
"UK Refurbished Intel Core I5 Complete Set, 4GB RAM, 500GB Hard Drive","UGX 435,000","UGX 1,000,000",57%
"Hp EliteBook 820 12.5"" - Core i7 ,8GB RAM 500GB-Black","UGX 650,000","UGX 900,000",28%
"Refurbished EliteBook 840 14 Inch Core i5, 16GB Ram, 500GB HDD - Black","UGX 659,000","UGX 1,100,000",40%
"Elitebook 8460/8470p, Core i5, 14.1, 8GB RAM 500GB  -Silver - Refurbished","UGX 449,000","UGX 760,000",41%
"Dell Latitude E7470 Intel Core I5,8GB RAM,256GB SSD,14"",Bag,Mouse -Silver ","UGX 739,000","UGX 1,300,000",43%
"Latitude 7270/5270, 12.5"" HD, Intel Core i5, 8GB RAM, 256GB SSD, Refurbished - Black (6MTHS WRTY)","UGX 599,000","UGX 999,000",40%
"Hp Renewed EliteBook 1040 G8 / 1030 X360 Core i7, 16GB Ram, 512GB SSD 11th Gen Touchscreen 14 Inch - Silver","UGX 2,200,000","UGX 3,500,000",37%
"Latitude  E7270/E5270, Intel Core i5,6th Generation  8GB, 256GB SSD,12.5""Screen, Refurbished - Black (6MTHS WRTY)","UGX 599,000","UGX 999,000",40%
"Thinkpad 2 in 1(Tablet and Laptop) Touchscreen 11.6""Mini Laptop,Celeron,4GB,128GB SSD plus Free Bag- Black, Renewed","UGX 599,000","UGX 1,300,000",54%
EliteBook 830/840 G5/G6 Core I5 8th Gen 14inch Silver Color Grade A Refurbished,"UGX 1,100,000","UGX 2,360,000",53%
"Renewed  11""  8GB Ram , 500GB HDD ,Plus Bag-Black","UGX 517,000","UGX 1,500,000",66%
"DELL Intel Core i5-8th Gen 8GB RAM 256GB SSD 13-inch HD,Renewed – Black (6 MONTHS WARRANTY)","UGX 779,000","UGX 999,000",22%
"Latitude Laptop Intel 8GB Ram , 500GBHDD Plus Bag And Mouse- Grey (Refurbished)","UGX 479,000","UGX 800,000",40%
Refurbished MacBook Pro 13-Inch  (2011) Laptop Intel Core i5 8GB RAM 500GB HDD - Silver,"UGX 690,000","UGX 2,499,984",72%
DELL 3340 Intel Celeron/Pentium 8GB RAM 500GB HDD Free Flash Disk Toshiba - Refurshibed ,"UGX 439,000","UGX 900,000",51%
Hp EliteBook 840 / 830 G8 Core i7 16GB Ram 256GB SSD Storage 11th Generation Renewed - Silver,"UGX 1,940,000","UGX 3,900,000",50%
"Apple 2023 MacBook Pro M3 Chip 14.2"" MXE03LL/A  16GB Unified RAM 1TB SSD - Space Gray","UGX 7,920,000","UGX 8,920,000",11%
Lenovo Think pad Yoga 11e Touchscreen 11.6 Grade A,"UGX 479,990","UGX 950,000",49%
"Apple MacBook Pro M3 Pro 14.0"" Liquid Retina XDR Display 12‑core CPU, 18‑core GPU 18GB Unified Memory, 1TB SSD - Silver","UGX 7,500,000","UGX 13,000,000",42%
"DELL Student Mini Laptop,Duo Core,64GB SSD,4GB RAM,11.6""-Gey/Black,Renewed","UGX 299,000","UGX 609,000",51%
Refurbished Probook Touch Screen X360 Intel 4GB RAM 128GB SSD 11.6 - Grey (Grade A),"UGX 439,000","UGX 600,000",27%
Lenovo 100e 4th Gen 128GB Strorage (64SSD + 64 Memory Card)EMMC 4GB RAM WiFi - HDMI - Camera - Bluetooth Refurb (6 Months WRTY) Small & Slim.,"UGX 329,900","UGX 650,000",49%
"Lenovo V15 G2 IJL Laptop – 15.6 FHD, Intel Celeron N4500, 8GB RAM , 128SSD, Brand New with a Hp Deskjet 2320 Printer All-in-One .","UGX 1,070,000","UGX 1,500,000",29%
"EliteBook X360 1030 G3 Core i7 8GB 256GB SSD Touchscreen-Repacked/Renewed Notebook 13.3""-Silver","UGX 1,480,000","UGX 1,900,000",22%
"Latitude Intel 11"" Laptop 8gb Ram, 500GB HDD, Plus MOUSE  And Bag-Grey Refurbished (6MTHS WRTY)","UGX 462,390","UGX 950,000",51%
"Elitebook 8460p, Core i5, 14.1, 4GB RAM 500GB  -Silver - Refurbished","UGX 429,000","UGX 690,000",38%
"Hp Elite Book 840 G2, Intel Core i5,8GB Ram, 500GB Hdd - Silver & Black  Grade A","UGX 690,000","UGX 1,400,000",51%
"DELL Student Laptop,Intel Pentium/Celeron,64GB SSD,4GB RAM,11.6""-Gey/Black,Renewed","UGX 299,000","UGX 600,000",50%
"100e 2nd Gen 11.6"" 4GB RAM,128GB SSD,Rugged & Spill Resistant Mini Laptop,Black,Refurbished. ","UGX 329,000","UGX 589,000",44%
"Hp Victus 15 Gaming Laptop, 15.6 Inch FHD 144Hz Display, Intel Core i5-13420H 13th Gen, 8GB RAM, 512GB SSD, Nvidia RTX 3050 6GB Graphics Card, English Keyboard, Windows 11 Home, Mica Silver","UGX 3,500,000",,
"Refurbished Latitude 7490 i5 , 8th Gen 8GB Ram ,512GB SSD Windows 11 - Black(6 MTHS WRTY)","UGX 999,000","UGX 1,950,000",49%
DELL Latitude 7390 core i5-8th gen 16GB ram 256GB SSD 13 inches screen size plus FREE Mouse -Black,"UGX 1,119,000","UGX 1,980,000",43%
"Certified Refurbished 14"" EliteBook 840 Core i5, 8GB RAM, 500GB HDD (Grade A) Plus free Bag- Black/Silver","UGX 675,000","UGX 1,300,000",48%
"Elitebook  1030 G2/G3,X360 Touch Screen,Intel core I5 8GB RAM 256GB SSD,13""-Silver,Renewed","UGX 1,399,000","UGX 1,999,000",30%
DELL Touch Screen Laptop X360 Intel / Pentium 4GB RAM 128GB Ssd - Renewed,"UGX 499,000","UGX 890,000",44%
Refurbished Probook G1 Touch Screen X360 Intel 4GB RAM 128GB SSD 11.6 - Grey,"UGX 445,000","UGX 870,000",49%
"DELL Student Laptop,Intel Duo Core,64GB SSD,4GB RAM,11.6""-Gey/Black,Renewed","UGX 299,000","UGX 600,000",50%
"Renewed 12.5"" EliteBook 820,Core i7  8GB Ram,500GB HDD- Black","UGX 669,900","UGX 1,400,000",52%
"ProBook 640 Core i7, 8GB RAM 256GB SSD (Refurbished) Black","UGX 699,000","UGX 1,200,000",42%
"EliteBook 840, Core i5, 16GB Ram, 1000GB / 1TB Hdd Plus - Refurbished - Black","UGX 765,000","UGX 1,400,000",45%
"Lenovo LOQ Gaming Laptop, 15.6 Inch FHD IPS 144Hz Display, Intel Core i7-13650HX 13th Gen, 16GB RAM, 512GB SSD, Nvidia RTX 5060 8GB Graphics Card, Windows 11, Luna Grey","UGX 5,400,000",,
Latitude 11'' Inch 3180/3190 4GB RAM 128GB SSD Refurbished- Grey/Black Grade A,"UGX 450,000","UGX 1,100,000",59%
"DELL  Latitude 3310 Intel Duo Core 4GB RAM 128GB SSD,13-inch ,Win 10-3 Months Warranty,Renewed- Grey/Black","UGX 449,000","UGX 670,000",33%
840 14 Inches 12GB RAM 1000GB/ 1TB HDD - Black,"UGX 820,000","UGX 1,200,000",32%
"Hp EliteBook 840 G8  Laptop Intel Core i7 11th Gen, 16GB RAM,512GB SSD, 14.0-Inch FHD Display Win 11 Pro Renewed- Silver","UGX 1,850,000 - UGX 1,900,000","UGX 2,900,000 - UGX 3,800,000",50%
"DELL Renewed Latitude E5450/E7450 Core i5 16GB RAM 500GB HDD,6Months Warranty -Black ","UGX 629,000","UGX 1,099,000",43%
Refurbished Probook Touch Screen X360 Intel 4GB RAM 128GB SSD 11.6 - Grey,"UGX 490,000","UGX 800,000",39%
Latitude 3310 13.3-inch 4GB RAM 128GB SSD Win 10 (Refurbished) - Grey/Black-3 Months Warranty.,"UGX 350,000","UGX 590,000",41%
"Lenovo ThinkPad 13.3  Core I5, 8GB RAM, 256GB SSD,  Plus Bag -Black(6MTHS WRTY)","UGX 779,330","UGX 1,650,000",53%
Refurbished Latitude  8gb Ram 500gb HDD Intel Plus Mouse & Bag - Grey,"UGX 464,450","UGX 1,300,000",64%
"Refurbished Acer Travel Mate 12"" 4GB Ram 128GB SSD - Black","UGX 359,000","UGX 950,009",62%
"Hp EliteBook 1030 G8 X360 Core i7, 16GB Ram, 512GB SSD 11th Gen Touchscreen 13.3 Inches-Renewed - Silver","UGX 2,200,000","UGX 3,500,000",37%
" 2019 Apple MacBook Pro Touch Bar 15 Inch Core i9 , 16GB RAM, 512GB SSD) Refurbished","UGX 2,500,000","UGX 3,000,000",17%
MacBook Pro Retina (2014) Core I5 4 GB Ram 256 SSD UK Refurbished - Silver,"UGX 850,000","UGX 3,000,000",72%
"DELL Latitude 3189,Intel Pentium,4GB RAM,256GB SSD,11"" Touch Screen With 6hour Battery -Grey","UGX 650,000","UGX 800,000",19%
"DELL  Latitude 3310 Intel Duo Core 4GB RAM 128GB SSD,13-inch ,Win 10-3 Months Warranty,Renewed- Grey/Black","UGX 449,000","UGX 670,000",33%
840 14 Inches 12GB RAM 1000GB/ 1TB HDD - Black,"UGX 820,000","UGX 1,200,000",32%
"Hp EliteBook 840 G8  Laptop Intel Core i7 11th Gen, 16GB RAM,512GB SSD, 14.0-Inch FHD Display Win 11 Pro Renewed- Silver","UGX 1,850,000 - UGX 1,900,000","UGX 2,900,000 - UGX 3,800,000",50%
"DELL Renewed Latitude E5450/E7450 Core i5 16GB RAM 500GB HDD,6Months Warranty -Black ","UGX 629,000","UGX 1,099,000",43%
Refurbished Probook Touch Screen X360 Intel 4GB RAM 128GB SSD 11.6 - Grey,"UGX 490,000","UGX 800,000",39%
Latitude 3310 13.3-inch 4GB RAM 128GB SSD Win 10 (Refurbished) - Grey/Black-3 Months Warranty.,"UGX 350,000","UGX 590,000",41%
"Lenovo ThinkPad 13.3  Core I5, 8GB RAM, 256GB SSD,  Plus Bag -Black(6MTHS WRTY)","UGX 779,330","UGX 1,650,000",53%
Refurbished Latitude  8gb Ram 500gb HDD Intel Plus Mouse & Bag - Grey,"UGX 464,450","UGX 1,300,000",64%
"Refurbished Acer Travel Mate 12"" 4GB Ram 128GB SSD - Black","UGX 359,000","UGX 950,009",62%
"Hp EliteBook 1030 G8 X360 Core i7, 16GB Ram, 512GB SSD 11th Gen Touchscreen 13.3 Inches-Renewed - Silver","UGX 2,200,000","UGX 3,500,000",37%
" 2019 Apple MacBook Pro Touch Bar 15 Inch Core i9 , 16GB RAM, 512GB SSD) Refurbished","UGX 2,500,000","UGX 3,000,000",17%
MacBook Pro Retina (2014) Core I5 4 GB Ram 256 SSD UK Refurbished - Silver,"UGX 850,000","UGX 3,000,000",72%
"DELL Latitude 3189,Intel Pentium,4GB RAM,256GB SSD,11"" Touch Screen With 6hour Battery -Grey","UGX 650,000","UGX 800,000",19%
DELL Renewed Latitude 7390 Core i5 8GB RAM 256GB SSD 13 inches Full HD - Black,"UGX 850,000","UGX 950,000",11%
"840 G5 14"" Core I5 8th Gen 8GB RAM 512GB SSD - Silver(6MONTH WARRANT)","UGX 1,990,000","UGX 2,800,000",29%
Elite X2 Core I5 12.5 Inch 7th Gen 8GB RAM 256SSD  Detachable Touchscreen Laptop (Renewed)  Silver,"UGX 1,250,000","UGX 1,960,000",36%
640 Intel Core I5 8GB RAM 500GB HDD Refurbished (6 MNTHS WRNTY) - Black,"UGX 530,000","UGX 1,000,000",47%
MacBook pro 14 inch 2020 M1 touch bar 8Bb Ram 512 SSD Refurbished,"UGX 2,800,000","UGX 3,500,000",20%
"Elite Book 840 Work place and business  Laptop Core I5,16GB Ram DDR3 1600MHZ Speed ,500GB HDD Storage , 4-8 hour battery  - Black,Grey-Renewed","UGX 620,000","UGX 1,200,000",48%
Lenovo 100e 4th Gen 64GB SSD (64GB eMMC) 4GB RAM WiFi - HDMI - Camera - Bluetooth Refurb (6 Months WRTY). (With a Mouse),"UGX 309,000","UGX 450,000",31%
"Latitude 3000 series Mini Laptop,Intel Duo Core,4GB RAM,64GB SSD,11.6 Inch-Grey/Black,Refurbished","UGX 299,000","UGX 600,000",50%
"Refurbished Slim Elitebook 840 14 Inch 16GB RAM, 1TB HDD - Black (6MTHS WRTY)","UGX 789,000","UGX 1,500,000",47%
"100E Intel 2ND Gen Mini Laptop, 11.6"" HD Display, Processor, 4GB Ram, 128GB SSD Refurblished A-grade Black color","UGX 400,000","UGX 500,000",20%
"Hp Renewed EliteBook 1040 G8 X360 Core i7, 16GB Ram, 256GB SSD 11th Gen Touchscreen 14 Inch - Silver","UGX 1,950,000","UGX 3,300,000",41%
Lenovo ThinkPad X280 Core i5 8250U 8GB 256GB SSD - Black,"UGX 700,000","UGX 1,000,000",30%
"Renewed Elitebook 840 G5/G6 Intel Core I5 8th Gen, 16GB Ram, 512GB SSD ,14""Windows 11(6 MONTHS WARRANT)- Silver","UGX 1,399,000","UGX 1,590,000",12%
"Renewed Probook 640 G2 I5 6th Gen,8GB RAM 256GB SSD ,Windows 10 PRO(Grade A) - Black (6MTHS WRTY)","UGX 645,000","UGX 870,000",26%
"Macbook Pro 15-Inch 2019 i9 8-Core, 32GB RAM, 500 SSD, Graphics: Radeon 4GB","UGX 2,400,000",,
"Latitude 7490 i7  8th gen  ,8GB  Ram , 256GB SSD - Black ( 6MTHS WRTY)Renewed.","UGX 909,000","UGX 1,900,000",52%
Hp Elitebook 830 G5 / G6 Core I5 8th Gen 8GB RAM 512GB SSD 13.3 Inch Laptop Windows 11 Renewed Grade A - Silver,"UGX 1,050,000","UGX 1,900,000",45%
" Refurbished EliteBook 820 (12.5-inch,Core I7, 8GB RAM,1TB , PLUS FREE MOUSE PAD, MOUSE & BAG -Black (6MTHS WRTY)","UGX 750,000","UGX 950,000",21%
DELL Latitude 3189/3190 x360 2in1  touchscreen Pentium/celeron/intel processor 4GB ram 128GB SSD Slim portable laptop with FREE mouse ,"UGX 476,000","UGX 1,000,000",52%
"DELL Latitude 3340 13.3 Inch Laptop, Intel Core I5, 500GB HDD Storage , 8GB RAM (Renewed) - Grey Grade A","UGX 525,000","UGX 1,000,000",48%
"Refurbished ThinkPad T470s/T460s/460S , Thin, Light Business Laptop , i5 , 8GB DDR4 RAM, 256GB SSD,14.0 inch -Black( 6 MTHS WRTY)","UGX 719,880","UGX 1,450,000",50%
"Latitude Intel Core i3-8th Gen, 128GB NVMe SSD, 4GB DDR4, 13.3"", Grey,Refurbished(3 Months Warranty)","UGX 498,000","UGX 790,000",37%
"Refurbrished ThinkPad X1 Carbon 10th Gen Intel Core i7 - 14"" 16GB RAM 512GB SSD Touch Screen  - Black","UGX 2,500,000",,
"EliteBook X360 1030 G3 Core i7 8GB 512GB SSD Touchscreen-Repacked/Renewed Notebook 13.3""-Silver","UGX 1,496,000","UGX 2,300,000",35%
"840 G1 Core i5 8GB RAM, 256SSD - Black, Silver. (Refurbished).","UGX 730,000","UGX 750,000",3%
"Thinkpad Refurbished T420/T430/T440 I5,500GB HDD,8GB Ram-Black","UGX 490,000","UGX 1,100,000",55%
"ThinkPad T470s/T460s 14 Inch, Core i5 ,8GB Ram, 256GB SSD, Windows 10 - Black (6MTHS WRTY) Refurbished","UGX 697,700","UGX 1,500,000",53%
"Apple 2023 MacBook Pro M3 Chip 14.2""   18GB Unified RAM 512GB SSD - Space Gray","UGX 7,880,000","UGX 8,880,000",11%
"ThinkPad X1 Carbon 8th Gen Intel Core i7 14 Inch Slim Laptop, 16GB RAM 512GB SSD (Renewed) -Black (Grade A)","UGX 1,700,000","UGX 2,000,000",15%
Hp Pavilion x360 14  Intel Core i7 13th Gen  16GB DDR4 RAM  512GB SSD  14” FHD Touchscreen  2-in-1 Convertible Laptop,"UGX 3,339,000","UGX 4,000,000",17%
"100e 2nd Gen 11.6"" Rugged & Spill Resistant Mini Laptop Plus Free Pouche,Black,Renewed","UGX 349,000","UGX 579,000",40%
"Latitude Touchscreen  13.3 Inch  Core I5, 8GB RAM, 500GB HDD,- Refurbished","UGX 800,000",,
"Elitebook 830 G5  Core I5 8th Gen,16GB RAM,256GB SSD, 13.3 Inch Laptop ,Windows 10,Renewed Grade A - Silver","UGX 1,299,000","UGX 1,450,000",10%
"Refurbrished Elitebook 820 G3, 12.5 Inch,Core i5 6th Gen, 8GBRAM ,512GB SSD-Silver","UGX 828,450","UGX 1,250,000",34%
"Hp Probook 430 G5/G6, Intel Core i5 8th Generation, 8GB RAM, 256 GB SSD 14 Inches HD Display-Renewed-Silver","UGX 799,000","UGX 1,290,000",38%
"Mini Laptop,Intel Pentium/Celeron,4GB RAM,64GB SSD,Windows 11 Pro,-Grey/Black,Renewed","UGX 299,000","UGX 599,000",50%
"Renewed EliteBook 820 12.5'' Core I5, 16GB Ram,1TB HDD , plus bag and mouse - Black","UGX 800,000","UGX 900,000",11%
Apple MacBook Pro Retina 2015 – 13-Inch Core i5 16GB RAM 256GB SSD Grade A ,"UGX 850,000","UGX 1,200,000",29%
"Latitude 3120 Mini Laptop, Intel Pentium, 4GB Ram, 128GB SSD, 11.6”, Refurbished-Grey(3 Months Warranty)","UGX 389,000","UGX 670,000",42%
"Lenovo IdeaPad 3  4GB RAM 1TB HDD 15.6"" Win 10 - Silver","UGX 950,000","UGX 1,099,980",14%
"Lenovo Thinkpad  Renewed Student  4GB RAM 128GB SSD 11.6""Mini Laptop, Plus Pouche and Mouse-Black","UGX 345,000","UGX 650,000",47%
"RefurbishedThinkPad Yoga, 12.5-inch, Core i5, 8GB RAM, 512GB SSD, Touch Screen , Plus Bag -Black ","UGX 835,000","UGX 1,650,000",49%
Refurbished Latitude 7420 Laptop Core i5 16GB Ram  11th Generation 256GB SSD -Black/Grey,"UGX 1,300,000","UGX 1,800,000",28%
"Latitude 11.6 Inch 3189 / 3190 Touch screen ,128GB SSD ,4GB RAM + Mouse-Dark Grey","UGX 679,000","UGX 750,000",9%
"Elitebook 840 G5/G6 Intel Core I7 8th Gen, 16GB Ram, 512GB SSD ,14"" Refurbished (6 MONTHS WARRANT)- Silver","UGX 1,299,000","UGX 1,750,000",26%
"Latitude 13.3 Inches Business Laptop,8GB RAM,128 GB SSD Storage Windows 11 Pro-Renewed","UGX 549,000","UGX 790,000",31%
Lenovo 100e 4th Gen 64GB SSD EMMC(64GB) 4GB RAM WiFi - HDMI - Camera - Bluetooth Refurb (6 Months WRTY) Small .,"UGX 319,000","UGX 450,000",29%
 Renewed Elitebook 840/830 G5 Core I5 8th Gen 8GB RAM 512GB SSD - Silver (6MTHS WRTY),"UGX 1,274,078","UGX 1,900,000",33%
Apple  MW123HN/A Macbook Air M4 Chip 13.6″ 16GB RAM 256GB ROM - Midnight,"UGX 4,900,000","UGX 5,900,000",17%
Refurbished Probook Touch Screen X360 Intel 4GB RAM 128GB SSD 11.6 Plus Free Bag-(Grade A),"UGX 480,000","UGX 650,000",26%
" Refurbished Latitude 3189/3190 2-in-1 Touchscreen Convertible Laptop, intel Processor, 4GB RAM, 512GB SSD, + Mouse -Dark Grey","UGX 599,000","UGX 1,100,000",46%
"Refurbished Lenovo Thinkpad , 11.6 Inch   4GBRAM, 500GB - Black","UGX 449,990","UGX 899,991",50%
"Refurbished ThinkPad 11e 4GBRAM 128GB HDD 11.6"" Laptop-Black (Grade A).","UGX 375,000","UGX 690,000",46%
"TravelMate Spin, TouchScreen x360, Intel Pentium Silver N5000,4GB RAM,128B SSD, 11"",Blck,Refurbished","UGX 459,000","UGX 760,000",40%
"Elitebook 840 G5/G6 14"" Touchscreen Core I7 8th Gen, 16GB Ram, 512GB SSD Refurbished (8 MONTHS WARRANT)- Silver","UGX 1,500,000","UGX 3,500,000",57%
"Ultrabook 11.6"",Intel Celeron 128 GB SSD,4GB Black Plus Free Backpack, Refurbished (4MTHS WRTY)","UGX 379,000","UGX 999,000",62%
Refurbished Probook 430G2 Core i5 8GB RAM 500GB HDD - Black,"UGX 685,000","UGX 2,499,984",73%
"Hp OMEN Gaming Laptop, 16 Inch 2K 144Hz FHD IPS Display, Intel Core Ultra 7 255H, 16GB RAM, 1TB SSD, Nvidia RTX 5060 8GB Graphics, English Keyboard, Windows 11 Home, Shadow Black","UGX 6,600,000",,
"13.3 inch ProBook MT31, Intel, Celeron ,12GB memory,256 GB SSD, Refurbished 6 MONTHS WARRANTY","UGX 599,000","UGX 879,000",32%
"Latitude 3189,Intel Pentium,4GB RAM,128GB SSD,11"" Touch Screen With 4-8 Hour Battery-Grey","UGX 660,000","UGX 850,000",22%
"13.3 Inches Business Laptop,8GB RAM,256 GB SSD Storage-Renewed","UGX 649,000","UGX 850,000",24%
Apple MacBook Pro Retina 2015 – 13-Inch Core i7 16GB RAM 256GB SSD Grade A ,"UGX 1,100,000","UGX 1,500,000",27%
" Refurbished Latitude 11'' Inch 3180/3190 ,256GB SSD/4GB RAM - Black","UGX 479,000","UGX 1,000,000",52%
"Hp  Probook Touch Screen 360 Intel, 2-in-1 Convertable HD Screen Laptop 4GB RAM 128GB","UGX 2,000,000",,
"ThinkPad Yoga 260 Intel core  i5 16GB Fast RAM  512GB SSD 12.5"" FHD 1920x1080 Touch LCD-UK Used ","UGX 1,300,000","UGX 1,900,000",32%
"DELL Latitude Intel Core i5-8th Gen 8GB RAM 256GB SSD 13-inch HD,Renewed – Black (6 MONTHS WARRANTY)","UGX 775,000","UGX 999,000",22%
"EliteBook 840, Core i5, 8GB Ram, 500GB Hdd- Refurbished - Black","UGX 580,000","UGX 1,150,000",50%
"Hp Probook 430 G5/G6, Intel Core i5 8th Generation, 8GB RAM, 256 GB SSD 14 Inches HD Display-Renewed-Silver","UGX 799,000","UGX 1,290,000",38%
"Mini Laptop,Intel Pentium/Celeron,4GB RAM,64GB SSD,Windows 11 Pro,-Grey/Black,Renewed","UGX 299,000","UGX 599,000",50%
"Renewed EliteBook 820 12.5'' Core I5, 16GB Ram,1TB HDD , plus bag and mouse - Black","UGX 800,000","UGX 900,000",11%
Apple MacBook Pro Retina 2015 – 13-Inch Core i5 16GB RAM 256GB SSD Grade A ,"UGX 850,000","UGX 1,200,000",29%
"Latitude 3120 Mini Laptop, Intel Pentium, 4GB Ram, 128GB SSD, 11.6”, Refurbished-Grey(3 Months Warranty)","UGX 389,000","UGX 670,000",42%
"Lenovo IdeaPad 3  4GB RAM 1TB HDD 15.6"" Win 10 - Silver","UGX 950,000","UGX 1,099,980",14%
"Lenovo Thinkpad  Renewed Student  4GB RAM 128GB SSD 11.6""Mini Laptop, Plus Pouche and Mouse-Black","UGX 345,000","UGX 650,000",47%
"RefurbishedThinkPad Yoga, 12.5-inch, Core i5, 8GB RAM, 512GB SSD, Touch Screen , Plus Bag -Black ","UGX 835,000","UGX 1,650,000",49%
Refurbished Latitude 7420 Laptop Core i5 16GB Ram  11th Generation 256GB SSD -Black/Grey,"UGX 1,300,000","UGX 1,800,000",28%
"Latitude 11.6 Inch 3189 / 3190 Touch screen ,128GB SSD ,4GB RAM + Mouse-Dark Grey","UGX 679,000","UGX 750,000",9%
"Elitebook 840 G5/G6 Intel Core I7 8th Gen, 16GB Ram, 512GB SSD ,14"" Refurbished (6 MONTHS WARRANT)- Silver","UGX 1,299,000","UGX 1,750,000",26%
"Latitude 13.3 Inches Business Laptop,8GB RAM,128 GB SSD Storage Windows 11 Pro-Renewed","UGX 549,000","UGX 790,000",31%
Lenovo 100e 4th Gen 64GB SSD EMMC(64GB) 4GB RAM WiFi - HDMI - Camera - Bluetooth Refurb (6 Months WRTY) Small .,"UGX 319,000","UGX 450,000",29%
 Renewed Elitebook 840/830 G5 Core I5 8th Gen 8GB RAM 512GB SSD - Silver (6MTHS WRTY),"UGX 1,274,078","UGX 1,900,000",33%
Apple  MW123HN/A Macbook Air M4 Chip 13.6″ 16GB RAM 256GB ROM - Midnight,"UGX 4,900,000","UGX 5,900,000",17%
Refurbished Probook Touch Screen X360 Intel 4GB RAM 128GB SSD 11.6 Plus Free Bag-(Grade A),"UGX 480,000","UGX 650,000",26%
" Refurbished Latitude 3189/3190 2-in-1 Touchscreen Convertible Laptop, intel Processor, 4GB RAM, 512GB SSD, + Mouse -Dark Grey","UGX 599,000","UGX 1,100,000",46%
"Refurbished Lenovo Thinkpad , 11.6 Inch   4GBRAM, 500GB - Black","UGX 449,990","UGX 899,991",50%
"Refurbished ThinkPad 11e 4GBRAM 128GB HDD 11.6"" Laptop-Black (Grade A).","UGX 375,000","UGX 690,000",46%
"TravelMate Spin, TouchScreen x360, Intel Pentium Silver N5000,4GB RAM,128B SSD, 11"",Blck,Refurbished","UGX 459,000","UGX 760,000",40%
"Elitebook 840 G5/G6 14"" Touchscreen Core I7 8th Gen, 16GB Ram, 512GB SSD Refurbished (8 MONTHS WARRANT)- Silver","UGX 1,500,000","UGX 3,500,000",57%
"Ultrabook 11.6"",Intel Celeron 128 GB SSD,4GB Black Plus Free Backpack, Refurbished (4MTHS WRTY)","UGX 379,000","UGX 999,000",62%
Refurbished Probook 430G2 Core i5 8GB RAM 500GB HDD - Black,"UGX 685,000","UGX 2,499,984",73%
"Hp OMEN Gaming Laptop, 16 Inch 2K 144Hz FHD IPS Display, Intel Core Ultra 7 255H, 16GB RAM, 1TB SSD, Nvidia RTX 5060 8GB Graphics, English Keyboard, Windows 11 Home, Shadow Black","UGX 6,600,000",,
"13.3 inch ProBook MT31, Intel, Celeron ,12GB memory,256 GB SSD, Refurbished 6 MONTHS WARRANTY","UGX 599,000","UGX 879,000",32%
"Latitude 3189,Intel Pentium,4GB RAM,128GB SSD,11"" Touch Screen With 4-8 Hour Battery-Grey","UGX 660,000","UGX 850,000",22%
"13.3 Inches Business Laptop,8GB RAM,256 GB SSD Storage-Renewed","UGX 649,000","UGX 850,000",24%
Apple MacBook Pro Retina 2015 – 13-Inch Core i7 16GB RAM 256GB SSD Grade A ,"UGX 1,100,000","UGX 1,500,000",27%
" Refurbished Latitude 11'' Inch 3180/3190 ,256GB SSD/4GB RAM - Black","UGX 479,000","UGX 1,000,000",52%
"Hp  Probook Touch Screen 360 Intel, 2-in-1 Convertable HD Screen Laptop 4GB RAM 128GB","UGX 2,000,000",,
"ThinkPad Yoga 260 Intel core  i5 16GB Fast RAM  512GB SSD 12.5"" FHD 1920x1080 Touch LCD-UK Used ","UGX 1,300,000","UGX 1,900,000",32%
"DELL Latitude Intel Core i5-8th Gen 8GB RAM 256GB SSD 13-inch HD,Renewed – Black (6 MONTHS WARRANTY)","UGX 775,000","UGX 999,000",22%
"EliteBook 840, Core i5, 8GB Ram, 500GB Hdd- Refurbished - Black","UGX 580,000","UGX 1,150,000",50%
 Hp probook 640 core i5 8GB RAM 500GB HDD GRADE A+ ( 6MONTHS WARRANTY) Plus Free mouse And Mouse Pad  - Black,"UGX 523,000","UGX 700,000",25%
"Lenovo Thinkpad X1 Yoga i5, 16gb ram, 512gb 8th Gen, Touch Screen- Refursh","UGX 2,000,000",,
"Refurbrished 14.0""  Thinkpad X1 Carbon Core i7/8Gen  16GB RAM 512GB ROM  - Black","UGX 1,200,000","UGX 1,500,000",20%
"EliteBook 840 G5 16GB Ram, 512GB SSD 14 Inch Screen, Core I5 8th Gen,Windows 11 - Renewed - Silver","UGX 1,399,000","UGX 1,550,000",10%
"Refurbished EliteBook 820  12.5"" - Core I7 ,8GB RAM 500GB-Black","UGX 659,000","UGX 1,800,000",63%
DELL 3180/3190 11.6 Inch 4GB RAM 128GB SSD Laptop & Free Mouse - Grade A,"UGX 399,000","UGX 680,000",41%
Hp Laptop 15.6 Core i3 Gen 11 4GB Ram1TB HDD Win11 Home - Black,"UGX 1,600,000","UGX 2,200,001",27%
"Lenovo ThinkPad X1 Carbon 8th Gen Intel Core i7 14 Inch Slim Laptop, 16GB RAM 512GB SSD (Renewed)","UGX 1,699,000",,
"Latitude 7280 Touch screen 12.5"" Core I7  6th Generation  8GB  512GB  Fast SSD Business Laptop  with battery of 4-8hours -Refurbished-Black","UGX 950,000","UGX 1,900,000",50%
"UK Used Refurbished Elite Book 840 Intel Core I5 4GB Ram, 500GB HDD- Dark Grey","UGX 696,000","UGX 1,200,000",42%
"Thinkpad Refurbished Yoga 11e, intel Celeron 500GB HDD,4GB Ram-Black","UGX 479,985","UGX 1,000,000",52%
"EliteBook 840 G5 Laptop i5-8th Gen 8GB DDR4 RAM, 256GB SSD – Silver(6MTHS WRTY)Refurbished","UGX 977,900","UGX 1,600,000",39%
"Renewed Latitude 7470 Business Laptop,  Core i5 16GB RAM, 512GB SSD, 14-Inch FHD Display, Windows 10 Pro, Black","UGX 830,000","UGX 1,500,000",45%
"X270 Core i5 2.3 GHz 8 GB RAM 256GB SSD 12.5"" HD IPS Windows 11-Refurbished","UGX 559,000","UGX 999,000",44%
840 14 Inches 12GB RAM 500GB HDD - Black,"UGX 750,000","UGX 1,400,000",46%
"Travelmate 12 Inch Laptop 4GB RAM 128GB SSD, Intel (Refurbished) - Black Grade A","UGX 360,000","UGX 850,000",58%
"100e 2nd Gen 11.6"" Rugged & Spill Resistant Mini Laptop Plus Free Pouche,Black,Refurbished. ","UGX 335,000","UGX 629,000",47%
"Latitude 5300 Business-Class notebook, Intel Core i5 8th Generation,8GB PC4 RAM,256 SSD,13.3” Refurbished, Black (6 Months Warranty)","UGX 749,000","UGX 1,090,000",31%
"Latitude E7470, Intel Core I5, 16GB RAM, 512 SSD, 14""Inch, Plus Bag And Mouse-Black (6MTHS WRTY)  Refurbished","UGX 849,000","UGX 1,390,000",39%
"3000 Series Student Mini Laptop,Intel Celeron,64GB SSD,4GB RAM,11.6""-Grey/Black,Refurbished","UGX 299,000","UGX 600,000",50%
"Lenovo Thinkpad Hybrid 2 in 1,Touchscreen,Intel 4GB Black,128GB SSD,11.6""Mini Laptop Refurbished","UGX 399,000","UGX 630,000",37%
" E7270/5270, 12.5""Screen, Intel Core i5,6th Generation, 8GB RAM, 256GB SSD, Refurbished - Black (6MTHS WRTY)","UGX 599,000","UGX 999,000",40%
Hp 15s AMD Ryzen 5 15.6 Inch 2.89GHz Processor Speed 8GB RAM 256GB SSD - Silver,"UGX 1,350,000","UGX 1,800,000",25%
"Refurbished Dell X360 3189,4GB RAM,128GB SSD11.6""-Black ,touch","UGX 550,000","UGX 1,400,004",61%
"100e 2nd Gen 11.6"" Rugged & Spill Resistant Mini Laptop Plus Mouse,Black,Refurbished. ","UGX 335,000","UGX 589,000",43%
"Refurbished Latitude 3120 Mini Laptop, Intel Pentium/celeron Processor, 4GB Ram, 128GB SSD,11.6” Windows 10-Grey (3 Months Warranty)","UGX 399,000","UGX 689,000",42%
"Refurbished MacBook Retina 2015 15 Inch Core I7 16 GB RAM, 512 GB SSD  – Refurbished","UGX 1,200,000","UGX 3,000,000",60%
"13.3 inch ProBook, Intel,16GB memory,256 GB SSD, Win10,MS Office 2019, Refurbished 6 MONTHS WARRANTY","UGX 599,000","UGX 999,000",40%
Latitude 3340/3350 Intel / Pentium 8GB RAM 500GB HDD Refurbished Grade A ,"UGX 489,000","UGX 1,290,000",62%
Microsoft surface Laptop 3  Core i7 10th Gen  32GB RAM  1TB SSD  Touch,"UGX 2,400,000",,
"Apple MacBook Air M2  13"" - MLXW3LL/A 8GB RAM 256GB ROM 8 Core GPU - Midnight","UGX 4,530,000","UGX 5,530,000",18%
Touchscreen  8GB Ram And 128GB Fast SSD 8Hrs Battery With Laptop Cover -Renewed-Dark Grey,"UGX 630,000","UGX 1,000,000",37%
" 7480 Core i7 7th Gen 8GB RAM 256GB SSD – 14"" touch screen (Refurbished)","UGX 1,000,000","UGX 1,500,000",33%
" Refurbished 14"" ThinkPad T440s/T440/T450 Core I5 8GB RAM 500GB HDD Plus Bag -Black","UGX 629,000","UGX 1,400,000",55%
"Thinkpad X270 Laptop, Intel Core i5, 16GB RAM, 512GB SSD, 12.5 inch Renewed (6 MONTHS WARRANTY)","UGX 999,000","UGX 1,800,000",45%
"Latitude 13.3 Inches Business Laptop,8GB RAM,128 GB SSD Storage-Refurbished","UGX 549,900","UGX 700,000",21%
Hp ZBOOK FIREFLY 14 G7 INTE CORE I7 10 TH CPU 16GB RAM 512GB 14 INCH DISPLAY TOUCHSCREEN RENEWED - GREY,"UGX 2,420,000",,
Lenovo Thinkpad X240 core i5 8gb ram 256gb SSD 4TH GEN,"UGX 750,000","UGX 2,000,000",63%
"Mini Refurbished Travel Mate B115 - 11.6"" Touch Screen Intel Celeron 4GB RAM 128GB SSD - Black","UGX 379,000","UGX 700,000",46%
"Latitude 13.3 Inches Business Laptop,8GB RAM,256 GB SSD,Windows 11 Pro-Renewed","UGX 649,000","UGX 850,000",24%
"Refurbished Latitude E5450/E7450 Core i5 8GB RAM 500GB HDD,6Months Warranty -Black","UGX 549,000","UGX 999,000",45%
Hp 840 Elitebook Intel Corei5 - 5000U+ / 8GB RAM / 500GB HDD - Black,"UGX 589,000","UGX 990,000",41%
"Refurbished Lenovo Thinkpad 11e 11.6"" Inch 4GB RAM 4hours 128GB SSD-Black","UGX 399,000","UGX 889,988",55%
"Refurbished  Thinkpad 11e yoga Touchscreen 11.6"",Intel Celeron 500 GB HDD,4GB ram Plus Free Bag- Black","UGX 499,870","UGX 1,100,000",55%
"Mid 2017 Apple MacBook Pro Touch Bar With 3.5GHz Intel Core I7 (13.3 Inches, 16GB RAM, 512GB SSD) Silver (Refurbished)","UGX 2,250,000","UGX 4,000,000",44%
"Apple 2023 MacBook Pro M3 Chip 14.2""   18GB Unified RAM 512GB SSD - Space Gray","UGX 7,880,000","UGX 8,880,000",11%
"Refurbished Latitude 3189/3190 2 in 1, 11.6"" Touch Screen Laptop, Intel  , 4GB RAM DDR4, 128GB SSD-Black","UGX 476,950","UGX 1,100,000",57%
" Latitude 3310 13.3-inch Intel Pentium/Celeron 8GB RAM 256GB SSD Win 10,Renewed-3 Months Warranty - Grey/Black","UGX 649,000","UGX 800,000",19%
"Acer Hybrid 2 in 1,X360,Touch Screen Mini Laptop,4GB RAM,64GB SSD and 64GB,11.6 Inch-Renewed","UGX 379,000","UGX 650,000",42%
"Refurbished Lenovo ThinkPad Yoga 11.6""Touch Screen,Intel Dual-Core,128GB SSD Drive, 4GB RAM Mini- Black","UGX 399,000","UGX 699,982",43%
"Hp Stream Probook  11'6 Mini Laptop,Intel, 4GB RAM,128GB Storage(64GB SSD PLUS 64GB SD card)  – Grey- Renewed","UGX 369,000","UGX 600,000",39%
"EliteBook X360 1030 G3 Core i5 8GB 256GB SSD Touchscreen-Repacked/Renewed Notebook 13.3""-Silver","UGX 1,300,000","UGX 1,900,000",32%
Hp EliteBook 830 / 840 G8 Core i5 16GB Ram 256GB SSD Storage 11th Generation 13.3 inches - Silver,"UGX 1,399,000","UGX 2,500,000",44%
Hp 14-FP0013DX OmniBook 5 Flip 2-in-1 14 FHD+ Touch Screen Intel Core 5 120U 8GB RAM 512 SSD - Gracier Silver Brand New Laptop Computer,"UGX 2,800,000","UGX 4,500,000",38%
REFURBISHED DELL Latitude 3340/3350 Core I5 8GB RAM 500GB HDD (6 Months Warranty) - Grey,"UGX 500,000","UGX 1,100,000",55%
"Refurbished ThinkPad  13.3-inch, Core i5, 8GB RAM, 512GB SSD,   Plus Bag -Black ","UGX 865,490","UGX 1,650,000",48%
Apple MacBook Pro 13 Inch 2020 - 2022 With M2 Chip (A2338) 8GB Ram Unifed Memory 512GB SSD,"UGX 6,500,000","UGX 7,500,000",13%
"Refurbished 12.5 Inch, EliteBook 820, Core i7 , 16GB Ram, 1TB Hard Disk, Windows 10 Pro - Black","UGX 804,996","UGX 1,500,000",46%
"DELL Refurbished Latitude E3340 13.3"" i5 8GB RAM 1TB ROM - Gray","UGX 850,000","UGX 950,009",11%
"Hp EliteBook 1030 G8 X360 Core i7, 16GB Ram, 256GB SSD 11th Gen Touchscreen 13.3 Inches-Renewed - Silver","UGX 2,100,000","UGX 3,300,000",36%
"Acer Travelmate ,Intel Celeron,4GB RAM,128GB SSD, 12""  Mini Laptop,Plus Free Mouse - Renewed","UGX 349,000","UGX 650,000",46%
DELL INSPIRON 15 3520 I7-1255U 16GB RAM 1TB SSD 15.6 NON TOUCH WIN 11 H,"UGX 3,760,400",,
"Referburished Thinkpad X270/X260 Laptop, Intel Core i5  , 8GB RAM, 256GB SSD- BLACK","UGX 630,000","UGX 800,000",21%
DELL Renewed Latitude 7390 Core i5-8th gen  Ram 8GB Storage 256GB SSD 13inches Full HD  -Black ,"UGX 993,000","UGX 1,850,000",46%
"Lenovo 14"" ThinkPad T470s With Free Bag & 32GB Flash Drive - Black","UGX 1,000,000","UGX 2,500,000",60%
"Refurbished Latitude  Intel Core i5 ,8GB RAM 256GB  SSD 14 ""inch- Black Grade A","UGX 690,000","UGX 990,000",30%
"Thinkpad Refurbished 11e Mini Laptop,8GB RAM, 500GB HDD,11.6 Inch,4HRS- Black","UGX 469,000","UGX 1,800,000",74%
"DELL Latitude 7420 FHD Laptop Notebook with Intel Core i7 11th Gen Processor (16GB Ram, 512GB SSD, WiFi, Bluetooth) Windows 11","UGX 3,540,000","UGX 4,000,000",12%
"Refurbished Probook TouchScreen X360 Intel 4GB RAM 128GB SSD 11.6""-Grey (Grade A)","UGX 440,000","UGX 800,000",45%
"Renewed Elitebook 840 G5/G6 14""Core I5,8GB RAM,512GB SSD-Silver","UGX 1,199,000","UGX 2,400,000",50%
"100e 2nd Gen 11.6"" Rugged & Spill Resistant Mini Laptop,Black,Refurbished. ","UGX 329,000","UGX 599,000",45%
"Refurbished iMac 21.5 inch (2015) - i5, 8GB RAM, 512SSD - Silver","UGX 1,850,000","UGX 3,900,000",53%
"Referburished ProBook x360 11 G1 EE Touchscreen Convertible Laptop Computer 11.6"" LED Display PC, Intel , 4GB RAM, 128GB SSD, Windows 10, HD Webcam, HDMI, WiFi","UGX 480,000","UGX 1,200,000",60%
"13.3-inch Intel 8GB RAM 256GB SSD Win 10,Renewed-3 Months Warranty - Grey/Black","UGX 649,000","UGX 790,000",18%
"Elite Book 840,Core I5,8GB Ram,512GB SSD - Silver & Black (6MTHS WRTY)","UGX 990,000","UGX 2,000,000",51%
T490s – Core i5 8th Gen / 8GB RAM / 256GB SSD / x360 Touch Screen – Business Laptop / Student Laptop / Laptop for Programming & Light Graphics / Refurbished Business Laptop,"UGX 870,000","UGX 1,250,000",30%
Probook 440 G7 i5 10th Generation 8GB RAM 256GB SSD 14 inch FHD Laptop (Renewed) ,"UGX 1,500,000","UGX 2,500,000",40%
"12 Inches ,Travelmate.4GB RAM 128GB SSD, 4Hrs Battery- - Black,Refurbished ","UGX 359,000","UGX 600,000",40%
EliteBook G3 Intel Core i7 6th Gen 16GB RAM 512GB SSD 14 Inches HD Display-Refurbished-Silver Windows 11,"UGX 1,190,000","UGX 1,500,000",21%
"Latitude 5300  Laptop, Intel Core i5 8th Generation,16GB PC4 RAM,512 SSD,13.3” Refurbished, Black (6 Months Warranty","UGX 1,099,000","UGX 1,350,000",19%
Latitude 3340/3350 Core I5 8GB RAM 500GB HDD Plus Bag & Mouse Refurbished (6 Months Warranty) - Grey,"UGX 568,000","UGX 990,000",43%
DELL Latitude 7390 Core i5 8th Gen 16GB 1TB SSD 13 inches screen size  WITH FREE Mouse,"UGX 1,490,000","UGX 2,200,000",32%
 Refurbished Thinkpad X270/X260 Intel Core I7 8GB/256GB SDD 13 Inch - Black (6MTHS WRTY),"UGX 660,000","UGX 1,500,000",56%
"Refurbished Probook G5,Touch Screen X360,Intel,4GB RAM,128GB SSD, 11.6-Grey/Black (6MTHS WRTY) Grade A","UGX 450,000","UGX 950,000",53%
"3000 series Mini Laptop,Intel Duo Core,4GB RAM,64GB SSD,11.6 Inch-Grey/Black,Refurbished","UGX 299,000","UGX 590,000",49%
3380 13.3 Inch Core i3 8GB RAM 500GB HDD Plus Free Bag - Grade A Refurbished,"UGX 589,000","UGX 790,000",25%
"Refurbished Dell Latitude Laptop Windows 10 Pro E7470 Intel Core i5 - 6300u Processor, 8 GB Ram & 256 GB SSD, 14.1 inches Screen (Ultra Slim & Light 1.58KG) Notebook Computer","UGX 679,000","UGX 1,200,000",43%
"Thinkpad Refurbished 11e Mini Laptop,8GB RAM, 500GB HDD,11.6 Inch,4HRS- Black","UGX 469,000","UGX 1,800,000",74%
"DELL Latitude 7420 FHD Laptop Notebook with Intel Core i7 11th Gen Processor (16GB Ram, 512GB SSD, WiFi, Bluetooth) Windows 11","UGX 3,540,000","UGX 4,000,000",12%
"Refurbished Probook TouchScreen X360 Intel 4GB RAM 128GB SSD 11.6""-Grey (Grade A)","UGX 440,000","UGX 800,000",45%
"Renewed Elitebook 840 G5/G6 14""Core I5,8GB RAM,512GB SSD-Silver","UGX 1,199,000","UGX 2,400,000",50%
"100e 2nd Gen 11.6"" Rugged & Spill Resistant Mini Laptop,Black,Refurbished. ","UGX 329,000","UGX 599,000",45%
"Refurbished iMac 21.5 inch (2015) - i5, 8GB RAM, 512SSD - Silver","UGX 1,850,000","UGX 3,900,000",53%
"Referburished ProBook x360 11 G1 EE Touchscreen Convertible Laptop Computer 11.6"" LED Display PC, Intel , 4GB RAM, 128GB SSD, Windows 10, HD Webcam, HDMI, WiFi","UGX 480,000","UGX 1,200,000",60%
"13.3-inch Intel 8GB RAM 256GB SSD Win 10,Renewed-3 Months Warranty - Grey/Black","UGX 649,000","UGX 790,000",18%
"Elite Book 840,Core I5,8GB Ram,512GB SSD - Silver & Black (6MTHS WRTY)","UGX 990,000","UGX 2,000,000",51%
T490s – Core i5 8th Gen / 8GB RAM / 256GB SSD / x360 Touch Screen – Business Laptop / Student Laptop / Laptop for Programming & Light Graphics / Refurbished Business Laptop,"UGX 870,000","UGX 1,250,000",30%
Probook 440 G7 i5 10th Generation 8GB RAM 256GB SSD 14 inch FHD Laptop (Renewed) ,"UGX 1,500,000","UGX 2,500,000",40%
"12 Inches ,Travelmate.4GB RAM 128GB SSD, 4Hrs Battery- - Black,Refurbished ","UGX 359,000","UGX 600,000",40%
EliteBook G3 Intel Core i7 6th Gen 16GB RAM 512GB SSD 14 Inches HD Display-Refurbished-Silver Windows 11,"UGX 1,190,000","UGX 1,500,000",21%
"Latitude 5300  Laptop, Intel Core i5 8th Generation,16GB PC4 RAM,512 SSD,13.3” Refurbished, Black (6 Months Warranty","UGX 1,099,000","UGX 1,350,000",19%
Latitude 3340/3350 Core I5 8GB RAM 500GB HDD Plus Bag & Mouse Refurbished (6 Months Warranty) - Grey,"UGX 568,000","UGX 990,000",43%
DELL Latitude 7390 Core i5 8th Gen 16GB 1TB SSD 13 inches screen size  WITH FREE Mouse,"UGX 1,490,000","UGX 2,200,000",32%
 Refurbished Thinkpad X270/X260 Intel Core I7 8GB/256GB SDD 13 Inch - Black (6MTHS WRTY),"UGX 660,000","UGX 1,500,000",56%
"Refurbished Probook G5,Touch Screen X360,Intel,4GB RAM,128GB SSD, 11.6-Grey/Black (6MTHS WRTY) Grade A","UGX 450,000","UGX 950,000",53%
"3000 series Mini Laptop,Intel Duo Core,4GB RAM,64GB SSD,11.6 Inch-Grey/Black,Refurbished","UGX 299,000","UGX 590,000",49%
3380 13.3 Inch Core i3 8GB RAM 500GB HDD Plus Free Bag - Grade A Refurbished,"UGX 589,000","UGX 790,000",25%
"Refurbished Dell Latitude Laptop Windows 10 Pro E7470 Intel Core i5 - 6300u Processor, 8 GB Ram & 256 GB SSD, 14.1 inches Screen (Ultra Slim & Light 1.58KG) Notebook Computer","UGX 679,000","UGX 1,200,000",43%
"Hp Envy X360 2in1 14"" 13th Gen, Intel Core i7, 16GB RAM, 1TB SSD Windows 11- Brand new - Silver ","UGX 4,499,000","UGX 5,900,000",24%
" 11e ThinkPad Intel, 11.6 Inch 4GB RAM 128GB SSD Refurbished (3 Months Warranty) - Black","UGX 450,000","UGX 850,000",47%
Refurbished Latitude 11'' Inch 3180/3190 128GB SSD/4GB RAM -Dark Grey/ Black (Grade A),"UGX 350,000","UGX 950,000",63%
"Lenovo renewed  V15 G2 IJL Laptop – 15.6 FHD, Intel Celeron N4500, 8GB RAM , 256GB SSD, Brand New with a Hp Deskjet 2320 Printer All-in-One .","UGX 1,170,000","UGX 1,500,000",22%
"Elitebook 830 G5/G6  Core I5 8th Gen,16GB RAM,512 SSD, 13.3 Inch Laptop ,Windows 11,Renewed Grade A - Silver","UGX 1,399,000","UGX 1,600,000",13%
Refurbished Elitebook 840 G3/G4 i5 6th Gen 500Gb HDD 8Gb RAM -Silver,"UGX 799,000","UGX 1,900,017",58%
Hp EliteBook 830 / 840 G8 Core i7 16GB Ram 256GB SSD Storage 11th Generation - Silver,"UGX 1,750,000","UGX 3,100,000",44%
"DELL Latitude E5450/E7450Core i5 8GB RAM 500GB HDD,6Months Warranty -Black Renewed ","UGX 559,000","UGX 990,000",44%
" Mini Laptop,Intel Duo Core,4GB RAM,64GB SSD,11.6 Inch-Grey/Black,Refurbished","UGX 299,000","UGX 600,000",50%
"Lenovo Thinkpad Student Laptop, 4GB RAM 128GB SSD 11.6""Mini Laptop, Plus Pouche and Mouse-Refurbished","UGX 345,000","UGX 600,000",43%
"EliteBook 840, Core i5, 8GB Ram, 500GB Hdd Plus Free Bag And Mouse - Renewed-6MONTHS WARRANTY - Black","UGX 619,000","UGX 890,000",30%
"Hp Envy X360 14.1"" Touchscreen Core 5 - 2-in-1  ES1023DX 8GB RAM 512GB ROM - Silver","UGX 2,500,000","UGX 4,400,000",43%
"DELL 3190/3180 Laptop 11.6"" Intel Celeron 4GB RAM 128GB SSD Free Laptop Bag - Grey ","UGX 417,000","UGX 620,000",33%
Hp  EliteBook 1030 G3 X360 I7-8th Generation Touchscreen 2 In 1 Laptop 16GB RAM 512GB SSD 13.3 Inch(Renewed) ,"UGX 2,000,000",,
"Refurbished Probook 430 G2/G3,Core i5,8GB RAM, 256GB SSD 14"" - Black","UGX 599,000","UGX 1,000,010",40%
" Refurbished  Mini Laptop 4GB RAM 128GB SSD 11.6"" Plus Free Pouche and Mouse-Black","UGX 345,000","UGX 590,000",42%
"Refurbished Probook 640 G2 - 14'' Core i5 6th Gen,8GB RAM 500GB Hard Disk - Black","UGX 598,000","UGX 1,090,000",45%
"Acer Travelmate Series Intel 4GB RAM 128GB SSD 12"" 4Hrs Battery,Refurbished ","UGX 349,000","UGX 600,000",42%
Hp 840 g7 core i5 16gb ram 512gb storage touch screen-silver refurbished ,"UGX 1,650,000","UGX 2,200,000",25%
"Latitude 3310/3300 Business Laptop, Core i5-8th Gen 8GB RAM 256GB SSD 13-inch HD,Renewed – Black (6 MONTHS WARRANTY)","UGX 765,000","UGX 999,000",23%
"HP EliteBook X360 1030 G3 / G4 Intel Core I5 8th Gen 16GB RAM 256GB SSD 13.3 Inches , Touchscreen Display- Silver (6MTHS WRTY)","UGX 1,359,000","UGX 2,300,000",41%
"EliteBook 840 G8, Core i7 11th Gen (4 Core) - 16GB RAM - 512GB SSD,Refurbished-Silver","UGX 2,000,000","UGX 3,500,000",43%
Hp Series 5 524sf 60.5 Cm (23.8) FHD Monitor - Black / White. brand new,"UGX 900,000","UGX 2,000,000",55%
"latitude 3340 Business Laptop, Intel Core i3-4th Gen. CPU, 8GB RAM, 500GB HDD, 13.3 inch Display, Windows 10 Pro-Grey Grade A","UGX 490,000","UGX 1,099,980",55%
DELL Renewed Latitude 7400 Intel Core I7 8th Gen 16GB RAM 256GB SSD 14 Inches,"UGX 1,450,000","UGX 1,500,000",3%
"Refurbrished ProBook 640 G1 -  14"" Intel Core i5 8GB RAM 500GB HDD - Silver,Black","UGX 550,000","UGX 1,000,000",45%
"EXtremelite 11.6"" Touchscreen Convertible 2 in 1 Notebook HD 8GB Ram and 128GB Fast SSD  8Hours Battery Intel Celeron  Quad-core (4 Core) With Pre installed Windows and Microsoft office and Type C Charger -Renewed-Dark grey","UGX 600,000","UGX 750,000",20%
"HP 14"" ProBook 640 Core i5 8GB RAM 500GB Plus Bag And Mouse- Black","UGX 559,000","UGX 900,000",38%
"Refurbished Latitude E7470, Intel Core I5, 16GB RAM, 512 SSD, 14""Inch, Plus Bag And Mouse-Black(6MTHS WRTY) ","UGX 849,000","UGX 1,500,000",43%
"DELL  Latitude 3189/90,Intel Pentium,8GB RAM,256GB SSD,11"" with 4-8 hour battery and Touch Screen -Grey","UGX 680,000","UGX 900,000",24%
Lenovo Refurbished ThinkPad 11 Inch 11e 8GB RAM 1TB HDD - Black,"UGX 620,000","UGX 1,400,000",56%
Hp ZBOOK FIREFLY 14 G7  INTE CORE I7 10 TH CPU 16GB RAM 512GB  14 INCH DISPLAY  TOUCHSCREEN NEW,"UGX 2,150,000","UGX 4,500,000",52%
"Intel Core i5-8th Gen 8GB RAM 256GB SSD 13-inch HD,Refurbished – Black (6 MONTHS WARRANTY)","UGX 659,000","UGX 999,000",34%
" 8th Generation , Intel Core i3, 128GB NVMe SSD, 4GB PC4, 13.3""Pro Refurbished","UGX 499,000","UGX 800,000",38%
"Thinkpad 11e Yoga Touchscreen 11.6  Intel, 500GB HDD, 4GB Ram, Plus  Bag- Black, (Refurbished)","UGX 479,900","UGX 1,100,000",56%
"Mini Laptop 11.6"" HD Intel Pentium Windows 10 Pro 4GB RAM 64GB SSD-Grey/Black,Renewed ","UGX 299,000","UGX 620,000",52%
Hp Probook 640 core i5 8GB RAM 500GB HDD GRADE A+ (6months Warranty) plus free flash - Black,"UGX 530,000","UGX 800,000",34%
"MacBook Pro 15” 2019 – Intel Core i9, 32GB RAM, 500GB SSD – Retina Display – Touch Bar & Touch ID – Professional Laptop – USA Used","UGX 2,250,000","UGX 2,500,000",10%
Acer Extensa - EX215-54 Core i7-11th Gen 8GB 1TB 15.6 FHD Free Dos,"UGX 1,970,000","UGX 2,407,040",18%
"Hp Elitebook 840 G3 Core I5, 8GB DDR4 RAM, 1TB / 1000GB SSD Renewed - Silver (6 Months Warranty)","UGX 840,000","UGX 1,500,000",44%
"Microsoft surface laptop 2 i7, 16gb ram, 512gb, 8th gen,  touch screen","UGX 2,000,000",,
"Hp ProBook 440 G10, Core i5-1335U, 8GB RAM, 512GB SSD, 14"" FHD Display, FreeDOS, Fingerprint reader, Pike silver aluminum, (1YR WRTY) Grade A","UGX 3,900,000","UGX 5,800,000",33%
"Thinkpad X260/X270 Core I5 6th Gen 8GB Ram, 256GB SSD (Renewed ) - Black","UGX 759,000","UGX 1,900,000",60%
"Certified Refurbished 14"" EliteBook 840 Core I5, 16GB RAM, 1TB (1,000GB) Storage - Silver","UGX 789,000","UGX 1,300,000",39%
"Lenovo Referburished Thinkpad X270 Laptop, Intel Core I7, 7th Gen, 8GB RAM, 256GB SSD- BLACK( 6MTHS WRTY)","UGX 799,100","UGX 1,390,000",43%
"EliteBook X360 1030 G3 Core i5 16GB 512GB SSD Touchscreen-Repacked/Renewed Notebook 13.3""-Silver","UGX 1,560,000","UGX 3,000,000",48%
Hpa 15S- Fq5291Nia Core I5 12Th Gen  8GB RAM 512GB SSD Backlite Keyboard Intel Iris Graphics 15 Inch - Silver,"UGX 1,895,000","UGX 30,000,000",94%
IdeaPad 3 Intel Core i7 Laptop 8GB RAM 1TB HDD-Black/Dark Grey,"UGX 3,800,000","UGX 4,500,000",16%
"Refurbished Latitude 11""  8GB Ram , 500GB HDD   -Grey","UGX 429,999","UGX 1,029,900",58%
"Refurbished Latitude  E5440,14"" Intel Core I5 ,8GB RAM, 500GB HDD-Black","UGX 529,000","UGX 1,099,008",52%
"Hp  EliteBook 820,Core i5,8GB Ram, 500GB Plus mouse -Black (Refurbished)","UGX 550,000","UGX 999,000",45%
"DELL  Latitude 3120 Mini Laptop, Intel Processor, 4GB Ram, 64GB SSD,11.6”-Grey (3 Months Warranty)-Refurbished","UGX 339,000","UGX 600,000",44%
" ThinkPad   13.3-inch ,Core i5, 8GB RAM, 256GB SSD,  , -Black (Renewed) Grade A","UGX 699,500","UGX 1,500,000",53%
"Elitebook 830 G5  Core I5 8th Gen,8GB RAM,256GB SSD, 13.3 Inch Laptop Renewed Grade A - Silver","UGX 1,099,000","UGX 1,490,000",26%
"Refurbished ThinkPad T470s/ T460s 14 Inch, Core I5 ,8GB Ram, 256GB SSD, Windows 11 - Black (6MTHS WRTY)","UGX 799,000","UGX 1,500,000",47%
"Latitude 3350/3340 13.3"",,Core i3,4GB RAM,500GB HDD - Refurbished -Dark Grey","UGX 489,000","UGX 1,290,006",62%
"Apple 2024 MacBook Air 13""  MRXN3LL/A M3 chip 8GB 256GB ROM - Space Black","UGX 4,900,000","UGX 5,900,000",17%
"Hp Envy X360 14.1"" Touchscreen Core 5 - 2-in-1  14ES-1013DX  8GB RAM 1TB ROM - Silver","UGX 2,600,000","UGX 3,600,000",28%
"Elite X2  G3/G4 8th Gen Detachable,2-IN-1,Core i7,16GB RAM,512GB SSD, Refurbished-Gray (6MTHS WRTY)","UGX 1,690,000","UGX 2,500,000",32%
DELL Renewed Latitude 7400 Intel Core I7 8th Gen 16GB RAM 256GB SSD 14 Inches,"UGX 1,450,000","UGX 1,500,000",3%
"Refurbrished ProBook 640 G1 -  14"" Intel Core i5 8GB RAM 500GB HDD - Silver,Black","UGX 550,000","UGX 1,000,000",45%
"EXtremelite 11.6"" Touchscreen Convertible 2 in 1 Notebook HD 8GB Ram and 128GB Fast SSD  8Hours Battery Intel Celeron  Quad-core (4 Core) With Pre installed Windows and Microsoft office and Type C Charger -Renewed-Dark grey","UGX 600,000","UGX 750,000",20%
"HP 14"" ProBook 640 Core i5 8GB RAM 500GB Plus Bag And Mouse- Black","UGX 559,000","UGX 900,000",38%
"Refurbished Latitude E7470, Intel Core I5, 16GB RAM, 512 SSD, 14""Inch, Plus Bag And Mouse-Black(6MTHS WRTY) ","UGX 849,000","UGX 1,500,000",43%
Lenovo Refurbished ThinkPad 11 Inch 11e 8GB RAM 1TB HDD - Black,"UGX 620,000","UGX 1,400,000",56%
Hp ZBOOK FIREFLY 14 G7  INTE CORE I7 10 TH CPU 16GB RAM 512GB  14 INCH DISPLAY  TOUCHSCREEN NEW,"UGX 2,150,000","UGX 4,500,000",52%
"Intel Core i5-8th Gen 8GB RAM 256GB SSD 13-inch HD,Refurbished – Black (6 MONTHS WARRANTY)","UGX 659,000","UGX 999,000",34%
" 8th Generation , Intel Core i3, 128GB NVMe SSD, 4GB PC4, 13.3""Pro Refurbished","UGX 499,000","UGX 800,000",38%
"Thinkpad 11e Yoga Touchscreen 11.6  Intel, 500GB HDD, 4GB Ram, Plus  Bag- Black, (Refurbished)","UGX 479,900","UGX 1,100,000",56%
"Mini Laptop 11.6"" HD Intel Pentium Windows 10 Pro 4GB RAM 64GB SSD-Grey/Black,Renewed ","UGX 299,000","UGX 620,000",52%
Hp Probook 640 core i5 8GB RAM 500GB HDD GRADE A+ (6months Warranty) plus free flash - Black,"UGX 530,000","UGX 800,000",34%
"MacBook Pro 15” 2019 – Intel Core i9, 32GB RAM, 500GB SSD – Retina Display – Touch Bar & Touch ID – Professional Laptop – USA Used","UGX 2,250,000","UGX 2,500,000",10%
Acer Extensa - EX215-54 Core i7-11th Gen 8GB 1TB 15.6 FHD Free Dos,"UGX 1,970,000","UGX 2,407,040",18%
"Hp Elitebook 840 G3 Core I5, 8GB DDR4 RAM, 1TB / 1000GB SSD Renewed - Silver (6 Months Warranty)","UGX 840,000","UGX 1,500,000",44%
"Microsoft surface laptop 2 i7, 16gb ram, 512gb, 8th gen,  touch screen","UGX 2,000,000",,
"Hp ProBook 440 G10, Core i5-1335U, 8GB RAM, 512GB SSD, 14"" FHD Display, FreeDOS, Fingerprint reader, Pike silver aluminum, (1YR WRTY) Grade A","UGX 3,900,000","UGX 5,800,000",33%
"Thinkpad X260/X270 Core I5 6th Gen 8GB Ram, 256GB SSD (Renewed ) - Black","UGX 759,000","UGX 1,900,000",60%
"Certified Refurbished 14"" EliteBook 840 Core I5, 16GB RAM, 1TB (1,000GB) Storage - Silver","UGX 789,000","UGX 1,300,000",39%
"Lenovo Referburished Thinkpad X270 Laptop, Intel Core I7, 7th Gen, 8GB RAM, 256GB SSD- BLACK( 6MTHS WRTY)","UGX 799,100","UGX 1,390,000",43%
"EliteBook X360 1030 G3 Core i5 16GB 512GB SSD Touchscreen-Repacked/Renewed Notebook 13.3""-Silver","UGX 1,560,000","UGX 3,000,000",48%
Hpa 15S- Fq5291Nia Core I5 12Th Gen  8GB RAM 512GB SSD Backlite Keyboard Intel Iris Graphics 15 Inch - Silver,"UGX 1,895,000","UGX 30,000,000",94%
IdeaPad 3 Intel Core i7 Laptop 8GB RAM 1TB HDD-Black/Dark Grey,"UGX 3,800,000","UGX 4,500,000",16%
"Refurbished Latitude 11""  8GB Ram , 500GB HDD   -Grey","UGX 429,999","UGX 1,029,900",58%
"Refurbished Latitude  E5440,14"" Intel Core I5 ,8GB RAM, 500GB HDD-Black","UGX 529,000","UGX 1,099,008",52%
"Hp  EliteBook 820,Core i5,8GB Ram, 500GB Plus mouse -Black (Refurbished)","UGX 550,000","UGX 999,000",45%
"DELL  Latitude 3120 Mini Laptop, Intel Processor, 4GB Ram, 64GB SSD,11.6”-Grey (3 Months Warranty)-Refurbished","UGX 339,000","UGX 600,000",44%
" ThinkPad   13.3-inch ,Core i5, 8GB RAM, 256GB SSD,  , -Black (Renewed) Grade A","UGX 699,500","UGX 1,500,000",53%
"Elitebook 830 G5  Core I5 8th Gen,8GB RAM,256GB SSD, 13.3 Inch Laptop Renewed Grade A - Silver","UGX 1,099,000","UGX 1,490,000",26%
"Refurbished ThinkPad T470s/ T460s 14 Inch, Core I5 ,8GB Ram, 256GB SSD, Windows 11 - Black (6MTHS WRTY)","UGX 799,000","UGX 1,500,000",47%
"Latitude 3350/3340 13.3"",,Core i3,4GB RAM,500GB HDD - Refurbished -Dark Grey","UGX 489,000","UGX 1,290,006",62%
"Apple 2024 MacBook Air 13""  MRXN3LL/A M3 chip 8GB 256GB ROM - Space Black","UGX 4,900,000","UGX 5,900,000",17%
"Hp Envy X360 14.1"" Touchscreen Core 5 - 2-in-1  14ES-1013DX  8GB RAM 1TB ROM - Silver","UGX 2,600,000","UGX 3,600,000",28%
"Elite X2  G3/G4 8th Gen Detachable,2-IN-1,Core i7,16GB RAM,512GB SSD, Refurbished-Gray (6MTHS WRTY)","UGX 1,690,000","UGX 2,500,000",32%
 840 I7  16GB RAM 1TB HDD Refurbished - Black (4MTHS WRTY),"UGX 949,000","UGX 1,800,000",47%
 14 Inches 12GB RAM 750GB HDD - Black,"UGX 799,000","UGX 1,400,000",43%
HP Refurbished 840 / 830 G5/ G6 ELITEBOOK i5 8GB RAM 512 SSD 8TH GEN -Silver,"UGX 1,280,000","UGX 2,500,000",49%
Hp Pavilion Aero AMD Ryzen 7 5825U 13.3 Inch(33.8cm) WUXGA IPS Micro-Edge Laptop(16GB RAM/1TB SSD/AMD Radeon Graphics/Win 11/MSO/Backlit Keyboard) - Open Box,"UGX 2,500,000",,
"Latitude 13.3 Inches Business Laptop,8GB RAM,256 GB SSD,Windows 11 Pro-Refurbished","UGX 649,000","UGX 800,000",19%
Latitude Renewed 3310 13.3-inch Intel Pentium 4GB RAM 128GB SSD Win 10-3 Months Warranty - Grey/Black,"UGX 449,000","UGX 650,000",31%
"Lenovo Ideapad 3 laptop i5-1oth  4GB, 1TB, 10th Gen, 15.6 Free Dos ","UGX 2,105,000","UGX 2,740,000",23%
EliteBook 830 G7 13.3-Inch FHD Business Laptop Intel Core I7 10th Gen 16GB RAM 512GB SSD Win 11 Pro (Refurbished),"UGX 1,500,000","UGX 1,700,000",12%
Hp EliteBook 840 G8 Core i7 8GB Ram 512gb SSD Storage 11th Generation Renewed - Silver,"UGX 1,955,000","UGX 2,900,000",33%
"DELL Vostro 3401 Core I3, 4GB Ram,1TB HDD,10th Gen(Brand New)","UGX 1,800,000","UGX 3,400,000",47%
"Adell New Dell Inspiron 3501laptop,Intel Core i3-1005G1/4GB/1TB/15.6''hd Linux Laptop","UGX 18,500,000",,
" 8th Generation , Intel Core i3, 128GB SSD, 4GB PC4, 13.3""Pro Renewed","UGX 489,000","UGX 800,000",39%
3189 Touch Screen X360 Laptop Intel Celeron/Pentium 4GB RAM 128GB Ssd (Refurbished )Free Wd 500GB Hard Disk,"UGX 499,000","UGX 999,999",50%
"Hp Elite Book 840 G2, Intel Core i5,8GB Ram, 500GB Hdd - Silver & Black.","UGX 565,000","UGX 750,000",25%
Refurbished 3310 13.3-inch Intel Duo Core 4GB RAM 128GB SSD-3 Months Warranty - Grey/Black,"UGX 439,000","UGX 649,000",32%
"Elitebook 840 G5 14"" Core I5 , 8GB DDR4 Ram, 256GB SSD,Windows 11,Renewed – Silver","UGX 1,099,000","UGX 2,000,000",45%
"Lenovo X270 Laptop, Intel Core i5, 8GB RAM, 256GB SSD, 12.5 inch Renewed (6 MONTHS WARRANTY)","UGX 759,000","UGX 1,800,000",58%
840 14 Inches 12GB RAM 1500GB/ 1.5TB HDD - Black,"UGX 1,000,000","UGX 1,400,000",29%
"Refurbished Latitude E5450/E7450 Core i5 8GB RAM 1000GB HDD(1TB),6Months Warranty -Black","UGX 599,000","UGX 1,000,000",40%
Refurbished Elitebook 840 Core I5 16GB Ram 500GB Storage- Black,"UGX 645,000","UGX 1,200,000",46%
"3000 series Mini Laptop,Intel Duo Core,4GB RAM,64GB SSD,Windows 11,-Grey/Black,Refurbished","UGX 299,000","UGX 650,000",54%
" Latitude 7490 i7  8th Gen, 8GB  Ram, 512GB SSD - Black(6MTHS WRTY) Renewed","UGX 1,130,000","UGX 1,950,000",42%
"ThinkPad E15 Gen 4 Laptop – 512GB SSD, 8GB RAM, Intel Core i7-1255U Processor","UGX 4,400,000","UGX 4,800,000",8%
3190 11.6 Inch Intel Celeron/Pentium Silver Laptop with 4GB RAM 128GB SSD Refurbished  - Grey,"UGX 350,000","UGX 400,000",13%
"Hp Renewed 12.5"" EliteBook 820,Core I5 8GB Ram,500GB HDD- Black(6MTHS WRTY)","UGX 559,000","UGX 800,000",30%
"Apple MacBook Air 13.3"" MGN63AB/A M1 8GB 256GB  - Space Grey","UGX 3,790,000","UGX 4,790,000",21%
Latitude 3340 Intel 16GB RAM 500GB HDD Refurbished,"UGX 478,000","UGX 980,000",51%
"Latitude 3340/3350 14"", Intel Core I5, 16GB RAM, 1TB / 1000GB HDD,- Refurbished + Bag , Mouse And Mousepad- Dark Grey","UGX 729,000","UGX 1,300,000",44%
"Latitude 3189/3190 2 in 1, 11.6"" Touch Screen Laptop, Intel, 4GB RAM DDR4, 128GB SSD-BLACK Refurbished (6MTHS WRTY)","UGX 490,000","UGX 1,300,000",62%
"Hp Pavilion 15.6-inch FHD Display, 12th Gen Intel Core I5/i7 8GB RAM 512GB SSD (Open Box) - Silver. Brand New","UGX 2,760,000 - UGX 3,090,000","UGX 40,000,000",93%
"Refurbished Latitude 13"" 5250 Core I5 8GB RAM 256SSD - Black (4MTHS WRTY)","UGX 680,000","UGX 780,000",13%
"EliteBook 840, Core i5, 8GB Ram, 500GB Hdd,Windows 11 - Renewed-6MONTHS WARRANTY - Black","UGX 599,000","UGX 999,000",40%
"Refurbished 250 G6 Core I5 7th Gen 4GB RAM - 1TB HDD - 15.6"" - Black","UGX 1,590,000","UGX 1,600,500",1%
"Refurbished 12.5 Inch EliteBook 820, Core i7, 8GB Ram, 500GB Hard Disk, Windows 10 Pro - Black(6MTHS WRTY","UGX 689,789","UGX 1,100,000",37%
"EliteBook 840 G2 – 14"" Laptop Intel Core i5 (5th Gen) 4GB RAM 1TB HDD – Windows 10 Pro – Refurbished Black + Free 64GB Flash Disk","UGX 1,100,000",,
" Latitude 3380 Intel Core I3 13.3"" 6th/7th Gen 8GB RAM, 500GB HDD Refurbished+Mouse,Mousepad & bag(6months)","UGX 545,000","UGX 900,000",39%
11e Yoga Touchscreen 11.6 Grade A,"UGX 480,000","UGX 1,200,015",60%
"Hp EliteBook 840 G3 Core I5, 8GB DDR4 RAM, 500GB Renewed - Silver (6 Months Warranty)","UGX 740,000","UGX 1,200,000",38%
"Refurbished 3189/3190 Convertible Touchscreen 4GB RAM 128GB SSD 11.6""-Black/Gray (Grade A)","UGX 490,000","UGX 690,000",29%
"Hp Omen Laptop 15.6"" Intel Core i7 6GB Ram 1TB Nvidia- (11thGEn)  - Black","UGX 7,500,000",,
Refurbished Probook 430/440 14'' Core i5 8GB RAM 500GB HDD - Black (4MTHS WRTY),"UGX 740,000","UGX 750,000",1%
"Mini Laptop Core i3 6th Generation,4GB RAM,128GB SSD,11.6 Inch-Black,Refurbished","UGX 399,000","UGX 650,000",39%
"11e ThinkPad Intel, 11.6 Inch 4GB RAM 128GB SSD Refurbished (3 Months Warranty) - Black","UGX 359,900","UGX 699,000",49%
"Thinkpad Refurbished T420/T430 i5,500GB HDD,8GB Ram-Black","UGX 490,000","UGX 1,000,000",51%
Hp EliteBook 1030 G4 X360 I5-8th Generation Touchscreen 2 In 1 Laptop 8GB RAM 512GB SSD 13.3 Inch(Renewed) - Silver,"UGX 1,600,000",,
"Latitude 3340, Intel Core I5,8GB RAM, 512GB SSD,- Refurbished - Dark Grey (6MTHS WRTY)","UGX 609,000","UGX 750,000",19%
" Latitude Intel  11"",8GB Ram ,500GB HDD Refurbished( 6MTHS WRTY)  - Black","UGX 448,960","UGX 900,000",50%
"Renewed ThinkPad T460s/T470s Core i5,6th Gen,8GB Ram, 256GB Ssd - Black- Refurbished  Black color","UGX 890,000","UGX 1,940,000",54%
(Refurbished) Lenovo ThinkPad T480s Business Laptop Intel Core i7-8th Generation CPU 8GB RAM 256GB SSD 14.1in Display Windows 11,"UGX 1,250,000","UGX 1,950,000",36%
"Refurbished Yoga 11.6""Touch Screen,Celeron,128GB Drive, 4GB RAM Mini- Black","UGX 399,000","UGX 650,000",39%
"EliteBook Folio 1040 G2 14in Laptop, Core i5-5300U 2.3GHz, 8GB Ram, 256GB SSD, Windows 10 Pro 64bit (Renewed)-Black","UGX 850,000","UGX 1,400,000",39%
"Latitude 3340/50 13.3"" Intel Core I3 16GB RAM 1TB HDD - Grey (Refurbished).","UGX 779,000","UGX 800,000",3%
"Microsoft Surface Laptop 5 (2022), 13.5"" Touch Screen, Thin & Lightweight, Long Battery Life, Fast Intel i5 Processor for Multi-Tasking, 8GB RAM, 256GB Storage with Windows 11, Platinum ","UGX 4,650,000","UGX 5,000,000",7%
"EliteBook 840 G6 Laptop  Intel i5-8665U, 8GB RAM, 512GB SSD, 14-inch LED 1920x1080, Win 11 Pro-Silver(6MTHS WRTY)Refurbished","UGX 1,269,000","UGX 2,100,000",40%
"Refurbished EliteBook 840 G2, Core I5 8GB Ram, 500GB HDD 14inch, Black","UGX 720,000","UGX 1,300,000",45%
"Acer  X360 Spin Mini Laptop ,2 in 1, Touch Screen,4GB RAM,128GB SSD,11.6 Inch","UGX 455,000","UGX 990,000",54%
Elite X2 Core I5 12.5 Inch 7th Gen 8GB RAM 256SSD  Detachable Touchscreen Laptop (Renewed)  Silver,"UGX 1,289,000","UGX 1,990,000",35%
"Latitude 3310 Intel Core i5-8th Generation 8GB RAM 256GB SSD 13-inch HD,Refurbished (6 MONTHS WARRANTY)– Black","UGX 759,000","UGX 999,000",24%
ThinkPad T14 Gen 2 Laptop 512GB SSD 8GB RAM 11th Gen Intel Core i5-1135G7-Black,"UGX 4,800,000","UGX 5,500,000",13%
Lenovo Thinkpad Referburished Lenovo x100/X120eThinkpad 128ssd 4GBRAM-Black,"UGX 450,000","UGX 790,000",43%
7270 Core i5 - 6th Generation 8GB 256GB SSD Refurbished Grade A+ - Black  Grade A,"UGX 650,000","UGX 2,000,000",68%
"Apple 2022 MacBook Air 13"" MLY33LL/A M2/8-core GPU 8GB RAM 256GB SSD  - Gray","UGX 4,400,000","UGX 5,400,000",19%
"Refurbished 11” Screen, Mini Laptop, Celeron,4gb RAM, 500GB HDD-Grey","UGX 478,500","UGX 1,300,000",63%
"Apple IPhone 12 Pro 6.1"" 6GB RAM 128GB ROM 12MP 2815mAh - Blue/silver/gold/graphite","UGX 1,700,000","UGX 1,750,000",3%
"Lenovo Thinkpad X1 Carbon Core™ i5 16GB Ram 256GB SSD Gen 8 14"" 10th Generation - Black (Renewed)","UGX 1,320,000","UGX 2,300,000",43%
"EliteBook 840 , Intel Core i5 up to 2.3 GHz, 4GB RAM, 500 GB HDD Laptop Computer With Rechargable Mouse  , and Laptop stand Windows 10 Pro-Refurbished","UGX 690,000","UGX 1,000,000",31%
"DELL  Refurbished Latitude 7470 Intel Core i5, 8GB RAM, 256 SSD, 14"" - Black","UGX 780,000","UGX 900,000",13%
"Referburished Thinkpad X270 Laptop, Intel Core I7, 7th Gen, 8GB RAM, 256GB SSD- BLACK( 6MTHS WRTY)","UGX 699,000","UGX 1,390,000",50%
"Refurbished iMac 21.5 inch (2013) - i5, 8GB RAM, 512SSD - Silver","UGX 2,000,000",,
"Refurbished Latitude E7450/E5450 Core i5 8GB RAM 500GB HDD,6Months Warranty -Black ","UGX 549,000","UGX 999,000",45%
Hp ELITEBOOK 845 G8,"UGX 1,350,000","UGX 1,450,000",7%
DELL Refurbished Latitude 11'' Inch 3180/3190 4GB RAM 128GB SSD (3MTHS WRTY) - Grey/Black (Grade A),"UGX 390,000","UGX 1,000,000",61%
"3000 Series 3140 Mini Laptop, Pentium/Celeron, 4GB RAM, 192 GB SSD 11.6” Win 11 Pro, Renewed (3 Months Warranty)-Grey","UGX 399,000","UGX 700,000",43%
DELL Renewed Latitude 7390 core i5 8GB 512GB SSD 13 Inches 8th Generation with a good battery - black,"UGX 1,260,000","UGX 1,950,000",35%
DELL Renewed Latitude 7390 Core i5  Ram 8GB 256GB SSD 13inches Full HD  -Black ,"UGX 995,000","UGX 1,750,000",43%
"Renewed Elitebook 840 G5 14"" Core I5 , 8GB DDR4 Ram, 256GB SSD ,Windows 11– Silver","UGX 1,099,000","UGX 2,000,000",45%
"Hp Elitebook 820 g1/g2, 12.5-inch, Core I5, 8GB RAM ,500 GB HDD (Refurbished) - Black","UGX 550,000","UGX 1,750,000",69%
DELL Latitude 11'' Inch 3180/3190 4GB RAM 128GB SSD Refurbished (3MTHS WRTY) - Grey/Black,"UGX 495,000","UGX 750,000",34%
"DELL  Refurbished Latitude 7280 Intel Core i5, 8GB RAM, 256 SSD, 12"" - Black","UGX 750,000","UGX 900,000",17%
Refurbished Latitude 7400 Intel Core i7 8th Gen 8GB RAM 512GB SSD 14 Inches HD,"UGX 1,350,000","UGX 1,950,000",31%
"Lenovo Refurbished 14"" ThinkPad T440s Core i5 8GB RAM 500GB HDD - Black (6MTHS WRTY)","UGX 750,000","UGX 1,500,000",50%
"Hp Envy  X360 - 15.3"" Intel Core i5 11th Gen 16GB RAM 512GB SSD - Silver","UGX 2,200,000","UGX 4,000,000",45%
840 Elitebook G3 Core i5 16GB DDR4 RAM 1TB HDD-Silver(6MONTH WARRANTY),"UGX 1,350,000","UGX 2,350,000",43%
IdeaPad Intel Celeron N4020  8GB RAM And 256GB SSD Brand New -Grey,"UGX 1,499,000","UGX 2,800,000",46%
Apple 2020 MacBook Air M1 Chip 13.0'' 8GB RAM 256GB SSD - Grey,"UGX 8,800,002",,
Refurbished Latitude 3189/3190 4GB Ram  128GB storage 11 inches touchscreen 2in1 X360  with free mouse,"UGX 480,000","UGX 1,080,000",56%
" Latitude 3380 Intel Core I3 13.3"" 6th/7th Gen 8GB RAM, 500GB HDD Refurbished+Mouse,mousepad & Bag","UGX 585,000","UGX 850,000",31%
"Refurbished Elitebook 840 G1, Core i5, 8GB RAM 500GB - Black","UGX 565,000","UGX 1,200,000",53%
"Lenovo Thinkpad X270  i7  7Th Gen 16GB RAM 512GB SSD, 12.5 inch Renewed (6 MONTHS WARRANTY)","UGX 990,000","UGX 1,600,000",38%
"Hp EliteBook 1030 G8 X360 Core i7, 16GB Ram, 512GB SSD 11th Gen Touchscreen 13.3 Inches-Renewed - Silver","UGX 2,562,000","UGX 3,750,000",32%
"Lenovo ThinkPad X1 Carbon 8th Gen Intel Core i7 14 Inch Slim Laptop, 16GB RAM 256GB SSD (Renewed) -Black (Grade A)","UGX 1,190,000","UGX 1,800,000",34%
"ThinkPad Mini 11e 8GB RAM 128GB SSD 11.6""-Black,Refurbished ","UGX 449,000","UGX 690,000",35%
"Renewed Elitebook X360 1030 G7,13.3 inch Touchscreen  Intel Core i7, 16GB Ram, 512GB SSD ","UGX 2,280,000","UGX 3,800,000",40%
"Latitude 3000 Series Mini Laptop,Duo Core,4GB RAM,64GB SSD,11.6 Inch-Grey/Black,Refurbished","UGX 299,000","UGX 560,000",47%
"Refurbished Thinkpad X270/X260 Business Laptop, Intel Core I5-7th Generation CPU, 8GB RAM, 256GB SSD, 12.5 Inch Display, Windows 10 Pro-Renewed A Grade","UGX 660,000","UGX 750,000",12%
"Refurbished  Latitude E7440 Intel Core i5 4GB RAM 500GB HDD,14 ""inch- Silver","UGX 590,000","UGX 1,800,000",67%
"Lenovo Thinkpad T14 (Gen 1) 14"" Laptop, i5 10310U 1.7Ghz, 24GB DDR4, 500GB SSD, 1080p Full HD, Thunderbolt 3, HDMI, Webcam, Windows 11 Pro","UGX 2,180,000",,
"ThinkPad Yoga 12.5-inch, Intel, Core I5 6th Gen  8GB RAM, 512GB SSD, Touch Screen, -Black (Refurbished","UGX 1,030,000","UGX 1,500,000",31%
"EliteBook 840 G5/G6 Core I5 8th Gen 8GB Ram, 512GB SSD 14 Inch Screen, ,Windows 10 - Renewed- Silver","UGX 1,299,000","UGX 1,300,000",1%
Envy 13 Intel Core I7 8GB RAM 512GB SSD 11th Generation-Silver,"UGX 4,900,000","UGX 5,000,000",2%
250 G9 Notebook PC 12th Gen Intel® Core™ I5 8GB RAM 512GB SSD FHD Display,"UGX 2,800,000","UGX 3,500,000",20%
DELL 3190 Renewed Laptop 11.6 Inch 4GB RAM 128GB PLUS FREE HARD DISK -GREY/BLACK,"UGX 430,000","UGX 450,000",4%
"Hp Elite Book 840 G2, Intel Core i5, 16GB Ram, 500GB HDD - Silver & Black.","UGX 698,000","UGX 699,000",1%
" Latitude 3380 Intel Core I3 13.3"" 6th/7th Gen 8GB RAM, 500GB HDD Refurbished+Mouse ","UGX 510,000","UGX 1,000,000",49%
"Apple iMac 21.5"" Slim (Late 2012) – Refurbished Core i5 2.7GHz, 12GB RAM, 512GB SSD, NVIDIA Graphics","UGX 1,670,000","UGX 1,800,000",7%
"Elitebook 820 , Core I5 Up To 2.5 GHz, 8GB RAM, 500 GB HDD With 3-5hrs Battery Slim Laptop Windows 10 -Black(Refurbished)","UGX 539,000","UGX 650,000",17%
"Latitude 7280, 12.5"" HD, Intel Core i5, 8GB DDR4, 256GB SSD, Windows 10 Pro - Refurbished","UGX 850,000","UGX 2,700,014",69%
Inspiron 15 7000 Refurbished gaming ,"UGX 1,850,000","UGX 3,800,000",51%
"Travelmate X360 Spin Mini Laptop ,2 in 1, Touch Screen,4GB RAM,64GB SSD,11.6 Inch.,WIndows 11 Pro-Refurbished","UGX 379,000","UGX 670,000",43%
"DELL Latitude 3180/3190 11.6"" 4GB RAM 128GB SSD Intel Celeron Plus Free Mifi - Grade A Renewed","UGX 449,999","UGX 605,000",26%
Referburished Latitude 3150 8GB Ram 500GB HDD + Mouse -GREY,"UGX 469,975","UGX 800,000",41%
"Elite Book 840 , Intel Core I5,8GB Ram, 256GB SSD - Silver & Black (6MTHS WRTY)","UGX 799,000","UGX 1,500,000",47%
"DELL  Latitude 13.3-inch Intel 8GB RAM 256GB SSD Win 11 PRO,Refurished-3 Months Warranty - Grey/Black","UGX 649,000","UGX 800,000",19%
DELL Latitude 7390 Core i5 8th Gen 16GB 1TB SSD 13 inches screen size  WITH FREE Mouse,"UGX 1,499,000","UGX 2,650,000",43%
"Hp ProBook 440 G10 Laptop, Core i7-1355U, 8GB RAM, 512GB SSD, 14"" FHD Display, FreeDOS, Fingerprint Reader, Pike silver aluminum, (1YR WRTY) Grade A","UGX 4,500,000","UGX 6,500,000",31%
Latitude Laptop   8GB RAM 500GB HDD Intel  - Gray,"UGX 458,956","UGX 800,000",43%
"Latitude 3340/3350 13.3"", Intel Core i5, 8GB RAM, 500GB HDD,- Refurbished (6MTHS WRTY)","UGX 520,000","UGX 1,500,000",65%
"Refurbished  E5480 Intel Core i5 6th Generation ,8GB RAM ,256 GB SSD Windows 10- Black","UGX 649,000","UGX 999,000",35%
"EliteBook 840 G5 14"" Core I5 8th Gen, 16GB Ram, 512GB SSD Refurbished Plus a Free Laptop bag and Mouse - Silver","UGX 1,320,000","UGX 2,100,000",37%
"Hp Renewed - 14"" EliteBook 840 I5 Laptop, 8GB RAM, 500GB HDD - Silver","UGX 587,000","UGX 990,000",41%
"Latitude 5440,Intel,8GB RAM,500GB HDD,14"" - Refurbished - Dark Grey","UGX 499,000","UGX 1,489,995",67%
" Refurbished ThinkPad T460s/T470s Core i5, , 14-inch , 8GB RAM, 256GB SSD -Black Ultrabook (6MTHS WRTY)","UGX 699,600","UGX 1,400,000",50%
"Referburished Latitude E7470 Intel Core I5,16GB RAM,256 SDD,14 , Bag ,Mouse -Silver","UGX 780,000","UGX 1,499,000",48%
"Refurbished 12.5 Inch EliteBook 820 G2, Core i5 5th Gen , 16GB Ram, 1TB Hard Disk, Windows 10 Pro - Black","UGX 839,770","UGX 1,750,000",52%
"Hp Envy X360 14.1"" Touchscreen Core 7 - 2-in-1  ES1023DX 16GB RAM 1TB ROM - Silver","UGX 4,000,000","UGX 4,980,000",20%
"Latitude Intel ,8GB Ram ,500GB HDD Refurbished( 6MTHS WRTY)  - Black","UGX 450,000","UGX 900,000",50%
