ID,Sales_agent,Product_name,Company_name,Deal_stage,Engage_date,Close_date,Close_value,sector,Year_established,Revenue,Employees,Office,Product_series,Sales_price,manager,Regional_office
1C1I7A6R,Moses Frase,GTX Plus Basic,Cancity,Won,2016-10-20,2017-03-01,1054.0,retail,2001-01-01,718.62,2448.0,United States,GTX,1096.0,Dustin Brinkmann,Central
EC4QE1BX,Darcel Schlecht,MG Special,Cancity,Won,2016-10-25,2017-03-07,50.0,retail,2001-01-01,718.62,2448.0,United States,MG,55.0,Melvin Marxen,Central
MV1LWRNH,Moses Frase,GTX Basic,Codehow,Won,2016-10-25,2017-03-09,588.0,software,1998-01-01,2714.9,2641.0,United States,GTX,550.0,Dustin Brinkmann,Central
PE84CX4O,Zane Levy,GTX Basic,Hatfan,Won,2016-10-25,2017-03-02,517.0,services,1982-01-01,792.46,1299.0,United States,GTX,550.0,Summer Sewald,West
ZNBS69V1,Anna Snelling,MG Special,Ron-tech,Won,2016-10-29,2017-03-01,49.0,medical,1992-01-01,3922.42,6837.0,United States,MG,55.0,Dustin Brinkmann,Central
9ME3374G,Vicki Laflamme,MG Special,J-Texon,Won,2016-10-30,2017-03-02,57.0,retail,1989-01-01,1388.67,3583.0,United States,MG,55.0,Celia Rouche,West
7GN8Q4LL,Markita Hansen,GTX Basic,Cheers,Won,2016-11-01,2017-03-07,601.0,entertainment,1993-01-01,4269.9,6472.0,United States,GTX,550.0,Celia Rouche,West
OLK9LKZB,Niesha Huffines,GTX Plus Basic,Zumgoity,Won,2016-11-01,2017-03-03,1026.0,medical,1984-01-01,441.08,1210.0,United States,GTX,1096.0,Melvin Marxen,Central
NL3JZH1Z,Anna Snelling,MG Special,Bioholding,Won,2016-11-04,2017-03-10,53.0,medical,2012-01-01,587.34,1356.0,Philipines,MG,55.0,Dustin Brinkmann,Central
S8DX3XOU,James Ascencio,GTX Plus Pro,Sunnamplex,Won,2016-11-04,2017-03-10,5169.0,marketing,2008-01-01,894.37,1593.0,Poland,GTX,5482.0,Summer Sewald,West
ENB2XD8G,Maureen Marcano,GTX Plus Pro,Sonron,Won,2016-11-04,2017-03-06,4631.0,telecommunications,1999-01-01,1699.85,5108.0,United States,GTX,5482.0,Summer Sewald,West
09YE9QOV,Hayden Neloms,MG Advanced,Finjob,Won,2016-11-05,2017-03-11,3393.0,employment,1988-01-01,2059.9,3644.0,United States,MG,3393.0,Celia Rouche,West
3F5MZNEH,Rosalina Dieter,MG Special,Sonron,Lost,2016-11-05,2017-03-03,0.0,telecommunications,1999-01-01,1699.85,5108.0,United States,MG,55.0,Celia Rouche,West
M6WEJXC0,Rosalina Dieter,MG Advanced,Scotfind,Won,2016-11-05,2017-03-06,3284.0,software,1996-01-01,6354.87,16780.0,United States,MG,3393.0,Celia Rouche,West
6PTR7VBR,Versie Hillebrand,MG Special,Treequote,Won,2016-11-06,2017-03-05,61.0,telecommunications,1988-01-01,5266.09,8595.0,United States,MG,55.0,Dustin Brinkmann,Central
5J9CMGDV,Elease Gluck,MG Special,Rantouch,Won,2016-11-07,2017-03-08,46.0,telecommunications,1994-01-01,1188.42,3015.0,United States,MG,55.0,Celia Rouche,West
JJXRR8R6,James Ascencio,GTX Plus Pro,Fasehatice,Lost,2016-11-07,2017-03-17,0.0,retail,1990-01-01,4968.91,7523.0,United States,GTX,5482.0,Summer Sewald,West
WF4HA5NW,Moses Frase,MG Special,Ron-tech,Won,2016-11-07,2017-03-18,50.0,medical,1992-01-01,3922.42,6837.0,United States,MG,55.0,Dustin Brinkmann,Central
C5K2JP1H,Violet Mclelland,GTX Plus Basic,Vehement Capital Partners,Won,2016-11-07,2017-03-11,1014.0,finance,1993-01-01,646.1,883.0,United States,GTX,1096.0,Cara Losch,East
ADRB8OMB,Darcel Schlecht,GTX Basic,Warephase,Won,2016-11-08,2017-03-26,561.0,services,1997-01-01,2041.73,5276.0,United States,GTX,550.0,Melvin Marxen,Central
SBCR987L,Kami Bicknell,GTX Basic,Zoomit,Won,2016-11-10,2017-03-23,590.0,entertainment,1992-01-01,324.19,978.0,United States,GTX,550.0,Summer Sewald,West
UP409DSB,Maureen Marcano,MG Advanced,Ganjaflex,Engaging,2016-11-10,,,retail,1995-01-01,5158.71,17479.0,Japan,MG,3393.0,Summer Sewald,West
JSD4APT2,Versie Hillebrand,MG Special,Bioholding,Won,2016-11-10,2017-03-12,61.0,medical,2012-01-01,587.34,1356.0,Philipines,MG,55.0,Dustin Brinkmann,Central
AO9Z2D17,Violet Mclelland,GTX Plus Pro,Xx-zobam,Lost,2016-11-10,2017-03-11,0.0,entertainment,1989-01-01,3838.39,8274.0,United States,GTX,5482.0,Cara Losch,East
5M58DTJK,Elease Gluck,MG Special,Cheers,Won,2016-11-11,2017-03-05,58.0,entertainment,1993-01-01,4269.9,6472.0,United States,MG,55.0,Celia Rouche,West
EAZDUUM9,Rosie Papadopoulos,MG Advanced,Zotware,Lost,2016-11-11,2017-03-01,0.0,software,1979-01-01,4478.47,13809.0,United States,MG,3393.0,Cara Losch,East
2STUSOFE,Versie Hillebrand,MG Special,dambase,Won,2016-11-11,2017-03-03,67.0,marketing,1995-01-01,2173.98,2928.0,United States,MG,55.0,Dustin Brinkmann,Central
KU28360J,Kary Hendrixson,GTX Basic,Fasehatice,Won,2016-11-12,2017-03-19,578.0,retail,1990-01-01,4968.91,7523.0,United States,GTX,550.0,Summer Sewald,West
N4SD17JR,Reed Clapper,GTX Basic,Acme Corporation,Won,2016-11-12,2017-03-01,556.0,technolgy,1996-01-01,1100.04,2822.0,United States,GTX,550.0,Rocco Neubert,East
E67P9Y3Q,Rosalina Dieter,GTX Basic,Green-Plus,Won,2016-11-12,2017-03-03,635.0,services,2003-01-01,692.19,1922.0,United States,GTX,550.0,Celia Rouche,West
AT3MMVIS,Wilburn Farren,MG Advanced,The New York Inquirer,Won,2016-11-12,2017-03-07,3045.0,medical,1996-01-01,439.21,792.0,United States,MG,3393.0,Cara Losch,East
REJ11LRY,Garret Kinder,GTX Plus Basic,Mathtouch,Won,2016-11-13,2017-03-14,1233.0,marketing,1984-01-01,3027.46,9516.0,Jordan,GTX,1096.0,Cara Losch,East
ERV0CAZ7,Versie Hillebrand,MG Special,Zumgoity,Won,2016-11-13,2017-03-09,60.0,medical,1984-01-01,441.08,1210.0,United States,MG,55.0,Dustin Brinkmann,Central
8SOQADK7,Anna Snelling,MG Special,Gogozoom,Lost,2016-11-14,2017-03-30,0.0,telecommunications,2007-01-01,86.68,187.0,United States,MG,55.0,Dustin Brinkmann,Central
TCHFT25B,Darcel Schlecht,GTX Basic,Stanredtax,Lost,2016-11-14,2017-03-08,0.0,finance,1987-01-01,1698.2,3798.0,United States,GTX,550.0,Melvin Marxen,Central
CZVN09WN,Darcel Schlecht,GTX Plus Basic,Konmatfix,Won,2016-11-14,2017-03-20,1170.0,marketing,1985-01-01,375.43,1190.0,United States,GTX,1096.0,Melvin Marxen,Central
30UQWUKB,Marty Freudenburg,GTX Plus Basic,Genco Pura Olive Oil Company,Won,2016-11-15,2017-03-20,1162.0,retail,2007-01-01,894.33,1635.0,Italy,GTX,1096.0,Melvin Marxen,Central
97UN20YY,Darcel Schlecht,MG Advanced,Conecom,Won,2016-11-16,2017-03-14,3725.0,technolgy,2005-01-01,1520.66,1806.0,United States,MG,3393.0,Melvin Marxen,Central
JXLERZ9O,Kary Hendrixson,GTX Basic,Golddex,Won,2016-11-16,2017-03-31,559.0,finance,2008-01-01,52.5,165.0,United States,GTX,550.0,Summer Sewald,West
6ROE69W5,Rosalina Dieter,GTX Basic,Plexzap,Lost,2016-11-16,2017-03-11,0.0,retail,2001-01-01,2437.85,4874.0,United States,GTX,550.0,Celia Rouche,West
0DFXFKT7,Darcel Schlecht,GTX Plus Basic,Rundofase,Lost,2016-11-17,2017-03-21,0.0,technolgy,1983-01-01,1008.06,1238.0,United States,GTX,1096.0,Melvin Marxen,Central
XKMZVSN4,James Ascencio,GTX Plus Pro,Sonron,Won,2016-11-17,2017-03-05,4667.0,telecommunications,1999-01-01,1699.85,5108.0,United States,GTX,5482.0,Summer Sewald,West
IU8V0BZK,Marty Freudenburg,GTX Plus Basic,Finhigh,Won,2016-11-17,2017-03-17,903.0,finance,2006-01-01,1102.43,1759.0,United States,GTX,1096.0,Melvin Marxen,Central
XY42936P,Maureen Marcano,GTX Plus Basic,Finjob,Won,2016-11-17,2017-03-13,1180.0,employment,1988-01-01,2059.9,3644.0,United States,GTX,1096.0,Summer Sewald,West
XRN54MBM,Niesha Huffines,GTX Basic,Ron-tech,Won,2016-11-17,2017-03-05,487.0,medical,1992-01-01,3922.42,6837.0,United States,GTX,550.0,Melvin Marxen,Central
2V848WZD,Lajuana Vencill,MG Advanced,Stanredtax,Won,2016-11-18,2017-03-04,3180.0,finance,1987-01-01,1698.2,3798.0,United States,MG,3393.0,Dustin Brinkmann,Central
HIOHX80Y,Darcel Schlecht,MG Advanced,Gogozoom,Won,2016-11-19,2017-03-18,3563.0,telecommunications,2007-01-01,86.68,187.0,United States,MG,3393.0,Melvin Marxen,Central
WPB2SLIG,Donn Cantrell,GTX Plus Pro,Silis,Won,2016-11-20,2017-03-14,5585.0,medical,1994-01-01,2818.38,6290.0,United States,GTX,5482.0,Rocco Neubert,East
XUSUEAV7,Elease Gluck,GTK 500,Zoomit,Won,2016-11-20,2017-03-09,25897.0,entertainment,1992-01-01,324.19,978.0,United States,GTK,26768.0,Celia Rouche,West
3TYPII47,Kami Bicknell,GTX Plus Basic,Goodsilron,Won,2016-11-20,2017-03-03,1207.0,marketing,2000-01-01,2952.73,5107.0,United States,GTX,1096.0,Summer Sewald,West
7WAX8Z8O,Lajuana Vencill,MG Advanced,Cancity,Lost,2016-11-20,2017-03-08,0.0,retail,2001-01-01,718.62,2448.0,United States,MG,3393.0,Dustin Brinkmann,Central
MYDUMR3R,Lajuana Vencill,GTX Basic,Rangreen,Won,2016-11-20,2017-03-04,559.0,technolgy,1987-01-01,2938.67,8775.0,Panama,GTX,550.0,Dustin Brinkmann,Central
0DRC1U9Q,Maureen Marcano,GTX Basic,Green-Plus,Engaging,2016-11-20,,,services,2003-01-01,692.19,1922.0,United States,GTX,550.0,Summer Sewald,West
37JFKD4I,Niesha Huffines,GTX Plus Basic,dambase,Won,2016-11-20,2017-03-09,1033.0,marketing,1995-01-01,2173.98,2928.0,United States,GTX,1096.0,Melvin Marxen,Central
25YKPHX8,Donn Cantrell,GTX Basic,Kan-code,Won,2016-11-21,2017-03-21,462.0,software,1982-01-01,11698.03,34288.0,United States,GTX,550.0,Rocco Neubert,East
BXXMA7F3,Hayden Neloms,MG Advanced,Nam-zim,Lost,2016-11-21,2017-03-01,0.0,services,1987-01-01,405.59,1179.0,Brazil,MG,3393.0,Celia Rouche,West
MFX2LR1Q,Lajuana Vencill,MG Advanced,Ron-tech,Won,2016-11-21,2017-03-15,3573.0,medical,1992-01-01,3922.42,6837.0,United States,MG,3393.0,Dustin Brinkmann,Central
96BSG7R1,Zane Levy,GTX Plus Basic,Sunnamplex,Lost,2016-11-21,2017-03-17,0.0,marketing,2008-01-01,894.37,1593.0,Poland,GTX,1096.0,Summer Sewald,West
7FQMSWIX,Corliss Cosme,MG Special,Bioplex,Won,2016-11-22,2017-03-04,62.0,medical,1991-01-01,326.82,1016.0,United States,MG,55.0,Cara Losch,East
GS1QVWCR,Kami Bicknell,GTX Basic,Plusstrip,Won,2016-11-22,2017-03-31,566.0,entertainment,2002-01-01,349.81,315.0,United States,GTX,550.0,Summer Sewald,West
ZWH8FXY3,Marty Freudenburg,GTX Basic,Toughzap,Won,2016-11-22,2017-03-03,508.0,retail,1995-01-01,332.43,799.0,United States,GTX,550.0,Melvin Marxen,Central
2U94Y3Q9,Rosie Papadopoulos,MG Advanced,Vehement Capital Partners,Lost,2016-11-22,2017-03-20,0.0,finance,1993-01-01,646.1,883.0,United States,MG,3393.0,Cara Losch,East
AAR79NOO,Versie Hillebrand,MG Special,Codehow,Won,2016-11-22,2017-03-11,51.0,software,1998-01-01,2714.9,2641.0,United States,MG,55.0,Dustin Brinkmann,Central
M7I5O9YU,Corliss Cosme,GTX Basic,Cheers,Engaging,2016-11-23,,,entertainment,1993-01-01,4269.9,6472.0,United States,GTX,550.0,Cara Losch,East
LXZA2OSZ,Corliss Cosme,GTX Plus Pro,Ontomedia,Won,2016-11-23,2017-03-03,5790.0,employment,1997-01-01,882.12,2769.0,United States,GTX,5482.0,Cara Losch,East
N0ONCYVZ,Donn Cantrell,MG Special,Kinnamplus,Lost,2016-11-23,2017-03-30,0.0,retail,2004-01-01,702.72,1831.0,United States,MG,55.0,Rocco Neubert,East
RU023K5W,Gladys Colclough,MG Advanced,Finhigh,Won,2016-11-23,2017-03-17,2972.0,finance,2006-01-01,1102.43,1759.0,United States,MG,3393.0,Melvin Marxen,Central
VDIU10RV,Markita Hansen,MG Special,Lexiqvolax,Engaging,2016-11-23,,,medical,2004-01-01,1618.89,3889.0,United States,MG,55.0,Celia Rouche,West
BZCBQ514,Markita Hansen,GTX Basic,Y-corporation,Won,2016-11-23,2017-03-01,523.0,employment,1983-01-01,2871.35,9561.0,United States,GTX,550.0,Celia Rouche,West
HEE6P0QH,Anna Snelling,MG Advanced,Statholdings,Won,2016-11-24,2017-03-25,3647.0,employment,1997-01-01,291.27,586.0,United States,MG,3393.0,Dustin Brinkmann,Central
L8CHRJ2B,Cassey Cress,MG Advanced,Umbrella Corporation,Won,2016-11-24,2017-03-01,4200.0,finance,1998-01-01,2022.14,5113.0,United States,MG,3393.0,Rocco Neubert,East
579LZ3F9,Daniell Hammack,GTX Plus Basic,J-Texon,Engaging,2016-11-24,,,retail,1989-01-01,1388.67,3583.0,United States,GTX,1096.0,Rocco Neubert,East
SU8JNMP4,Kami Bicknell,GTX Plus Basic,Bubba Gump,Engaging,2016-11-24,,,software,2002-01-01,987.39,2253.0,United States,GTX,1096.0,Summer Sewald,West
V2X2KMUR,Kami Bicknell,GTX Plus Basic,Faxquote,Won,2016-11-24,2017-03-28,1059.0,telecommunications,1995-01-01,1825.82,5595.0,United States,GTX,1096.0,Summer Sewald,West
AJIPJP75,Marty Freudenburg,GTX Plus Basic,Codehow,Lost,2016-11-24,2017-03-05,0.0,software,1998-01-01,2714.9,2641.0,United States,GTX,1096.0,Melvin Marxen,Central
NYVA2G6U,Versie Hillebrand,MG Special,Dontechi,Won,2016-11-24,2017-03-02,57.0,software,1982-01-01,4618.0,10083.0,United States,MG,55.0,Dustin Brinkmann,Central
FF45BXTL,Vicki Laflamme,MG Advanced,Konex,Won,2016-11-24,2017-03-27,3671.0,technolgy,1980-01-01,7708.38,13756.0,United States,MG,3393.0,Celia Rouche,West
TTA9LYBS,Anna Snelling,MG Special,Treequote,Won,2016-11-25,2017-03-01,58.0,telecommunications,1988-01-01,5266.09,8595.0,United States,MG,55.0,Dustin Brinkmann,Central
PAGZQH8L,Cecily Lampkin,MG Advanced,Treequote,Won,2016-11-25,2017-03-06,3956.0,telecommunications,1988-01-01,5266.09,8595.0,United States,MG,3393.0,Dustin Brinkmann,Central
J7YF6DS7,Corliss Cosme,GTX Plus Pro,Betasoloin,Won,2016-11-25,2017-03-01,5964.0,medical,1999-01-01,251.41,495.0,United States,GTX,5482.0,Cara Losch,East
JQBJMETQ,Darcel Schlecht,MG Special,Domzoom,Won,2016-11-25,2017-03-27,49.0,entertainment,1998-01-01,217.87,551.0,United States,MG,55.0,Melvin Marxen,Central
0LVWSWEW,Violet Mclelland,MG Special,Donquadtech,Won,2016-11-25,2017-03-06,65.0,technolgy,1992-01-01,1712.68,3194.0,United States,MG,55.0,Cara Losch,East
K53BC1T9,Anna Snelling,MG Special,Domzoom,Lost,2016-11-26,2017-03-27,0.0,entertainment,1998-01-01,217.87,551.0,United States,MG,55.0,Dustin Brinkmann,Central
051QTX8Z,Niesha Huffines,GTX Plus Basic,Globex Corporation,Won,2016-11-26,2017-03-21,1080.0,technolgy,2000-01-01,1223.72,2497.0,Norway,GTX,1096.0,Melvin Marxen,Central
5D2XH04S,Reed Clapper,MG Special,Plussunin,Won,2016-11-26,2017-03-12,57.0,retail,2003-01-01,1419.98,4018.0,United States,MG,55.0,Rocco Neubert,East
V9E582SK,Garret Kinder,GTX Basic,Konex,Won,2016-11-27,2017-03-16,469.0,technolgy,1980-01-01,7708.38,13756.0,United States,GTX,550.0,Cara Losch,East
UK0LEZRJ,Kary Hendrixson,GTX Basic,Condax,Won,2016-11-27,2017-03-03,532.0,medical,2017-01-01,4.54,9.0,United States,GTX,550.0,Summer Sewald,West
PFFHM7HR,Markita Hansen,MG Advanced,Opentech,Engaging,2016-11-27,,,finance,1994-01-01,355.23,853.0,United States,MG,3393.0,Celia Rouche,West
IT10CFQH,Rosalina Dieter,GTX Basic,Konex,Won,2016-11-27,2017-03-26,538.0,technolgy,1980-01-01,7708.38,13756.0,United States,GTX,550.0,Celia Rouche,West
2XQAKBXH,Zane Levy,GTX Plus Pro,Doncon,Won,2016-11-27,2017-03-11,5370.0,technolgy,2010-01-01,587.72,1501.0,United States,GTX,5482.0,Summer Sewald,West
7G7YLGJO,Zane Levy,GTX Plus Pro,Hatfan,Won,2016-11-27,2017-03-21,6499.0,services,1982-01-01,792.46,1299.0,United States,GTX,5482.0,Summer Sewald,West
GCA97W27,Darcel Schlecht,GTX Plus Basic,Genco Pura Olive Oil Company,Won,2016-11-28,2017-03-06,1161.0,retail,2007-01-01,894.33,1635.0,Italy,GTX,1096.0,Melvin Marxen,Central
K8FUZHOG,Kary Hendrixson,GTX Basic,Scotfind,Won,2016-11-28,2017-03-26,576.0,software,1996-01-01,6354.87,16780.0,United States,GTX,550.0,Summer Sewald,West
5WJZMULK,Maureen Marcano,GTX Plus Basic,Hatfan,Won,2016-11-28,2017-03-19,979.0,services,1982-01-01,792.46,1299.0,United States,GTX,1096.0,Summer Sewald,West
ZPYD4T9W,Versie Hillebrand,MG Special,Stanredtax,Won,2016-11-28,2017-03-07,43.0,finance,1987-01-01,1698.2,3798.0,United States,MG,55.0,Dustin Brinkmann,Central
KE9ZEDS8,Gladys Colclough,MG Special,Scottech,Won,2016-11-29,2017-03-07,57.0,marketing,2012-01-01,45.39,100.0,United States,MG,55.0,Melvin Marxen,Central
7KK0HQ4C,Lajuana Vencill,MG Special,Ron-tech,Lost,2016-11-29,2017-03-28,0.0,medical,1992-01-01,3922.42,6837.0,United States,MG,55.0,Dustin Brinkmann,Central
FP7014Z0,Lajuana Vencill,GTX Plus Basic,Funholding,Won,2016-11-29,2017-03-12,948.0,finance,1991-01-01,2819.5,7227.0,United States,GTX,1096.0,Dustin Brinkmann,Central
N4HFHDMW,Wilburn Farren,MG Advanced,Plussunin,Won,2016-11-29,2017-03-10,3012.0,retail,2003-01-01,1419.98,4018.0,United States,MG,3393.0,Cara Losch,East
2HFLKREC,Cassey Cress,MG Advanced,Zotware,Won,2016-11-30,2017-03-15,3665.0,software,1979-01-01,4478.47,13809.0,United States,MG,3393.0,Rocco Neubert,East
7JVTTVCO,Violet Mclelland,GTX Basic,Gekko & Co,Won,2016-11-30,2017-03-24,564.0,retail,1990-01-01,2520.83,3502.0,United States,GTX,550.0,Cara Losch,East
3X13866U,Anna Snelling,GTX Plus Basic,dambase,Lost,2016-12-01,2017-03-06,0.0,marketing,1995-01-01,2173.98,2928.0,United States,GTX,1096.0,Dustin Brinkmann,Central
7LE19SYE,Cassey Cress,MG Advanced,Initech,Won,2016-12-01,2017-03-22,3463.0,telecommunications,1994-01-01,6395.05,20275.0,United States,MG,3393.0,Rocco Neubert,East
J5V2M7Y1,Corliss Cosme,GTX Basic,Gekko & Co,Won,2016-12-01,2017-03-26,513.0,retail,1990-01-01,2520.83,3502.0,United States,GTX,550.0,Cara Losch,East
41MURAI5,Corliss Cosme,GTX Basic,Konex,Won,2016-12-01,2017-03-28,590.0,technolgy,1980-01-01,7708.38,13756.0,United States,GTX,550.0,Cara Losch,East
AJXAXV4W,Lajuana Vencill,MG Advanced,Finhigh,Lost,2016-12-01,2017-03-02,0.0,finance,2006-01-01,1102.43,1759.0,United States,MG,3393.0,Dustin Brinkmann,Central
VPDXX5PJ,Niesha Huffines,GTX Basic,Cancity,Won,2016-12-01,2017-03-26,546.0,retail,2001-01-01,718.62,2448.0,United States,GTX,550.0,Melvin Marxen,Central
PZB9NUK8,Vicki Laflamme,MG Special,Y-corporation,Won,2016-12-01,2017-03-05,46.0,employment,1983-01-01,2871.35,9561.0,United States,MG,55.0,Celia Rouche,West
0P4AAPYX,Hayden Neloms,GTX Plus Basic,Golddex,Won,2016-12-02,2017-03-03,1040.0,finance,2008-01-01,52.5,165.0,United States,GTX,1096.0,Celia Rouche,West
O6T5WC3W,Hayden Neloms,GTX Plus Basic,Sonron,Won,2016-12-02,2017-03-04,1108.0,telecommunications,1999-01-01,1699.85,5108.0,United States,GTX,1096.0,Celia Rouche,West
0NO04P6C,Hayden Neloms,MG Special,Nam-zim,Won,2016-12-02,2017-03-04,59.0,services,1987-01-01,405.59,1179.0,Brazil,MG,55.0,Celia Rouche,West
MRXZTMM6,Kary Hendrixson,GTX Basic,Cheers,Won,2016-12-02,2017-03-20,515.0,entertainment,1993-01-01,4269.9,6472.0,United States,GTX,550.0,Summer Sewald,West
LGI8QEC2,Moses Frase,GTX Basic,Treequote,Won,2016-12-02,2017-03-06,583.0,telecommunications,1988-01-01,5266.09,8595.0,United States,GTX,550.0,Dustin Brinkmann,Central
6KZ0NCFX,Versie Hillebrand,MG Special,Funholding,Won,2016-12-02,2017-03-14,54.0,finance,1991-01-01,2819.5,7227.0,United States,MG,55.0,Dustin Brinkmann,Central
3SF8O9S6,Vicki Laflamme,MG Special,Plusstrip,Won,2016-12-02,2017-03-27,60.0,entertainment,2002-01-01,349.81,315.0,United States,MG,55.0,Celia Rouche,West
XK668R7C,Darcel Schlecht,GTX Basic,Dontechi,Lost,2016-12-03,2017-03-12,0.0,software,1982-01-01,4618.0,10083.0,United States,GTX,550.0,Melvin Marxen,Central
BADC6A9H,Darcel Schlecht,GTX Basic,Globex Corporation,Won,2016-12-03,2017-03-23,516.0,technolgy,2000-01-01,1223.72,2497.0,Norway,GTX,550.0,Melvin Marxen,Central
I043RXJV,Moses Frase,GTX Plus Basic,Dontechi,Lost,2016-12-03,2017-03-17,0.0,software,1982-01-01,4618.0,10083.0,United States,GTX,1096.0,Dustin Brinkmann,Central
MWWB44CC,Reed Clapper,GTX Plus Basic,Donquadtech,Won,2016-12-03,2017-03-02,950.0,technolgy,1992-01-01,1712.68,3194.0,United States,GTX,1096.0,Rocco Neubert,East
HBTINPDG,Vicki Laflamme,GTX Plus Basic,Xx-holding,Lost,2016-12-03,2017-03-09,0.0,finance,1993-01-01,7537.24,20293.0,United States,GTX,1096.0,Celia Rouche,West
DZ3KHZSX,Corliss Cosme,GTX Basic,Initech,Won,2016-12-04,2017-03-20,513.0,telecommunications,1994-01-01,6395.05,20275.0,United States,GTX,550.0,Cara Losch,East
45A57X68,Darcel Schlecht,GTX Plus Pro,Ron-tech,Won,2016-12-04,2017-03-12,5522.0,medical,1992-01-01,3922.42,6837.0,United States,GTX,5482.0,Melvin Marxen,Central
9SLYC4TR,Gladys Colclough,MG Special,Cancity,Won,2016-12-04,2017-03-09,56.0,retail,2001-01-01,718.62,2448.0,United States,MG,55.0,Melvin Marxen,Central
7QC6FOKW,Kami Bicknell,GTX Basic,Xx-holding,Won,2016-12-04,2017-03-10,598.0,finance,1993-01-01,7537.24,20293.0,United States,GTX,550.0,Summer Sewald,West
XA184CMW,Marty Freudenburg,GTX Plus Pro,Rangreen,Won,2016-12-04,2017-03-16,5787.0,technolgy,1987-01-01,2938.67,8775.0,Panama,GTX,5482.0,Melvin Marxen,Central
S0N7BYU3,Maureen Marcano,GTX Plus Basic,Singletechno,Won,2016-12-04,2017-03-08,1070.0,retail,1996-01-01,2214.94,5374.0,United States,GTX,1096.0,Summer Sewald,West
6WOMHAJM,Boris Faz,MG Advanced,Donquadtech,Won,2016-12-05,2017-03-14,3677.0,technolgy,1992-01-01,1712.68,3194.0,United States,MG,3393.0,Rocco Neubert,East
G1QGATKV,Cassey Cress,GTX Plus Pro,Ontomedia,Won,2016-12-05,2017-03-30,5425.0,employment,1997-01-01,882.12,2769.0,United States,GTX,5482.0,Rocco Neubert,East
6XFVQI32,Donn Cantrell,MG Advanced,Yearin,Won,2016-12-05,2017-03-23,3415.0,retail,2005-01-01,2261.05,3851.0,United States,MG,3393.0,Rocco Neubert,East
OGD4MDJ9,Maureen Marcano,GTX Plus Basic,Lexiqvolax,Won,2016-12-05,2017-03-21,891.0,medical,2004-01-01,1618.89,3889.0,United States,GTX,1096.0,Summer Sewald,West
4NGBUZWJ,Lajuana Vencill,GTX Basic,Codehow,Won,2016-12-06,2017-03-12,609.0,software,1998-01-01,2714.9,2641.0,United States,GTX,550.0,Dustin Brinkmann,Central
EFG5DGV5,Markita Hansen,MG Special,Plusstrip,Won,2016-12-06,2017-03-16,54.0,entertainment,2002-01-01,349.81,315.0,United States,MG,55.0,Celia Rouche,West
82MM4H33,Zane Levy,GTX Plus Basic,Labdrill,Won,2016-12-06,2017-03-09,1049.0,medical,1985-01-01,2741.37,9226.0,United States,GTX,1096.0,Summer Sewald,West
14PM641K,Cassey Cress,GTX Plus Basic,Gekko & Co,Won,2016-12-07,2017-03-07,1152.0,retail,1990-01-01,2520.83,3502.0,United States,GTX,1096.0,Rocco Neubert,East
DSBGHOPN,Daniell Hammack,MG Special,Plussunin,Lost,2016-12-07,2017-03-20,0.0,retail,2003-01-01,1419.98,4018.0,United States,MG,55.0,Rocco Neubert,East
E8RP9FRW,Gladys Colclough,MG Special,dambase,Won,2016-12-07,2017-03-12,51.0,marketing,1995-01-01,2173.98,2928.0,United States,MG,55.0,Melvin Marxen,Central
787IRG9Q,Hayden Neloms,MG Advanced,J-Texon,Won,2016-12-07,2017-03-03,3426.0,retail,1989-01-01,1388.67,3583.0,United States,MG,3393.0,Celia Rouche,West
0TUS4NAC,Jonathan Berthelot,MG Special,Rangreen,Won,2016-12-07,2017-03-11,51.0,technolgy,1987-01-01,2938.67,8775.0,Panama,MG,55.0,Melvin Marxen,Central
FAJTQMUM,Kami Bicknell,GTX Basic,Finjob,Won,2016-12-07,2017-03-20,564.0,employment,1988-01-01,2059.9,3644.0,United States,GTX,550.0,Summer Sewald,West
TWF0J0DF,Cecily Lampkin,GTX Plus Pro,Isdom,Won,2016-12-08,2017-03-01,5882.0,medical,2002-01-01,3178.24,4540.0,United States,GTX,5482.0,Dustin Brinkmann,Central
BOJSLNDG,Kami Bicknell,MG Advanced,Singletechno,Won,2016-12-08,2017-03-11,3388.0,retail,1996-01-01,2214.94,5374.0,United States,MG,3393.0,Summer Sewald,West
DASMR0EK,Markita Hansen,GTX Plus Pro,Zoomit,Won,2016-12-08,2017-03-10,5410.0,entertainment,1992-01-01,324.19,978.0,United States,GTX,5482.0,Celia Rouche,West
A76M0OOH,Reed Clapper,GTX Plus Basic,Zathunicon,Won,2016-12-08,2017-03-28,978.0,retail,2010-01-01,71.12,144.0,United States,GTX,1096.0,Rocco Neubert,East
E1VKE2PH,Vicki Laflamme,MG Special,Scotfind,Won,2016-12-08,2017-03-26,54.0,software,1996-01-01,6354.87,16780.0,United States,MG,55.0,Celia Rouche,West
SKY95DVG,Anna Snelling,MG Special,Betatech,Lost,2016-12-09,2017-03-22,0.0,medical,1986-01-01,647.18,1185.0,Kenya,MG,55.0,Dustin Brinkmann,Central
V5OK4V5I,Cassey Cress,GTX Basic,Bubba Gump,Won,2016-12-09,2017-03-14,549.0,software,2002-01-01,987.39,2253.0,United States,GTX,550.0,Rocco Neubert,East
GJ4L5HHN,Corliss Cosme,GTX Plus Basic,Mathtouch,Won,2016-12-09,2017-03-14,1034.0,marketing,1984-01-01,3027.46,9516.0,Jordan,GTX,1096.0,Cara Losch,East
0EOFVU05,Donn Cantrell,MG Advanced,Ontomedia,Won,2016-12-09,2017-03-28,3421.0,employment,1997-01-01,882.12,2769.0,United States,MG,3393.0,Rocco Neubert,East
HNHOPL7M,Kary Hendrixson,GTX Plus Pro,Doncon,Won,2016-12-09,2017-03-04,5425.0,technolgy,2010-01-01,587.72,1501.0,United States,GTX,5482.0,Summer Sewald,West
Y0NYI17R,Vicki Laflamme,MG Special,Dalttechnology,Won,2016-12-09,2017-03-15,55.0,software,2013-01-01,98.79,96.0,United States,MG,55.0,Celia Rouche,West
R4F4RGAL,Violet Mclelland,MG Advanced,Silis,Won,2016-12-09,2017-03-14,3558.0,medical,1994-01-01,2818.38,6290.0,United States,MG,3393.0,Cara Losch,East
40DPY158,Markita Hansen,MG Special,Hottechi,Won,2016-12-10,2017-03-25,47.0,technolgy,1997-01-01,8170.38,16499.0,Korea,MG,55.0,Celia Rouche,West
DP9E525R,Maureen Marcano,GTX Plus Basic,Fasehatice,Won,2016-12-10,2017-03-24,1007.0,retail,1990-01-01,4968.91,7523.0,United States,GTX,1096.0,Summer Sewald,West
DBDUMQQK,Niesha Huffines,MG Special,Inity,Won,2016-12-10,2017-03-24,48.0,marketing,1986-01-01,2403.58,8801.0,United States,MG,55.0,Melvin Marxen,Central
CNBN12RL,Versie Hillebrand,MG Special,Treequote,Won,2016-12-10,2017-03-07,49.0,telecommunications,1988-01-01,5266.09,8595.0,United States,MG,55.0,Dustin Brinkmann,Central
OXL0YWEE,Violet Mclelland,GTX Basic,Mathtouch,Won,2016-12-10,2017-03-18,504.0,marketing,1984-01-01,3027.46,9516.0,Jordan,GTX,550.0,Cara Losch,East
5CSSZJF4,Jonathan Berthelot,GTX Basic,Finhigh,Won,2016-12-11,2017-03-21,543.0,finance,2006-01-01,1102.43,1759.0,United States,GTX,550.0,Melvin Marxen,Central
0XG8TOJF,Kary Hendrixson,GTX Plus Pro,Fasehatice,Lost,2016-12-11,2017-03-18,0.0,retail,1990-01-01,4968.91,7523.0,United States,GTX,5482.0,Summer Sewald,West
2LP5SUR5,Lajuana Vencill,GTX Basic,Treequote,Lost,2016-12-11,2017-03-09,0.0,telecommunications,1988-01-01,5266.09,8595.0,United States,GTX,550.0,Dustin Brinkmann,Central
PYZZ3IS6,Markita Hansen,GTX Plus Basic,Blackzim,Won,2016-12-11,2017-03-11,1043.0,retail,2009-01-01,497.11,1588.0,United States,GTX,1096.0,Celia Rouche,West
5I4K5TQE,Cassey Cress,GTX Plus Pro,Sumace,Lost,2016-12-12,2017-03-09,0.0,retail,2000-01-01,167.89,493.0,Romania,GTX,5482.0,Rocco Neubert,East
RV3LPOYP,James Ascencio,GTX Basic,Condax,Won,2016-12-12,2017-03-29,437.0,medical,2017-01-01,4.54,9.0,United States,GTX,550.0,Summer Sewald,West
LC85AQ1I,Vicki Laflamme,GTX Basic,Konex,Won,2016-12-12,2017-03-18,443.0,technolgy,1980-01-01,7708.38,13756.0,United States,GTX,550.0,Celia Rouche,West
TBV972NP,Violet Mclelland,MG Special,Sumace,Lost,2016-12-12,2017-03-23,0.0,retail,2000-01-01,167.89,493.0,Romania,MG,55.0,Cara Losch,East
EJMX0EIJ,Darcel Schlecht,GTX Plus Pro,Betatech,Won,2016-12-13,2017-03-20,4278.0,medical,1986-01-01,647.18,1185.0,Kenya,GTX,5482.0,Melvin Marxen,Central
VR9NYBOV,Garret Kinder,MG Special,Kinnamplus,Won,2016-12-13,2017-03-06,41.0,retail,2004-01-01,702.72,1831.0,United States,MG,55.0,Cara Losch,East
3U25FK08,Jonathan Berthelot,GTX Basic,Isdom,Won,2016-12-13,2017-03-28,519.0,medical,2002-01-01,3178.24,4540.0,United States,GTX,550.0,Melvin Marxen,Central
CRLK4Z1P,Maureen Marcano,GTX Basic,Kan-code,Won,2016-12-13,2017-03-04,524.0,software,1982-01-01,11698.03,34288.0,United States,GTX,550.0,Summer Sewald,West
OGENAT0L,Zane Levy,GTX Basic,Singletechno,Won,2016-12-13,2017-03-27,552.0,retail,1996-01-01,2214.94,5374.0,United States,GTX,550.0,Summer Sewald,West
F57JWIDF,Gladys Colclough,GTX Plus Basic,Konmatfix,Won,2016-12-14,2017-03-02,970.0,marketing,1985-01-01,375.43,1190.0,United States,GTX,1096.0,Melvin Marxen,Central
J53D8EOL,Kary Hendrixson,GTX Plus Basic,Hottechi,Engaging,2016-12-14,,,technolgy,1997-01-01,8170.38,16499.0,Korea,GTX,1096.0,Summer Sewald,West
LF8JZ3Q5,Kary Hendrixson,GTX Plus Basic,Hatfan,Won,2016-12-14,2017-03-13,1046.0,services,1982-01-01,792.46,1299.0,United States,GTX,1096.0,Summer Sewald,West
MRGBSMQ5,Kary Hendrixson,GTX Plus Basic,Sunnamplex,Won,2016-12-14,2017-03-14,988.0,marketing,2008-01-01,894.37,1593.0,Poland,GTX,1096.0,Summer Sewald,West
CBAV8ZJL,Lajuana Vencill,GTX Basic,Codehow,Won,2016-12-14,2017-03-22,547.0,software,1998-01-01,2714.9,2641.0,United States,GTX,550.0,Dustin Brinkmann,Central
6JXHEZYK,Versie Hillebrand,MG Special,Isdom,Won,2016-12-14,2017-03-31,54.0,medical,2002-01-01,3178.24,4540.0,United States,MG,55.0,Dustin Brinkmann,Central
WDHNR2EI,Violet Mclelland,MG Special,Silis,Won,2016-12-14,2017-03-20,57.0,medical,1994-01-01,2818.38,6290.0,United States,MG,55.0,Cara Losch,East
4K750D6F,Violet Mclelland,MG Special,Yearin,Won,2016-12-14,2017-03-18,55.0,retail,2005-01-01,2261.05,3851.0,United States,MG,55.0,Cara Losch,East
94GI0ZJ7,Anna Snelling,GTX Plus Pro,Stanredtax,Won,2016-12-15,2017-03-15,5765.0,finance,1987-01-01,1698.2,3798.0,United States,GTX,5482.0,Dustin Brinkmann,Central
TODG6DEK,Daniell Hammack,GTX Basic,Bioplex,Won,2016-12-15,2017-03-16,639.0,medical,1991-01-01,326.82,1016.0,United States,GTX,550.0,Rocco Neubert,East
EZVKSQ9C,Boris Faz,GTX Plus Pro,Genco Pura Olive Oil Company,Engaging,2016-12-16,,,retail,2007-01-01,894.33,1635.0,Italy,GTX,5482.0,Rocco Neubert,East
RJYG004O,Daniell Hammack,GTX Basic,Domzoom,Engaging,2016-12-16,,,entertainment,1998-01-01,217.87,551.0,United States,GTX,550.0,Rocco Neubert,East
JZOKHHWN,Donn Cantrell,GTX Plus Basic,Opentech,Won,2016-12-16,2017-03-07,1037.0,finance,1994-01-01,355.23,853.0,United States,GTX,1096.0,Rocco Neubert,East
EH6I67I0,James Ascencio,GTX Basic,Plexzap,Won,2016-12-16,2017-03-15,537.0,retail,2001-01-01,2437.85,4874.0,United States,GTX,550.0,Summer Sewald,West
OT87JDWO,Lajuana Vencill,GTX Basic,Konmatfix,Won,2016-12-16,2017-03-24,560.0,marketing,1985-01-01,375.43,1190.0,United States,GTX,550.0,Dustin Brinkmann,Central
YHKT6YJ7,Moses Frase,GTX Basic,dambase,Won,2016-12-16,2017-03-13,589.0,marketing,1995-01-01,2173.98,2928.0,United States,GTX,550.0,Dustin Brinkmann,Central
H78I3TAY,Reed Clapper,GTX Basic,Mathtouch,Won,2016-12-16,2017-03-14,493.0,marketing,1984-01-01,3027.46,9516.0,Jordan,GTX,550.0,Rocco Neubert,East
1ROC43JK,Versie Hillebrand,MG Special,Betatech,Won,2016-12-16,2017-03-08,50.0,medical,1986-01-01,647.18,1185.0,Kenya,MG,55.0,Dustin Brinkmann,Central
LPZLQL48,Vicki Laflamme,GTX Basic,Y-corporation,Won,2016-12-16,2017-03-28,492.0,employment,1983-01-01,2871.35,9561.0,United States,GTX,550.0,Celia Rouche,West
3KR50X38,Corliss Cosme,GTX Plus Basic,Konex,Won,2016-12-17,2017-03-13,1255.0,technolgy,1980-01-01,7708.38,13756.0,United States,GTX,1096.0,Cara Losch,East
Q3WLHRE9,Darcel Schlecht,GTX Basic,Statholdings,Won,2016-12-17,2017-03-04,463.0,employment,1997-01-01,291.27,586.0,United States,GTX,550.0,Melvin Marxen,Central
IX7UEOAP,Donn Cantrell,GTX Plus Basic,Initech,Lost,2016-12-17,2017-03-27,0.0,telecommunications,1994-01-01,6395.05,20275.0,United States,GTX,1096.0,Rocco Neubert,East
NQU62K1H,Donn Cantrell,GTX Basic,Zencorporation,Won,2016-12-17,2017-03-12,605.0,technolgy,2011-01-01,40.79,142.0,China,GTX,550.0,Rocco Neubert,East
NAQKOU0T,Hayden Neloms,GTX Plus Basic,Fasehatice,Won,2016-12-17,2017-03-20,1315.0,retail,1990-01-01,4968.91,7523.0,United States,GTX,1096.0,Celia Rouche,West
I3V3GUAI,Lajuana Vencill,GTX Basic,Zumgoity,Won,2016-12-17,2017-03-02,559.0,medical,1984-01-01,441.08,1210.0,United States,GTX,550.0,Dustin Brinkmann,Central
PN4VJDXY,Moses Frase,GTX Basic,Rundofase,Won,2016-12-17,2017-03-28,557.0,technolgy,1983-01-01,1008.06,1238.0,United States,GTX,550.0,Dustin Brinkmann,Central
K9D4DQ3R,Rosie Papadopoulos,MG Special,Vehement Capital Partners,Won,2016-12-17,2017-03-02,48.0,finance,1993-01-01,646.1,883.0,United States,MG,55.0,Cara Losch,East
9X6V79KE,Versie Hillebrand,GTX Plus Pro,Isdom,Won,2016-12-17,2017-03-25,6282.0,medical,2002-01-01,3178.24,4540.0,United States,GTX,5482.0,Dustin Brinkmann,Central
W1KLFNE4,Anna Snelling,MG Advanced,Isdom,Won,2016-12-18,2017-03-02,3246.0,medical,2002-01-01,3178.24,4540.0,United States,MG,3393.0,Dustin Brinkmann,Central
GD2OCW12,Darcel Schlecht,GTX Basic,Finhigh,Won,2016-12-18,2017-03-14,514.0,finance,2006-01-01,1102.43,1759.0,United States,GTX,550.0,Melvin Marxen,Central
6XO4RYXK,Donn Cantrell,GTX Plus Basic,Silis,Won,2016-12-18,2017-03-15,1132.0,medical,1994-01-01,2818.38,6290.0,United States,GTX,1096.0,Rocco Neubert,East
18Y7GRPW,Garret Kinder,GTX Plus Pro,Silis,Won,2016-12-18,2017-03-21,5918.0,medical,1994-01-01,2818.38,6290.0,United States,GTX,5482.0,Cara Losch,East
U07C2HEG,Maureen Marcano,MG Special,Kan-code,Lost,2016-12-18,2017-03-14,0.0,software,1982-01-01,11698.03,34288.0,United States,MG,55.0,Summer Sewald,West
RNTOJ78L,Rosalina Dieter,MG Special,Hatfan,Lost,2016-12-18,2017-03-13,0.0,services,1982-01-01,792.46,1299.0,United States,MG,55.0,Celia Rouche,West
N07K7DR7,Rosie Papadopoulos,MG Special,Plexzap,Engaging,2016-12-18,,,retail,2001-01-01,2437.85,4874.0,United States,MG,55.0,Cara Losch,East
NLB4D5BQ,Versie Hillebrand,MG Advanced,Gogozoom,Won,2016-12-18,2017-03-24,2955.0,telecommunications,2007-01-01,86.68,187.0,United States,MG,3393.0,Dustin Brinkmann,Central
YZGDW4G1,Violet Mclelland,MG Special,Initech,Won,2016-12-18,2017-03-14,64.0,telecommunications,1994-01-01,6395.05,20275.0,United States,MG,55.0,Cara Losch,East
G8AO5FA2,Wilburn Farren,MG Advanced,Initech,Lost,2016-12-18,2017-03-27,0.0,telecommunications,1994-01-01,6395.05,20275.0,United States,MG,3393.0,Cara Losch,East
125VIRMX,Elease Gluck,GTK 500,Warephase,Engaging,2016-12-19,,,services,1997-01-01,2041.73,5276.0,United States,GTK,26768.0,Celia Rouche,West
LXXW3TRW,Elease Gluck,GTX Plus Basic,Scotfind,Won,2016-12-19,2017-03-18,1164.0,software,1996-01-01,6354.87,16780.0,United States,GTX,1096.0,Celia Rouche,West
8KJ3H262,Elease Gluck,MG Special,Singletechno,Won,2016-12-19,2017-03-07,65.0,retail,1996-01-01,2214.94,5374.0,United States,MG,55.0,Celia Rouche,West
88POGNEL,Gladys Colclough,GTX Plus Basic,Cancity,Lost,2016-12-19,2017-03-07,0.0,retail,2001-01-01,718.62,2448.0,United States,GTX,1096.0,Melvin Marxen,Central
UYP3NNU6,Kami Bicknell,GTX Basic,Groovestreet,Won,2016-12-19,2017-03-16,441.0,retail,2003-01-01,223.8,299.0,United States,GTX,550.0,Summer Sewald,West
S1V8684Y,Marty Freudenburg,GTX Plus Basic,Finhigh,Lost,2016-12-19,2017-03-12,0.0,finance,2006-01-01,1102.43,1759.0,United States,GTX,1096.0,Melvin Marxen,Central
L62MDI48,Anna Snelling,MG Advanced,Isdom,Lost,2016-12-20,2017-03-01,0.0,medical,2002-01-01,3178.24,4540.0,United States,MG,3393.0,Dustin Brinkmann,Central
3EL8D4WO,Darcel Schlecht,MG Advanced,Codehow,Won,2016-12-20,2017-03-25,3269.0,software,1998-01-01,2714.9,2641.0,United States,MG,3393.0,Melvin Marxen,Central
VOAN1NXG,Donn Cantrell,GTX Basic,Kinnamplus,Won,2016-12-20,2017-03-12,579.0,retail,2004-01-01,702.72,1831.0,United States,GTX,550.0,Rocco Neubert,East
ALW92XQL,Gladys Colclough,GTX Basic,Isdom,Lost,2016-12-20,2017-03-25,0.0,medical,2002-01-01,3178.24,4540.0,United States,GTX,550.0,Melvin Marxen,Central
TJ6ZA1M3,Kary Hendrixson,GTX Basic,Dalttechnology,Lost,2016-12-20,2017-03-07,0.0,software,2013-01-01,98.79,96.0,United States,GTX,550.0,Summer Sewald,West
FKAFO8O9,Kary Hendrixson,MG Special,Xx-holding,Won,2016-12-20,2017-03-31,51.0,finance,1993-01-01,7537.24,20293.0,United States,MG,55.0,Summer Sewald,West
1XBC7M9F,Markita Hansen,MG Special,Faxquote,Won,2016-12-20,2017-03-08,64.0,telecommunications,1995-01-01,1825.82,5595.0,United States,MG,55.0,Celia Rouche,West
8IXBS90G,Rosie Papadopoulos,MG Special,Donware,Won,2016-12-20,2017-03-08,60.0,marketing,1999-01-01,1197.44,2570.0,United States,MG,55.0,Cara Losch,East
2X45BEOS,Cassey Cress,GTX Plus Basic,Ganjaflex,Won,2016-12-21,2017-03-27,1186.0,retail,1995-01-01,5158.71,17479.0,Japan,GTX,1096.0,Rocco Neubert,East
EQ8X0QTL,Corliss Cosme,MG Advanced,Yearin,Won,2016-12-21,2017-03-09,3577.0,retail,2005-01-01,2261.05,3851.0,United States,MG,3393.0,Cara Losch,East
5QD53WHF,Daniell Hammack,GTX Plus Basic,Donquadtech,Won,2016-12-21,2017-03-07,1020.0,technolgy,1992-01-01,1712.68,3194.0,United States,GTX,1096.0,Rocco Neubert,East
79EABK3X,Hayden Neloms,MG Special,Zoomit,Won,2016-12-21,2017-03-23,53.0,entertainment,1992-01-01,324.19,978.0,United States,MG,55.0,Celia Rouche,West
2DKO9X1T,Jonathan Berthelot,GTX Basic,Rundofase,Lost,2016-12-21,2017-03-10,0.0,technolgy,1983-01-01,1008.06,1238.0,United States,GTX,550.0,Melvin Marxen,Central
IBDEQVBN,Kary Hendrixson,GTX Basic,Faxquote,Lost,2016-12-21,2017-03-28,0.0,telecommunications,1995-01-01,1825.82,5595.0,United States,GTX,550.0,Summer Sewald,West
62AK8UWX,Moses Frase,GTX Basic,Codehow,Won,2016-12-21,2017-03-22,546.0,software,1998-01-01,2714.9,2641.0,United States,GTX,550.0,Dustin Brinkmann,Central
5QM4ORNT,Niesha Huffines,GTX Plus Basic,Domzoom,Won,2016-12-21,2017-03-21,1212.0,entertainment,1998-01-01,217.87,551.0,United States,GTX,1096.0,Melvin Marxen,Central
S91N9YBL,Vicki Laflamme,GTX Basic,Sunnamplex,Lost,2016-12-21,2017-03-08,0.0,marketing,2008-01-01,894.37,1593.0,Poland,GTX,550.0,Celia Rouche,West
44H0FJMH,Anna Snelling,GTX Plus Pro,Bioholding,Lost,2016-12-22,2017-03-27,0.0,medical,2012-01-01,587.34,1356.0,Philipines,GTX,5482.0,Dustin Brinkmann,Central
N5AZLQZR,Gladys Colclough,GTX Plus Pro,Dontechi,Won,2016-12-22,2017-03-14,5533.0,software,1982-01-01,4618.0,10083.0,United States,GTX,5482.0,Melvin Marxen,Central
4T295XQL,Kami Bicknell,MG Advanced,Finjob,Won,2016-12-22,2017-03-01,3295.0,employment,1988-01-01,2059.9,3644.0,United States,MG,3393.0,Summer Sewald,West
YFS5KLJJ,Rosalina Dieter,MG Special,Finjob,Won,2016-12-22,2017-03-31,45.0,employment,1988-01-01,2059.9,3644.0,United States,MG,55.0,Celia Rouche,West
S8GLKDB9,Violet Mclelland,MG Special,Bioplex,Won,2016-12-22,2017-03-04,56.0,medical,1991-01-01,326.82,1016.0,United States,MG,55.0,Cara Losch,East
IE7VQ5BA,Daniell Hammack,GTX Plus Basic,Finhigh,Engaging,2016-12-23,,,finance,2006-01-01,1102.43,1759.0,United States,GTX,1096.0,Rocco Neubert,East
M0JKP0HT,Gladys Colclough,MG Advanced,Isdom,Won,2016-12-23,2017-03-13,3440.0,medical,2002-01-01,3178.24,4540.0,United States,MG,3393.0,Melvin Marxen,Central
3X8VLQ5G,Jonathan Berthelot,GTX Basic,Cancity,Won,2016-12-23,2017-03-12,469.0,retail,2001-01-01,718.62,2448.0,United States,GTX,550.0,Melvin Marxen,Central
EZLXL6GL,Moses Frase,MG Special,Isdom,Won,2016-12-23,2017-03-07,58.0,medical,2002-01-01,3178.24,4540.0,United States,MG,55.0,Dustin Brinkmann,Central
R8PEL8V8,Cecily Lampkin,MG Advanced,Isdom,Won,2016-12-24,2017-03-16,2955.0,medical,2002-01-01,3178.24,4540.0,United States,MG,3393.0,Dustin Brinkmann,Central
L1R32S8H,Corliss Cosme,GTX Plus Pro,Condax,Won,2016-12-24,2017-03-26,5228.0,medical,2017-01-01,4.54,9.0,United States,GTX,5482.0,Cara Losch,East
J7N8J8NM,Darcel Schlecht,MG Advanced,Toughzap,Won,2016-12-24,2017-03-14,3358.0,retail,1995-01-01,332.43,799.0,United States,MG,3393.0,Melvin Marxen,Central
TO7PGVP1,Elease Gluck,GTX Plus Pro,Green-Plus,Lost,2016-12-24,2017-03-29,0.0,services,2003-01-01,692.19,1922.0,United States,GTX,5482.0,Celia Rouche,West
A051G1B4,Jonathan Berthelot,GTX Basic,Codehow,Won,2016-12-24,2017-03-31,517.0,software,1998-01-01,2714.9,2641.0,United States,GTX,550.0,Melvin Marxen,Central
NMDMM5YJ,Moses Frase,GTX Basic,Dontechi,Won,2016-12-24,2017-03-03,615.0,software,1982-01-01,4618.0,10083.0,United States,GTX,550.0,Dustin Brinkmann,Central
LWPJEV3U,Niesha Huffines,GTX Basic,Domzoom,Lost,2016-12-24,2017-03-10,0.0,entertainment,1998-01-01,217.87,551.0,United States,GTX,550.0,Melvin Marxen,Central
I93ZFHEM,Versie Hillebrand,MG Special,Condax,Won,2016-12-24,2017-03-08,62.0,medical,2017-01-01,4.54,9.0,United States,MG,55.0,Dustin Brinkmann,Central
B2VJCVBB,Darcel Schlecht,GTX Plus Pro,Isdom,Won,2016-12-25,2017-03-13,4711.0,medical,2002-01-01,3178.24,4540.0,United States,GTX,5482.0,Melvin Marxen,Central
PC78RLUX,Garret Kinder,GTX Basic,Yearin,Won,2016-12-25,2017-03-30,510.0,retail,2005-01-01,2261.05,3851.0,United States,GTX,550.0,Cara Losch,East
OWM3BPGW,Hayden Neloms,GTX Plus Basic,Green-Plus,Won,2016-12-25,2017-03-17,926.0,services,2003-01-01,692.19,1922.0,United States,GTX,1096.0,Celia Rouche,West
RP5PS9A5,Lajuana Vencill,MG Special,Betatech,Won,2016-12-25,2017-03-10,56.0,medical,1986-01-01,647.18,1185.0,Kenya,MG,55.0,Dustin Brinkmann,Central
AI76U58A,Maureen Marcano,GTX Basic,Treequote,Engaging,2016-12-25,,,telecommunications,1988-01-01,5266.09,8595.0,United States,GTX,550.0,Summer Sewald,West
F2PW7WP2,Violet Mclelland,MG Special,Ontomedia,Won,2016-12-25,2017-03-05,47.0,employment,1997-01-01,882.12,2769.0,United States,MG,55.0,Cara Losch,East
GK8YD2XW,Darcel Schlecht,GTX Basic,Rangreen,Lost,2016-12-26,2017-03-23,0.0,technolgy,1987-01-01,2938.67,8775.0,Panama,GTX,550.0,Melvin Marxen,Central
U4LRR9E9,James Ascencio,GTX Plus Pro,Nam-zim,Won,2016-12-26,2017-03-10,6490.0,services,1987-01-01,405.59,1179.0,Brazil,GTX,5482.0,Summer Sewald,West
B00UMAV4,Kami Bicknell,MG Advanced,Gogozoom,Engaging,2016-12-26,,,telecommunications,2007-01-01,86.68,187.0,United States,MG,3393.0,Summer Sewald,West
9N55D1AH,Niesha Huffines,MG Advanced,Treequote,Won,2016-12-26,2017-03-02,3841.0,telecommunications,1988-01-01,5266.09,8595.0,United States,MG,3393.0,Melvin Marxen,Central
WI4PODA2,Kary Hendrixson,GTX Plus Pro,Faxquote,Won,2016-12-27,2017-03-15,5256.0,telecommunications,1995-01-01,1825.82,5595.0,United States,GTX,5482.0,Summer Sewald,West
VF1V41RI,Markita Hansen,MG Special,Kan-code,Lost,2016-12-27,2017-03-28,0.0,software,1982-01-01,11698.03,34288.0,United States,MG,55.0,Celia Rouche,West
1B4L7TNG,Markita Hansen,MG Advanced,Sonron,Lost,2016-12-27,2017-03-25,0.0,telecommunications,1999-01-01,1699.85,5108.0,United States,MG,3393.0,Celia Rouche,West
MZAN11FT,Anna Snelling,GTX Basic,Conecom,Won,2016-12-28,2017-03-01,625.0,technolgy,2005-01-01,1520.66,1806.0,United States,GTX,550.0,Dustin Brinkmann,Central
MOLGOSGE,Kary Hendrixson,GTX Plus Pro,Konex,Won,2016-12-28,2017-03-13,5515.0,technolgy,1980-01-01,7708.38,13756.0,United States,GTX,5482.0,Summer Sewald,West
FA1VHZSV,Reed Clapper,MG Special,Vehement Capital Partners,Won,2016-12-28,2017-03-16,57.0,finance,1993-01-01,646.1,883.0,United States,MG,55.0,Rocco Neubert,East
PXQEX039,Versie Hillebrand,MG Special,Konmatfix,Won,2016-12-28,2017-03-28,51.0,marketing,1985-01-01,375.43,1190.0,United States,MG,55.0,Dustin Brinkmann,Central
RX56S6G3,Vicki Laflamme,MG Advanced,Fasehatice,Won,2016-12-28,2017-03-13,3803.0,retail,1990-01-01,4968.91,7523.0,United States,MG,3393.0,Celia Rouche,West
G4F8W039,Anna Snelling,GTX Plus Pro,Rundofase,Won,2016-12-29,2017-03-27,5459.0,technolgy,1983-01-01,1008.06,1238.0,United States,GTX,5482.0,Dustin Brinkmann,Central
4T31MWVO,Anna Snelling,MG Advanced,Stanredtax,Won,2016-12-29,2017-03-23,4148.0,finance,1987-01-01,1698.2,3798.0,United States,MG,3393.0,Dustin Brinkmann,Central
83XN082U,Corliss Cosme,GTX Plus Pro,Ganjaflex,Won,2016-12-29,2017-03-23,5002.0,retail,1995-01-01,5158.71,17479.0,Japan,GTX,5482.0,Cara Losch,East
J21W3WIW,Corliss Cosme,MG Advanced,Gekko & Co,Won,2016-12-29,2017-03-03,3351.0,retail,1990-01-01,2520.83,3502.0,United States,MG,3393.0,Cara Losch,East
52UPJFYI,Gladys Colclough,GTX Basic,Domzoom,Won,2016-12-29,2017-03-19,571.0,entertainment,1998-01-01,217.87,551.0,United States,GTX,550.0,Melvin Marxen,Central
QOL51JIB,James Ascencio,GTX Basic,Goodsilron,Won,2016-12-29,2017-03-10,601.0,marketing,2000-01-01,2952.73,5107.0,United States,GTX,550.0,Summer Sewald,West
93AGN8A6,Markita Hansen,GTX Basic,Zoomit,Won,2016-12-29,2017-03-13,576.0,entertainment,1992-01-01,324.19,978.0,United States,GTX,550.0,Celia Rouche,West
J7UNJFJL,Marty Freudenburg,MG Special,Funholding,Won,2016-12-29,2017-03-03,52.0,finance,1991-01-01,2819.5,7227.0,United States,MG,55.0,Melvin Marxen,Central
A4H5ESTU,Maureen Marcano,GTX Plus Basic,Fasehatice,Won,2016-12-29,2017-03-13,1185.0,retail,1990-01-01,4968.91,7523.0,United States,GTX,1096.0,Summer Sewald,West
8EZ04VQB,Reed Clapper,GTX Plus Basic,Gekko & Co,Lost,2016-12-29,2017-03-28,0.0,retail,1990-01-01,2520.83,3502.0,United States,GTX,1096.0,Rocco Neubert,East
4501T63I,Rosalina Dieter,MG Special,Plexzap,Won,2016-12-29,2017-03-14,56.0,retail,2001-01-01,2437.85,4874.0,United States,MG,55.0,Celia Rouche,West
FPNGEJRC,Violet Mclelland,MG Special,Opentech,Won,2016-12-29,2017-03-29,54.0,finance,1994-01-01,355.23,853.0,United States,MG,55.0,Cara Losch,East
Q7IRUJK7,Anna Snelling,GTX Plus Pro,Codehow,Won,2017-01-01,2017-03-01,5087.0,software,1998-01-01,2714.9,2641.0,United States,GTX,5482.0,Dustin Brinkmann,Central
DTZPYISJ,Daniell Hammack,GTX Plus Basic,Opentech,Won,2017-01-01,2017-03-19,1116.0,finance,1994-01-01,355.23,853.0,United States,GTX,1096.0,Rocco Neubert,East
Y9HWSG8Z,Darcel Schlecht,GTX Basic,Gogozoom,Won,2017-01-01,2017-03-20,510.0,telecommunications,2007-01-01,86.68,187.0,United States,GTX,550.0,Melvin Marxen,Central
JOQCXC9Z,Jonathan Berthelot,GTX Basic,Streethex,Won,2017-01-01,2017-03-16,565.0,retail,1988-01-01,1376.8,1165.0,Belgium,GTX,550.0,Melvin Marxen,Central
AP7PCLAZ,Kami Bicknell,GTX Basic,Finjob,Won,2017-01-01,2017-03-26,633.0,employment,1988-01-01,2059.9,3644.0,United States,GTX,550.0,Summer Sewald,West
BIE471SO,Reed Clapper,MG Advanced,Xx-zobam,Won,2017-01-01,2017-03-29,3962.0,entertainment,1989-01-01,3838.39,8274.0,United States,MG,3393.0,Rocco Neubert,East
UA8AWDG4,Vicki Laflamme,MG Advanced,Y-corporation,Won,2017-01-01,2017-03-22,3672.0,employment,1983-01-01,2871.35,9561.0,United States,MG,3393.0,Celia Rouche,West
BTT6YAVZ,Zane Levy,GTX Plus Basic,Green-Plus,Engaging,2017-01-01,,,services,2003-01-01,692.19,1922.0,United States,GTX,1096.0,Summer Sewald,West
PC1NUL8Q,Anna Snelling,MG Special,Hottechi,Won,2017-01-02,2017-03-02,60.0,technolgy,1997-01-01,8170.38,16499.0,Korea,MG,55.0,Dustin Brinkmann,Central
O7UUAK3Y,Corliss Cosme,GTX Plus Basic,dambase,Engaging,2017-01-02,,,marketing,1995-01-01,2173.98,2928.0,United States,GTX,1096.0,Cara Losch,East
F1X5ZJ7V,Jonathan Berthelot,GTX Basic,Dontechi,Won,2017-01-02,2017-05-04,572.0,software,1982-01-01,4618.0,10083.0,United States,GTX,550.0,Melvin Marxen,Central
IF7MJ88P,Kary Hendrixson,GTX Basic,Goodsilron,Won,2017-01-02,2017-03-01,550.0,marketing,2000-01-01,2952.73,5107.0,United States,GTX,550.0,Summer Sewald,West
12MQ3WM8,Marty Freudenburg,MG Advanced,Zumgoity,Won,2017-01-02,2017-03-10,3647.0,medical,1984-01-01,441.08,1210.0,United States,MG,3393.0,Melvin Marxen,Central
91M6FY8S,Moses Frase,GTX Basic,Dontechi,Won,2017-01-02,2017-03-21,573.0,software,1982-01-01,4618.0,10083.0,United States,GTX,550.0,Dustin Brinkmann,Central
0LNZRNEU,Violet Mclelland,GTX Basic,Zencorporation,Won,2017-01-02,2017-03-29,542.0,technolgy,2011-01-01,40.79,142.0,China,GTX,550.0,Cara Losch,East
NKOKUS7D,Cassey Cress,MG Advanced,Donware,Won,2017-01-03,2017-03-12,3479.0,marketing,1999-01-01,1197.44,2570.0,United States,MG,3393.0,Rocco Neubert,East
NF6GCTMV,Daniell Hammack,MG Advanced,Ganjaflex,Lost,2017-01-03,2017-03-22,0.0,retail,1995-01-01,5158.71,17479.0,Japan,MG,3393.0,Rocco Neubert,East
I4UCA7CU,Darcel Schlecht,GTX Plus Basic,Stanredtax,Won,2017-01-03,2017-03-21,1012.0,finance,1987-01-01,1698.2,3798.0,United States,GTX,1096.0,Melvin Marxen,Central
1LI7ETNZ,James Ascencio,GTX Plus Basic,Doncon,Won,2017-01-03,2017-03-06,990.0,technolgy,2010-01-01,587.72,1501.0,United States,GTX,1096.0,Summer Sewald,West
77ZECYVJ,Kary Hendrixson,GTX Basic,Finjob,Lost,2017-01-03,2017-03-17,0.0,employment,1988-01-01,2059.9,3644.0,United States,GTX,550.0,Summer Sewald,West
IRB461Y7,Kary Hendrixson,GTX Plus Basic,Xx-holding,Won,2017-01-03,2017-03-30,1054.0,finance,1993-01-01,7537.24,20293.0,United States,GTX,1096.0,Summer Sewald,West
NM2Q3CGW,Vicki Laflamme,MG Special,Scotfind,Won,2017-01-03,2017-03-15,55.0,software,1996-01-01,6354.87,16780.0,United States,MG,55.0,Celia Rouche,West
OEEUEIPJ,Violet Mclelland,MG Special,Ganjaflex,Lost,2017-01-03,2017-03-05,0.0,retail,1995-01-01,5158.71,17479.0,Japan,MG,55.0,Cara Losch,East
5E14LG51,Boris Faz,GTX Plus Basic,Iselectrics,Won,2017-01-04,2017-03-25,1073.0,technolgy,2011-01-01,527.11,1428.0,United States,GTX,1096.0,Rocco Neubert,East
TIAGZQ54,Cecily Lampkin,MG Advanced,Genco Pura Olive Oil Company,Lost,2017-01-04,2017-03-20,0.0,retail,2007-01-01,894.33,1635.0,Italy,MG,3393.0,Dustin Brinkmann,Central
CRX91A45,Kary Hendrixson,GTX Basic,Faxquote,Won,2017-01-04,2017-03-16,586.0,telecommunications,1995-01-01,1825.82,5595.0,United States,GTX,550.0,Summer Sewald,West
SV4SOO2K,Vicki Laflamme,GTX Plus Basic,Hottechi,Won,2017-01-04,2017-03-28,880.0,technolgy,1997-01-01,8170.38,16499.0,Korea,GTX,1096.0,Celia Rouche,West
ITHR5WLF,Vicki Laflamme,MG Advanced,Plexzap,Won,2017-01-04,2017-03-12,3676.0,retail,2001-01-01,2437.85,4874.0,United States,MG,3393.0,Celia Rouche,West
279625VN,Anna Snelling,MG Advanced,Funholding,Lost,2017-01-05,2017-03-25,0.0,finance,1991-01-01,2819.5,7227.0,United States,MG,3393.0,Dustin Brinkmann,Central
E8EY51IC,Garret Kinder,GTX Plus Basic,Opentech,Lost,2017-01-05,2017-03-26,0.0,finance,1994-01-01,355.23,853.0,United States,GTX,1096.0,Cara Losch,East
85XNDIK1,Kary Hendrixson,GTX Basic,Blackzim,Lost,2017-01-05,2017-03-30,0.0,retail,2009-01-01,497.11,1588.0,United States,GTX,550.0,Summer Sewald,West
VCA1WAB0,Anna Snelling,MG Advanced,Funholding,Lost,2017-01-06,2017-03-21,0.0,finance,1991-01-01,2819.5,7227.0,United States,MG,3393.0,Dustin Brinkmann,Central
1G866GH4,Darcel Schlecht,MG Special,Toughzap,Won,2017-01-06,2017-03-17,56.0,retail,1995-01-01,332.43,799.0,United States,MG,55.0,Melvin Marxen,Central
WDG0B1IR,Gladys Colclough,MG Special,Rundofase,Lost,2017-01-06,2017-03-23,0.0,technolgy,1983-01-01,1008.06,1238.0,United States,MG,55.0,Melvin Marxen,Central
Q5CABPMO,Gladys Colclough,MG Special,Funholding,Won,2017-01-06,2017-03-23,44.0,finance,1991-01-01,2819.5,7227.0,United States,MG,55.0,Melvin Marxen,Central
HHBA93J5,Kary Hendrixson,GTX Basic,Konex,Won,2017-01-06,2017-03-27,532.0,technolgy,1980-01-01,7708.38,13756.0,United States,GTX,550.0,Summer Sewald,West
R0W6A9BG,Lajuana Vencill,GTX Basic,Treequote,Lost,2017-01-06,2017-05-10,0.0,telecommunications,1988-01-01,5266.09,8595.0,United States,GTX,550.0,Dustin Brinkmann,Central
P5EGQ0HI,Lajuana Vencill,GTX Basic,Zumgoity,Lost,2017-01-06,2017-03-20,0.0,medical,1984-01-01,441.08,1210.0,United States,GTX,550.0,Dustin Brinkmann,Central
S3XI6YB3,Versie Hillebrand,GTX Basic,Domzoom,Lost,2017-01-06,2017-03-24,0.0,entertainment,1998-01-01,217.87,551.0,United States,GTX,550.0,Dustin Brinkmann,Central
BBC3JB3H,Anna Snelling,GTX Basic,Isdom,Won,2017-01-07,2017-03-08,622.0,medical,2002-01-01,3178.24,4540.0,United States,GTX,550.0,Dustin Brinkmann,Central
7XVLKX8G,Cecily Lampkin,GTX Plus Pro,Cancity,Lost,2017-01-07,2017-03-05,0.0,retail,2001-01-01,718.62,2448.0,United States,GTX,5482.0,Dustin Brinkmann,Central
OX4P78HP,Corliss Cosme,GTX Plus Basic,Xx-zobam,Won,2017-01-07,2017-03-16,1257.0,entertainment,1989-01-01,3838.39,8274.0,United States,GTX,1096.0,Cara Losch,East
72LNJRY9,Maureen Marcano,GTX Plus Basic,Lexiqvolax,Won,2017-01-07,2017-03-25,1135.0,medical,2004-01-01,1618.89,3889.0,United States,GTX,1096.0,Summer Sewald,West
8C2WG2FB,Zane Levy,MG Advanced,Hottechi,Lost,2017-01-07,2017-03-28,0.0,technolgy,1997-01-01,8170.38,16499.0,Korea,MG,3393.0,Summer Sewald,West
S24L8LVR,Anna Snelling,GTX Plus Pro,dambase,Won,2017-01-08,2017-03-18,5210.0,marketing,1995-01-01,2173.98,2928.0,United States,GTX,5482.0,Dustin Brinkmann,Central
JXWXEJXE,Lajuana Vencill,MG Special,Ron-tech,Won,2017-01-08,2017-03-27,47.0,medical,1992-01-01,3922.42,6837.0,United States,MG,55.0,Dustin Brinkmann,Central
W2JCRPLX,Markita Hansen,MG Advanced,Konex,Won,2017-01-08,2017-03-22,3220.0,technolgy,1980-01-01,7708.38,13756.0,United States,MG,3393.0,Celia Rouche,West
EQCD7G7Q,Rosalina Dieter,GTX Basic,Initech,Engaging,2017-01-08,,,telecommunications,1994-01-01,6395.05,20275.0,United States,GTX,550.0,Celia Rouche,West
1M2I2NXQ,Rosie Papadopoulos,MG Special,Donware,Won,2017-01-08,2017-03-26,47.0,marketing,1999-01-01,1197.44,2570.0,United States,MG,55.0,Cara Losch,East
XYNTWPN1,Violet Mclelland,MG Special,Rundofase,Engaging,2017-01-08,,,technolgy,1983-01-01,1008.06,1238.0,United States,MG,55.0,Cara Losch,East
54EGR0AD,Violet Mclelland,MG Special,Yearin,Won,2017-01-08,2017-03-25,63.0,retail,2005-01-01,2261.05,3851.0,United States,MG,55.0,Cara Losch,East
VT5Y73GX,Anna Snelling,MG Special,Betatech,Won,2017-01-09,2017-03-15,56.0,medical,1986-01-01,647.18,1185.0,Kenya,MG,55.0,Dustin Brinkmann,Central
8O9V7UOZ,Anna Snelling,MG Special,Rundofase,Won,2017-01-09,2017-03-01,65.0,technolgy,1983-01-01,1008.06,1238.0,United States,MG,55.0,Dustin Brinkmann,Central
GIIC5H9X,Boris Faz,GTX Plus Pro,Donquadtech,Won,2017-01-09,2017-03-19,5743.0,technolgy,1992-01-01,1712.68,3194.0,United States,GTX,5482.0,Rocco Neubert,East
9WMU7YHD,Cassey Cress,MG Special,Mathtouch,Won,2017-01-09,2017-03-03,53.0,marketing,1984-01-01,3027.46,9516.0,Jordan,MG,55.0,Rocco Neubert,East
8BQMFR86,Corliss Cosme,GTX Plus Pro,Betasoloin,Won,2017-01-09,2017-03-30,4974.0,medical,1999-01-01,251.41,495.0,United States,GTX,5482.0,Cara Losch,East
DDCC6ZPK,Donn Cantrell,MG Advanced,Ontomedia,Won,2017-01-09,2017-03-25,3892.0,employment,1997-01-01,882.12,2769.0,United States,MG,3393.0,Rocco Neubert,East
FKS9MVF6,Jonathan Berthelot,GTX Basic,Inity,Won,2017-01-09,2017-03-02,504.0,marketing,1986-01-01,2403.58,8801.0,United States,GTX,550.0,Melvin Marxen,Central
HF8ABDF6,Rosalina Dieter,MG Advanced,Xx-holding,Won,2017-01-09,2017-03-29,3145.0,finance,1993-01-01,7537.24,20293.0,United States,MG,3393.0,Celia Rouche,West
SIRC44NM,Vicki Laflamme,GTX Basic,Finjob,Won,2017-01-09,2017-03-27,564.0,employment,1988-01-01,2059.9,3644.0,United States,GTX,550.0,Celia Rouche,West
7S6SHJJG,Zane Levy,GTX Plus Basic,Fasehatice,Won,2017-01-09,2017-03-14,1117.0,retail,1990-01-01,4968.91,7523.0,United States,GTX,1096.0,Summer Sewald,West
ZE84UHHB,Anna Snelling,MG Special,Inity,Won,2017-01-10,2017-03-26,59.0,marketing,1986-01-01,2403.58,8801.0,United States,MG,55.0,Dustin Brinkmann,Central
2R3ZA84D,Darcel Schlecht,MG Special,Finhigh,Won,2017-01-10,2017-03-28,52.0,finance,2006-01-01,1102.43,1759.0,United States,MG,55.0,Melvin Marxen,Central
T5C527Z9,Kary Hendrixson,GTX Plus Basic,Singletechno,Won,2017-01-10,2017-03-08,1095.0,retail,1996-01-01,2214.94,5374.0,United States,GTX,1096.0,Summer Sewald,West
XC4LTIEO,Lajuana Vencill,GTX Basic,Conecom,Lost,2017-01-10,2017-05-02,0.0,technolgy,2005-01-01,1520.66,1806.0,United States,GTX,550.0,Dustin Brinkmann,Central
AEBF9M5T,Lajuana Vencill,GTX Basic,Ron-tech,Won,2017-01-10,2017-03-30,489.0,medical,1992-01-01,3922.42,6837.0,United States,GTX,550.0,Dustin Brinkmann,Central
MCE5DKD1,Markita Hansen,MG Special,Bioholding,Engaging,2017-01-10,,,medical,2012-01-01,587.34,1356.0,Philipines,MG,55.0,Celia Rouche,West
EV46ES18,Markita Hansen,GTX Plus Pro,Golddex,Won,2017-01-10,2017-03-16,5908.0,finance,2008-01-01,52.5,165.0,United States,GTX,5482.0,Celia Rouche,West
ID3IJHUS,Markita Hansen,MG Advanced,Xx-holding,Won,2017-01-10,2017-03-11,3820.0,finance,1993-01-01,7537.24,20293.0,United States,MG,3393.0,Celia Rouche,West
YBJ72HKE,Maureen Marcano,GTX Plus Basic,Hottechi,Lost,2017-01-10,2017-03-12,0.0,technolgy,1997-01-01,8170.38,16499.0,Korea,GTX,1096.0,Summer Sewald,West
5DEO8EDS,Vicki Laflamme,GTX Basic,Rantouch,Won,2017-01-10,2017-03-20,581.0,telecommunications,1994-01-01,1188.42,3015.0,United States,GTX,550.0,Celia Rouche,West
WPXAMXD2,Darcel Schlecht,GTX Plus Pro,Funholding,Lost,2017-01-11,2017-03-10,0.0,finance,1991-01-01,2819.5,7227.0,United States,GTX,5482.0,Melvin Marxen,Central
A4BBDK82,Jonathan Berthelot,GTX Basic,Gogozoom,Won,2017-01-11,2017-03-28,585.0,telecommunications,2007-01-01,86.68,187.0,United States,GTX,550.0,Melvin Marxen,Central
LMOAYCUK,Kami Bicknell,GTX Plus Basic,Plusstrip,Engaging,2017-01-11,,,entertainment,2002-01-01,349.81,315.0,United States,GTX,1096.0,Summer Sewald,West
4XCJP60W,Kami Bicknell,GTX Basic,Nam-zim,Won,2017-01-11,2017-05-06,572.0,services,1987-01-01,405.59,1179.0,Brazil,GTX,550.0,Summer Sewald,West
CDKX2A19,Lajuana Vencill,MG Advanced,Zumgoity,Won,2017-01-11,2017-03-12,3669.0,medical,1984-01-01,441.08,1210.0,United States,MG,3393.0,Dustin Brinkmann,Central
344I60EI,Markita Hansen,GTX Plus Basic,Golddex,Won,2017-01-11,2017-03-16,1091.0,finance,2008-01-01,52.5,165.0,United States,GTX,1096.0,Celia Rouche,West
YI30GSB5,Marty Freudenburg,GTX Plus Basic,Rangreen,Lost,2017-01-11,2017-03-31,0.0,technolgy,1987-01-01,2938.67,8775.0,Panama,GTX,1096.0,Melvin Marxen,Central
6IMUQYMN,Corliss Cosme,GTX Basic,Vehement Capital Partners,Won,2017-01-12,2017-03-10,540.0,finance,1993-01-01,646.1,883.0,United States,GTX,550.0,Cara Losch,East
N9GAZ6B6,Gladys Colclough,MG Special,Zumgoity,Won,2017-01-12,2017-03-20,49.0,medical,1984-01-01,441.08,1210.0,United States,MG,55.0,Melvin Marxen,Central
8O3IYWSM,Jonathan Berthelot,GTX Basic,Globex Corporation,Won,2017-01-12,2017-05-17,513.0,technolgy,2000-01-01,1223.72,2497.0,Norway,GTX,550.0,Melvin Marxen,Central
R3OR0J5C,Lajuana Vencill,MG Special,Gogozoom,Won,2017-01-12,2017-03-30,54.0,telecommunications,2007-01-01,86.68,187.0,United States,MG,55.0,Dustin Brinkmann,Central
0I6U3MQ6,Violet Mclelland,GTX Basic,Funholding,Engaging,2017-01-12,,,finance,1991-01-01,2819.5,7227.0,United States,GTX,550.0,Cara Losch,East
RXV4UXRE,Violet Mclelland,MG Special,Yearin,Won,2017-01-12,2017-03-23,56.0,retail,2005-01-01,2261.05,3851.0,United States,MG,55.0,Cara Losch,East
5AKGNKX1,Anna Snelling,MG Special,Konmatfix,Won,2017-01-13,2017-03-16,58.0,marketing,1985-01-01,375.43,1190.0,United States,MG,55.0,Dustin Brinkmann,Central
KNLMLTJH,Anna Snelling,MG Special,Treequote,Won,2017-01-13,2017-03-27,58.0,telecommunications,1988-01-01,5266.09,8595.0,United States,MG,55.0,Dustin Brinkmann,Central
WRUG19FZ,Hayden Neloms,MG Advanced,Vehement Capital Partners,Engaging,2017-01-13,,,finance,1993-01-01,646.1,883.0,United States,MG,3393.0,Celia Rouche,West
H06UZJH8,Kary Hendrixson,MG Special,Plusstrip,Lost,2017-01-13,2017-05-08,0.0,entertainment,2002-01-01,349.81,315.0,United States,MG,55.0,Summer Sewald,West
K1RXVUG9,Kary Hendrixson,GTX Basic,Nam-zim,Won,2017-01-13,2017-03-14,619.0,services,1987-01-01,405.59,1179.0,Brazil,GTX,550.0,Summer Sewald,West
1QT3STIA,Maureen Marcano,GTX Plus Pro,Xx-holding,Won,2017-01-13,2017-05-14,5163.0,finance,1993-01-01,7537.24,20293.0,United States,GTX,5482.0,Summer Sewald,West
DFTR2O9K,Reed Clapper,MG Special,Donquadtech,Won,2017-01-13,2017-05-08,56.0,technolgy,1992-01-01,1712.68,3194.0,United States,MG,55.0,Rocco Neubert,East
S9MECO24,Violet Mclelland,MG Advanced,Sumace,Lost,2017-01-13,2017-03-31,0.0,retail,2000-01-01,167.89,493.0,Romania,MG,3393.0,Cara Losch,East
VKT0UN11,James Ascencio,MG Advanced,Codehow,Engaging,2017-01-14,,,software,1998-01-01,2714.9,2641.0,United States,MG,3393.0,Summer Sewald,West
SKTD4GGU,Kami Bicknell,GTX Basic,Golddex,Won,2017-01-14,2017-03-28,610.0,finance,2008-01-01,52.5,165.0,United States,GTX,550.0,Summer Sewald,West
JIACLB24,Vicki Laflamme,GTX Basic,Scottech,Engaging,2017-01-14,,,marketing,2012-01-01,45.39,100.0,United States,GTX,550.0,Celia Rouche,West
SNAPG5KC,Vicki Laflamme,MG Advanced,Hatfan,Lost,2017-01-14,2017-05-05,0.0,services,1982-01-01,792.46,1299.0,United States,MG,3393.0,Celia Rouche,West
J28ZRO9G,Wilburn Farren,MG Advanced,Konex,Won,2017-01-14,2017-05-18,2880.0,technolgy,1980-01-01,7708.38,13756.0,United States,MG,3393.0,Cara Losch,East
5VYJCJAE,Corliss Cosme,GTX Plus Pro,Zoomit,Engaging,2017-01-15,,,entertainment,1992-01-01,324.19,978.0,United States,GTX,5482.0,Cara Losch,East
KZ8Q0AFX,Corliss Cosme,GTX Plus Basic,Initech,Lost,2017-01-15,2017-05-02,0.0,telecommunications,1994-01-01,6395.05,20275.0,United States,GTX,1096.0,Cara Losch,East
CT3HBBI2,Elease Gluck,MG Special,Mathtouch,Engaging,2017-01-15,,,marketing,1984-01-01,3027.46,9516.0,Jordan,MG,55.0,Celia Rouche,West
AOOFHH6F,Markita Hansen,MG Special,Scotfind,Won,2017-01-15,2017-05-18,60.0,software,1996-01-01,6354.87,16780.0,United States,MG,55.0,Celia Rouche,West
5U9Y1P87,Maureen Marcano,GTX Basic,Condax,Won,2017-01-15,2017-03-21,688.0,medical,2017-01-01,4.54,9.0,United States,GTX,550.0,Summer Sewald,West
J0Y91LUA,Maureen Marcano,GTX Plus Pro,Goodsilron,Won,2017-01-15,2017-03-22,6142.0,marketing,2000-01-01,2952.73,5107.0,United States,GTX,5482.0,Summer Sewald,West
PHR8KB1Y,Niesha Huffines,GTX Plus Pro,Warephase,Won,2017-01-15,2017-05-15,6270.0,services,1997-01-01,2041.73,5276.0,United States,GTX,5482.0,Melvin Marxen,Central
TBZMXKH4,Wilburn Farren,MG Advanced,Acme Corporation,Won,2017-01-15,2017-03-29,3833.0,technolgy,1996-01-01,1100.04,2822.0,United States,MG,3393.0,Cara Losch,East
WNXZ1FGS,Daniell Hammack,GTX Plus Basic,Bubba Gump,Lost,2017-01-16,2017-03-28,0.0,software,2002-01-01,987.39,2253.0,United States,GTX,1096.0,Rocco Neubert,East
S3W6Q07M,Kami Bicknell,GTX Plus Pro,Acme Corporation,Engaging,2017-01-16,,,technolgy,1996-01-01,1100.04,2822.0,United States,GTX,5482.0,Summer Sewald,West
6389JY2H,Moses Frase,MG Special,Hottechi,Won,2017-01-16,2017-06-02,57.0,technolgy,1997-01-01,8170.38,16499.0,Korea,MG,55.0,Dustin Brinkmann,Central
SZ81H1PM,Versie Hillebrand,MG Special,Cancity,Won,2017-01-16,2017-03-17,47.0,retail,2001-01-01,718.62,2448.0,United States,MG,55.0,Dustin Brinkmann,Central
M842E8JB,Violet Mclelland,MG Special,Donware,Lost,2017-01-16,2017-03-13,0.0,marketing,1999-01-01,1197.44,2570.0,United States,MG,55.0,Cara Losch,East
JRJ7DBW5,Daniell Hammack,MG Advanced,Plussunin,Lost,2017-01-17,2017-03-19,0.0,retail,2003-01-01,1419.98,4018.0,United States,MG,3393.0,Rocco Neubert,East
N9C0OCYY,Gladys Colclough,MG Special,Inity,Won,2017-01-17,2017-05-04,57.0,marketing,1986-01-01,2403.58,8801.0,United States,MG,55.0,Melvin Marxen,Central
0OESOJNN,James Ascencio,GTX Plus Basic,Warephase,Engaging,2017-01-17,,,services,1997-01-01,2041.73,5276.0,United States,GTX,1096.0,Summer Sewald,West
R7XZAIWS,Jonathan Berthelot,MG Advanced,Genco Pura Olive Oil Company,Won,2017-01-17,2017-03-14,3257.0,retail,2007-01-01,894.33,1635.0,Italy,MG,3393.0,Melvin Marxen,Central
FFO5WOHT,Kami Bicknell,GTX Basic,Sunnamplex,Won,2017-01-17,2017-05-08,511.0,marketing,2008-01-01,894.37,1593.0,Poland,GTX,550.0,Summer Sewald,West
XHHJ48MJ,Kami Bicknell,GTX Basic,Y-corporation,Won,2017-01-17,2017-03-14,607.0,employment,1983-01-01,2871.35,9561.0,United States,GTX,550.0,Summer Sewald,West
YAR5GGA4,Markita Hansen,GTX Plus Pro,Cheers,Won,2017-01-17,2017-03-29,5120.0,entertainment,1993-01-01,4269.9,6472.0,United States,GTX,5482.0,Celia Rouche,West
NOVPMLOV,Niesha Huffines,GTX Plus Basic,Hottechi,Won,2017-01-17,2017-03-23,1343.0,technolgy,1997-01-01,8170.38,16499.0,Korea,GTX,1096.0,Melvin Marxen,Central
UPHN2I1Q,Niesha Huffines,MG Special,Rundofase,Won,2017-01-17,2017-05-14,55.0,technolgy,1983-01-01,1008.06,1238.0,United States,MG,55.0,Melvin Marxen,Central
NN9R2Y4W,Vicki Laflamme,MG Special,Faxquote,Won,2017-01-17,2017-03-30,49.0,telecommunications,1995-01-01,1825.82,5595.0,United States,MG,55.0,Celia Rouche,West
977FJ9QQ,Boris Faz,GTX Basic,The New York Inquirer,Lost,2017-01-18,2017-03-29,0.0,medical,1996-01-01,439.21,792.0,United States,GTX,550.0,Rocco Neubert,East
NU8LWEWU,James Ascencio,GTX Plus Pro,Groovestreet,Won,2017-01-18,2017-05-03,5264.0,retail,2003-01-01,223.8,299.0,United States,GTX,5482.0,Summer Sewald,West
904203D6,Moses Frase,MG Special,Dontechi,Won,2017-01-18,2017-03-29,59.0,software,1982-01-01,4618.0,10083.0,United States,MG,55.0,Dustin Brinkmann,Central
Z0TSV030,Garret Kinder,GTX Basic,Opentech,Won,2017-01-19,2017-03-30,617.0,finance,1994-01-01,355.23,853.0,United States,GTX,550.0,Cara Losch,East
8C4QM1X6,Gladys Colclough,GTX Basic,Codehow,Won,2017-01-19,2017-06-04,565.0,software,1998-01-01,2714.9,2641.0,United States,GTX,550.0,Melvin Marxen,Central
NOPI41RP,James Ascencio,GTX Basic,Sonron,Won,2017-01-19,2017-03-01,511.0,telecommunications,1999-01-01,1699.85,5108.0,United States,GTX,550.0,Summer Sewald,West
2536CW3V,Kami Bicknell,GTX Plus Basic,Rantouch,Lost,2017-01-19,2017-05-08,0.0,telecommunications,1994-01-01,1188.42,3015.0,United States,GTX,1096.0,Summer Sewald,West
AC5YXLIR,Kary Hendrixson,MG Special,Faxquote,Won,2017-01-19,2017-03-30,60.0,telecommunications,1995-01-01,1825.82,5595.0,United States,MG,55.0,Summer Sewald,West
HSGJKH6U,Kary Hendrixson,MG Advanced,Plexzap,Won,2017-01-19,2017-03-29,3407.0,retail,2001-01-01,2437.85,4874.0,United States,MG,3393.0,Summer Sewald,West
4TZF9N1D,Kary Hendrixson,MG Advanced,Xx-holding,Won,2017-01-19,2017-03-28,3273.0,finance,1993-01-01,7537.24,20293.0,United States,MG,3393.0,Summer Sewald,West
HNKZ2IC6,Markita Hansen,GTX Plus Basic,Y-corporation,Lost,2017-01-19,2017-03-26,0.0,employment,1983-01-01,2871.35,9561.0,United States,GTX,1096.0,Celia Rouche,West
BB6TCH8B,Markita Hansen,MG Special,Sunnamplex,Lost,2017-01-19,2017-05-05,0.0,marketing,2008-01-01,894.37,1593.0,Poland,MG,55.0,Celia Rouche,West
IMTPZV7J,Moses Frase,MG Advanced,Gogozoom,Won,2017-01-19,2017-05-01,3363.0,telecommunications,2007-01-01,86.68,187.0,United States,MG,3393.0,Dustin Brinkmann,Central
6NXY7144,Vicki Laflamme,GTX Basic,Xx-holding,Won,2017-01-19,2017-03-31,365.0,finance,1993-01-01,7537.24,20293.0,United States,GTX,550.0,Celia Rouche,West
KBKHKULU,Zane Levy,GTX Plus Pro,Lexiqvolax,Won,2017-01-19,2017-03-18,4869.0,medical,2004-01-01,1618.89,3889.0,United States,GTX,5482.0,Summer Sewald,West
INMJIFTF,Corliss Cosme,GTX Basic,Ontomedia,Won,2017-01-20,2017-06-06,599.0,employment,1997-01-01,882.12,2769.0,United States,GTX,550.0,Cara Losch,East
FUVQ5UKB,Daniell Hammack,MG Advanced,Konex,Won,2017-01-20,2017-05-20,3194.0,technolgy,1980-01-01,7708.38,13756.0,United States,MG,3393.0,Rocco Neubert,East
O462ARMZ,Garret Kinder,GTX Plus Pro,Condax,Won,2017-01-20,2017-06-05,5429.0,medical,2017-01-01,4.54,9.0,United States,GTX,5482.0,Cara Losch,East
QVF0JRM5,Jonathan Berthelot,MG Advanced,Domzoom,Won,2017-01-20,2017-03-28,3459.0,entertainment,1998-01-01,217.87,551.0,United States,MG,3393.0,Melvin Marxen,Central
3TDWLPMV,Lajuana Vencill,MG Advanced,Warephase,Lost,2017-01-20,2017-03-11,0.0,services,1997-01-01,2041.73,5276.0,United States,MG,3393.0,Dustin Brinkmann,Central
JN1ZFD18,Lajuana Vencill,MG Special,Domzoom,Won,2017-01-20,2017-03-06,56.0,entertainment,1998-01-01,217.87,551.0,United States,MG,55.0,Dustin Brinkmann,Central
SRFVQ0HG,Moses Frase,GTX Plus Basic,Codehow,Lost,2017-01-20,2017-03-24,0.0,software,1998-01-01,2714.9,2641.0,United States,GTX,1096.0,Dustin Brinkmann,Central
D7H1EGS9,Zane Levy,GTX Basic,Lexiqvolax,Lost,2017-01-20,2017-03-20,0.0,medical,2004-01-01,1618.89,3889.0,United States,GTX,550.0,Summer Sewald,West
1DDW2GQW,Anna Snelling,MG Advanced,Cancity,Lost,2017-01-21,2017-03-09,0.0,retail,2001-01-01,718.62,2448.0,United States,MG,3393.0,Dustin Brinkmann,Central
WPGTHV8V,Darcel Schlecht,GTX Basic,Ron-tech,Won,2017-01-21,2017-03-19,657.0,medical,1992-01-01,3922.42,6837.0,United States,GTX,550.0,Melvin Marxen,Central
GWAT8UWK,Lajuana Vencill,GTX Basic,Scottech,Won,2017-01-21,2017-03-25,638.0,marketing,2012-01-01,45.39,100.0,United States,GTX,550.0,Dustin Brinkmann,Central
IZD69C5Q,Marty Freudenburg,MG Special,Betatech,Won,2017-01-21,2017-06-06,41.0,medical,1986-01-01,647.18,1185.0,Kenya,MG,55.0,Melvin Marxen,Central
QFU565JJ,Rosie Papadopoulos,GTX Plus Pro,Initech,Won,2017-01-21,2017-05-07,5582.0,telecommunications,1994-01-01,6395.05,20275.0,United States,GTX,5482.0,Cara Losch,East
Z5BCBTAO,Versie Hillebrand,MG Special,Konmatfix,Won,2017-01-21,2017-05-20,60.0,marketing,1985-01-01,375.43,1190.0,United States,MG,55.0,Dustin Brinkmann,Central
2KKRRM1G,Zane Levy,GTX Plus Basic,Y-corporation,Won,2017-01-21,2017-05-03,1036.0,employment,1983-01-01,2871.35,9561.0,United States,GTX,1096.0,Summer Sewald,West
RLUGVSNV,Darcel Schlecht,GTX Plus Basic,Funholding,Won,2017-01-22,2017-05-12,943.0,finance,1991-01-01,2819.5,7227.0,United States,GTX,1096.0,Melvin Marxen,Central
ZKSJ1DOK,Elease Gluck,GTX Basic,Kan-code,Won,2017-01-22,2017-06-07,581.0,software,1982-01-01,11698.03,34288.0,United States,GTX,550.0,Celia Rouche,West
K8RQWTP4,Jonathan Berthelot,MG Special,Codehow,Lost,2017-01-22,2017-05-15,0.0,software,1998-01-01,2714.9,2641.0,United States,MG,55.0,Melvin Marxen,Central
RSZC6BMW,Moses Frase,GTX Basic,Toughzap,Won,2017-01-22,2017-05-07,538.0,retail,1995-01-01,332.43,799.0,United States,GTX,550.0,Dustin Brinkmann,Central
O7YNBRX0,Reed Clapper,GTX Plus Basic,Donquadtech,Won,2017-01-22,2017-03-28,1100.0,technolgy,1992-01-01,1712.68,3194.0,United States,GTX,1096.0,Rocco Neubert,East
AAYV8GV4,Anna Snelling,MG Advanced,Inity,Lost,2017-01-23,2017-05-05,0.0,marketing,1986-01-01,2403.58,8801.0,United States,MG,3393.0,Dustin Brinkmann,Central
EDEBWIOX,Cecily Lampkin,MG Advanced,Finhigh,Lost,2017-01-23,2017-05-28,0.0,finance,2006-01-01,1102.43,1759.0,United States,MG,3393.0,Dustin Brinkmann,Central
VAH6Y3F6,Jonathan Berthelot,GTX Plus Basic,Hottechi,Won,2017-01-23,2017-05-17,1039.0,technolgy,1997-01-01,8170.38,16499.0,Korea,GTX,1096.0,Melvin Marxen,Central
4U431MNA,Lajuana Vencill,MG Special,dambase,Lost,2017-01-23,2017-05-11,0.0,marketing,1995-01-01,2173.98,2928.0,United States,MG,55.0,Dustin Brinkmann,Central
5HKAT5GS,Reed Clapper,GTX Plus Basic,Umbrella Corporation,Won,2017-01-23,2017-05-10,1076.0,finance,1998-01-01,2022.14,5113.0,United States,GTX,1096.0,Rocco Neubert,East
F5VDTC4M,Rosalina Dieter,MG Special,Konex,Lost,2017-01-23,2017-05-06,0.0,technolgy,1980-01-01,7708.38,13756.0,United States,MG,55.0,Celia Rouche,West
UO4KXDBC,Rosalina Dieter,MG Special,Rantouch,Lost,2017-01-23,2017-05-23,0.0,telecommunications,1994-01-01,1188.42,3015.0,United States,MG,55.0,Celia Rouche,West
TBIW957T,Versie Hillebrand,MG Special,Rundofase,Won,2017-01-23,2017-03-16,53.0,technolgy,1983-01-01,1008.06,1238.0,United States,MG,55.0,Dustin Brinkmann,Central
MSEIIH95,Versie Hillebrand,MG Advanced,Statholdings,Won,2017-01-23,2017-03-23,3046.0,employment,1997-01-01,291.27,586.0,United States,MG,3393.0,Dustin Brinkmann,Central
V4324HG4,Violet Mclelland,MG Special,Acme Corporation,Lost,2017-01-23,2017-05-06,0.0,technolgy,1996-01-01,1100.04,2822.0,United States,MG,55.0,Cara Losch,East
N852D2Z8,Zane Levy,GTX Basic,Scotfind,Lost,2017-01-23,2017-03-30,0.0,software,1996-01-01,6354.87,16780.0,United States,GTX,550.0,Summer Sewald,West
NOXNFJ2L,Darcel Schlecht,GTX Plus Basic,Warephase,Won,2017-01-24,2017-05-17,1067.0,services,1997-01-01,2041.73,5276.0,United States,GTX,1096.0,Melvin Marxen,Central
PKDJTR06,Kami Bicknell,GTX Plus Basic,Hatfan,Engaging,2017-01-24,,,services,1982-01-01,792.46,1299.0,United States,GTX,1096.0,Summer Sewald,West
NN6CSUWT,Daniell Hammack,GTX Plus Basic,Zathunicon,Won,2017-01-25,2017-03-21,1065.0,retail,2010-01-01,71.12,144.0,United States,GTX,1096.0,Rocco Neubert,East
X69POZIN,Kary Hendrixson,GTX Basic,Lexiqvolax,Won,2017-01-25,2017-05-06,481.0,medical,2004-01-01,1618.89,3889.0,United States,GTX,550.0,Summer Sewald,West
4FAEDB16,Markita Hansen,GTX Basic,J-Texon,Lost,2017-01-25,2017-05-22,0.0,retail,1989-01-01,1388.67,3583.0,United States,GTX,550.0,Celia Rouche,West
CPGCT81C,Maureen Marcano,GTX Basic,Dalttechnology,Won,2017-01-25,2017-03-06,499.0,software,2013-01-01,98.79,96.0,United States,GTX,550.0,Summer Sewald,West
P13DDOTM,Rosie Papadopoulos,MG Special,Bioplex,Won,2017-01-25,2017-03-08,59.0,medical,1991-01-01,326.82,1016.0,United States,MG,55.0,Cara Losch,East
1PN7TVPX,Vicki Laflamme,MG Special,Hottechi,Lost,2017-01-25,2017-05-01,0.0,technolgy,1997-01-01,8170.38,16499.0,Korea,MG,55.0,Celia Rouche,West
9ZKORPL2,Violet Mclelland,MG Special,Initech,Won,2017-01-25,2017-05-09,45.0,telecommunications,1994-01-01,6395.05,20275.0,United States,MG,55.0,Cara Losch,East
BVYMJ6TD,Cassey Cress,GTX Plus Pro,Vehement Capital Partners,Won,2017-01-26,2017-05-13,6117.0,finance,1993-01-01,646.1,883.0,United States,GTX,5482.0,Rocco Neubert,East
VXX8GJGY,Donn Cantrell,GTX Plus Basic,The New York Inquirer,Won,2017-01-26,2017-03-19,1158.0,medical,1996-01-01,439.21,792.0,United States,GTX,1096.0,Rocco Neubert,East
ES9L0DXE,Garret Kinder,MG Special,Kinnamplus,Won,2017-01-26,2017-05-22,59.0,retail,2004-01-01,702.72,1831.0,United States,MG,55.0,Cara Losch,East
AANB25RH,Kami Bicknell,GTX Plus Basic,Dalttechnology,Lost,2017-01-26,2017-05-24,0.0,software,2013-01-01,98.79,96.0,United States,GTX,1096.0,Summer Sewald,West
36PTGLTW,Maureen Marcano,MG Advanced,Xx-holding,Won,2017-01-26,2017-03-24,3106.0,finance,1993-01-01,7537.24,20293.0,United States,MG,3393.0,Summer Sewald,West
6WTNSL1T,Rosalina Dieter,MG Advanced,Newex,Won,2017-01-26,2017-03-19,2982.0,services,1991-01-01,1012.72,3492.0,Germany,MG,3393.0,Celia Rouche,West
PV1DISEC,Zane Levy,GTX Plus Pro,Hottechi,Won,2017-01-26,2017-03-16,6101.0,technolgy,1997-01-01,8170.38,16499.0,Korea,GTX,5482.0,Summer Sewald,West
S6BG03TB,Anna Snelling,GTX Plus Pro,Treequote,Won,2017-01-27,2017-05-08,5883.0,telecommunications,1988-01-01,5266.09,8595.0,United States,GTX,5482.0,Dustin Brinkmann,Central
2YOW2BI0,Corliss Cosme,GTX Plus Pro,Xx-zobam,Won,2017-01-27,2017-05-22,5051.0,entertainment,1989-01-01,3838.39,8274.0,United States,GTX,5482.0,Cara Losch,East
IQ9KYZCG,Darcel Schlecht,GTX Plus Basic,Statholdings,Won,2017-01-27,2017-05-11,1155.0,employment,1997-01-01,291.27,586.0,United States,GTX,1096.0,Melvin Marxen,Central
AWDOKG69,Garret Kinder,GTX Basic,Bluth Company,Lost,2017-01-27,2017-05-10,0.0,technolgy,1993-01-01,1242.32,3027.0,United States,GTX,550.0,Cara Losch,East
C4AFMVFM,James Ascencio,GTX Plus Pro,Cheers,Won,2017-01-27,2017-03-06,5616.0,entertainment,1993-01-01,4269.9,6472.0,United States,GTX,5482.0,Summer Sewald,West
WK6ERCGR,James Ascencio,GTX Plus Pro,Golddex,Won,2017-01-27,2017-06-06,5116.0,finance,2008-01-01,52.5,165.0,United States,GTX,5482.0,Summer Sewald,West
64DJ954O,Kary Hendrixson,GTX Plus Basic,Condax,Won,2017-01-27,2017-03-30,1136.0,medical,2017-01-01,4.54,9.0,United States,GTX,1096.0,Summer Sewald,West
84V18DBW,Anna Snelling,GTX Plus Basic,Finhigh,Won,2017-01-28,2017-06-01,1216.0,finance,2006-01-01,1102.43,1759.0,United States,GTX,1096.0,Dustin Brinkmann,Central
WFY0S4WW,Anna Snelling,GTX Plus Basic,Hottechi,Won,2017-01-28,2017-05-02,1089.0,technolgy,1997-01-01,8170.38,16499.0,Korea,GTX,1096.0,Dustin Brinkmann,Central
HA1KXAIS,Cassey Cress,MG Advanced,Condax,Won,2017-01-28,2017-06-04,3908.0,medical,2017-01-01,4.54,9.0,United States,MG,3393.0,Rocco Neubert,East
CENVLTFH,Corliss Cosme,GTX Plus Basic,Toughzap,Engaging,2017-01-28,,,retail,1995-01-01,332.43,799.0,United States,GTX,1096.0,Cara Losch,East
SNFW1FD7,Darcel Schlecht,MG Advanced,Streethex,Won,2017-01-28,2017-05-07,3369.0,retail,1988-01-01,1376.8,1165.0,Belgium,MG,3393.0,Melvin Marxen,Central
2EOF1QCY,James Ascencio,GTX Plus Pro,J-Texon,Won,2017-01-28,2017-05-20,5259.0,retail,1989-01-01,1388.67,3583.0,United States,GTX,5482.0,Summer Sewald,West
O5O4ZAAC,Maureen Marcano,GTX Plus Basic,Y-corporation,Lost,2017-01-28,2017-05-08,0.0,employment,1983-01-01,2871.35,9561.0,United States,GTX,1096.0,Summer Sewald,West
YBAKNQ8Z,Reed Clapper,MG Advanced,Bubba Gump,Lost,2017-01-28,2017-03-30,0.0,software,2002-01-01,987.39,2253.0,United States,MG,3393.0,Rocco Neubert,East
N5UIZYIV,Zane Levy,MG Special,Konmatfix,Engaging,2017-01-28,,,marketing,1985-01-01,375.43,1190.0,United States,MG,55.0,Summer Sewald,West
QY6HCHDH,Anna Snelling,MG Special,Condax,Won,2017-01-29,2017-05-25,52.0,medical,2017-01-01,4.54,9.0,United States,MG,55.0,Dustin Brinkmann,Central
CZ3XOD03,Boris Faz,GTX Plus Pro,Acme Corporation,Won,2017-01-29,2017-05-11,5772.0,technolgy,1996-01-01,1100.04,2822.0,United States,GTX,5482.0,Rocco Neubert,East
WVJBVA61,Cecily Lampkin,MG Advanced,Domzoom,Won,2017-01-29,2017-03-21,3496.0,entertainment,1998-01-01,217.87,551.0,United States,MG,3393.0,Dustin Brinkmann,Central
MV9AO6WU,Elease Gluck,MG Advanced,Finjob,Won,2017-01-29,2017-03-12,3602.0,employment,1988-01-01,2059.9,3644.0,United States,MG,3393.0,Celia Rouche,West
VS2G74XQ,Garret Kinder,MG Special,Yearin,Won,2017-01-29,2017-03-09,57.0,retail,2005-01-01,2261.05,3851.0,United States,MG,55.0,Cara Losch,East
Q37IWCG1,Gladys Colclough,MG Special,Funholding,Won,2017-01-29,2017-05-11,51.0,finance,1991-01-01,2819.5,7227.0,United States,MG,55.0,Melvin Marxen,Central
CUR03RXO,Hayden Neloms,MG Advanced,Sonron,Won,2017-01-29,2017-06-14,3689.0,telecommunications,1999-01-01,1699.85,5108.0,United States,MG,3393.0,Celia Rouche,West
81APSLDP,James Ascencio,GTX Plus Basic,Xx-holding,Won,2017-01-29,2017-05-03,1170.0,finance,1993-01-01,7537.24,20293.0,United States,GTX,1096.0,Summer Sewald,West
RBXWRHBJ,Jonathan Berthelot,GTX Basic,Rundofase,Lost,2017-01-29,2017-03-06,0.0,technolgy,1983-01-01,1008.06,1238.0,United States,GTX,550.0,Melvin Marxen,Central
05DTWSVC,Niesha Huffines,MG Special,Genco Pura Olive Oil Company,Lost,2017-01-29,2017-05-05,0.0,retail,2007-01-01,894.33,1635.0,Italy,MG,55.0,Melvin Marxen,Central
2YQHHWJ3,Versie Hillebrand,MG Special,Zumgoity,Lost,2017-01-29,2017-05-22,0.0,medical,1984-01-01,441.08,1210.0,United States,MG,55.0,Dustin Brinkmann,Central
ZW58VIDI,Vicki Laflamme,MG Special,Hatfan,Won,2017-01-29,2017-05-25,64.0,services,1982-01-01,792.46,1299.0,United States,MG,55.0,Celia Rouche,West
Q7IIF1IP,Vicki Laflamme,MG Special,J-Texon,Won,2017-01-29,2017-06-05,55.0,retail,1989-01-01,1388.67,3583.0,United States,MG,55.0,Celia Rouche,West
AALARPLH,Vicki Laflamme,MG Advanced,Goodsilron,Won,2017-01-29,2017-03-13,2970.0,marketing,2000-01-01,2952.73,5107.0,United States,MG,3393.0,Celia Rouche,West
5FFY13G5,Cecily Lampkin,MG Special,Scottech,Lost,2017-01-30,2017-05-19,0.0,marketing,2012-01-01,45.39,100.0,United States,MG,55.0,Dustin Brinkmann,Central
2FTB6A7I,James Ascencio,GTX Plus Pro,Kan-code,Won,2017-01-30,2017-05-16,5390.0,software,1982-01-01,11698.03,34288.0,United States,GTX,5482.0,Summer Sewald,West
7V9A9TXZ,Marty Freudenburg,GTX Plus Basic,Codehow,Won,2017-01-30,2017-06-06,1190.0,software,1998-01-01,2714.9,2641.0,United States,GTX,1096.0,Melvin Marxen,Central
HWDRCUYU,Moses Frase,GTX Plus Pro,Betatech,Won,2017-01-30,2017-05-14,5755.0,medical,1986-01-01,647.18,1185.0,Kenya,GTX,5482.0,Dustin Brinkmann,Central
7A4AC5BC,Versie Hillebrand,MG Advanced,Ron-tech,Won,2017-01-30,2017-06-04,3642.0,medical,1992-01-01,3922.42,6837.0,United States,MG,3393.0,Dustin Brinkmann,Central
3B6HWK65,Vicki Laflamme,MG Special,Blackzim,Lost,2017-01-30,2017-05-07,0.0,retail,2009-01-01,497.11,1588.0,United States,MG,55.0,Celia Rouche,West
A3BK99P6,Cassey Cress,MG Advanced,Kan-code,Won,2017-01-31,2017-03-17,2923.0,software,1982-01-01,11698.03,34288.0,United States,MG,3393.0,Rocco Neubert,East
XYLNH45V,Daniell Hammack,GTX Plus Basic,Zathunicon,Engaging,2017-01-31,,,retail,2010-01-01,71.12,144.0,United States,GTX,1096.0,Rocco Neubert,East
4DW2FDX4,Versie Hillebrand,MG Special,dambase,Won,2017-01-31,2017-05-20,54.0,marketing,1995-01-01,2173.98,2928.0,United States,MG,55.0,Dustin Brinkmann,Central
A66X4Q2J,Versie Hillebrand,MG Special,Konmatfix,Won,2017-01-31,2017-05-01,54.0,marketing,1985-01-01,375.43,1190.0,United States,MG,55.0,Dustin Brinkmann,Central
IT9YW5RP,Wilburn Farren,GTX Basic,Initech,Won,2017-01-31,2017-05-26,592.0,telecommunications,1994-01-01,6395.05,20275.0,United States,GTX,550.0,Cara Losch,East
7IZ2GMYK,Darcel Schlecht,GTX Basic,Toughzap,Won,2017-02-01,2017-05-16,640.0,retail,1995-01-01,332.43,799.0,United States,GTX,550.0,Melvin Marxen,Central
L8D22SSW,Darcel Schlecht,MG Advanced,Betatech,Won,2017-02-01,2017-06-17,3822.0,medical,1986-01-01,647.18,1185.0,Kenya,MG,3393.0,Melvin Marxen,Central
ZDDZ64A2,Gladys Colclough,MG Advanced,Dontechi,Lost,2017-02-01,2017-06-17,0.0,software,1982-01-01,4618.0,10083.0,United States,MG,3393.0,Melvin Marxen,Central
RDJFZGM9,Kami Bicknell,MG Special,Blackzim,Lost,2017-02-01,2017-06-13,0.0,retail,2009-01-01,497.11,1588.0,United States,MG,55.0,Summer Sewald,West
4563ENEB,Lajuana Vencill,GTX Basic,Gogozoom,Won,2017-02-01,2017-05-02,574.0,telecommunications,2007-01-01,86.68,187.0,United States,GTX,550.0,Dustin Brinkmann,Central
4WP0VJAS,Lajuana Vencill,MG Advanced,Codehow,Won,2017-02-01,2017-06-18,2525.0,software,1998-01-01,2714.9,2641.0,United States,MG,3393.0,Dustin Brinkmann,Central
60UOBOEM,Rosalina Dieter,GTK 500,Groovestreet,Won,2017-02-01,2017-06-07,30288.0,retail,2003-01-01,223.8,299.0,United States,GTK,26768.0,Celia Rouche,West
AJZB6F22,Vicki Laflamme,GTX Plus Pro,Goodsilron,Lost,2017-02-01,2017-05-18,0.0,marketing,2000-01-01,2952.73,5107.0,United States,GTX,5482.0,Celia Rouche,West
W4K39GNG,Zane Levy,GTX Basic,Scotfind,Lost,2017-02-01,2017-03-29,0.0,software,1996-01-01,6354.87,16780.0,United States,GTX,550.0,Summer Sewald,West
IXOHJYRM,Elease Gluck,GTK 500,Cheers,Lost,2017-02-02,2017-05-09,0.0,entertainment,1993-01-01,4269.9,6472.0,United States,GTK,26768.0,Celia Rouche,West
RMNHSNW9,Elease Gluck,MG Special,Kan-code,Lost,2017-02-02,2017-05-01,0.0,software,1982-01-01,11698.03,34288.0,United States,MG,55.0,Celia Rouche,West
QPFNQYMV,Gladys Colclough,MG Advanced,Inity,Won,2017-02-02,2017-05-14,3581.0,marketing,1986-01-01,2403.58,8801.0,United States,MG,3393.0,Melvin Marxen,Central
D77SFTS4,Jonathan Berthelot,GTX Plus Basic,Warephase,Lost,2017-02-02,2017-03-12,0.0,services,1997-01-01,2041.73,5276.0,United States,GTX,1096.0,Melvin Marxen,Central
031BBF1I,Versie Hillebrand,MG Special,Finhigh,Won,2017-02-02,2017-03-30,54.0,finance,2006-01-01,1102.43,1759.0,United States,MG,55.0,Dustin Brinkmann,Central
H2MC2E7K,Vicki Laflamme,GTX Plus Basic,Condax,Engaging,2017-02-02,,,medical,2017-01-01,4.54,9.0,United States,GTX,1096.0,Celia Rouche,West
O11S2R63,Boris Faz,GTX Plus Basic,Konex,Won,2017-02-03,2017-06-03,1121.0,technolgy,1980-01-01,7708.38,13756.0,United States,GTX,1096.0,Rocco Neubert,East
G13DD850,Cassey Cress,GTX Basic,Silis,Won,2017-02-03,2017-06-04,477.0,medical,1994-01-01,2818.38,6290.0,United States,GTX,550.0,Rocco Neubert,East
WZU2OHYU,Corliss Cosme,GTX Basic,Condax,Won,2017-02-03,2017-05-05,515.0,medical,2017-01-01,4.54,9.0,United States,GTX,550.0,Cara Losch,East
HVODWXRO,Daniell Hammack,MG Special,Ganjaflex,Lost,2017-02-03,2017-05-01,0.0,retail,1995-01-01,5158.71,17479.0,Japan,MG,55.0,Rocco Neubert,East
N3JIVUNY,Donn Cantrell,MG Advanced,Umbrella Corporation,Lost,2017-02-03,2017-05-11,0.0,finance,1998-01-01,2022.14,5113.0,United States,MG,3393.0,Rocco Neubert,East
RGCH6CUF,Hayden Neloms,GTX Plus Basic,Goodsilron,Won,2017-02-03,2017-06-20,975.0,marketing,2000-01-01,2952.73,5107.0,United States,GTX,1096.0,Celia Rouche,West
JX7WZ9UP,Hayden Neloms,MG Advanced,Sunnamplex,Won,2017-02-03,2017-05-01,3376.0,marketing,2008-01-01,894.37,1593.0,Poland,MG,3393.0,Celia Rouche,West
FDCEBWRI,James Ascencio,GTX Basic,Fasehatice,Won,2017-02-03,2017-03-12,458.0,retail,1990-01-01,4968.91,7523.0,United States,GTX,550.0,Summer Sewald,West
ZL6TJDPG,Jonathan Berthelot,GTX Basic,Globex Corporation,Lost,2017-02-03,2017-05-16,0.0,technolgy,2000-01-01,1223.72,2497.0,Norway,GTX,550.0,Melvin Marxen,Central
DWBSHB8M,Kami Bicknell,GTX Basic,Golddex,Lost,2017-02-03,2017-05-23,0.0,finance,2008-01-01,52.5,165.0,United States,GTX,550.0,Summer Sewald,West
0AJ6LTZ0,Kami Bicknell,GTX Basic,Golddex,Won,2017-02-03,2017-03-14,622.0,finance,2008-01-01,52.5,165.0,United States,GTX,550.0,Summer Sewald,West
SVMB8M7E,Kami Bicknell,GTX Basic,Lexiqvolax,Won,2017-02-03,2017-06-09,441.0,medical,2004-01-01,1618.89,3889.0,United States,GTX,550.0,Summer Sewald,West
4Q4NBPD6,Marty Freudenburg,GTX Basic,Ron-tech,Won,2017-02-03,2017-05-21,538.0,medical,1992-01-01,3922.42,6837.0,United States,GTX,550.0,Melvin Marxen,Central
K8VSDOP8,Maureen Marcano,GTX Plus Pro,Goodsilron,Won,2017-02-03,2017-03-29,4667.0,marketing,2000-01-01,2952.73,5107.0,United States,GTX,5482.0,Summer Sewald,West
YNP9PI1X,Niesha Huffines,GTX Plus Basic,Codehow,Won,2017-02-03,2017-06-15,1018.0,software,1998-01-01,2714.9,2641.0,United States,GTX,1096.0,Melvin Marxen,Central
RTKUPEX7,Zane Levy,GTX Plus Basic,J-Texon,Lost,2017-02-03,2017-06-10,0.0,retail,1989-01-01,1388.67,3583.0,United States,GTX,1096.0,Summer Sewald,West
QQDO45YR,Cecily Lampkin,MG Advanced,Warephase,Won,2017-02-04,2017-05-09,3470.0,services,1997-01-01,2041.73,5276.0,United States,MG,3393.0,Dustin Brinkmann,Central
USVLKDF4,Corliss Cosme,GTX Basic,Dontechi,Engaging,2017-02-04,,,software,1982-01-01,4618.0,10083.0,United States,GTX,550.0,Cara Losch,East
HT25XIAV,Daniell Hammack,GTX Plus Basic,Silis,Lost,2017-02-04,2017-05-18,0.0,medical,1994-01-01,2818.38,6290.0,United States,GTX,1096.0,Rocco Neubert,East
88KUDE6J,Donn Cantrell,GTX Plus Pro,Acme Corporation,Won,2017-02-04,2017-05-30,5366.0,technolgy,1996-01-01,1100.04,2822.0,United States,GTX,5482.0,Rocco Neubert,East
AOOD3MWW,Gladys Colclough,GTX Plus Basic,Rundofase,Lost,2017-02-04,2017-05-26,0.0,technolgy,1983-01-01,1008.06,1238.0,United States,GTX,1096.0,Melvin Marxen,Central
JCPQZ2SN,Hayden Neloms,GTX Plus Basic,Cheers,Engaging,2017-02-04,,,entertainment,1993-01-01,4269.9,6472.0,United States,GTX,1096.0,Celia Rouche,West
RZ2PUH86,Kary Hendrixson,GTX Basic,Groovestreet,Won,2017-02-04,2017-05-17,582.0,retail,2003-01-01,223.8,299.0,United States,GTX,550.0,Summer Sewald,West
GLVSDQQT,Kary Hendrixson,GTX Basic,Sunnamplex,Won,2017-02-04,2017-05-02,583.0,marketing,2008-01-01,894.37,1593.0,Poland,GTX,550.0,Summer Sewald,West
107BPCAS,Niesha Huffines,GTX Basic,dambase,Lost,2017-02-04,2017-05-16,0.0,marketing,1995-01-01,2173.98,2928.0,United States,GTX,550.0,Melvin Marxen,Central
OCLEO3CD,Vicki Laflamme,GTX Plus Pro,Fasehatice,Won,2017-02-04,2017-05-19,6079.0,retail,1990-01-01,4968.91,7523.0,United States,GTX,5482.0,Celia Rouche,West
FTVCNH87,Zane Levy,GTX Plus Basic,Fasehatice,Lost,2017-02-04,2017-05-07,0.0,retail,1990-01-01,4968.91,7523.0,United States,GTX,1096.0,Summer Sewald,West
GQCRMEIL,Zane Levy,GTX Plus Basic,Konex,Won,2017-02-04,2017-06-02,1068.0,technolgy,1980-01-01,7708.38,13756.0,United States,GTX,1096.0,Summer Sewald,West
UK2JIE61,Anna Snelling,MG Special,Cancity,Won,2017-02-05,2017-05-04,55.0,retail,2001-01-01,718.62,2448.0,United States,MG,55.0,Dustin Brinkmann,Central
YM8DBAFV,Cassey Cress,GTX Basic,Sumace,Engaging,2017-02-05,,,retail,2000-01-01,167.89,493.0,Romania,GTX,550.0,Rocco Neubert,East
AEDL7EC6,Cassey Cress,MG Advanced,Yearin,Lost,2017-02-05,2017-05-02,0.0,retail,2005-01-01,2261.05,3851.0,United States,MG,3393.0,Rocco Neubert,East
OV5X3O5I,Cassey Cress,GTX Basic,Betasoloin,Won,2017-02-05,2017-03-27,493.0,medical,1999-01-01,251.41,495.0,United States,GTX,550.0,Rocco Neubert,East
MMWX1A4H,Darcel Schlecht,GTX Plus Basic,Ron-tech,Lost,2017-02-05,2017-06-20,0.0,medical,1992-01-01,3922.42,6837.0,United States,GTX,1096.0,Melvin Marxen,Central
RP7KA6HS,Elease Gluck,MG Special,Mathtouch,Engaging,2017-02-05,,,marketing,1984-01-01,3027.46,9516.0,Jordan,MG,55.0,Celia Rouche,West
97KFQSX1,Elease Gluck,MG Advanced,Scotfind,Won,2017-02-05,2017-05-09,3351.0,software,1996-01-01,6354.87,16780.0,United States,MG,3393.0,Celia Rouche,West
08APB75Q,Lajuana Vencill,GTX Basic,Isdom,Won,2017-02-05,2017-05-13,501.0,medical,2002-01-01,3178.24,4540.0,United States,GTX,550.0,Dustin Brinkmann,Central
6RL97BR9,Moses Frase,MG Special,Inity,Lost,2017-02-05,2017-05-08,0.0,marketing,1986-01-01,2403.58,8801.0,United States,MG,55.0,Dustin Brinkmann,Central
TPVFA5B8,Reed Clapper,GTX Basic,Mathtouch,Won,2017-02-05,2017-05-07,532.0,marketing,1984-01-01,3027.46,9516.0,Jordan,GTX,550.0,Rocco Neubert,East
FHLOUD3V,Vicki Laflamme,MG Special,Sonron,Lost,2017-02-05,2017-05-24,0.0,telecommunications,1999-01-01,1699.85,5108.0,United States,MG,55.0,Celia Rouche,West
4E01ALB0,Vicki Laflamme,MG Advanced,Green-Plus,Won,2017-02-05,2017-05-04,3103.0,services,2003-01-01,692.19,1922.0,United States,MG,3393.0,Celia Rouche,West
K4HVGBVH,Corliss Cosme,GTX Plus Pro,Gekko & Co,Won,2017-02-06,2017-05-22,5505.0,retail,1990-01-01,2520.83,3502.0,United States,GTX,5482.0,Cara Losch,East
6VIK2VX8,Hayden Neloms,MG Special,Isdom,Engaging,2017-02-06,,,medical,2002-01-01,3178.24,4540.0,United States,MG,55.0,Celia Rouche,West
XDLQ71X4,Kami Bicknell,GTX Plus Basic,Y-corporation,Lost,2017-02-06,2017-05-22,0.0,employment,1983-01-01,2871.35,9561.0,United States,GTX,1096.0,Summer Sewald,West
L33YUX9V,Moses Frase,GTX Plus Basic,Rangreen,Won,2017-02-06,2017-05-15,1068.0,technolgy,1987-01-01,2938.67,8775.0,Panama,GTX,1096.0,Dustin Brinkmann,Central
QT7LRWTN,Vicki Laflamme,MG Advanced,Cheers,Won,2017-02-06,2017-05-04,3357.0,entertainment,1993-01-01,4269.9,6472.0,United States,MG,3393.0,Celia Rouche,West
Q1JKHY7H,Violet Mclelland,MG Special,Mathtouch,Lost,2017-02-06,2017-05-06,0.0,marketing,1984-01-01,3027.46,9516.0,Jordan,MG,55.0,Cara Losch,East
BY0O646G,Zane Levy,GTX Basic,Sonron,Lost,2017-02-06,2017-05-27,0.0,telecommunications,1999-01-01,1699.85,5108.0,United States,GTX,550.0,Summer Sewald,West
5831YZMT,Zane Levy,GTX Basic,Finjob,Won,2017-02-06,2017-06-23,532.0,employment,1988-01-01,2059.9,3644.0,United States,GTX,550.0,Summer Sewald,West
AZUBCO7L,Daniell Hammack,MG Advanced,Condax,Lost,2017-02-07,2017-05-06,0.0,medical,2017-01-01,4.54,9.0,United States,MG,3393.0,Rocco Neubert,East
FOWAY95L,Darcel Schlecht,GTX Plus Pro,Funholding,Won,2017-02-07,2017-05-05,5786.0,finance,1991-01-01,2819.5,7227.0,United States,GTX,5482.0,Melvin Marxen,Central
KGZL60NI,Hayden Neloms,GTX Plus Basic,Sonron,Lost,2017-02-07,2017-05-11,0.0,telecommunications,1999-01-01,1699.85,5108.0,United States,GTX,1096.0,Celia Rouche,West
SRZMNS79,Jonathan Berthelot,GTX Plus Basic,Streethex,Won,2017-02-07,2017-05-19,1131.0,retail,1988-01-01,1376.8,1165.0,Belgium,GTX,1096.0,Melvin Marxen,Central
S6645YWA,Kami Bicknell,GTX Basic,Y-corporation,Engaging,2017-02-07,,,employment,1983-01-01,2871.35,9561.0,United States,GTX,550.0,Summer Sewald,West
0XMB83YO,Kami Bicknell,GTX Plus Pro,Scotfind,Won,2017-02-07,2017-05-15,5401.0,software,1996-01-01,6354.87,16780.0,United States,GTX,5482.0,Summer Sewald,West
4TEO0LE1,Marty Freudenburg,GTX Plus Basic,Konmatfix,Won,2017-02-07,2017-03-28,1062.0,marketing,1985-01-01,375.43,1190.0,United States,GTX,1096.0,Melvin Marxen,Central
5P82H5AA,Reed Clapper,MG Advanced,Zotware,Won,2017-02-07,2017-03-23,3695.0,software,1979-01-01,4478.47,13809.0,United States,MG,3393.0,Rocco Neubert,East
BN8UTT8O,Rosie Papadopoulos,MG Special,Condax,Lost,2017-02-07,2017-06-04,0.0,medical,2017-01-01,4.54,9.0,United States,MG,55.0,Cara Losch,East
V751HK8R,Versie Hillebrand,MG Special,Finhigh,Won,2017-02-07,2017-06-03,60.0,finance,2006-01-01,1102.43,1759.0,United States,MG,55.0,Dustin Brinkmann,Central
QWL218JV,Vicki Laflamme,MG Advanced,Singletechno,Won,2017-02-07,2017-06-13,2919.0,retail,1996-01-01,2214.94,5374.0,United States,MG,3393.0,Celia Rouche,West
AF8NG5JC,Cassey Cress,MG Special,Betatech,Engaging,2017-02-08,,,medical,1986-01-01,647.18,1185.0,Kenya,MG,55.0,Rocco Neubert,East
12M4HB7G,Cassey Cress,GTX Basic,Plussunin,Won,2017-02-08,2017-05-01,623.0,retail,2003-01-01,1419.98,4018.0,United States,GTX,550.0,Rocco Neubert,East
1XVTUE5J,Corliss Cosme,MG Special,Umbrella Corporation,Lost,2017-02-08,2017-03-31,0.0,finance,1998-01-01,2022.14,5113.0,United States,MG,55.0,Cara Losch,East
3VKO28KR,Darcel Schlecht,MG Advanced,Scottech,Lost,2017-02-08,2017-05-04,0.0,marketing,2012-01-01,45.39,100.0,United States,MG,3393.0,Melvin Marxen,Central
9A9E1KPG,Elease Gluck,GTX Basic,Genco Pura Olive Oil Company,Engaging,2017-02-08,,,retail,2007-01-01,894.33,1635.0,Italy,GTX,550.0,Celia Rouche,West
5IES0B4B,James Ascencio,MG Special,Scotfind,Won,2017-02-08,2017-05-04,49.0,software,1996-01-01,6354.87,16780.0,United States,MG,55.0,Summer Sewald,West
HUFYU0AT,Jonathan Berthelot,GTX Basic,Stanredtax,Lost,2017-02-08,2017-05-24,0.0,finance,1987-01-01,1698.2,3798.0,United States,GTX,550.0,Melvin Marxen,Central
GMI6XZ4O,Jonathan Berthelot,GTX Basic,Codehow,Won,2017-02-08,2017-05-04,612.0,software,1998-01-01,2714.9,2641.0,United States,GTX,550.0,Melvin Marxen,Central
YOQCQ4UO,Kami Bicknell,GTX Basic,Hottechi,Won,2017-02-08,2017-03-18,534.0,technolgy,1997-01-01,8170.38,16499.0,Korea,GTX,550.0,Summer Sewald,West
KOZTDBJ5,Kami Bicknell,GTX Plus Basic,Condax,Won,2017-02-08,2017-06-07,1103.0,medical,2017-01-01,4.54,9.0,United States,GTX,1096.0,Summer Sewald,West
8NMPO9K3,Lajuana Vencill,GTX Basic,Conecom,Won,2017-02-08,2017-05-10,582.0,technolgy,2005-01-01,1520.66,1806.0,United States,GTX,550.0,Dustin Brinkmann,Central
PU7GV4MK,Marty Freudenburg,MG Advanced,Condax,Lost,2017-02-08,2017-05-13,0.0,medical,2017-01-01,4.54,9.0,United States,MG,3393.0,Melvin Marxen,Central
RCQDGE4W,Marty Freudenburg,GTX Plus Pro,Cancity,Won,2017-02-08,2017-05-04,6292.0,retail,2001-01-01,718.62,2448.0,United States,GTX,5482.0,Melvin Marxen,Central
ZT832XIR,Niesha Huffines,MG Special,Funholding,Lost,2017-02-08,2017-06-25,0.0,finance,1991-01-01,2819.5,7227.0,United States,MG,55.0,Melvin Marxen,Central
I995O4XJ,Rosalina Dieter,MG Special,Groovestreet,Won,2017-02-08,2017-05-24,63.0,retail,2003-01-01,223.8,299.0,United States,MG,55.0,Celia Rouche,West
EOXZGSX9,Versie Hillebrand,MG Advanced,Globex Corporation,Won,2017-02-08,2017-05-13,3522.0,technolgy,2000-01-01,1223.72,2497.0,Norway,MG,3393.0,Dustin Brinkmann,Central
PW5OGY78,Vicki Laflamme,MG Special,Konex,Lost,2017-02-08,2017-05-29,0.0,technolgy,1980-01-01,7708.38,13756.0,United States,MG,55.0,Celia Rouche,West
NJCSG7MX,Vicki Laflamme,GTX Basic,Plexzap,Won,2017-02-08,2017-05-04,532.0,retail,2001-01-01,2437.85,4874.0,United States,GTX,550.0,Celia Rouche,West
ZYRF768H,Violet Mclelland,MG Special,Iselectrics,Lost,2017-02-08,2017-05-04,0.0,technolgy,2011-01-01,527.11,1428.0,United States,MG,55.0,Cara Losch,East
5Q8BQ64R,Wilburn Farren,MG Advanced,Kinnamplus,Won,2017-02-08,2017-05-22,3645.0,retail,2004-01-01,702.72,1831.0,United States,MG,3393.0,Cara Losch,East
L47EPGVT,Anna Snelling,GTX Plus Pro,Gogozoom,Won,2017-02-09,2017-03-01,4760.0,telecommunications,2007-01-01,86.68,187.0,United States,GTX,5482.0,Dustin Brinkmann,Central
9GENDMWA,Corliss Cosme,GTX Basic,Betasoloin,Won,2017-02-09,2017-05-25,603.0,medical,1999-01-01,251.41,495.0,United States,GTX,550.0,Cara Losch,East
DHACLHPS,Daniell Hammack,GTX Basic,Bioplex,Lost,2017-02-09,2017-05-22,0.0,medical,1991-01-01,326.82,1016.0,United States,GTX,550.0,Rocco Neubert,East
GKLE0CDI,Daniell Hammack,MG Advanced,Yearin,Won,2017-02-09,2017-03-02,3249.0,retail,2005-01-01,2261.05,3851.0,United States,MG,3393.0,Rocco Neubert,East
XT9YNOV2,Donn Cantrell,GTX Plus Pro,Acme Corporation,Won,2017-02-09,2017-06-11,5724.0,technolgy,1996-01-01,1100.04,2822.0,United States,GTX,5482.0,Rocco Neubert,East
TMZQX7F8,Hayden Neloms,GTX Plus Basic,Groovestreet,Lost,2017-02-09,2017-05-02,0.0,retail,2003-01-01,223.8,299.0,United States,GTX,1096.0,Celia Rouche,West
5JHSTFEZ,Hayden Neloms,GTX Plus Basic,Plexzap,Lost,2017-02-09,2017-05-11,0.0,retail,2001-01-01,2437.85,4874.0,United States,GTX,1096.0,Celia Rouche,West
BAOSO1I2,Kary Hendrixson,GTX Basic,Faxquote,Won,2017-02-09,2017-05-02,516.0,telecommunications,1995-01-01,1825.82,5595.0,United States,GTX,550.0,Summer Sewald,West
IZDF2RTL,Marty Freudenburg,GTX Plus Basic,Rangreen,Won,2017-02-09,2017-05-27,1050.0,technolgy,1987-01-01,2938.67,8775.0,Panama,GTX,1096.0,Melvin Marxen,Central
F61DLVRS,Maureen Marcano,GTX Plus Pro,Plexzap,Won,2017-02-09,2017-05-23,4519.0,retail,2001-01-01,2437.85,4874.0,United States,GTX,5482.0,Summer Sewald,West
80F0J70G,Niesha Huffines,GTX Basic,Funholding,Lost,2017-02-09,2017-05-25,0.0,finance,1991-01-01,2819.5,7227.0,United States,GTX,550.0,Melvin Marxen,Central
S9W53L4L,Niesha Huffines,GTX Basic,Dontechi,Won,2017-02-09,2017-06-05,672.0,software,1982-01-01,4618.0,10083.0,United States,GTX,550.0,Melvin Marxen,Central
12OQKSVK,Reed Clapper,GTX Plus Basic,Mathtouch,Won,2017-02-09,2017-03-20,896.0,marketing,1984-01-01,3027.46,9516.0,Jordan,GTX,1096.0,Rocco Neubert,East
VC94R5H8,Vicki Laflamme,GTX Basic,Konex,Won,2017-02-09,2017-03-23,587.0,technolgy,1980-01-01,7708.38,13756.0,United States,GTX,550.0,Celia Rouche,West
XTKIX6I4,Vicki Laflamme,MG Advanced,Sonron,Won,2017-02-09,2017-06-13,3426.0,telecommunications,1999-01-01,1699.85,5108.0,United States,MG,3393.0,Celia Rouche,West
5P3NH791,Boris Faz,MG Advanced,Golddex,Engaging,2017-02-10,,,finance,2008-01-01,52.5,165.0,United States,MG,3393.0,Rocco Neubert,East
HM334UL2,Darcel Schlecht,GTX Plus Basic,Rangreen,Won,2017-02-10,2017-03-30,1126.0,technolgy,1987-01-01,2938.67,8775.0,Panama,GTX,1096.0,Melvin Marxen,Central
DR2QE1RW,Elease Gluck,MG Special,Sunnamplex,Lost,2017-02-10,2017-05-30,0.0,marketing,2008-01-01,894.37,1593.0,Poland,MG,55.0,Celia Rouche,West
FD8YL177,Elease Gluck,MG Special,Rantouch,Won,2017-02-10,2017-05-09,51.0,telecommunications,1994-01-01,1188.42,3015.0,United States,MG,55.0,Celia Rouche,West
X3ZSQCH8,Kami Bicknell,GTX Basic,Scotfind,Engaging,2017-02-10,,,software,1996-01-01,6354.87,16780.0,United States,GTX,550.0,Summer Sewald,West
UU21EYFN,Kami Bicknell,GTX Basic,Sonron,Won,2017-02-10,2017-03-06,563.0,telecommunications,1999-01-01,1699.85,5108.0,United States,GTX,550.0,Summer Sewald,West
OBDRD0AD,Lajuana Vencill,GTX Basic,Isdom,Lost,2017-02-10,2017-05-26,0.0,medical,2002-01-01,3178.24,4540.0,United States,GTX,550.0,Dustin Brinkmann,Central
NSGEM06J,Reed Clapper,GTX Basic,Opentech,Lost,2017-02-10,2017-05-14,0.0,finance,1994-01-01,355.23,853.0,United States,GTX,550.0,Rocco Neubert,East
QSQ42Q6M,Reed Clapper,MG Advanced,Kan-code,Won,2017-02-10,2017-06-15,2928.0,software,1982-01-01,11698.03,34288.0,United States,MG,3393.0,Rocco Neubert,East
PCBA3KAV,Reed Clapper,MG Advanced,Zathunicon,Won,2017-02-10,2017-06-05,3618.0,retail,2010-01-01,71.12,144.0,United States,MG,3393.0,Rocco Neubert,East
ZBBMGEV4,Darcel Schlecht,GTX Plus Basic,Inity,Won,2017-02-11,2017-05-16,1189.0,marketing,1986-01-01,2403.58,8801.0,United States,GTX,1096.0,Melvin Marxen,Central
TYSORYA9,Donn Cantrell,GTX Basic,Donquadtech,Lost,2017-02-11,2017-05-07,0.0,technolgy,1992-01-01,1712.68,3194.0,United States,GTX,550.0,Rocco Neubert,East
ULVXOPG3,Elease Gluck,MG Special,Hatfan,Won,2017-02-11,2017-05-22,60.0,services,1982-01-01,792.46,1299.0,United States,MG,55.0,Celia Rouche,West
G0R305KO,Jonathan Berthelot,GTX Plus Basic,Statholdings,Lost,2017-02-11,2017-05-11,0.0,employment,1997-01-01,291.27,586.0,United States,GTX,1096.0,Melvin Marxen,Central
ZDZGCWX7,Kami Bicknell,GTX Basic,Cheers,Won,2017-02-11,2017-06-22,545.0,entertainment,1993-01-01,4269.9,6472.0,United States,GTX,550.0,Summer Sewald,West
PQJZ5Z3R,Kami Bicknell,MG Advanced,Labdrill,Won,2017-02-11,2017-05-12,3035.0,medical,1985-01-01,2741.37,9226.0,United States,MG,3393.0,Summer Sewald,West
7KXTF2Q6,Kary Hendrixson,GTX Basic,Konex,Won,2017-02-11,2017-06-23,584.0,technolgy,1980-01-01,7708.38,13756.0,United States,GTX,550.0,Summer Sewald,West
WZVE1NTM,Markita Hansen,MG Special,Scotfind,Lost,2017-02-11,2017-05-15,0.0,software,1996-01-01,6354.87,16780.0,United States,MG,55.0,Celia Rouche,West
M6UEZLOQ,Maureen Marcano,GTX Plus Basic,Cheers,Won,2017-02-11,2017-06-23,1069.0,entertainment,1993-01-01,4269.9,6472.0,United States,GTX,1096.0,Summer Sewald,West
D6T5MM04,Maureen Marcano,GTX Plus Basic,Xx-holding,Won,2017-02-11,2017-06-22,1035.0,finance,1993-01-01,7537.24,20293.0,United States,GTX,1096.0,Summer Sewald,West
5RNWV17L,Rosalina Dieter,MG Advanced,Golddex,Engaging,2017-02-11,,,finance,2008-01-01,52.5,165.0,United States,MG,3393.0,Celia Rouche,West
9JKVM4BK,Violet Mclelland,GTX Plus Basic,Vehement Capital Partners,Lost,2017-02-11,2017-06-05,0.0,finance,1993-01-01,646.1,883.0,United States,GTX,1096.0,Cara Losch,East
14PBBHSE,Violet Mclelland,MG Special,Zotware,Won,2017-02-11,2017-05-08,49.0,software,1979-01-01,4478.47,13809.0,United States,MG,55.0,Cara Losch,East
P1KS5YFX,Anna Snelling,MG Special,Rundofase,Won,2017-02-12,2017-06-07,59.0,technolgy,1983-01-01,1008.06,1238.0,United States,MG,55.0,Dustin Brinkmann,Central
3MNZF5ZK,Cecily Lampkin,GTX Plus Pro,Zumgoity,Won,2017-02-12,2017-06-03,5148.0,medical,1984-01-01,441.08,1210.0,United States,GTX,5482.0,Dustin Brinkmann,Central
HVM656P3,Donn Cantrell,GTX Basic,Plussunin,Won,2017-02-12,2017-05-12,475.0,retail,2003-01-01,1419.98,4018.0,United States,GTX,550.0,Rocco Neubert,East
U2SW8DT1,Hayden Neloms,MG Advanced,Labdrill,Won,2017-02-12,2017-06-13,3807.0,medical,1985-01-01,2741.37,9226.0,United States,MG,3393.0,Celia Rouche,West
VXMFL425,James Ascencio,GTX Basic,Faxquote,Engaging,2017-02-12,,,telecommunications,1995-01-01,1825.82,5595.0,United States,GTX,550.0,Summer Sewald,West
XMH4CH4Q,Jonathan Berthelot,GTX Basic,Stanredtax,Won,2017-02-12,2017-05-21,518.0,finance,1987-01-01,1698.2,3798.0,United States,GTX,550.0,Melvin Marxen,Central
UNLIS3RY,Kami Bicknell,GTX Plus Basic,Dalttechnology,Won,2017-02-12,2017-05-09,1050.0,software,2013-01-01,98.79,96.0,United States,GTX,1096.0,Summer Sewald,West
E887HZT1,Rosalina Dieter,MG Advanced,Cheers,Engaging,2017-02-12,,,entertainment,1993-01-01,4269.9,6472.0,United States,MG,3393.0,Celia Rouche,West
NRYC7T45,Zane Levy,GTX Basic,Y-corporation,Won,2017-02-12,2017-05-05,618.0,employment,1983-01-01,2871.35,9561.0,United States,GTX,550.0,Summer Sewald,West
ZVR3I3F0,Zane Levy,MG Advanced,Singletechno,Won,2017-02-12,2017-05-02,3460.0,retail,1996-01-01,2214.94,5374.0,United States,MG,3393.0,Summer Sewald,West
2TKQ8B78,Daniell Hammack,GTX Plus Pro,Ontomedia,Won,2017-02-13,2017-05-21,5751.0,employment,1997-01-01,882.12,2769.0,United States,GTX,5482.0,Rocco Neubert,East
OZ5O64KJ,Darcel Schlecht,GTX Plus Pro,Konmatfix,Won,2017-02-13,2017-05-28,5639.0,marketing,1985-01-01,375.43,1190.0,United States,GTX,5482.0,Melvin Marxen,Central
WXCW16QT,Donn Cantrell,GTX Plus Pro,Bioplex,Lost,2017-02-13,2017-06-02,0.0,medical,1991-01-01,326.82,1016.0,United States,GTX,5482.0,Rocco Neubert,East
UCXCUP1U,Garret Kinder,GTX Plus Pro,Zencorporation,Won,2017-02-13,2017-05-18,4766.0,technolgy,2011-01-01,40.79,142.0,China,GTX,5482.0,Cara Losch,East
SWJ9OOZU,Hayden Neloms,MG Advanced,Opentech,Engaging,2017-02-13,,,finance,1994-01-01,355.23,853.0,United States,MG,3393.0,Celia Rouche,West
9ERRIZKG,Kami Bicknell,GTX Plus Basic,Scotfind,Lost,2017-02-13,2017-05-09,0.0,software,1996-01-01,6354.87,16780.0,United States,GTX,1096.0,Summer Sewald,West
CKLYIFLY,Kary Hendrixson,GTX Basic,Singletechno,Won,2017-02-13,2017-05-11,589.0,retail,1996-01-01,2214.94,5374.0,United States,GTX,550.0,Summer Sewald,West
6VDLCBYU,Marty Freudenburg,GTX Plus Pro,Finhigh,Lost,2017-02-13,2017-05-31,0.0,finance,2006-01-01,1102.43,1759.0,United States,GTX,5482.0,Melvin Marxen,Central
XYBPUC2H,Moses Frase,GTX Basic,Hottechi,Lost,2017-02-13,2017-05-16,0.0,technolgy,1997-01-01,8170.38,16499.0,Korea,GTX,550.0,Dustin Brinkmann,Central
I3MC9XZC,Violet Mclelland,GTX Basic,Massive Dynamic,Won,2017-02-13,2017-05-18,533.0,entertainment,1989-01-01,665.06,1095.0,United States,GTX,550.0,Cara Losch,East
L5T2HKKO,Anna Snelling,GTX Basic,Conecom,Lost,2017-02-14,2017-05-05,0.0,technolgy,2005-01-01,1520.66,1806.0,United States,GTX,550.0,Dustin Brinkmann,Central
6CEEGQ8I,Anna Snelling,MG Special,Domzoom,Won,2017-02-14,2017-05-30,63.0,entertainment,1998-01-01,217.87,551.0,United States,MG,55.0,Dustin Brinkmann,Central
U64RT0UF,Donn Cantrell,GTX Plus Basic,Betasoloin,Won,2017-02-14,2017-05-29,987.0,medical,1999-01-01,251.41,495.0,United States,GTX,1096.0,Rocco Neubert,East
RWGSCFHR,Donn Cantrell,GTX Plus Pro,Gekko & Co,Won,2017-02-14,2017-03-02,4246.0,retail,1990-01-01,2520.83,3502.0,United States,GTX,5482.0,Rocco Neubert,East
GEBVQH17,Donn Cantrell,GTX Plus Pro,Iselectrics,Won,2017-02-14,2017-05-06,5702.0,technolgy,2011-01-01,527.11,1428.0,United States,GTX,5482.0,Rocco Neubert,East
3OVJXUSB,Donn Cantrell,MG Advanced,Silis,Won,2017-02-14,2017-06-14,2981.0,medical,1994-01-01,2818.38,6290.0,United States,MG,3393.0,Rocco Neubert,East
KQPY8LLI,Gladys Colclough,MG Advanced,Hottechi,Lost,2017-02-14,2017-05-13,0.0,technolgy,1997-01-01,8170.38,16499.0,Korea,MG,3393.0,Melvin Marxen,Central
DC7COE9W,Hayden Neloms,MG Advanced,Konex,Won,2017-02-14,2017-05-01,2873.0,technolgy,1980-01-01,7708.38,13756.0,United States,MG,3393.0,Celia Rouche,West
3LED0EK3,Jonathan Berthelot,MG Advanced,Treequote,Lost,2017-02-14,2017-05-11,0.0,telecommunications,1988-01-01,5266.09,8595.0,United States,MG,3393.0,Melvin Marxen,Central
SCS5H8V1,Markita Hansen,GTK 500,Vehement Capital Partners,Engaging,2017-02-14,,,finance,1993-01-01,646.1,883.0,United States,GTK,26768.0,Celia Rouche,West
81MXE1H7,Markita Hansen,MG Advanced,Bioholding,Engaging,2017-02-14,,,medical,2012-01-01,587.34,1356.0,Philipines,MG,3393.0,Celia Rouche,West
G4MKT3AE,Rosie Papadopoulos,MG Special,The New York Inquirer,Lost,2017-02-14,2017-05-07,0.0,medical,1996-01-01,439.21,792.0,United States,MG,55.0,Cara Losch,East
GQ125FX0,Versie Hillebrand,GTX Basic,Gogozoom,Won,2017-02-14,2017-06-03,528.0,telecommunications,2007-01-01,86.68,187.0,United States,GTX,550.0,Dustin Brinkmann,Central
JO52QXJ0,Versie Hillebrand,GTX Plus Basic,Scottech,Won,2017-02-14,2017-06-18,1199.0,marketing,2012-01-01,45.39,100.0,United States,GTX,1096.0,Dustin Brinkmann,Central
N6H58J55,Anna Snelling,GTX Basic,Streethex,Lost,2017-02-15,2017-05-13,0.0,retail,1988-01-01,1376.8,1165.0,Belgium,GTX,550.0,Dustin Brinkmann,Central
WR6Q2X53,Darcel Schlecht,GTX Plus Pro,Streethex,Lost,2017-02-15,2017-05-08,0.0,retail,1988-01-01,1376.8,1165.0,Belgium,GTX,5482.0,Melvin Marxen,Central
8O1WNJBA,Garret Kinder,GTX Basic,Bluth Company,Lost,2017-02-15,2017-03-23,0.0,technolgy,1993-01-01,1242.32,3027.0,United States,GTX,550.0,Cara Losch,East
X1LAD57Y,Garret Kinder,GTX Plus Pro,Ontomedia,Lost,2017-02-15,2017-03-04,0.0,employment,1997-01-01,882.12,2769.0,United States,GTX,5482.0,Cara Losch,East
E2NXQUWO,Garret Kinder,MG Advanced,Ganjaflex,Won,2017-02-15,2017-03-06,3507.0,retail,1995-01-01,5158.71,17479.0,Japan,MG,3393.0,Cara Losch,East
MEZLJGRB,James Ascencio,GTX Basic,Fasehatice,Lost,2017-02-15,2017-05-20,0.0,retail,1990-01-01,4968.91,7523.0,United States,GTX,550.0,Summer Sewald,West
X6LO8WPD,Jonathan Berthelot,GTX Basic,Globex Corporation,Won,2017-02-15,2017-05-28,505.0,technolgy,2000-01-01,1223.72,2497.0,Norway,GTX,550.0,Melvin Marxen,Central
S8WV5MUC,Kary Hendrixson,GTX Plus Basic,Cheers,Lost,2017-02-15,2017-05-07,0.0,entertainment,1993-01-01,4269.9,6472.0,United States,GTX,1096.0,Summer Sewald,West
CVKLHZEO,Moses Frase,GTX Basic,Genco Pura Olive Oil Company,Won,2017-02-15,2017-05-13,455.0,retail,2007-01-01,894.33,1635.0,Italy,GTX,550.0,Dustin Brinkmann,Central
8KJZJFJ1,Reed Clapper,GTX Basic,Initech,Won,2017-02-15,2017-03-03,537.0,telecommunications,1994-01-01,6395.05,20275.0,United States,GTX,550.0,Rocco Neubert,East
W560QFJL,Reed Clapper,GTX Plus Basic,Opentech,Won,2017-02-15,2017-03-04,1090.0,finance,1994-01-01,355.23,853.0,United States,GTX,1096.0,Rocco Neubert,East
TA3PW6ZQ,Versie Hillebrand,MG Advanced,Stanredtax,Lost,2017-02-15,2017-05-24,0.0,finance,1987-01-01,1698.2,3798.0,United States,MG,3393.0,Dustin Brinkmann,Central
2DVE0XCM,Versie Hillebrand,MG Special,Genco Pura Olive Oil Company,Won,2017-02-15,2017-03-17,60.0,retail,2007-01-01,894.33,1635.0,Italy,MG,55.0,Dustin Brinkmann,Central
L3UMWAX7,Vicki Laflamme,GTX Plus Basic,Faxquote,Lost,2017-02-15,2017-05-17,0.0,telecommunications,1995-01-01,1825.82,5595.0,United States,GTX,1096.0,Celia Rouche,West
VOTOT8MK,Cassey Cress,GTX Plus Pro,Plussunin,Won,2017-02-16,2017-06-15,6509.0,retail,2003-01-01,1419.98,4018.0,United States,GTX,5482.0,Rocco Neubert,East
Y3ULGUD8,Cecily Lampkin,GTX Plus Basic,Ron-tech,Won,2017-02-16,2017-05-18,1079.0,medical,1992-01-01,3922.42,6837.0,United States,GTX,1096.0,Dustin Brinkmann,Central
7350YGG4,Corliss Cosme,GTX Plus Basic,Silis,Won,2017-02-16,2017-05-29,1111.0,medical,1994-01-01,2818.38,6290.0,United States,GTX,1096.0,Cara Losch,East
BRQRF65L,Donn Cantrell,GTX Basic,Donquadtech,Won,2017-02-16,2017-03-02,462.0,technolgy,1992-01-01,1712.68,3194.0,United States,GTX,550.0,Rocco Neubert,East
LB6XW39X,Donn Cantrell,GTX Basic,Xx-zobam,Won,2017-02-16,2017-03-04,555.0,entertainment,1989-01-01,3838.39,8274.0,United States,GTX,550.0,Rocco Neubert,East
WS9CXY7E,Gladys Colclough,GTX Plus Pro,Conecom,Won,2017-02-16,2017-03-01,6719.0,technolgy,2005-01-01,1520.66,1806.0,United States,GTX,5482.0,Melvin Marxen,Central
CK0MDHHM,Hayden Neloms,MG Advanced,Faxquote,Won,2017-02-16,2017-06-02,3281.0,telecommunications,1995-01-01,1825.82,5595.0,United States,MG,3393.0,Celia Rouche,West
RNUH1SI8,James Ascencio,MG Advanced,Kan-code,Won,2017-02-16,2017-05-07,3398.0,software,1982-01-01,11698.03,34288.0,United States,MG,3393.0,Summer Sewald,West
BNY8MJ6L,Kary Hendrixson,GTX Basic,Labdrill,Engaging,2017-02-16,,,medical,1985-01-01,2741.37,9226.0,United States,GTX,550.0,Summer Sewald,West
JOQQZ5RH,Marty Freudenburg,GTX Basic,Domzoom,Won,2017-02-16,2017-03-01,608.0,entertainment,1998-01-01,217.87,551.0,United States,GTX,550.0,Melvin Marxen,Central
LIIBOUUQ,Reed Clapper,GTX Plus Basic,Donquadtech,Won,2017-02-16,2017-05-30,1187.0,technolgy,1992-01-01,1712.68,3194.0,United States,GTX,1096.0,Rocco Neubert,East
UDYSM42B,Violet Mclelland,GTX Plus Pro,Initech,Won,2017-02-16,2017-06-22,5855.0,telecommunications,1994-01-01,6395.05,20275.0,United States,GTX,5482.0,Cara Losch,East
75Q82XU7,Donn Cantrell,GTX Plus Basic,Gekko & Co,Lost,2017-02-17,2017-06-13,0.0,retail,1990-01-01,2520.83,3502.0,United States,GTX,1096.0,Rocco Neubert,East
AMNKCM1H,Elease Gluck,MG Special,Betasoloin,Engaging,2017-02-17,,,medical,1999-01-01,251.41,495.0,United States,MG,55.0,Celia Rouche,West
2U6QQHCC,James Ascencio,GTX Plus Pro,J-Texon,Won,2017-02-17,2017-06-19,4066.0,retail,1989-01-01,1388.67,3583.0,United States,GTX,5482.0,Summer Sewald,West
CZIXINO2,Kami Bicknell,GTX Basic,Finjob,Lost,2017-02-17,2017-05-04,0.0,employment,1988-01-01,2059.9,3644.0,United States,GTX,550.0,Summer Sewald,West
KIHC1QJQ,Kami Bicknell,GTX Basic,Plexzap,Won,2017-02-17,2017-05-09,540.0,retail,2001-01-01,2437.85,4874.0,United States,GTX,550.0,Summer Sewald,West
VBWQO6BM,Niesha Huffines,MG Advanced,Conecom,Lost,2017-02-17,2017-05-14,0.0,technolgy,2005-01-01,1520.66,1806.0,United States,MG,3393.0,Melvin Marxen,Central
LTZCN1RA,Versie Hillebrand,MG Special,Domzoom,Won,2017-02-17,2017-05-19,54.0,entertainment,1998-01-01,217.87,551.0,United States,MG,55.0,Dustin Brinkmann,Central
8638OV6W,Corliss Cosme,MG Special,Zathunicon,Lost,2017-02-18,2017-05-26,0.0,retail,2010-01-01,71.12,144.0,United States,MG,55.0,Cara Losch,East
K4VP5HK4,Donn Cantrell,MG Advanced,Betasoloin,Won,2017-02-18,2017-05-08,3602.0,medical,1999-01-01,251.41,495.0,United States,MG,3393.0,Rocco Neubert,East
10R46CSK,Lajuana Vencill,MG Advanced,Betatech,Won,2017-02-18,2017-05-07,2904.0,medical,1986-01-01,647.18,1185.0,Kenya,MG,3393.0,Dustin Brinkmann,Central
VBA34LWX,Markita Hansen,GTX Basic,Sonron,Won,2017-02-18,2017-05-31,571.0,telecommunications,1999-01-01,1699.85,5108.0,United States,GTX,550.0,Celia Rouche,West
DLJN7WG0,Marty Freudenburg,MG Special,Genco Pura Olive Oil Company,Lost,2017-02-18,2017-05-30,0.0,retail,2007-01-01,894.33,1635.0,Italy,MG,55.0,Melvin Marxen,Central
FJCCTOPN,Reed Clapper,GTX Basic,Zathunicon,Won,2017-02-18,2017-06-18,492.0,retail,2010-01-01,71.12,144.0,United States,GTX,550.0,Rocco Neubert,East
5VAV2TUY,Versie Hillebrand,GTX Plus Pro,Cancity,Won,2017-02-18,2017-03-25,5614.0,retail,2001-01-01,718.62,2448.0,United States,GTX,5482.0,Dustin Brinkmann,Central
HTD2ME9C,Anna Snelling,GTX Plus Pro,Betatech,Won,2017-02-19,2017-06-12,5370.0,medical,1986-01-01,647.18,1185.0,Kenya,GTX,5482.0,Dustin Brinkmann,Central
GHUCMUPL,Boris Faz,GTX Basic,Zencorporation,Won,2017-02-19,2017-05-02,550.0,technolgy,2011-01-01,40.79,142.0,China,GTX,550.0,Rocco Neubert,East
1LKY3B4X,Cassey Cress,GTX Plus Basic,Yearin,Won,2017-02-19,2017-03-02,1011.0,retail,2005-01-01,2261.05,3851.0,United States,GTX,1096.0,Rocco Neubert,East
7Y5E0RDL,Corliss Cosme,MG Special,Sumace,Won,2017-02-19,2017-06-18,56.0,retail,2000-01-01,167.89,493.0,Romania,MG,55.0,Cara Losch,East
BEQIZZ7W,Darcel Schlecht,GTX Plus Basic,Codehow,Won,2017-02-19,2017-03-04,1217.0,software,1998-01-01,2714.9,2641.0,United States,GTX,1096.0,Melvin Marxen,Central
44F8ZE41,Donn Cantrell,GTX Basic,Bubba Gump,Lost,2017-02-19,2017-05-19,0.0,software,2002-01-01,987.39,2253.0,United States,GTX,550.0,Rocco Neubert,East
YJIH415V,Donn Cantrell,MG Advanced,Kan-code,Won,2017-02-19,2017-05-10,3222.0,software,1982-01-01,11698.03,34288.0,United States,MG,3393.0,Rocco Neubert,East
K3DQJ796,Garret Kinder,GTX Basic,Bioplex,Lost,2017-02-19,2017-05-14,0.0,medical,1991-01-01,326.82,1016.0,United States,GTX,550.0,Cara Losch,East
6QF3D2RI,Garret Kinder,GTX Basic,Massive Dynamic,Lost,2017-02-19,2017-05-05,0.0,entertainment,1989-01-01,665.06,1095.0,United States,GTX,550.0,Cara Losch,East
G9565UWZ,Garret Kinder,MG Advanced,Opentech,Won,2017-02-19,2017-03-01,3348.0,finance,1994-01-01,355.23,853.0,United States,MG,3393.0,Cara Losch,East
RFKIN7FG,Jonathan Berthelot,GTX Basic,Conecom,Lost,2017-02-19,2017-05-25,0.0,technolgy,2005-01-01,1520.66,1806.0,United States,GTX,550.0,Melvin Marxen,Central
WJQ8VD51,Kami Bicknell,GTX Basic,Faxquote,Engaging,2017-02-19,,,telecommunications,1995-01-01,1825.82,5595.0,United States,GTX,550.0,Summer Sewald,West
2QHRL8CW,Moses Frase,GTX Basic,Stanredtax,Won,2017-02-19,2017-05-28,404.0,finance,1987-01-01,1698.2,3798.0,United States,GTX,550.0,Dustin Brinkmann,Central
RFYAI0WA,Rosie Papadopoulos,GTX Plus Pro,Initech,Lost,2017-02-19,2017-06-08,0.0,telecommunications,1994-01-01,6395.05,20275.0,United States,GTX,5482.0,Cara Losch,East
WH0DJCGL,Rosie Papadopoulos,MG Special,Zathunicon,Lost,2017-02-19,2017-06-14,0.0,retail,2010-01-01,71.12,144.0,United States,MG,55.0,Cara Losch,East
IHFM8QXN,Vicki Laflamme,GTX Plus Basic,Kan-code,Lost,2017-02-19,2017-03-07,0.0,software,1982-01-01,11698.03,34288.0,United States,GTX,1096.0,Celia Rouche,West
QCY951QA,Violet Mclelland,MG Special,Donquadtech,Won,2017-02-19,2017-05-06,51.0,technolgy,1992-01-01,1712.68,3194.0,United States,MG,55.0,Cara Losch,East
09BVA55J,Zane Levy,GTX Basic,Scotfind,Won,2017-02-19,2017-06-25,598.0,software,1996-01-01,6354.87,16780.0,United States,GTX,550.0,Summer Sewald,West
2R9HXKXT,Boris Faz,GTX Plus Basic,Konex,Lost,2017-02-20,2017-05-25,0.0,technolgy,1980-01-01,7708.38,13756.0,United States,GTX,1096.0,Rocco Neubert,East
JLK8KCNN,Boris Faz,MG Special,Zathunicon,Won,2017-02-20,2017-05-24,42.0,retail,2010-01-01,71.12,144.0,United States,MG,55.0,Rocco Neubert,East
8ZYVKQ27,Cecily Lampkin,GTX Plus Pro,Statholdings,Won,2017-02-20,2017-06-26,5154.0,employment,1997-01-01,291.27,586.0,United States,GTX,5482.0,Dustin Brinkmann,Central
5JFOA4XC,Gladys Colclough,MG Advanced,Finhigh,Won,2017-02-20,2017-06-14,3215.0,finance,2006-01-01,1102.43,1759.0,United States,MG,3393.0,Melvin Marxen,Central
N5FOEJZ9,Kami Bicknell,GTX Basic,Nam-zim,Lost,2017-02-20,2017-06-03,0.0,services,1987-01-01,405.59,1179.0,Brazil,GTX,550.0,Summer Sewald,West
CYWZJ2AI,Kary Hendrixson,GTX Plus Basic,Donquadtech,Engaging,2017-02-20,,,technolgy,1992-01-01,1712.68,3194.0,United States,GTX,1096.0,Summer Sewald,West
EBRWSMI0,Markita Hansen,GTX Plus Basic,Scotfind,Lost,2017-02-20,2017-06-27,0.0,software,1996-01-01,6354.87,16780.0,United States,GTX,1096.0,Celia Rouche,West
4PKHDQOQ,Marty Freudenburg,GTX Plus Pro,Funholding,Won,2017-02-20,2017-06-03,5015.0,finance,1991-01-01,2819.5,7227.0,United States,GTX,5482.0,Melvin Marxen,Central
3Y9SB2QK,Maureen Marcano,GTX Basic,Dalttechnology,Won,2017-02-20,2017-03-01,571.0,software,2013-01-01,98.79,96.0,United States,GTX,550.0,Summer Sewald,West
2EILEDKF,Reed Clapper,MG Advanced,Massive Dynamic,Won,2017-02-20,2017-03-05,3315.0,entertainment,1989-01-01,665.06,1095.0,United States,MG,3393.0,Rocco Neubert,East
J4NX9TK5,Versie Hillebrand,MG Special,Warephase,Won,2017-02-20,2017-05-24,60.0,services,1997-01-01,2041.73,5276.0,United States,MG,55.0,Dustin Brinkmann,Central
5ITSLO0E,Anna Snelling,GTX Plus Basic,Treequote,Won,2017-02-21,2017-03-04,999.0,telecommunications,1988-01-01,5266.09,8595.0,United States,GTX,1096.0,Dustin Brinkmann,Central
QGW0TI1U,Darcel Schlecht,GTX Basic,Statholdings,Lost,2017-02-21,2017-06-11,0.0,employment,1997-01-01,291.27,586.0,United States,GTX,550.0,Melvin Marxen,Central
WJC5J533,Lajuana Vencill,GTX Plus Pro,Finhigh,Won,2017-02-21,2017-06-04,5401.0,finance,2006-01-01,1102.43,1759.0,United States,GTX,5482.0,Dustin Brinkmann,Central
9SLINQY5,Markita Hansen,MG Advanced,Newex,Engaging,2017-02-21,,,services,1991-01-01,1012.72,3492.0,Germany,MG,3393.0,Celia Rouche,West
XGLMCTLG,Moses Frase,GTX Basic,Rundofase,Won,2017-02-21,2017-06-18,551.0,technolgy,1983-01-01,1008.06,1238.0,United States,GTX,550.0,Dustin Brinkmann,Central
X6RLT30X,Reed Clapper,GTX Plus Pro,Mathtouch,Lost,2017-02-21,2017-05-23,0.0,marketing,1984-01-01,3027.46,9516.0,Jordan,GTX,5482.0,Rocco Neubert,East
IVT0S1N1,Vicki Laflamme,GTX Basic,Faxquote,Won,2017-02-21,2017-03-20,600.0,telecommunications,1995-01-01,1825.82,5595.0,United States,GTX,550.0,Celia Rouche,West
JEPGSQC9,Violet Mclelland,GTX Plus Pro,Bioplex,Lost,2017-02-21,2017-05-05,0.0,medical,1991-01-01,326.82,1016.0,United States,GTX,5482.0,Cara Losch,East
EEDHCEVZ,Boris Faz,MG Special,The New York Inquirer,Lost,2017-02-22,2017-05-22,0.0,medical,1996-01-01,439.21,792.0,United States,MG,55.0,Rocco Neubert,East
E36CR33F,Corliss Cosme,MG Advanced,Vehement Capital Partners,Lost,2017-02-22,2017-06-08,0.0,finance,1993-01-01,646.1,883.0,United States,MG,3393.0,Cara Losch,East
B4SIVH1O,Daniell Hammack,GTX Basic,Fasehatice,Engaging,2017-02-22,,,retail,1990-01-01,4968.91,7523.0,United States,GTX,550.0,Rocco Neubert,East
VMEVOJVL,Daniell Hammack,GTX Plus Pro,Sumace,Lost,2017-02-22,2017-05-17,0.0,retail,2000-01-01,167.89,493.0,Romania,GTX,5482.0,Rocco Neubert,East
5EKN0BFN,Daniell Hammack,GTX Plus Pro,Zathunicon,Won,2017-02-22,2017-05-15,4848.0,retail,2010-01-01,71.12,144.0,United States,GTX,5482.0,Rocco Neubert,East
52CROFH2,Darcel Schlecht,GTX Basic,Betatech,Lost,2017-02-22,2017-03-05,0.0,medical,1986-01-01,647.18,1185.0,Kenya,GTX,550.0,Melvin Marxen,Central
WGI2GSKJ,Hayden Neloms,GTX Plus Basic,J-Texon,Lost,2017-02-22,2017-05-27,0.0,retail,1989-01-01,1388.67,3583.0,United States,GTX,1096.0,Celia Rouche,West
W4BNO6UL,Hayden Neloms,MG Advanced,Fasehatice,Won,2017-02-22,2017-06-04,3763.0,retail,1990-01-01,4968.91,7523.0,United States,MG,3393.0,Celia Rouche,West
3H80RIHV,Kami Bicknell,GTX Plus Pro,Sonron,Won,2017-02-22,2017-05-10,5491.0,telecommunications,1999-01-01,1699.85,5108.0,United States,GTX,5482.0,Summer Sewald,West
KATNS4R4,Lajuana Vencill,GTX Basic,Bioholding,Lost,2017-02-22,2017-05-22,0.0,medical,2012-01-01,587.34,1356.0,Philipines,GTX,550.0,Dustin Brinkmann,Central
L5U7OT6O,Markita Hansen,GTX Plus Pro,Y-corporation,Won,2017-02-22,2017-06-17,5503.0,employment,1983-01-01,2871.35,9561.0,United States,GTX,5482.0,Celia Rouche,West
QKVUGRN9,Moses Frase,GTX Plus Basic,Rangreen,Lost,2017-02-22,2017-05-30,0.0,technolgy,1987-01-01,2938.67,8775.0,Panama,GTX,1096.0,Dustin Brinkmann,Central
FNY6F0KF,Moses Frase,MG Special,Statholdings,Won,2017-02-22,2017-05-15,58.0,employment,1997-01-01,291.27,586.0,United States,MG,55.0,Dustin Brinkmann,Central
1W23LEWK,Niesha Huffines,GTX Plus Basic,Genco Pura Olive Oil Company,Won,2017-02-22,2017-05-27,1051.0,retail,2007-01-01,894.33,1635.0,Italy,GTX,1096.0,Melvin Marxen,Central
JHJEQ1U3,Niesha Huffines,GTX Plus Pro,Conecom,Won,2017-02-22,2017-03-07,5604.0,technolgy,2005-01-01,1520.66,1806.0,United States,GTX,5482.0,Melvin Marxen,Central
CPJAA632,Reed Clapper,MG Advanced,Xx-zobam,Won,2017-02-22,2017-05-15,3273.0,entertainment,1989-01-01,3838.39,8274.0,United States,MG,3393.0,Rocco Neubert,East
Q19RWR17,Vicki Laflamme,GTX Basic,Rundofase,Engaging,2017-02-22,,,technolgy,1983-01-01,1008.06,1238.0,United States,GTX,550.0,Celia Rouche,West
GVC0RLQE,Vicki Laflamme,GTX Plus Basic,Scotfind,Lost,2017-02-22,2017-05-11,0.0,software,1996-01-01,6354.87,16780.0,United States,GTX,1096.0,Celia Rouche,West
9OLYBVNE,Zane Levy,GTX Plus Basic,Scotfind,Won,2017-02-22,2017-06-02,1220.0,software,1996-01-01,6354.87,16780.0,United States,GTX,1096.0,Summer Sewald,West
R8N49PHN,Zane Levy,GTX Plus Pro,Singletechno,Won,2017-02-22,2017-03-02,5497.0,retail,1996-01-01,2214.94,5374.0,United States,GTX,5482.0,Summer Sewald,West
P5EVJUKQ,Anna Snelling,GTX Plus Basic,Conecom,Won,2017-02-23,2017-06-10,1056.0,technolgy,2005-01-01,1520.66,1806.0,United States,GTX,1096.0,Dustin Brinkmann,Central
XF4648CO,Boris Faz,GTX Basic,Kan-code,Lost,2017-02-23,2017-06-16,0.0,software,1982-01-01,11698.03,34288.0,United States,GTX,550.0,Rocco Neubert,East
24UTFDPK,Cassey Cress,GTX Basic,Massive Dynamic,Won,2017-02-23,2017-03-12,572.0,entertainment,1989-01-01,665.06,1095.0,United States,GTX,550.0,Rocco Neubert,East
ERYLM04D,Cecily Lampkin,MG Advanced,Funholding,Won,2017-02-23,2017-05-23,3668.0,finance,1991-01-01,2819.5,7227.0,United States,MG,3393.0,Dustin Brinkmann,Central
IQ9W1X36,Corliss Cosme,MG Special,Kinnamplus,Won,2017-02-23,2017-03-02,50.0,retail,2004-01-01,702.72,1831.0,United States,MG,55.0,Cara Losch,East
GSR9PIF0,Daniell Hammack,MG Advanced,Silis,Won,2017-02-23,2017-05-22,3509.0,medical,1994-01-01,2818.38,6290.0,United States,MG,3393.0,Rocco Neubert,East
VFZOL6CB,Elease Gluck,MG Special,Dalttechnology,Won,2017-02-23,2017-03-10,47.0,software,2013-01-01,98.79,96.0,United States,MG,55.0,Celia Rouche,West
75ZOJ3O7,Hayden Neloms,MG Advanced,Finjob,Won,2017-02-23,2017-03-08,3312.0,employment,1988-01-01,2059.9,3644.0,United States,MG,3393.0,Celia Rouche,West
1QQR82TP,James Ascencio,GTX Plus Pro,Goodsilron,Lost,2017-02-23,2017-06-23,0.0,marketing,2000-01-01,2952.73,5107.0,United States,GTX,5482.0,Summer Sewald,West
DR6MQSWL,Kami Bicknell,GTX Basic,Labdrill,Won,2017-02-23,2017-03-11,480.0,medical,1985-01-01,2741.37,9226.0,United States,GTX,550.0,Summer Sewald,West
KAV5TU8X,Kami Bicknell,MG Advanced,Nam-zim,Won,2017-02-23,2017-05-06,3208.0,services,1987-01-01,405.59,1179.0,Brazil,MG,3393.0,Summer Sewald,West
UQ86UOWY,Kary Hendrixson,GTX Basic,Y-corporation,Lost,2017-02-23,2017-05-04,0.0,employment,1983-01-01,2871.35,9561.0,United States,GTX,550.0,Summer Sewald,West
A82DG6R5,Kary Hendrixson,GTX Plus Pro,Kan-code,Won,2017-02-23,2017-05-04,5782.0,software,1982-01-01,11698.03,34288.0,United States,GTX,5482.0,Summer Sewald,West
37FKT2ZP,Lajuana Vencill,GTX Plus Pro,Rangreen,Won,2017-02-23,2017-05-23,5827.0,technolgy,1987-01-01,2938.67,8775.0,Panama,GTX,5482.0,Dustin Brinkmann,Central
MVXB9PS5,Maureen Marcano,GTX Basic,Newex,Lost,2017-02-23,2017-06-17,0.0,services,1991-01-01,1012.72,3492.0,Germany,GTX,550.0,Summer Sewald,West
M2TZSYTN,Moses Frase,GTX Basic,Bioholding,Won,2017-02-23,2017-06-16,516.0,medical,2012-01-01,587.34,1356.0,Philipines,GTX,550.0,Dustin Brinkmann,Central
KGJL5GHX,Moses Frase,GTX Plus Basic,Condax,Won,2017-02-23,2017-06-06,956.0,medical,2017-01-01,4.54,9.0,United States,GTX,1096.0,Dustin Brinkmann,Central
IF7DSONM,Moses Frase,MG Special,Stanredtax,Won,2017-02-23,2017-03-15,52.0,finance,1987-01-01,1698.2,3798.0,United States,MG,55.0,Dustin Brinkmann,Central
RR4FWSVB,Moses Frase,MG Advanced,Toughzap,Won,2017-02-23,2017-05-11,3025.0,retail,1995-01-01,332.43,799.0,United States,MG,3393.0,Dustin Brinkmann,Central
IO4GTLAB,Zane Levy,GTX Plus Basic,Kan-code,Won,2017-02-23,2017-03-14,929.0,software,1982-01-01,11698.03,34288.0,United States,GTX,1096.0,Summer Sewald,West
06T2UPDG,Cecily Lampkin,MG Special,dambase,Lost,2017-02-24,2017-06-05,0.0,marketing,1995-01-01,2173.98,2928.0,United States,MG,55.0,Dustin Brinkmann,Central
9L6ADU5C,Corliss Cosme,MG Advanced,Xx-zobam,Lost,2017-02-24,2017-05-11,0.0,entertainment,1989-01-01,3838.39,8274.0,United States,MG,3393.0,Cara Losch,East
TBDUMBLA,Donn Cantrell,MG Advanced,Iselectrics,Won,2017-02-24,2017-05-02,3233.0,technolgy,2011-01-01,527.11,1428.0,United States,MG,3393.0,Rocco Neubert,East
0AXGVKN8,Garret Kinder,MG Special,Acme Corporation,Won,2017-02-24,2017-05-28,55.0,technolgy,1996-01-01,1100.04,2822.0,United States,MG,55.0,Cara Losch,East
TAPNNL1W,Garret Kinder,MG Advanced,Bioplex,Won,2017-02-24,2017-03-07,3278.0,medical,1991-01-01,326.82,1016.0,United States,MG,3393.0,Cara Losch,East
R9ZAKBFE,Gladys Colclough,GTX Plus Basic,Domzoom,Won,2017-02-24,2017-03-10,1155.0,entertainment,1998-01-01,217.87,551.0,United States,GTX,1096.0,Melvin Marxen,Central
Y40ADYX7,Hayden Neloms,MG Advanced,Goodsilron,Won,2017-02-24,2017-03-11,3550.0,marketing,2000-01-01,2952.73,5107.0,United States,MG,3393.0,Celia Rouche,West
R7GVZT8J,Jonathan Berthelot,MG Advanced,Stanredtax,Lost,2017-02-24,2017-05-10,0.0,finance,1987-01-01,1698.2,3798.0,United States,MG,3393.0,Melvin Marxen,Central
RSEDY99J,Jonathan Berthelot,GTX Plus Basic,Hottechi,Won,2017-02-24,2017-06-16,1055.0,technolgy,1997-01-01,8170.38,16499.0,Korea,GTX,1096.0,Melvin Marxen,Central
D5NZQIWU,Markita Hansen,GTX Plus Basic,Sonron,Lost,2017-02-24,2017-06-20,0.0,telecommunications,1999-01-01,1699.85,5108.0,United States,GTX,1096.0,Celia Rouche,West
Z0BGG6IJ,Markita Hansen,GTX Basic,Y-corporation,Won,2017-02-24,2017-05-05,595.0,employment,1983-01-01,2871.35,9561.0,United States,GTX,550.0,Celia Rouche,West
ZCA1IRGD,Moses Frase,MG Advanced,Warephase,Won,2017-02-24,2017-05-06,3063.0,services,1997-01-01,2041.73,5276.0,United States,MG,3393.0,Dustin Brinkmann,Central
NPB8ZLEO,Vicki Laflamme,MG Advanced,Konex,Lost,2017-02-24,2017-05-13,0.0,technolgy,1980-01-01,7708.38,13756.0,United States,MG,3393.0,Celia Rouche,West
HJIO57TA,Violet Mclelland,MG Advanced,Massive Dynamic,Won,2017-02-24,2017-06-06,3246.0,entertainment,1989-01-01,665.06,1095.0,United States,MG,3393.0,Cara Losch,East
U6N053E1,Anna Snelling,GTX Basic,Scottech,Won,2017-02-25,2017-03-02,423.0,marketing,2012-01-01,45.39,100.0,United States,GTX,550.0,Dustin Brinkmann,Central
MTKCJVFO,Cassey Cress,GTX Basic,Initech,Won,2017-02-25,2017-06-18,542.0,telecommunications,1994-01-01,6395.05,20275.0,United States,GTX,550.0,Rocco Neubert,East
YOISPUC6,Corliss Cosme,GTX Plus Basic,Kan-code,Lost,2017-02-25,2017-05-21,0.0,software,1982-01-01,11698.03,34288.0,United States,GTX,1096.0,Cara Losch,East
2MHTTXX0,Darcel Schlecht,GTX Plus Pro,Rangreen,Lost,2017-02-25,2017-06-17,0.0,technolgy,1987-01-01,2938.67,8775.0,Panama,GTX,5482.0,Melvin Marxen,Central
GZUKDP7F,Darcel Schlecht,MG Advanced,Cancity,Won,2017-02-25,2017-06-13,3295.0,retail,2001-01-01,718.62,2448.0,United States,MG,3393.0,Melvin Marxen,Central
S519S1EK,Donn Cantrell,GTX Basic,Plussunin,Won,2017-02-25,2017-06-02,568.0,retail,2003-01-01,1419.98,4018.0,United States,GTX,550.0,Rocco Neubert,East
AL554AUI,Donn Cantrell,GTX Basic,Xx-zobam,Won,2017-02-25,2017-05-26,640.0,entertainment,1989-01-01,3838.39,8274.0,United States,GTX,550.0,Rocco Neubert,East
F4FLJ0WW,James Ascencio,GTX Plus Basic,Goodsilron,Lost,2017-02-25,2017-05-26,0.0,marketing,2000-01-01,2952.73,5107.0,United States,GTX,1096.0,Summer Sewald,West
P3VM7655,Jonathan Berthelot,MG Advanced,Dontechi,Won,2017-02-25,2017-05-06,3281.0,software,1982-01-01,4618.0,10083.0,United States,MG,3393.0,Melvin Marxen,Central
5QU60VGE,Kami Bicknell,GTX Basic,Finjob,Lost,2017-02-25,2017-03-12,0.0,employment,1988-01-01,2059.9,3644.0,United States,GTX,550.0,Summer Sewald,West
3CLBPMYZ,Kami Bicknell,GTX Plus Basic,Labdrill,Lost,2017-02-25,2017-03-08,0.0,medical,1985-01-01,2741.37,9226.0,United States,GTX,1096.0,Summer Sewald,West
G17JEA75,Kami Bicknell,MG Special,Rantouch,Won,2017-02-25,2017-03-11,59.0,telecommunications,1994-01-01,1188.42,3015.0,United States,MG,55.0,Summer Sewald,West
BGU0JJ9X,Marty Freudenburg,GTX Plus Basic,Scottech,Won,2017-02-25,2017-06-30,1081.0,marketing,2012-01-01,45.39,100.0,United States,GTX,1096.0,Melvin Marxen,Central
U02OIJGK,Marty Freudenburg,GTX Plus Basic,Zumgoity,Won,2017-02-25,2017-05-09,962.0,medical,1984-01-01,441.08,1210.0,United States,GTX,1096.0,Melvin Marxen,Central
3N7ZXGMF,Niesha Huffines,GTX Plus Basic,Codehow,Won,2017-02-25,2017-03-06,1123.0,software,1998-01-01,2714.9,2641.0,United States,GTX,1096.0,Melvin Marxen,Central
0QHI3KG5,Reed Clapper,MG Advanced,Xx-zobam,Won,2017-02-25,2017-06-10,3075.0,entertainment,1989-01-01,3838.39,8274.0,United States,MG,3393.0,Rocco Neubert,East
0WWDVOM3,Rosalina Dieter,MG Special,Condax,Won,2017-02-25,2017-05-09,50.0,medical,2017-01-01,4.54,9.0,United States,MG,55.0,Celia Rouche,West
QPPUCKFM,Rosalina Dieter,MG Special,Dalttechnology,Won,2017-02-25,2017-03-06,47.0,software,2013-01-01,98.79,96.0,United States,MG,55.0,Celia Rouche,West
VGE4M1C9,Versie Hillebrand,MG Special,Globex Corporation,Lost,2017-02-25,2017-03-08,0.0,technolgy,2000-01-01,1223.72,2497.0,Norway,MG,55.0,Dustin Brinkmann,Central
56XQOTXV,Versie Hillebrand,GTX Plus Pro,Betatech,Won,2017-02-25,2017-05-17,4494.0,medical,1986-01-01,647.18,1185.0,Kenya,GTX,5482.0,Dustin Brinkmann,Central
1JC9DMNJ,Vicki Laflamme,MG Special,Hottechi,Lost,2017-02-25,2017-05-06,0.0,technolgy,1997-01-01,8170.38,16499.0,Korea,MG,55.0,Celia Rouche,West
AK2LRFXF,Vicki Laflamme,MG Special,Singletechno,Won,2017-02-25,2017-03-11,61.0,retail,1996-01-01,2214.94,5374.0,United States,MG,55.0,Celia Rouche,West
UCK7JRXG,Vicki Laflamme,MG Advanced,Goodsilron,Won,2017-02-25,2017-05-13,3418.0,marketing,2000-01-01,2952.73,5107.0,United States,MG,3393.0,Celia Rouche,West
WM30CUBE,Wilburn Farren,MG Advanced,Konex,Won,2017-02-25,2017-06-02,3336.0,technolgy,1980-01-01,7708.38,13756.0,United States,MG,3393.0,Cara Losch,East
8DWOWB6Y,Anna Snelling,GTX Basic,Betatech,Lost,2017-02-26,2017-03-16,0.0,medical,1986-01-01,647.18,1185.0,Kenya,GTX,550.0,Dustin Brinkmann,Central
BGNB966A,Boris Faz,GTX Plus Pro,Mathtouch,Won,2017-02-26,2017-03-13,4766.0,marketing,1984-01-01,3027.46,9516.0,Jordan,GTX,5482.0,Rocco Neubert,East
4Q4CLZCH,Corliss Cosme,MG Advanced,Plussunin,Lost,2017-02-26,2017-06-10,0.0,retail,2003-01-01,1419.98,4018.0,United States,MG,3393.0,Cara Losch,East
YQ24IWRQ,Daniell Hammack,GTX Basic,Ganjaflex,Won,2017-02-26,2017-05-27,592.0,retail,1995-01-01,5158.71,17479.0,Japan,GTX,550.0,Rocco Neubert,East
Z30RS0CL,Donn Cantrell,GTX Basic,Iselectrics,Lost,2017-02-26,2017-06-01,0.0,technolgy,2011-01-01,527.11,1428.0,United States,GTX,550.0,Rocco Neubert,East
FRB34F3W,Elease Gluck,MG Special,Green-Plus,Lost,2017-02-26,2017-05-24,0.0,services,2003-01-01,692.19,1922.0,United States,MG,55.0,Celia Rouche,West
0HELH2Q0,James Ascencio,GTX Plus Basic,Cheers,Lost,2017-02-26,2017-05-29,0.0,entertainment,1993-01-01,4269.9,6472.0,United States,GTX,1096.0,Summer Sewald,West
9E8A7MQ8,Kary Hendrixson,GTX Plus Pro,Blackzim,Engaging,2017-02-26,,,retail,2009-01-01,497.11,1588.0,United States,GTX,5482.0,Summer Sewald,West
HG5P21RO,Lajuana Vencill,MG Advanced,Gogozoom,Lost,2017-02-26,2017-05-08,0.0,telecommunications,2007-01-01,86.68,187.0,United States,MG,3393.0,Dustin Brinkmann,Central
MGP9HCUL,Markita Hansen,GTX Plus Basic,Plexzap,Lost,2017-02-26,2017-06-16,0.0,retail,2001-01-01,2437.85,4874.0,United States,GTX,1096.0,Celia Rouche,West
FZC2J90W,Maureen Marcano,MG Advanced,Bluth Company,Engaging,2017-02-26,,,technolgy,1993-01-01,1242.32,3027.0,United States,MG,3393.0,Summer Sewald,West
XX84TIMO,Maureen Marcano,GTX Plus Basic,Faxquote,Lost,2017-02-26,2017-06-26,0.0,telecommunications,1995-01-01,1825.82,5595.0,United States,GTX,1096.0,Summer Sewald,West
2JFS8EGS,Maureen Marcano,MG Special,Nam-zim,Lost,2017-02-26,2017-05-03,0.0,services,1987-01-01,405.59,1179.0,Brazil,MG,55.0,Summer Sewald,West
GBMHNLRO,Moses Frase,GTX Basic,Dontechi,Won,2017-02-26,2017-03-15,660.0,software,1982-01-01,4618.0,10083.0,United States,GTX,550.0,Dustin Brinkmann,Central
NAVG0P26,Moses Frase,GTX Basic,Rundofase,Won,2017-02-26,2017-05-26,443.0,technolgy,1983-01-01,1008.06,1238.0,United States,GTX,550.0,Dustin Brinkmann,Central
DK955UBP,Niesha Huffines,MG Special,Codehow,Lost,2017-02-26,2017-05-20,0.0,software,1998-01-01,2714.9,2641.0,United States,MG,55.0,Melvin Marxen,Central
0OOZE4GN,Rosie Papadopoulos,GTX Plus Pro,Zotware,Lost,2017-02-26,2017-03-03,0.0,software,1979-01-01,4478.47,13809.0,United States,GTX,5482.0,Cara Losch,East
3P0T15VX,Rosie Papadopoulos,MG Special,The New York Inquirer,Lost,2017-02-26,2017-05-18,0.0,medical,1996-01-01,439.21,792.0,United States,MG,55.0,Cara Losch,East
GK0A4IQW,Versie Hillebrand,MG Special,Domzoom,Won,2017-02-26,2017-06-18,61.0,entertainment,1998-01-01,217.87,551.0,United States,MG,55.0,Dustin Brinkmann,Central
UXJSIAVS,Zane Levy,GTX Plus Pro,Y-corporation,Won,2017-02-26,2017-03-14,4846.0,employment,1983-01-01,2871.35,9561.0,United States,GTX,5482.0,Summer Sewald,West
KR4K652E,Anna Snelling,GTX Basic,dambase,Won,2017-02-27,2017-06-04,574.0,marketing,1995-01-01,2173.98,2928.0,United States,GTX,550.0,Dustin Brinkmann,Central
J2SR2H1Y,Cassey Cress,GTX Basic,Ganjaflex,Lost,2017-02-27,2017-06-18,0.0,retail,1995-01-01,5158.71,17479.0,Japan,GTX,550.0,Rocco Neubert,East
VTT447YT,Cecily Lampkin,GTX Basic,Conecom,Won,2017-02-27,2017-05-03,497.0,technolgy,2005-01-01,1520.66,1806.0,United States,GTX,550.0,Dustin Brinkmann,Central
8JJY9B08,Corliss Cosme,GTX Basic,Xx-zobam,Lost,2017-02-27,2017-05-04,0.0,entertainment,1989-01-01,3838.39,8274.0,United States,GTX,550.0,Cara Losch,East
STTAXKIU,Corliss Cosme,GTX Plus Pro,Konex,Won,2017-02-27,2017-05-30,5159.0,technolgy,1980-01-01,7708.38,13756.0,United States,GTX,5482.0,Cara Losch,East
25FUROM1,Daniell Hammack,GTX Plus Basic,Y-corporation,Engaging,2017-02-27,,,employment,1983-01-01,2871.35,9561.0,United States,GTX,1096.0,Rocco Neubert,East
PX4OW5SC,Darcel Schlecht,MG Special,Codehow,Lost,2017-02-27,2017-05-02,0.0,software,1998-01-01,2714.9,2641.0,United States,MG,55.0,Melvin Marxen,Central
SLIWHUIM,Donn Cantrell,GTX Basic,Ganjaflex,Won,2017-02-27,2017-05-22,609.0,retail,1995-01-01,5158.71,17479.0,Japan,GTX,550.0,Rocco Neubert,East
XBVFZ1IR,Gladys Colclough,GTX Plus Basic,Cancity,Won,2017-02-27,2017-06-24,1008.0,retail,2001-01-01,718.62,2448.0,United States,GTX,1096.0,Melvin Marxen,Central
3N9I1WH7,Hayden Neloms,MG Advanced,Plexzap,Won,2017-02-27,2017-05-26,2964.0,retail,2001-01-01,2437.85,4874.0,United States,MG,3393.0,Celia Rouche,West
TMW4J6NA,James Ascencio,GTX Plus Pro,Lexiqvolax,Lost,2017-02-27,2017-06-04,0.0,medical,2004-01-01,1618.89,3889.0,United States,GTX,5482.0,Summer Sewald,West
ZI1MPYF3,James Ascencio,MG Advanced,Dalttechnology,Won,2017-02-27,2017-06-05,3813.0,software,2013-01-01,98.79,96.0,United States,MG,3393.0,Summer Sewald,West
L6KOBEBZ,Jonathan Berthelot,GTX Basic,Rundofase,Won,2017-02-27,2017-05-27,528.0,technolgy,1983-01-01,1008.06,1238.0,United States,GTX,550.0,Melvin Marxen,Central
Z2S4KUPO,Kary Hendrixson,GTX Plus Basic,Rantouch,Won,2017-02-27,2017-03-10,1173.0,telecommunications,1994-01-01,1188.42,3015.0,United States,GTX,1096.0,Summer Sewald,West
38KKSE72,Lajuana Vencill,GTX Basic,Bioholding,Won,2017-02-27,2017-06-01,530.0,medical,2012-01-01,587.34,1356.0,Philipines,GTX,550.0,Dustin Brinkmann,Central
0GJ586J0,Markita Hansen,MG Special,Sunnamplex,Lost,2017-02-27,2017-03-14,0.0,marketing,2008-01-01,894.37,1593.0,Poland,MG,55.0,Celia Rouche,West
4V0S4BA3,Markita Hansen,GTK 500,Goodsilron,Won,2017-02-27,2017-06-27,29617.0,marketing,2000-01-01,2952.73,5107.0,United States,GTK,26768.0,Celia Rouche,West
1LTD5TKV,Marty Freudenburg,GTX Plus Basic,Isdom,Won,2017-02-27,2017-05-09,1028.0,medical,2002-01-01,3178.24,4540.0,United States,GTX,1096.0,Melvin Marxen,Central
VBM56CIF,Marty Freudenburg,MG Advanced,Domzoom,Won,2017-02-27,2017-06-28,2863.0,entertainment,1998-01-01,217.87,551.0,United States,MG,3393.0,Melvin Marxen,Central
PDH2NPE1,Moses Frase,MG Advanced,Codehow,Won,2017-02-27,2017-06-28,4109.0,software,1998-01-01,2714.9,2641.0,United States,MG,3393.0,Dustin Brinkmann,Central
OV60VIBB,Niesha Huffines,GTX Basic,Betatech,Lost,2017-02-27,2017-05-08,0.0,medical,1986-01-01,647.18,1185.0,Kenya,GTX,550.0,Melvin Marxen,Central
2OAIXF3A,Reed Clapper,GTX Plus Basic,Kan-code,Won,2017-02-27,2017-03-13,1106.0,software,1982-01-01,11698.03,34288.0,United States,GTX,1096.0,Rocco Neubert,East
FBSEA94D,Rosie Papadopoulos,MG Special,Bubba Gump,Won,2017-02-27,2017-06-30,53.0,software,2002-01-01,987.39,2253.0,United States,MG,55.0,Cara Losch,East
EOB01PRO,Versie Hillebrand,MG Special,Globex Corporation,Won,2017-02-27,2017-05-14,47.0,technolgy,2000-01-01,1223.72,2497.0,Norway,MG,55.0,Dustin Brinkmann,Central
5QC9H4C2,Violet Mclelland,MG Advanced,Kan-code,Won,2017-02-27,2017-05-23,3749.0,software,1982-01-01,11698.03,34288.0,United States,MG,3393.0,Cara Losch,East
3HGQ3BOY,Violet Mclelland,MG Advanced,Ontomedia,Won,2017-02-27,2017-05-27,4204.0,employment,1997-01-01,882.12,2769.0,United States,MG,3393.0,Cara Losch,East
CO6ZPH1W,Cassey Cress,MG Advanced,Umbrella Corporation,Won,2017-02-28,2017-06-15,3986.0,finance,1998-01-01,2022.14,5113.0,United States,MG,3393.0,Rocco Neubert,East
X914SMX7,Darcel Schlecht,GTX Basic,Genco Pura Olive Oil Company,Won,2017-02-28,2017-06-22,516.0,retail,2007-01-01,894.33,1635.0,Italy,GTX,550.0,Melvin Marxen,Central
8061HKKB,Donn Cantrell,MG Advanced,Zathunicon,Won,2017-02-28,2017-06-19,3087.0,retail,2010-01-01,71.12,144.0,United States,MG,3393.0,Rocco Neubert,East
T1HIH384,Gladys Colclough,GTX Plus Pro,Inity,Won,2017-02-28,2017-05-15,5331.0,marketing,1986-01-01,2403.58,8801.0,United States,GTX,5482.0,Melvin Marxen,Central
FM2NX2GB,Hayden Neloms,MG Advanced,Condax,Won,2017-02-28,2017-05-05,4069.0,medical,2017-01-01,4.54,9.0,United States,MG,3393.0,Celia Rouche,West
SJ45HNHM,James Ascencio,GTX Basic,Hatfan,Won,2017-02-28,2017-06-29,463.0,services,1982-01-01,792.46,1299.0,United States,GTX,550.0,Summer Sewald,West
NYGZJYCJ,James Ascencio,GTX Plus Pro,Faxquote,Won,2017-02-28,2017-05-26,5625.0,telecommunications,1995-01-01,1825.82,5595.0,United States,GTX,5482.0,Summer Sewald,West
6MMFIIGE,Lajuana Vencill,GTX Basic,Rundofase,Won,2017-02-28,2017-06-15,524.0,technolgy,1983-01-01,1008.06,1238.0,United States,GTX,550.0,Dustin Brinkmann,Central
IJ817GQJ,Markita Hansen,GTX Basic,Cheers,Lost,2017-02-28,2017-05-12,0.0,entertainment,1993-01-01,4269.9,6472.0,United States,GTX,550.0,Celia Rouche,West
F2B62IW4,Maureen Marcano,MG Special,Bioplex,Engaging,2017-02-28,,,medical,1991-01-01,326.82,1016.0,United States,MG,55.0,Summer Sewald,West
PCRRS6JP,Moses Frase,MG Special,Genco Pura Olive Oil Company,Lost,2017-02-28,2017-05-28,0.0,retail,2007-01-01,894.33,1635.0,Italy,MG,55.0,Dustin Brinkmann,Central
NKL5SWX3,Reed Clapper,GTX Plus Basic,Zencorporation,Won,2017-02-28,2017-06-01,1161.0,technolgy,2011-01-01,40.79,142.0,China,GTX,1096.0,Rocco Neubert,East
WVG1CIHX,Reed Clapper,GTX Plus Pro,Mathtouch,Won,2017-02-28,2017-06-03,6046.0,marketing,1984-01-01,3027.46,9516.0,Jordan,GTX,5482.0,Rocco Neubert,East
7GRNFO6D,Versie Hillebrand,MG Special,Dontechi,Won,2017-02-28,2017-05-18,49.0,software,1982-01-01,4618.0,10083.0,United States,MG,55.0,Dustin Brinkmann,Central
G0QKNVIJ,Anna Snelling,MG Special,Conecom,Won,2017-03-01,2017-05-28,51.0,technolgy,2005-01-01,1520.66,1806.0,United States,MG,55.0,Dustin Brinkmann,Central
6HRIX06M,Anna Snelling,MG Advanced,Hottechi,Won,2017-03-01,2017-06-26,3415.0,technolgy,1997-01-01,8170.38,16499.0,Korea,MG,3393.0,Dustin Brinkmann,Central
DEHQTB8B,Boris Faz,MG Special,Kinnamplus,Engaging,2017-03-01,,,retail,2004-01-01,702.72,1831.0,United States,MG,55.0,Rocco Neubert,East
AM5YTMH3,Boris Faz,GTX Plus Basic,Kan-code,Won,2017-03-01,2017-03-10,1053.0,software,1982-01-01,11698.03,34288.0,United States,GTX,1096.0,Rocco Neubert,East
2L5ZWLI7,Cassey Cress,GTX Plus Basic,Betasoloin,Lost,2017-03-01,2017-05-25,0.0,medical,1999-01-01,251.41,495.0,United States,GTX,1096.0,Rocco Neubert,East
JTDV6H65,Darcel Schlecht,MG Advanced,Treequote,Lost,2017-03-01,2017-05-08,0.0,telecommunications,1988-01-01,5266.09,8595.0,United States,MG,3393.0,Melvin Marxen,Central
O8JF46GT,Darcel Schlecht,GTX Basic,Genco Pura Olive Oil Company,Won,2017-03-01,2017-03-12,657.0,retail,2007-01-01,894.33,1635.0,Italy,GTX,550.0,Melvin Marxen,Central
RK5Y67V6,Darcel Schlecht,MG Special,Stanredtax,Won,2017-03-01,2017-03-08,60.0,finance,1987-01-01,1698.2,3798.0,United States,MG,55.0,Melvin Marxen,Central
COWOZH43,Donn Cantrell,GTX Basic,Opentech,Lost,2017-03-01,2017-05-29,0.0,finance,1994-01-01,355.23,853.0,United States,GTX,550.0,Rocco Neubert,East
DGIYD342,Elease Gluck,GTX Plus Pro,Hottechi,Lost,2017-03-01,2017-05-10,0.0,technolgy,1997-01-01,8170.38,16499.0,Korea,GTX,5482.0,Celia Rouche,West
JSSGVBVS,Garret Kinder,GTX Basic,Silis,Lost,2017-03-01,2017-05-05,0.0,medical,1994-01-01,2818.38,6290.0,United States,GTX,550.0,Cara Losch,East
V28NVD6A,Garret Kinder,GTX Basic,Plussunin,Won,2017-03-01,2017-05-01,629.0,retail,2003-01-01,1419.98,4018.0,United States,GTX,550.0,Cara Losch,East
I1IAVDQM,Gladys Colclough,MG Advanced,Hottechi,Lost,2017-03-01,2017-05-23,0.0,technolgy,1997-01-01,8170.38,16499.0,Korea,MG,3393.0,Melvin Marxen,Central
4MC584U5,Gladys Colclough,MG Advanced,Treequote,Won,2017-03-01,2017-06-02,4082.0,telecommunications,1988-01-01,5266.09,8595.0,United States,MG,3393.0,Melvin Marxen,Central
MCYLHUCZ,Lajuana Vencill,GTX Plus Basic,Rundofase,Won,2017-03-01,2017-05-31,1044.0,technolgy,1983-01-01,1008.06,1238.0,United States,GTX,1096.0,Dustin Brinkmann,Central
5E4DTWHV,Marty Freudenburg,MG Advanced,Inity,Lost,2017-03-01,2017-06-11,0.0,marketing,1986-01-01,2403.58,8801.0,United States,MG,3393.0,Melvin Marxen,Central
1VUBYV53,Maureen Marcano,GTX Plus Basic,Rantouch,Won,2017-03-01,2017-03-21,1025.0,telecommunications,1994-01-01,1188.42,3015.0,United States,GTX,1096.0,Summer Sewald,West
W03CXYET,Moses Frase,GTX Basic,Streethex,Won,2017-03-01,2017-06-17,465.0,retail,1988-01-01,1376.8,1165.0,Belgium,GTX,550.0,Dustin Brinkmann,Central
LZVFFQLN,Moses Frase,MG Special,Konmatfix,Won,2017-03-01,2017-06-14,50.0,marketing,1985-01-01,375.43,1190.0,United States,MG,55.0,Dustin Brinkmann,Central
MFV0C5RN,Reed Clapper,GTX Plus Pro,Vehement Capital Partners,Won,2017-03-01,2017-03-09,5548.0,finance,1993-01-01,646.1,883.0,United States,GTX,5482.0,Rocco Neubert,East
A1WZEK7U,Reed Clapper,MG Advanced,Kan-code,Won,2017-03-01,2017-06-03,3558.0,software,1982-01-01,11698.03,34288.0,United States,MG,3393.0,Rocco Neubert,East
516FJUNB,Rosalina Dieter,MG Advanced,Singletechno,Won,2017-03-01,2017-03-07,3959.0,retail,1996-01-01,2214.94,5374.0,United States,MG,3393.0,Celia Rouche,West
PE8DK02A,Versie Hillebrand,MG Special,Ron-tech,Won,2017-03-01,2017-03-17,49.0,medical,1992-01-01,3922.42,6837.0,United States,MG,55.0,Dustin Brinkmann,Central
10NTPQUY,Versie Hillebrand,MG Special,Warephase,Won,2017-03-01,2017-06-16,50.0,services,1997-01-01,2041.73,5276.0,United States,MG,55.0,Dustin Brinkmann,Central
X2EXSMPR,Vicki Laflamme,GTX Basic,Xx-holding,Won,2017-03-01,2017-03-08,523.0,finance,1993-01-01,7537.24,20293.0,United States,GTX,550.0,Celia Rouche,West
JCFQVIEG,Vicki Laflamme,GTX Plus Basic,Zoomit,Won,2017-03-01,2017-06-01,1086.0,entertainment,1992-01-01,324.19,978.0,United States,GTX,1096.0,Celia Rouche,West
STT3X4NB,Violet Mclelland,GTX Basic,Xx-holding,Engaging,2017-03-01,,,finance,1993-01-01,7537.24,20293.0,United States,GTX,550.0,Cara Losch,East
74VGCEEW,Violet Mclelland,MG Special,Gekko & Co,Won,2017-03-01,2017-06-19,67.0,retail,1990-01-01,2520.83,3502.0,United States,MG,55.0,Cara Losch,East
MXTAIS4Q,Wilburn Farren,MG Advanced,Iselectrics,Won,2017-03-01,2017-06-09,3783.0,technolgy,2011-01-01,527.11,1428.0,United States,MG,3393.0,Cara Losch,East
YP8QKKEZ,Zane Levy,GTX Basic,Doncon,Lost,2017-03-01,2017-05-31,0.0,technolgy,2010-01-01,587.72,1501.0,United States,GTX,550.0,Summer Sewald,West
3TSOEM5K,Zane Levy,GTX Plus Pro,Rantouch,Lost,2017-03-01,2017-06-27,0.0,telecommunications,1994-01-01,1188.42,3015.0,United States,GTX,5482.0,Summer Sewald,West
G7RCJBVL,Anna Snelling,MG Advanced,Dontechi,Lost,2017-03-02,2017-05-31,0.0,software,1982-01-01,4618.0,10083.0,United States,MG,3393.0,Dustin Brinkmann,Central
G20IQSA3,Anna Snelling,GTX Basic,Conecom,Won,2017-03-02,2017-03-12,522.0,technolgy,2005-01-01,1520.66,1806.0,United States,GTX,550.0,Dustin Brinkmann,Central
Q16BQCEL,Boris Faz,GTX Plus Basic,Kinnamplus,Won,2017-03-02,2017-03-18,1001.0,retail,2004-01-01,702.72,1831.0,United States,GTX,1096.0,Rocco Neubert,East
9924I5ZF,Cecily Lampkin,GTX Plus Pro,Betatech,Won,2017-03-02,2017-05-25,5728.0,medical,1986-01-01,647.18,1185.0,Kenya,GTX,5482.0,Dustin Brinkmann,Central
SLLJT3T1,Darcel Schlecht,GTX Plus Pro,Codehow,Won,2017-03-02,2017-06-19,4856.0,software,1998-01-01,2714.9,2641.0,United States,GTX,5482.0,Melvin Marxen,Central
32LY2D1K,Darcel Schlecht,MG Advanced,Conecom,Won,2017-03-02,2017-05-26,3647.0,technolgy,2005-01-01,1520.66,1806.0,United States,MG,3393.0,Melvin Marxen,Central
S2UWELRW,Donn Cantrell,GTX Basic,Mathtouch,Won,2017-03-02,2017-06-11,487.0,marketing,1984-01-01,3027.46,9516.0,Jordan,GTX,550.0,Rocco Neubert,East
5VQRLIEZ,Donn Cantrell,GTX Plus Basic,Donquadtech,Won,2017-03-02,2017-06-12,1166.0,technolgy,1992-01-01,1712.68,3194.0,United States,GTX,1096.0,Rocco Neubert,East
6U0CT07B,Jonathan Berthelot,GTX Basic,Scottech,Won,2017-03-02,2017-06-06,595.0,marketing,2012-01-01,45.39,100.0,United States,GTX,550.0,Melvin Marxen,Central
DFN1V29L,Kami Bicknell,MG Special,Condax,Won,2017-03-02,2017-06-04,49.0,medical,2017-01-01,4.54,9.0,United States,MG,55.0,Summer Sewald,West
VBZ862OS,Kary Hendrixson,GTX Basic,Xx-holding,Won,2017-03-02,2017-03-19,599.0,finance,1993-01-01,7537.24,20293.0,United States,GTX,550.0,Summer Sewald,West
LGLIB8TR,Lajuana Vencill,GTX Basic,Gogozoom,Lost,2017-03-02,2017-05-01,0.0,telecommunications,2007-01-01,86.68,187.0,United States,GTX,550.0,Dustin Brinkmann,Central
JREGYB42,Maureen Marcano,GTX Plus Basic,Nam-zim,Won,2017-03-02,2017-05-06,1102.0,services,1987-01-01,405.59,1179.0,Brazil,GTX,1096.0,Summer Sewald,West
9PWM6RYC,Rosalina Dieter,GTX Basic,Rantouch,Lost,2017-03-02,2017-06-10,0.0,telecommunications,1994-01-01,1188.42,3015.0,United States,GTX,550.0,Celia Rouche,West
EMUA57Q2,Versie Hillebrand,MG Special,Condax,Won,2017-03-02,2017-05-12,54.0,medical,2017-01-01,4.54,9.0,United States,MG,55.0,Dustin Brinkmann,Central
DB3N4CHN,Versie Hillebrand,MG Special,Hottechi,Won,2017-03-02,2017-03-17,62.0,technolgy,1997-01-01,8170.38,16499.0,Korea,MG,55.0,Dustin Brinkmann,Central
4CXUC4VR,Vicki Laflamme,GTX Basic,Rantouch,Engaging,2017-03-02,,,telecommunications,1994-01-01,1188.42,3015.0,United States,GTX,550.0,Celia Rouche,West
OF7GY5F4,Violet Mclelland,MG Special,The New York Inquirer,Won,2017-03-02,2017-03-09,61.0,medical,1996-01-01,439.21,792.0,United States,MG,55.0,Cara Losch,East
Q1ZKBGV5,Anna Snelling,MG Special,Globex Corporation,Won,2017-03-03,2017-05-23,46.0,technolgy,2000-01-01,1223.72,2497.0,Norway,MG,55.0,Dustin Brinkmann,Central
9JKODCAU,Anna Snelling,MG Special,Rundofase,Won,2017-03-03,2017-06-22,54.0,technolgy,1983-01-01,1008.06,1238.0,United States,MG,55.0,Dustin Brinkmann,Central
LELWKXDX,Boris Faz,GTX Plus Pro,Donquadtech,Won,2017-03-03,2017-06-08,6173.0,technolgy,1992-01-01,1712.68,3194.0,United States,GTX,5482.0,Rocco Neubert,East
DA95Q0VE,Cassey Cress,MG Advanced,Ganjaflex,Lost,2017-03-03,2017-03-21,0.0,retail,1995-01-01,5158.71,17479.0,Japan,MG,3393.0,Rocco Neubert,East
JE245P8R,Darcel Schlecht,GTX Plus Basic,Konmatfix,Won,2017-03-03,2017-05-28,1149.0,marketing,1985-01-01,375.43,1190.0,United States,GTX,1096.0,Melvin Marxen,Central
SFQMEZIW,Garret Kinder,GTX Basic,Silis,Lost,2017-03-03,2017-05-04,0.0,medical,1994-01-01,2818.38,6290.0,United States,GTX,550.0,Cara Losch,East
B8RR21XP,Jonathan Berthelot,GTX Plus Basic,Dontechi,Lost,2017-03-03,2017-03-16,0.0,software,1982-01-01,4618.0,10083.0,United States,GTX,1096.0,Melvin Marxen,Central
U85VV1BU,Kary Hendrixson,GTX Basic,Goodsilron,Won,2017-03-03,2017-05-22,568.0,marketing,2000-01-01,2952.73,5107.0,United States,GTX,550.0,Summer Sewald,West
V6HB68BL,Kary Hendrixson,GTX Basic,J-Texon,Won,2017-03-03,2017-05-30,567.0,retail,1989-01-01,1388.67,3583.0,United States,GTX,550.0,Summer Sewald,West
H9JPB7GW,Lajuana Vencill,GTX Basic,Genco Pura Olive Oil Company,Won,2017-03-03,2017-03-09,542.0,retail,2007-01-01,894.33,1635.0,Italy,GTX,550.0,Dustin Brinkmann,Central
8LFNU39A,Marty Freudenburg,GTX Basic,Conecom,Lost,2017-03-03,2017-05-28,0.0,technolgy,2005-01-01,1520.66,1806.0,United States,GTX,550.0,Melvin Marxen,Central
SWPTTVQZ,Marty Freudenburg,GTX Plus Basic,Funholding,Won,2017-03-03,2017-03-16,1062.0,finance,1991-01-01,2819.5,7227.0,United States,GTX,1096.0,Melvin Marxen,Central
GKJLM1UR,Maureen Marcano,GTX Plus Basic,Fasehatice,Won,2017-03-03,2017-03-13,1057.0,retail,1990-01-01,4968.91,7523.0,United States,GTX,1096.0,Summer Sewald,West
8L1ZHTPL,Moses Frase,GTX Plus Basic,Globex Corporation,Won,2017-03-03,2017-06-01,1020.0,technolgy,2000-01-01,1223.72,2497.0,Norway,GTX,1096.0,Dustin Brinkmann,Central
4XX690SP,Zane Levy,GTX Basic,Green-Plus,Won,2017-03-03,2017-05-11,535.0,services,2003-01-01,692.19,1922.0,United States,GTX,550.0,Summer Sewald,West
JSDGELLK,Anna Snelling,GTX Basic,Codehow,Won,2017-03-04,2017-06-13,522.0,software,1998-01-01,2714.9,2641.0,United States,GTX,550.0,Dustin Brinkmann,Central
LV1754PS,Anna Snelling,GTX Basic,Rangreen,Won,2017-03-04,2017-05-14,544.0,technolgy,1987-01-01,2938.67,8775.0,Panama,GTX,550.0,Dustin Brinkmann,Central
JIYYV11P,Anna Snelling,MG Advanced,Genco Pura Olive Oil Company,Won,2017-03-04,2017-06-07,3081.0,retail,2007-01-01,894.33,1635.0,Italy,MG,3393.0,Dustin Brinkmann,Central
6TB7XA83,Cecily Lampkin,MG Special,dambase,Won,2017-03-04,2017-05-18,51.0,marketing,1995-01-01,2173.98,2928.0,United States,MG,55.0,Dustin Brinkmann,Central
U5UM9W8V,Corliss Cosme,GTX Plus Basic,Zencorporation,Lost,2017-03-04,2017-05-09,0.0,technolgy,2011-01-01,40.79,142.0,China,GTX,1096.0,Cara Losch,East
POB32WHJ,Daniell Hammack,GTX Plus Basic,Acme Corporation,Lost,2017-03-04,2017-05-06,0.0,technolgy,1996-01-01,1100.04,2822.0,United States,GTX,1096.0,Rocco Neubert,East
4T8KR12S,Darcel Schlecht,GTX Plus Basic,Streethex,Won,2017-03-04,2017-03-20,1076.0,retail,1988-01-01,1376.8,1165.0,Belgium,GTX,1096.0,Melvin Marxen,Central
JA0D4V57,James Ascencio,MG Advanced,Y-corporation,Won,2017-03-04,2017-05-09,3685.0,employment,1983-01-01,2871.35,9561.0,United States,MG,3393.0,Summer Sewald,West
6CKB8I8U,Jonathan Berthelot,GTX Plus Basic,Hottechi,Lost,2017-03-04,2017-05-13,0.0,technolgy,1997-01-01,8170.38,16499.0,Korea,GTX,1096.0,Melvin Marxen,Central
7S1N6QHI,Kami Bicknell,MG Special,Y-corporation,Won,2017-03-04,2017-03-18,51.0,employment,1983-01-01,2871.35,9561.0,United States,MG,55.0,Summer Sewald,West
CHI2T3IH,Kami Bicknell,MG Advanced,Sunnamplex,Won,2017-03-04,2017-03-21,3164.0,marketing,2008-01-01,894.37,1593.0,Poland,MG,3393.0,Summer Sewald,West
X7HK448T,Lajuana Vencill,GTX Basic,Funholding,Won,2017-03-04,2017-06-22,496.0,finance,1991-01-01,2819.5,7227.0,United States,GTX,550.0,Dustin Brinkmann,Central
1YYN3PBU,Markita Hansen,MG Advanced,Faxquote,Lost,2017-03-04,2017-05-13,0.0,telecommunications,1995-01-01,1825.82,5595.0,United States,MG,3393.0,Celia Rouche,West
R4L36Y0P,Marty Freudenburg,GTX Basic,Stanredtax,Won,2017-03-04,2017-03-26,579.0,finance,1987-01-01,1698.2,3798.0,United States,GTX,550.0,Melvin Marxen,Central
CPTEPYPZ,Maureen Marcano,GTX Basic,Xx-holding,Lost,2017-03-04,2017-05-20,0.0,finance,1993-01-01,7537.24,20293.0,United States,GTX,550.0,Summer Sewald,West
YNKWBEEN,Reed Clapper,GTX Basic,Kan-code,Won,2017-03-04,2017-06-27,521.0,software,1982-01-01,11698.03,34288.0,United States,GTX,550.0,Rocco Neubert,East
SARVIBLS,Reed Clapper,MG Advanced,Gekko & Co,Won,2017-03-04,2017-03-07,3889.0,retail,1990-01-01,2520.83,3502.0,United States,MG,3393.0,Rocco Neubert,East
M4ZNQTEQ,Rosie Papadopoulos,MG Advanced,Plussunin,Won,2017-03-04,2017-03-12,3340.0,retail,2003-01-01,1419.98,4018.0,United States,MG,3393.0,Cara Losch,East
K0GWTWYL,Versie Hillebrand,MG Special,Finhigh,Lost,2017-03-04,2017-03-20,0.0,finance,2006-01-01,1102.43,1759.0,United States,MG,55.0,Dustin Brinkmann,Central
SAUAOZVO,Anna Snelling,GTX Plus Pro,Toughzap,Won,2017-03-05,2017-05-29,5092.0,retail,1995-01-01,332.43,799.0,United States,GTX,5482.0,Dustin Brinkmann,Central
1XHLB0Q5,Boris Faz,GTX Plus Basic,Massive Dynamic,Lost,2017-03-05,2017-05-09,0.0,entertainment,1989-01-01,665.06,1095.0,United States,GTX,1096.0,Rocco Neubert,East
OJVA8ZEK,Daniell Hammack,GTX Plus Basic,Acme Corporation,Won,2017-03-05,2017-06-08,966.0,technolgy,1996-01-01,1100.04,2822.0,United States,GTX,1096.0,Rocco Neubert,East
UAX3F7D4,Daniell Hammack,GTX Plus Pro,Opentech,Won,2017-03-05,2017-03-21,6024.0,finance,1994-01-01,355.23,853.0,United States,GTX,5482.0,Rocco Neubert,East
7PDUWDGT,Daniell Hammack,MG Advanced,Condax,Won,2017-03-05,2017-03-14,3759.0,medical,2017-01-01,4.54,9.0,United States,MG,3393.0,Rocco Neubert,East
BVOO33UA,Hayden Neloms,MG Advanced,Cheers,Won,2017-03-05,2017-06-28,3397.0,entertainment,1993-01-01,4269.9,6472.0,United States,MG,3393.0,Celia Rouche,West
SC7XGQVA,James Ascencio,GTX Plus Pro,Singletechno,Lost,2017-03-05,2017-03-15,0.0,retail,1996-01-01,2214.94,5374.0,United States,GTX,5482.0,Summer Sewald,West
UY45Y7AM,James Ascencio,MG Special,Sunnamplex,Lost,2017-03-05,2017-05-14,0.0,marketing,2008-01-01,894.37,1593.0,Poland,MG,55.0,Summer Sewald,West
M92Y63Q3,Jonathan Berthelot,MG Special,Domzoom,Won,2017-03-05,2017-05-05,59.0,entertainment,1998-01-01,217.87,551.0,United States,MG,55.0,Melvin Marxen,Central
JXAYTFNI,Lajuana Vencill,GTX Basic,Cancity,Lost,2017-03-05,2017-05-12,0.0,retail,2001-01-01,718.62,2448.0,United States,GTX,550.0,Dustin Brinkmann,Central
BMM5D5R4,Lajuana Vencill,GTX Basic,dambase,Lost,2017-03-05,2017-05-21,0.0,marketing,1995-01-01,2173.98,2928.0,United States,GTX,550.0,Dustin Brinkmann,Central
PSGTTYUT,Lajuana Vencill,GTX Basic,Rangreen,Won,2017-03-05,2017-06-06,494.0,technolgy,1987-01-01,2938.67,8775.0,Panama,GTX,550.0,Dustin Brinkmann,Central
JRC2PMKX,Lajuana Vencill,GTX Plus Basic,Codehow,Won,2017-03-05,2017-05-16,1060.0,software,1998-01-01,2714.9,2641.0,United States,GTX,1096.0,Dustin Brinkmann,Central
JA5G7YBO,Markita Hansen,MG Special,Blackzim,Engaging,2017-03-05,,,retail,2009-01-01,497.11,1588.0,United States,MG,55.0,Celia Rouche,West
6M5LV1ZE,Marty Freudenburg,MG Special,Scottech,Lost,2017-03-05,2017-05-26,0.0,marketing,2012-01-01,45.39,100.0,United States,MG,55.0,Melvin Marxen,Central
CZ8PPZTC,Rosie Papadopoulos,MG Special,Bioplex,Engaging,2017-03-05,,,medical,1991-01-01,326.82,1016.0,United States,MG,55.0,Cara Losch,East
IBZQBCSU,Rosie Papadopoulos,MG Special,Vehement Capital Partners,Lost,2017-03-05,2017-05-19,0.0,finance,1993-01-01,646.1,883.0,United States,MG,55.0,Cara Losch,East
YABTM1G5,Versie Hillebrand,GTX Basic,Domzoom,Lost,2017-03-05,2017-05-30,0.0,entertainment,1998-01-01,217.87,551.0,United States,GTX,550.0,Dustin Brinkmann,Central
FPTH6URQ,Vicki Laflamme,GTX Basic,Faxquote,Won,2017-03-05,2017-05-11,624.0,telecommunications,1995-01-01,1825.82,5595.0,United States,GTX,550.0,Celia Rouche,West
S3XE14XP,Vicki Laflamme,GTX Basic,Goodsilron,Won,2017-03-05,2017-05-08,565.0,marketing,2000-01-01,2952.73,5107.0,United States,GTX,550.0,Celia Rouche,West
U6Q0T9KV,Vicki Laflamme,GTX Basic,Konex,Won,2017-03-05,2017-06-14,642.0,technolgy,1980-01-01,7708.38,13756.0,United States,GTX,550.0,Celia Rouche,West
YQ0Y0YQS,Violet Mclelland,MG Advanced,Newex,Engaging,2017-03-05,,,services,1991-01-01,1012.72,3492.0,Germany,MG,3393.0,Cara Losch,East
HRWHRCH8,Violet Mclelland,MG Special,Betasoloin,Won,2017-03-05,2017-03-14,48.0,medical,1999-01-01,251.41,495.0,United States,MG,55.0,Cara Losch,East
8B29CRQL,Violet Mclelland,MG Special,Donware,Won,2017-03-05,2017-05-19,60.0,marketing,1999-01-01,1197.44,2570.0,United States,MG,55.0,Cara Losch,East
3KM8WN7L,Boris Faz,GTX Basic,Kan-code,Won,2017-03-06,2017-05-18,522.0,software,1982-01-01,11698.03,34288.0,United States,GTX,550.0,Rocco Neubert,East
S0XILDHQ,Cassey Cress,GTX Plus Pro,Umbrella Corporation,Won,2017-03-06,2017-03-18,4701.0,finance,1998-01-01,2022.14,5113.0,United States,GTX,5482.0,Rocco Neubert,East
ZVR3CS7N,Darcel Schlecht,GTX Plus Pro,Scottech,Lost,2017-03-06,2017-05-20,0.0,marketing,2012-01-01,45.39,100.0,United States,GTX,5482.0,Melvin Marxen,Central
9AMJKJX6,Jonathan Berthelot,GTX Basic,Inity,Won,2017-03-06,2017-05-31,579.0,marketing,1986-01-01,2403.58,8801.0,United States,GTX,550.0,Melvin Marxen,Central
3NQBMKOK,Kary Hendrixson,GTX Basic,Kan-code,Won,2017-03-06,2017-06-29,494.0,software,1982-01-01,11698.03,34288.0,United States,GTX,550.0,Summer Sewald,West
VBG91TQH,Marty Freudenburg,GTX Basic,Isdom,Won,2017-03-06,2017-06-11,545.0,medical,2002-01-01,3178.24,4540.0,United States,GTX,550.0,Melvin Marxen,Central
QZE24X2H,Maureen Marcano,GTX Basic,Y-corporation,Won,2017-03-06,2017-06-01,584.0,employment,1983-01-01,2871.35,9561.0,United States,GTX,550.0,Summer Sewald,West
WSPBQ5YR,Moses Frase,MG Advanced,dambase,Won,2017-03-06,2017-06-09,3714.0,marketing,1995-01-01,2173.98,2928.0,United States,MG,3393.0,Dustin Brinkmann,Central
YJJ1BLPQ,Niesha Huffines,MG Advanced,Finhigh,Won,2017-03-06,2017-05-15,3423.0,finance,2006-01-01,1102.43,1759.0,United States,MG,3393.0,Melvin Marxen,Central
XUGTSB00,Niesha Huffines,MG Advanced,Ron-tech,Won,2017-03-06,2017-03-19,3167.0,medical,1992-01-01,3922.42,6837.0,United States,MG,3393.0,Melvin Marxen,Central
3DKK3JF3,Reed Clapper,GTX Basic,Acme Corporation,Lost,2017-03-06,2017-05-29,0.0,technolgy,1996-01-01,1100.04,2822.0,United States,GTX,550.0,Rocco Neubert,East
I0TSIELX,Rosalina Dieter,GTX Plus Basic,Xx-holding,Won,2017-03-06,2017-05-29,987.0,finance,1993-01-01,7537.24,20293.0,United States,GTX,1096.0,Celia Rouche,West
420PORSF,Rosie Papadopoulos,MG Advanced,Konex,Lost,2017-03-06,2017-06-06,0.0,technolgy,1980-01-01,7708.38,13756.0,United States,MG,3393.0,Cara Losch,East
DVCPCBMJ,Versie Hillebrand,MG Advanced,Domzoom,Lost,2017-03-06,2017-05-21,0.0,entertainment,1998-01-01,217.87,551.0,United States,MG,3393.0,Dustin Brinkmann,Central
UMZ986GC,Versie Hillebrand,MG Advanced,Dontechi,Won,2017-03-06,2017-05-24,3428.0,software,1982-01-01,4618.0,10083.0,United States,MG,3393.0,Dustin Brinkmann,Central
I7BWM5O0,Violet Mclelland,MG Special,Warephase,Engaging,2017-03-06,,,services,1997-01-01,2041.73,5276.0,United States,MG,55.0,Cara Losch,East
UPQRP36U,Violet Mclelland,MG Special,Gekko & Co,Lost,2017-03-06,2017-05-22,0.0,retail,1990-01-01,2520.83,3502.0,United States,MG,55.0,Cara Losch,East
RZI9HX5X,Zane Levy,GTX Plus Basic,Hottechi,Won,2017-03-06,2017-05-31,1149.0,technolgy,1997-01-01,8170.38,16499.0,Korea,GTX,1096.0,Summer Sewald,West
WFJPWN9O,Anna Snelling,GTX Plus Pro,Globex Corporation,Won,2017-03-07,2017-06-11,6023.0,technolgy,2000-01-01,1223.72,2497.0,Norway,GTX,5482.0,Dustin Brinkmann,Central
2WH4NUR9,Cassey Cress,GTX Basic,Bluth Company,Lost,2017-03-07,2017-06-04,0.0,technolgy,1993-01-01,1242.32,3027.0,United States,GTX,550.0,Rocco Neubert,East
S93L97VV,Cecily Lampkin,MG Special,Scottech,Won,2017-03-07,2017-03-17,47.0,marketing,2012-01-01,45.39,100.0,United States,MG,55.0,Dustin Brinkmann,Central
HRU8FNE1,Corliss Cosme,GTX Basic,Donquadtech,Won,2017-03-07,2017-03-10,542.0,technolgy,1992-01-01,1712.68,3194.0,United States,GTX,550.0,Cara Losch,East
ITIQJARB,Gladys Colclough,GTX Plus Pro,Bioholding,Won,2017-03-07,2017-03-11,4887.0,medical,2012-01-01,587.34,1356.0,Philipines,GTX,5482.0,Melvin Marxen,Central
EAUV9J9L,Gladys Colclough,MG Advanced,Stanredtax,Won,2017-03-07,2017-03-21,3724.0,finance,1987-01-01,1698.2,3798.0,United States,MG,3393.0,Melvin Marxen,Central
XWEZ1WNK,James Ascencio,GTX Basic,Y-corporation,Won,2017-03-07,2017-03-11,535.0,employment,1983-01-01,2871.35,9561.0,United States,GTX,550.0,Summer Sewald,West
ZTLLHCBU,Kary Hendrixson,GTX Basic,Dontechi,Engaging,2017-03-07,,,software,1982-01-01,4618.0,10083.0,United States,GTX,550.0,Summer Sewald,West
JTSUYWUD,Kary Hendrixson,GTX Plus Pro,Blackzim,Lost,2017-03-07,2017-05-24,0.0,retail,2009-01-01,497.11,1588.0,United States,GTX,5482.0,Summer Sewald,West
CJ5U6GX3,Markita Hansen,MG Advanced,Singletechno,Won,2017-03-07,2017-03-15,3969.0,retail,1996-01-01,2214.94,5374.0,United States,MG,3393.0,Celia Rouche,West
SLYFFVBE,Maureen Marcano,GTX Plus Basic,Blackzim,Engaging,2017-03-07,,,retail,2009-01-01,497.11,1588.0,United States,GTX,1096.0,Summer Sewald,West
HDUV7VJN,Moses Frase,GTX Plus Pro,Toughzap,Won,2017-03-07,2017-03-13,6805.0,retail,1995-01-01,332.43,799.0,United States,GTX,5482.0,Dustin Brinkmann,Central
5OCY2XME,Niesha Huffines,GTX Plus Basic,Isdom,Won,2017-03-07,2017-06-12,1190.0,medical,2002-01-01,3178.24,4540.0,United States,GTX,1096.0,Melvin Marxen,Central
1YB00UYY,Rosie Papadopoulos,GTX Plus Pro,Condax,Won,2017-03-07,2017-05-29,4821.0,medical,2017-01-01,4.54,9.0,United States,GTX,5482.0,Cara Losch,East
NCMT5KK3,Vicki Laflamme,GTX Basic,Dalttechnology,Engaging,2017-03-07,,,software,2013-01-01,98.79,96.0,United States,GTX,550.0,Celia Rouche,West
Y23HQJRG,Violet Mclelland,MG Special,Kinnamplus,Won,2017-03-07,2017-05-06,53.0,retail,2004-01-01,702.72,1831.0,United States,MG,55.0,Cara Losch,East
9HXSC391,Cassey Cress,MG Advanced,Vehement Capital Partners,Won,2017-03-08,2017-05-22,3087.0,finance,1993-01-01,646.1,883.0,United States,MG,3393.0,Rocco Neubert,East
ENOMNCOJ,Cecily Lampkin,MG Special,Bioholding,Won,2017-03-08,2017-06-03,59.0,medical,2012-01-01,587.34,1356.0,Philipines,MG,55.0,Dustin Brinkmann,Central
CG4TWLUR,Corliss Cosme,GTX Plus Basic,Bubba Gump,Won,2017-03-08,2017-06-02,857.0,software,2002-01-01,987.39,2253.0,United States,GTX,1096.0,Cara Losch,East
0FIG6ZP2,Daniell Hammack,GTX Plus Basic,Massive Dynamic,Won,2017-03-08,2017-06-27,1142.0,entertainment,1989-01-01,665.06,1095.0,United States,GTX,1096.0,Rocco Neubert,East
IA62KQBO,Donn Cantrell,GTX Basic,Ganjaflex,Won,2017-03-08,2017-05-14,566.0,retail,1995-01-01,5158.71,17479.0,Japan,GTX,550.0,Rocco Neubert,East
C54ZXDLT,Garret Kinder,MG Advanced,Xx-zobam,Won,2017-03-08,2017-03-18,4291.0,entertainment,1989-01-01,3838.39,8274.0,United States,MG,3393.0,Cara Losch,East
X96MMTCI,Hayden Neloms,GTX Plus Basic,Rantouch,Won,2017-03-08,2017-06-16,1039.0,telecommunications,1994-01-01,1188.42,3015.0,United States,GTX,1096.0,Celia Rouche,West
P4RDU8QM,Hayden Neloms,MG Advanced,Xx-holding,Won,2017-03-08,2017-05-19,3151.0,finance,1993-01-01,7537.24,20293.0,United States,MG,3393.0,Celia Rouche,West
7C9Q2ZA3,Jonathan Berthelot,GTX Basic,Gogozoom,Won,2017-03-08,2017-03-24,590.0,telecommunications,2007-01-01,86.68,187.0,United States,GTX,550.0,Melvin Marxen,Central
YZ1EYM3Y,Jonathan Berthelot,MG Advanced,Ron-tech,Won,2017-03-08,2017-03-18,3217.0,medical,1992-01-01,3922.42,6837.0,United States,MG,3393.0,Melvin Marxen,Central
M7J5BV9Q,Kami Bicknell,GTX Basic,Zoomit,Won,2017-03-08,2017-03-11,597.0,entertainment,1992-01-01,324.19,978.0,United States,GTX,550.0,Summer Sewald,West
EHP6OQ69,Lajuana Vencill,MG Advanced,Finhigh,Lost,2017-03-08,2017-05-14,0.0,finance,2006-01-01,1102.43,1759.0,United States,MG,3393.0,Dustin Brinkmann,Central
JDXSS1HT,Markita Hansen,GTX Basic,Silis,Engaging,2017-03-08,,,medical,1994-01-01,2818.38,6290.0,United States,GTX,550.0,Celia Rouche,West
4R1NMA9E,Markita Hansen,GTX Basic,Singletechno,Lost,2017-03-08,2017-05-17,0.0,retail,1996-01-01,2214.94,5374.0,United States,GTX,550.0,Celia Rouche,West
CDA8Y12G,Markita Hansen,MG Special,Blackzim,Won,2017-03-08,2017-05-07,61.0,retail,2009-01-01,497.11,1588.0,United States,MG,55.0,Celia Rouche,West
RYLLRATF,Markita Hansen,MG Advanced,Faxquote,Won,2017-03-08,2017-05-31,3470.0,telecommunications,1995-01-01,1825.82,5595.0,United States,MG,3393.0,Celia Rouche,West
KEF5O2Q6,Moses Frase,GTX Basic,Betatech,Lost,2017-03-08,2017-06-26,0.0,medical,1986-01-01,647.18,1185.0,Kenya,GTX,550.0,Dustin Brinkmann,Central
Y38ULZPM,Rosalina Dieter,MG Special,Newex,Won,2017-03-08,2017-05-28,48.0,services,1991-01-01,1012.72,3492.0,Germany,MG,55.0,Celia Rouche,West
YFP8IZ98,Rosie Papadopoulos,MG Special,Acme Corporation,Won,2017-03-08,2017-06-22,61.0,technolgy,1996-01-01,1100.04,2822.0,United States,MG,55.0,Cara Losch,East
U9CDTLZM,Vicki Laflamme,MG Special,Blackzim,Lost,2017-03-08,2017-05-26,0.0,retail,2009-01-01,497.11,1588.0,United States,MG,55.0,Celia Rouche,West
V5AN4BZF,Violet Mclelland,GTX Basic,Silis,Lost,2017-03-08,2017-05-29,0.0,medical,1994-01-01,2818.38,6290.0,United States,GTX,550.0,Cara Losch,East
58J6HCYK,Zane Levy,GTX Basic,Y-corporation,Lost,2017-03-08,2017-06-05,0.0,employment,1983-01-01,2871.35,9561.0,United States,GTX,550.0,Summer Sewald,West
GDGR4C37,Zane Levy,GTX Plus Basic,Plusstrip,Lost,2017-03-08,2017-05-27,0.0,entertainment,2002-01-01,349.81,315.0,United States,GTX,1096.0,Summer Sewald,West
COOYICXU,Anna Snelling,GTX Basic,Inity,Lost,2017-03-09,2017-05-22,0.0,marketing,1986-01-01,2403.58,8801.0,United States,GTX,550.0,Dustin Brinkmann,Central
UALNIVAY,Anna Snelling,GTX Plus Pro,Hottechi,Lost,2017-03-09,2017-05-11,0.0,technolgy,1997-01-01,8170.38,16499.0,Korea,GTX,5482.0,Dustin Brinkmann,Central
E5UW8AGQ,Anna Snelling,GTX Basic,Streethex,Won,2017-03-09,2017-06-11,595.0,retail,1988-01-01,1376.8,1165.0,Belgium,GTX,550.0,Dustin Brinkmann,Central
EWA9JFBA,Anna Snelling,MG Special,Zumgoity,Won,2017-03-09,2017-06-01,51.0,medical,1984-01-01,441.08,1210.0,United States,MG,55.0,Dustin Brinkmann,Central
99DK6OHX,Boris Faz,MG Special,Opentech,Lost,2017-03-09,2017-06-08,0.0,finance,1994-01-01,355.23,853.0,United States,MG,55.0,Rocco Neubert,East
26CH1NDR,Daniell Hammack,GTX Basic,Mathtouch,Engaging,2017-03-09,,,marketing,1984-01-01,3027.46,9516.0,Jordan,GTX,550.0,Rocco Neubert,East
ZGZSYIJV,Darcel Schlecht,GTX Plus Basic,Finhigh,Lost,2017-03-09,2017-05-15,0.0,finance,2006-01-01,1102.43,1759.0,United States,GTX,1096.0,Melvin Marxen,Central
6LI7FXQT,Darcel Schlecht,MG Special,Bioholding,Lost,2017-03-09,2017-05-28,0.0,medical,2012-01-01,587.34,1356.0,Philipines,MG,55.0,Melvin Marxen,Central
D01U0UR8,Darcel Schlecht,GTX Basic,Funholding,Won,2017-03-09,2017-06-17,571.0,finance,1991-01-01,2819.5,7227.0,United States,GTX,550.0,Melvin Marxen,Central
9LFX3HBC,Elease Gluck,MG Advanced,Lexiqvolax,Won,2017-03-09,2017-03-25,3333.0,medical,2004-01-01,1618.89,3889.0,United States,MG,3393.0,Celia Rouche,West
JP3IMU5X,Gladys Colclough,GTX Plus Pro,Isdom,Won,2017-03-09,2017-05-16,4853.0,medical,2002-01-01,3178.24,4540.0,United States,GTX,5482.0,Melvin Marxen,Central
5I8WOI8P,Gladys Colclough,MG Special,Toughzap,Won,2017-03-09,2017-06-08,51.0,retail,1995-01-01,332.43,799.0,United States,MG,55.0,Melvin Marxen,Central
LJBQ7P0V,James Ascencio,MG Special,Zotware,Engaging,2017-03-09,,,software,1979-01-01,4478.47,13809.0,United States,MG,55.0,Summer Sewald,West
7C9BUYV0,James Ascencio,GTX Basic,Cheers,Lost,2017-03-09,2017-05-23,0.0,entertainment,1993-01-01,4269.9,6472.0,United States,GTX,550.0,Summer Sewald,West
NY9ARKRE,Marty Freudenburg,MG Special,Codehow,Won,2017-03-09,2017-06-01,51.0,software,1998-01-01,2714.9,2641.0,United States,MG,55.0,Melvin Marxen,Central
8QBIFURM,Versie Hillebrand,MG Advanced,Codehow,Lost,2017-03-09,2017-03-13,0.0,software,1998-01-01,2714.9,2641.0,United States,MG,3393.0,Dustin Brinkmann,Central
ZWAJWK40,Violet Mclelland,MG Special,Vehement Capital Partners,Won,2017-03-09,2017-06-22,48.0,finance,1993-01-01,646.1,883.0,United States,MG,55.0,Cara Losch,East
WQ0C723A,Zane Levy,GTX Plus Pro,Kan-code,Won,2017-03-09,2017-05-18,5215.0,software,1982-01-01,11698.03,34288.0,United States,GTX,5482.0,Summer Sewald,West
RCQ32MXL,Anna Snelling,GTX Plus Basic,Streethex,Lost,2017-03-10,2017-05-12,0.0,retail,1988-01-01,1376.8,1165.0,Belgium,GTX,1096.0,Dustin Brinkmann,Central
396WP6JS,Anna Snelling,MG Special,Gogozoom,Won,2017-03-10,2017-03-19,58.0,telecommunications,2007-01-01,86.68,187.0,United States,MG,55.0,Dustin Brinkmann,Central
57689GK9,Cecily Lampkin,MG Advanced,Finhigh,Won,2017-03-10,2017-03-20,3587.0,finance,2006-01-01,1102.43,1759.0,United States,MG,3393.0,Dustin Brinkmann,Central
S2WDGIHL,Cecily Lampkin,MG Advanced,Warephase,Won,2017-03-10,2017-05-29,2915.0,services,1997-01-01,2041.73,5276.0,United States,MG,3393.0,Dustin Brinkmann,Central
TF7HCU69,Garret Kinder,GTX Plus Basic,Gekko & Co,Won,2017-03-10,2017-06-12,1062.0,retail,1990-01-01,2520.83,3502.0,United States,GTX,1096.0,Cara Losch,East
0EX7ML4W,Gladys Colclough,GTX Plus Pro,Finhigh,Lost,2017-03-10,2017-05-10,0.0,finance,2006-01-01,1102.43,1759.0,United States,GTX,5482.0,Melvin Marxen,Central
5BSHJG7W,Kary Hendrixson,GTX Basic,Kan-code,Lost,2017-03-10,2017-05-30,0.0,software,1982-01-01,11698.03,34288.0,United States,GTX,550.0,Summer Sewald,West
HW38EMKM,Maureen Marcano,GTX Plus Pro,Kan-code,Lost,2017-03-10,2017-03-20,0.0,software,1982-01-01,11698.03,34288.0,United States,GTX,5482.0,Summer Sewald,West
5XPYFICK,Rosie Papadopoulos,MG Special,Inity,Engaging,2017-03-10,,,marketing,1986-01-01,2403.58,8801.0,United States,MG,55.0,Cara Losch,East
B5QCN9H7,Violet Mclelland,MG Special,Massive Dynamic,Lost,2017-03-10,2017-05-29,0.0,entertainment,1989-01-01,665.06,1095.0,United States,MG,55.0,Cara Losch,East
X7M4GO0J,Violet Mclelland,GTX Plus Basic,Zencorporation,Won,2017-03-10,2017-06-28,1074.0,technolgy,2011-01-01,40.79,142.0,China,GTX,1096.0,Cara Losch,East
JYI35PPE,Zane Levy,MG Special,Newex,Lost,2017-03-10,2017-05-05,0.0,services,1991-01-01,1012.72,3492.0,Germany,MG,55.0,Summer Sewald,West
6XHE52MV,Anna Snelling,MG Special,Inity,Lost,2017-03-11,2017-05-30,0.0,marketing,1986-01-01,2403.58,8801.0,United States,MG,55.0,Dustin Brinkmann,Central
0YN6EALP,Anna Snelling,MG Special,Scottech,Won,2017-03-11,2017-03-17,57.0,marketing,2012-01-01,45.39,100.0,United States,MG,55.0,Dustin Brinkmann,Central
A4LUP6W6,Cassey Cress,GTX Basic,Zotware,Won,2017-03-11,2017-05-22,586.0,software,1979-01-01,4478.47,13809.0,United States,GTX,550.0,Rocco Neubert,East
KUK2H5MD,Cecily Lampkin,GTX Plus Basic,Rundofase,Won,2017-03-11,2017-06-13,1184.0,technolgy,1983-01-01,1008.06,1238.0,United States,GTX,1096.0,Dustin Brinkmann,Central
HTW9348H,Donn Cantrell,GTX Basic,Silis,Lost,2017-03-11,2017-05-19,0.0,medical,1994-01-01,2818.38,6290.0,United States,GTX,550.0,Rocco Neubert,East
A6CE8BHR,James Ascencio,GTX Plus Basic,Lexiqvolax,Lost,2017-03-11,2017-06-08,0.0,medical,2004-01-01,1618.89,3889.0,United States,GTX,1096.0,Summer Sewald,West
UI1UION3,James Ascencio,GTX Basic,J-Texon,Won,2017-03-11,2017-06-10,526.0,retail,1989-01-01,1388.67,3583.0,United States,GTX,550.0,Summer Sewald,West
ZPX96Q40,James Ascencio,GTX Plus Pro,Condax,Won,2017-03-11,2017-06-12,5344.0,medical,2017-01-01,4.54,9.0,United States,GTX,5482.0,Summer Sewald,West
FGH181PC,Kami Bicknell,GTX Basic,Dalttechnology,Won,2017-03-11,2017-06-06,528.0,software,2013-01-01,98.79,96.0,United States,GTX,550.0,Summer Sewald,West
8OBC9CQE,Kami Bicknell,MG Advanced,Singletechno,Won,2017-03-11,2017-03-26,3254.0,retail,1996-01-01,2214.94,5374.0,United States,MG,3393.0,Summer Sewald,West
2Y84YR3K,Kary Hendrixson,GTX Basic,J-Texon,Won,2017-03-11,2017-05-24,516.0,retail,1989-01-01,1388.67,3583.0,United States,GTX,550.0,Summer Sewald,West
97QHOOWD,Kary Hendrixson,GTX Basic,Y-corporation,Won,2017-03-11,2017-03-27,538.0,employment,1983-01-01,2871.35,9561.0,United States,GTX,550.0,Summer Sewald,West
YL7XWUYO,Lajuana Vencill,GTX Basic,Codehow,Won,2017-03-11,2017-06-17,459.0,software,1998-01-01,2714.9,2641.0,United States,GTX,550.0,Dustin Brinkmann,Central
VO8TFB31,Maureen Marcano,GTX Basic,Cheers,Lost,2017-03-11,2017-06-26,0.0,entertainment,1993-01-01,4269.9,6472.0,United States,GTX,550.0,Summer Sewald,West
HZU0L5GS,Moses Frase,MG Advanced,Konmatfix,Won,2017-03-11,2017-06-04,3330.0,marketing,1985-01-01,375.43,1190.0,United States,MG,3393.0,Dustin Brinkmann,Central
8RF8XVYF,Versie Hillebrand,GTX Basic,Conecom,Won,2017-03-11,2017-05-10,589.0,technolgy,2005-01-01,1520.66,1806.0,United States,GTX,550.0,Dustin Brinkmann,Central
ZILYYA1V,Vicki Laflamme,MG Special,Goodsilron,Won,2017-03-11,2017-03-30,45.0,marketing,2000-01-01,2952.73,5107.0,United States,MG,55.0,Celia Rouche,West
NH0WGTR4,Anna Snelling,MG Special,Funholding,Lost,2017-03-12,2017-05-25,0.0,finance,1991-01-01,2819.5,7227.0,United States,MG,55.0,Dustin Brinkmann,Central
73HO9OZC,Cassey Cress,GTX Basic,Finjob,Engaging,2017-03-12,,,employment,1988-01-01,2059.9,3644.0,United States,GTX,550.0,Rocco Neubert,East
WBJX6O2D,Cassey Cress,GTX Plus Pro,Opentech,Won,2017-03-12,2017-06-11,5664.0,finance,1994-01-01,355.23,853.0,United States,GTX,5482.0,Rocco Neubert,East
1IHNDN80,Cecily Lampkin,MG Advanced,Streethex,Lost,2017-03-12,2017-05-02,0.0,retail,1988-01-01,1376.8,1165.0,Belgium,MG,3393.0,Dustin Brinkmann,Central
T14K7M5G,Corliss Cosme,GTX Plus Basic,Initech,Won,2017-03-12,2017-06-11,1074.0,telecommunications,1994-01-01,6395.05,20275.0,United States,GTX,1096.0,Cara Losch,East
XPP2Q5WQ,Darcel Schlecht,GTX Plus Basic,Globex Corporation,Lost,2017-03-12,2017-05-02,0.0,technolgy,2000-01-01,1223.72,2497.0,Norway,GTX,1096.0,Melvin Marxen,Central
HG07756D,Elease Gluck,GTX Basic,Finjob,Won,2017-03-12,2017-03-31,481.0,employment,1988-01-01,2059.9,3644.0,United States,GTX,550.0,Celia Rouche,West
E7YSM99K,Elease Gluck,GTX Plus Basic,Labdrill,Won,2017-03-12,2017-06-02,1101.0,medical,1985-01-01,2741.37,9226.0,United States,GTX,1096.0,Celia Rouche,West
4D1FP59D,Gladys Colclough,GTX Basic,Warephase,Won,2017-03-12,2017-06-23,522.0,services,1997-01-01,2041.73,5276.0,United States,GTX,550.0,Melvin Marxen,Central
3E4VTH6E,Hayden Neloms,MG Special,Hatfan,Engaging,2017-03-12,,,services,1982-01-01,792.46,1299.0,United States,MG,55.0,Celia Rouche,West
TK29F68V,Hayden Neloms,MG Special,Y-corporation,Won,2017-03-12,2017-06-13,49.0,employment,1983-01-01,2871.35,9561.0,United States,MG,55.0,Celia Rouche,West
GTANESSU,Lajuana Vencill,GTX Plus Basic,Isdom,Won,2017-03-12,2017-05-22,991.0,medical,2002-01-01,3178.24,4540.0,United States,GTX,1096.0,Dustin Brinkmann,Central
LA0O6BHX,Lajuana Vencill,GTX Plus Pro,Dontechi,Won,2017-03-12,2017-05-27,4509.0,software,1982-01-01,4618.0,10083.0,United States,GTX,5482.0,Dustin Brinkmann,Central
J4V3VKQ5,Maureen Marcano,GTX Basic,Sonron,Won,2017-03-12,2017-03-27,491.0,telecommunications,1999-01-01,1699.85,5108.0,United States,GTX,550.0,Summer Sewald,West
G281LUYF,Niesha Huffines,GTX Plus Basic,Finhigh,Lost,2017-03-12,2017-05-08,0.0,finance,2006-01-01,1102.43,1759.0,United States,GTX,1096.0,Melvin Marxen,Central
4NAK1XFV,Rosie Papadopoulos,MG Special,Umbrella Corporation,Lost,2017-03-12,2017-05-18,0.0,finance,1998-01-01,2022.14,5113.0,United States,MG,55.0,Cara Losch,East
Y34MVXP3,Rosie Papadopoulos,MG Advanced,Kinnamplus,Won,2017-03-12,2017-06-27,3443.0,retail,2004-01-01,702.72,1831.0,United States,MG,3393.0,Cara Losch,East
N8G3G1UF,Versie Hillebrand,MG Special,Gogozoom,Won,2017-03-12,2017-05-29,60.0,telecommunications,2007-01-01,86.68,187.0,United States,MG,55.0,Dustin Brinkmann,Central
SDXZB8MC,Versie Hillebrand,MG Special,Hottechi,Won,2017-03-12,2017-06-20,53.0,technolgy,1997-01-01,8170.38,16499.0,Korea,MG,55.0,Dustin Brinkmann,Central
PFUE2JYB,Vicki Laflamme,MG Special,Finjob,Won,2017-03-12,2017-05-26,56.0,employment,1988-01-01,2059.9,3644.0,United States,MG,55.0,Celia Rouche,West
4A8SFEJ2,Zane Levy,GTX Basic,Scotfind,Won,2017-03-12,2017-03-17,665.0,software,1996-01-01,6354.87,16780.0,United States,GTX,550.0,Summer Sewald,West
HEG8WPQF,Anna Snelling,GTX Plus Basic,Inity,Won,2017-03-13,2017-05-09,1140.0,marketing,1986-01-01,2403.58,8801.0,United States,GTX,1096.0,Dustin Brinkmann,Central
0FST40LV,Anna Snelling,MG Special,Streethex,Won,2017-03-13,2017-05-25,52.0,retail,1988-01-01,1376.8,1165.0,Belgium,MG,55.0,Dustin Brinkmann,Central
I7WERQ6B,Anna Snelling,MG Special,Warephase,Won,2017-03-13,2017-06-08,52.0,services,1997-01-01,2041.73,5276.0,United States,MG,55.0,Dustin Brinkmann,Central
T7UYHDUN,Boris Faz,GTX Plus Pro,Donquadtech,Lost,2017-03-13,2017-03-24,0.0,technolgy,1992-01-01,1712.68,3194.0,United States,GTX,5482.0,Rocco Neubert,East
V0EIMVES,Cecily Lampkin,GTX Plus Pro,Konmatfix,Won,2017-03-13,2017-05-13,5121.0,marketing,1985-01-01,375.43,1190.0,United States,GTX,5482.0,Dustin Brinkmann,Central
DL4SZAGH,Cecily Lampkin,MG Advanced,Rundofase,Won,2017-03-13,2017-03-31,3611.0,technolgy,1983-01-01,1008.06,1238.0,United States,MG,3393.0,Dustin Brinkmann,Central
RVIU1YQ8,Corliss Cosme,MG Special,Massive Dynamic,Won,2017-03-13,2017-03-24,50.0,entertainment,1989-01-01,665.06,1095.0,United States,MG,55.0,Cara Losch,East
ZNSWDHTJ,Darcel Schlecht,GTX Basic,Rundofase,Won,2017-03-13,2017-05-15,618.0,technolgy,1983-01-01,1008.06,1238.0,United States,GTX,550.0,Melvin Marxen,Central
A2G8VYZY,Darcel Schlecht,GTX Plus Basic,Globex Corporation,Won,2017-03-13,2017-03-17,1247.0,technolgy,2000-01-01,1223.72,2497.0,Norway,GTX,1096.0,Melvin Marxen,Central
F5I33E1I,Elease Gluck,MG Special,Sumace,Engaging,2017-03-13,,,retail,2000-01-01,167.89,493.0,Romania,MG,55.0,Celia Rouche,West
Y9B94N72,Garret Kinder,MG Special,Donware,Won,2017-03-13,2017-05-03,55.0,marketing,1999-01-01,1197.44,2570.0,United States,MG,55.0,Cara Losch,East
34MBPHRL,Hayden Neloms,GTX Plus Basic,Singletechno,Won,2017-03-13,2017-06-17,1157.0,retail,1996-01-01,2214.94,5374.0,United States,GTX,1096.0,Celia Rouche,West
K73K8IQ3,Kary Hendrixson,GTX Basic,Hottechi,Won,2017-03-13,2017-05-22,537.0,technolgy,1997-01-01,8170.38,16499.0,Korea,GTX,550.0,Summer Sewald,West
JV1NCDKP,Moses Frase,MG Special,Isdom,Won,2017-03-13,2017-05-11,57.0,medical,2002-01-01,3178.24,4540.0,United States,MG,55.0,Dustin Brinkmann,Central
ECCVMNUZ,Rosalina Dieter,MG Special,Sunnamplex,Won,2017-03-13,2017-05-20,66.0,marketing,2008-01-01,894.37,1593.0,Poland,MG,55.0,Celia Rouche,West
3OAEEV0S,Cassey Cress,MG Advanced,Gekko & Co,Won,2017-03-14,2017-03-21,3503.0,retail,1990-01-01,2520.83,3502.0,United States,MG,3393.0,Rocco Neubert,East
RTH5O6ZW,Cassey Cress,MG Advanced,Mathtouch,Won,2017-03-14,2017-06-13,3600.0,marketing,1984-01-01,3027.46,9516.0,Jordan,MG,3393.0,Rocco Neubert,East
GH6U8WWN,Daniell Hammack,GTX Basic,Massive Dynamic,Won,2017-03-14,2017-03-19,425.0,entertainment,1989-01-01,665.06,1095.0,United States,GTX,550.0,Rocco Neubert,East
2Y2R082L,Darcel Schlecht,MG Special,dambase,Won,2017-03-14,2017-05-06,62.0,marketing,1995-01-01,2173.98,2928.0,United States,MG,55.0,Melvin Marxen,Central
1R38Y0C1,Elease Gluck,MG Advanced,Golddex,Won,2017-03-14,2017-03-20,3386.0,finance,2008-01-01,52.5,165.0,United States,MG,3393.0,Celia Rouche,West
8JS4BWQ7,Gladys Colclough,GTX Basic,Streethex,Won,2017-03-14,2017-03-24,615.0,retail,1988-01-01,1376.8,1165.0,Belgium,GTX,550.0,Melvin Marxen,Central
78TOITP2,Gladys Colclough,MG Special,Finhigh,Won,2017-03-14,2017-05-18,55.0,finance,2006-01-01,1102.43,1759.0,United States,MG,55.0,Melvin Marxen,Central
3PVNGGBX,Markita Hansen,GTX Basic,The New York Inquirer,Engaging,2017-03-14,,,medical,1996-01-01,439.21,792.0,United States,GTX,550.0,Celia Rouche,West
BSA76OL5,Marty Freudenburg,GTX Basic,Isdom,Lost,2017-03-14,2017-05-17,0.0,medical,2002-01-01,3178.24,4540.0,United States,GTX,550.0,Melvin Marxen,Central
YHNBSXPN,Maureen Marcano,GTX Plus Basic,Hatfan,Won,2017-03-14,2017-03-25,1019.0,services,1982-01-01,792.46,1299.0,United States,GTX,1096.0,Summer Sewald,West
TW6D3KT4,Maureen Marcano,MG Advanced,Blackzim,Won,2017-03-14,2017-05-12,2798.0,retail,2009-01-01,497.11,1588.0,United States,MG,3393.0,Summer Sewald,West
Z8RI8RLU,Moses Frase,GTX Basic,Streethex,Won,2017-03-14,2017-06-03,502.0,retail,1988-01-01,1376.8,1165.0,Belgium,GTX,550.0,Dustin Brinkmann,Central
FT0L8HZZ,Moses Frase,MG Advanced,Isdom,Won,2017-03-14,2017-03-16,3323.0,medical,2002-01-01,3178.24,4540.0,United States,MG,3393.0,Dustin Brinkmann,Central
AW0GW33Q,Reed Clapper,GTX Plus Basic,Condax,Lost,2017-03-14,2017-06-11,0.0,medical,2017-01-01,4.54,9.0,United States,GTX,1096.0,Rocco Neubert,East
IJLPV177,Rosalina Dieter,MG Special,Nam-zim,Lost,2017-03-14,2017-03-30,0.0,services,1987-01-01,405.59,1179.0,Brazil,MG,55.0,Celia Rouche,West
9UVKASFY,Vicki Laflamme,GTX Plus Pro,Nam-zim,Lost,2017-03-14,2017-05-27,0.0,services,1987-01-01,405.59,1179.0,Brazil,GTX,5482.0,Celia Rouche,West
KKSMEP2A,Vicki Laflamme,MG Advanced,Finjob,Lost,2017-03-14,2017-06-21,0.0,employment,1988-01-01,2059.9,3644.0,United States,MG,3393.0,Celia Rouche,West
E96ZTKHC,Vicki Laflamme,GTX Basic,Scotfind,Won,2017-03-14,2017-03-17,542.0,software,1996-01-01,6354.87,16780.0,United States,GTX,550.0,Celia Rouche,West
EK0ZZHKT,Cassey Cress,MG Advanced,Massive Dynamic,Lost,2017-03-15,2017-06-24,0.0,entertainment,1989-01-01,665.06,1095.0,United States,MG,3393.0,Rocco Neubert,East
9U6RAS0M,Cassey Cress,GTX Basic,Umbrella Corporation,Won,2017-03-15,2017-03-31,538.0,finance,1998-01-01,2022.14,5113.0,United States,GTX,550.0,Rocco Neubert,East
GOM8T4Y4,Darcel Schlecht,GTX Plus Basic,Codehow,Won,2017-03-15,2017-05-09,1178.0,software,1998-01-01,2714.9,2641.0,United States,GTX,1096.0,Melvin Marxen,Central
E7OPE1O8,Darcel Schlecht,MG Special,Rangreen,Won,2017-03-15,2017-03-20,60.0,technolgy,1987-01-01,2938.67,8775.0,Panama,MG,55.0,Melvin Marxen,Central
647E6ED0,Darcel Schlecht,MG Advanced,Dontechi,Won,2017-03-15,2017-06-05,2875.0,software,1982-01-01,4618.0,10083.0,United States,MG,3393.0,Melvin Marxen,Central
V4XHHFO3,Elease Gluck,GTX Basic,Blackzim,Engaging,2017-03-15,,,retail,2009-01-01,497.11,1588.0,United States,GTX,550.0,Celia Rouche,West
PEX6S873,Elease Gluck,GTK 500,Cheers,Lost,2017-03-15,2017-05-19,0.0,entertainment,1993-01-01,4269.9,6472.0,United States,GTK,26768.0,Celia Rouche,West
M9OTPNII,Garret Kinder,GTX Plus Pro,Donware,Won,2017-03-15,2017-05-20,6177.0,marketing,1999-01-01,1197.44,2570.0,United States,GTX,5482.0,Cara Losch,East
EZRICI17,Gladys Colclough,MG Advanced,Rundofase,Lost,2017-03-15,2017-06-28,0.0,technolgy,1983-01-01,1008.06,1238.0,United States,MG,3393.0,Melvin Marxen,Central
MHN0SWM2,Lajuana Vencill,GTX Plus Pro,Genco Pura Olive Oil Company,Won,2017-03-15,2017-06-21,4527.0,retail,2007-01-01,894.33,1635.0,Italy,GTX,5482.0,Dustin Brinkmann,Central
8SKE4TT5,Maureen Marcano,GTX Plus Basic,Xx-holding,Lost,2017-03-15,2017-05-30,0.0,finance,1993-01-01,7537.24,20293.0,United States,GTX,1096.0,Summer Sewald,West
IGELOJ42,Moses Frase,GTX Plus Pro,Cancity,Won,2017-03-15,2017-06-03,6102.0,retail,2001-01-01,718.62,2448.0,United States,GTX,5482.0,Dustin Brinkmann,Central
0LMA8GMJ,Rosie Papadopoulos,GTX Plus Pro,Bubba Gump,Won,2017-03-15,2017-05-10,4983.0,software,2002-01-01,987.39,2253.0,United States,GTX,5482.0,Cara Losch,East
E40RN3MN,Versie Hillebrand,MG Special,Isdom,Won,2017-03-15,2017-03-25,47.0,medical,2002-01-01,3178.24,4540.0,United States,MG,55.0,Dustin Brinkmann,Central
093R7PK9,Vicki Laflamme,MG Special,Zoomit,Won,2017-03-15,2017-06-11,52.0,entertainment,1992-01-01,324.19,978.0,United States,MG,55.0,Celia Rouche,West
7IFEKEMG,Violet Mclelland,MG Special,Bioplex,Won,2017-03-15,2017-06-06,53.0,medical,1991-01-01,326.82,1016.0,United States,MG,55.0,Cara Losch,East
K2KK9SW2,Anna Snelling,GTX Basic,Inity,Won,2017-03-16,2017-05-02,550.0,marketing,1986-01-01,2403.58,8801.0,United States,GTX,550.0,Dustin Brinkmann,Central
K4ETVW4H,Boris Faz,MG Special,Betasoloin,Won,2017-03-16,2017-05-12,53.0,medical,1999-01-01,251.41,495.0,United States,MG,55.0,Rocco Neubert,East
RZZ9K7UN,Daniell Hammack,GTX Plus Pro,Zencorporation,Won,2017-03-16,2017-06-29,5407.0,technolgy,2011-01-01,40.79,142.0,China,GTX,5482.0,Rocco Neubert,East
3918OU6O,Darcel Schlecht,GTX Basic,Rundofase,Lost,2017-03-16,2017-05-02,0.0,technolgy,1983-01-01,1008.06,1238.0,United States,GTX,550.0,Melvin Marxen,Central
YZ9ZKK3P,Hayden Neloms,MG Special,Finjob,Won,2017-03-16,2017-05-08,56.0,employment,1988-01-01,2059.9,3644.0,United States,MG,55.0,Celia Rouche,West
GK1NH8G7,Kami Bicknell,GTX Basic,Iselectrics,Engaging,2017-03-16,,,technolgy,2011-01-01,527.11,1428.0,United States,GTX,550.0,Summer Sewald,West
OPCLCCQH,Kami Bicknell,GTX Plus Basic,Konex,Engaging,2017-03-16,,,technolgy,1980-01-01,7708.38,13756.0,United States,GTX,1096.0,Summer Sewald,West
E1921PBZ,Kary Hendrixson,GTX Basic,Finjob,Won,2017-03-16,2017-05-23,468.0,employment,1988-01-01,2059.9,3644.0,United States,GTX,550.0,Summer Sewald,West
0E761F02,Kary Hendrixson,GTX Basic,Kan-code,Won,2017-03-16,2017-05-02,579.0,software,1982-01-01,11698.03,34288.0,United States,GTX,550.0,Summer Sewald,West
HDBNC8W1,Lajuana Vencill,MG Advanced,Treequote,Won,2017-03-16,2017-06-11,3185.0,telecommunications,1988-01-01,5266.09,8595.0,United States,MG,3393.0,Dustin Brinkmann,Central
KP6NOWM7,Markita Hansen,MG Special,Cheers,Won,2017-03-16,2017-06-03,54.0,entertainment,1993-01-01,4269.9,6472.0,United States,MG,55.0,Celia Rouche,West
HPYLUU5P,Maureen Marcano,MG Special,Newex,Won,2017-03-16,2017-06-26,62.0,services,1991-01-01,1012.72,3492.0,Germany,MG,55.0,Summer Sewald,West
I7AH5FW0,Moses Frase,GTX Basic,dambase,Lost,2017-03-16,2017-05-23,0.0,marketing,1995-01-01,2173.98,2928.0,United States,GTX,550.0,Dustin Brinkmann,Central
RSFYKC1F,Moses Frase,GTX Basic,Betatech,Won,2017-03-16,2017-06-25,619.0,medical,1986-01-01,647.18,1185.0,Kenya,GTX,550.0,Dustin Brinkmann,Central
RMW0TRSZ,Rosalina Dieter,MG Special,Golddex,Lost,2017-03-16,2017-05-20,0.0,finance,2008-01-01,52.5,165.0,United States,MG,55.0,Celia Rouche,West
GNENBXRW,Rosalina Dieter,MG Special,Hatfan,Lost,2017-03-16,2017-05-17,0.0,services,1982-01-01,792.46,1299.0,United States,MG,55.0,Celia Rouche,West
L20NI94X,Rosalina Dieter,MG Advanced,Xx-holding,Lost,2017-03-16,2017-06-05,0.0,finance,1993-01-01,7537.24,20293.0,United States,MG,3393.0,Celia Rouche,West
9XV6GX8D,Zane Levy,GTX Basic,Cheers,Won,2017-03-16,2017-06-07,605.0,entertainment,1993-01-01,4269.9,6472.0,United States,GTX,550.0,Summer Sewald,West
IDIMBX0N,Anna Snelling,GTX Plus Pro,Genco Pura Olive Oil Company,Won,2017-03-17,2017-03-26,6064.0,retail,2007-01-01,894.33,1635.0,Italy,GTX,5482.0,Dustin Brinkmann,Central
W75XU368,Cassey Cress,GTX Basic,Plussunin,Won,2017-03-17,2017-06-17,641.0,retail,2003-01-01,1419.98,4018.0,United States,GTX,550.0,Rocco Neubert,East
WIY2Q0Q5,Cassey Cress,GTX Basic,Vehement Capital Partners,Won,2017-03-17,2017-05-17,491.0,finance,1993-01-01,646.1,883.0,United States,GTX,550.0,Rocco Neubert,East
DF1011UT,Corliss Cosme,GTX Plus Basic,Konmatfix,Engaging,2017-03-17,,,marketing,1985-01-01,375.43,1190.0,United States,GTX,1096.0,Cara Losch,East
4PXSBQU8,Darcel Schlecht,MG Special,Codehow,Won,2017-03-17,2017-05-27,47.0,software,1998-01-01,2714.9,2641.0,United States,MG,55.0,Melvin Marxen,Central
QRKHWNRB,Elease Gluck,MG Special,Faxquote,Won,2017-03-17,2017-06-25,63.0,telecommunications,1995-01-01,1825.82,5595.0,United States,MG,55.0,Celia Rouche,West
1YGNHE69,Garret Kinder,MG Advanced,Sumace,Won,2017-03-17,2017-05-18,3291.0,retail,2000-01-01,167.89,493.0,Romania,MG,3393.0,Cara Losch,East
TAEUD0HP,Hayden Neloms,GTX Plus Basic,Singletechno,Won,2017-03-17,2017-06-10,1188.0,retail,1996-01-01,2214.94,5374.0,United States,GTX,1096.0,Celia Rouche,West
72TBO2HA,Kary Hendrixson,GTX Basic,Cheers,Lost,2017-03-17,2017-05-08,0.0,entertainment,1993-01-01,4269.9,6472.0,United States,GTX,550.0,Summer Sewald,West
FCW4SAAP,Kary Hendrixson,GTX Basic,Scotfind,Won,2017-03-17,2017-06-11,478.0,software,1996-01-01,6354.87,16780.0,United States,GTX,550.0,Summer Sewald,West
DEH0MYSO,Kary Hendrixson,MG Special,Green-Plus,Won,2017-03-17,2017-05-24,60.0,services,2003-01-01,692.19,1922.0,United States,MG,55.0,Summer Sewald,West
T02CX0BY,Reed Clapper,MG Advanced,Ontomedia,Won,2017-03-17,2017-03-31,2550.0,employment,1997-01-01,882.12,2769.0,United States,MG,3393.0,Rocco Neubert,East
IN9S33CD,Rosalina Dieter,GTX Plus Pro,Finhigh,Engaging,2017-03-17,,,finance,2006-01-01,1102.43,1759.0,United States,GTX,5482.0,Celia Rouche,West
SSX3QRTB,Rosie Papadopoulos,MG Special,Bioplex,Lost,2017-03-17,2017-05-08,0.0,medical,1991-01-01,326.82,1016.0,United States,MG,55.0,Cara Losch,East
UBX7TMQG,Versie Hillebrand,GTX Plus Pro,Dontechi,Lost,2017-03-17,2017-05-10,0.0,software,1982-01-01,4618.0,10083.0,United States,GTX,5482.0,Dustin Brinkmann,Central
RR5AMWPQ,Versie Hillebrand,MG Special,Genco Pura Olive Oil Company,Lost,2017-03-17,2017-05-16,0.0,retail,2007-01-01,894.33,1635.0,Italy,MG,55.0,Dustin Brinkmann,Central
FHLNW3WH,Versie Hillebrand,MG Advanced,Statholdings,Won,2017-03-17,2017-06-21,3378.0,employment,1997-01-01,291.27,586.0,United States,MG,3393.0,Dustin Brinkmann,Central
PRMMZX9O,Zane Levy,GTX Plus Basic,Newex,Won,2017-03-17,2017-06-02,999.0,services,1991-01-01,1012.72,3492.0,Germany,GTX,1096.0,Summer Sewald,West
ZZFES7ID,Zane Levy,MG Special,Singletechno,Won,2017-03-17,2017-06-05,52.0,retail,1996-01-01,2214.94,5374.0,United States,MG,55.0,Summer Sewald,West
G7PNQB9M,Anna Snelling,GTX Plus Basic,Warephase,Lost,2017-03-18,2017-05-25,0.0,services,1997-01-01,2041.73,5276.0,United States,GTX,1096.0,Dustin Brinkmann,Central
Z0R5O2VW,Cassey Cress,GTX Plus Pro,Donware,Lost,2017-03-18,2017-05-24,0.0,marketing,1999-01-01,1197.44,2570.0,United States,GTX,5482.0,Rocco Neubert,East
VS0TWECS,Cassey Cress,GTX Basic,Plussunin,Won,2017-03-18,2017-06-18,530.0,retail,2003-01-01,1419.98,4018.0,United States,GTX,550.0,Rocco Neubert,East
XN7EV14M,Cecily Lampkin,GTX Basic,Konmatfix,Won,2017-03-18,2017-05-09,538.0,marketing,1985-01-01,375.43,1190.0,United States,GTX,550.0,Dustin Brinkmann,Central
P5BRH80Z,Cecily Lampkin,MG Special,Rundofase,Won,2017-03-18,2017-03-27,53.0,technolgy,1983-01-01,1008.06,1238.0,United States,MG,55.0,Dustin Brinkmann,Central
QUFCX2MF,Elease Gluck,MG Special,Scotfind,Lost,2017-03-18,2017-05-27,0.0,software,1996-01-01,6354.87,16780.0,United States,MG,55.0,Celia Rouche,West
RW13VT8T,Garret Kinder,GTX Plus Pro,Mathtouch,Won,2017-03-18,2017-05-11,4995.0,marketing,1984-01-01,3027.46,9516.0,Jordan,GTX,5482.0,Cara Losch,East
5LJ47CVS,James Ascencio,GTX Basic,Sonron,Lost,2017-03-18,2017-06-22,0.0,telecommunications,1999-01-01,1699.85,5108.0,United States,GTX,550.0,Summer Sewald,West
87XTACKH,Jonathan Berthelot,GTX Plus Basic,Bioholding,Won,2017-03-18,2017-05-26,1137.0,medical,2012-01-01,587.34,1356.0,Philipines,GTX,1096.0,Melvin Marxen,Central
0Z2CQ0MQ,Kami Bicknell,GTX Basic,Sonron,Won,2017-03-18,2017-03-28,453.0,telecommunications,1999-01-01,1699.85,5108.0,United States,GTX,550.0,Summer Sewald,West
4SK6YLB0,Kami Bicknell,GTX Plus Basic,Hottechi,Won,2017-03-18,2017-05-27,1065.0,technolgy,1997-01-01,8170.38,16499.0,Korea,GTX,1096.0,Summer Sewald,West
9Y3JDP1B,Kami Bicknell,MG Advanced,Labdrill,Won,2017-03-18,2017-06-19,2560.0,medical,1985-01-01,2741.37,9226.0,United States,MG,3393.0,Summer Sewald,West
COWC9H9T,Markita Hansen,GTX Plus Basic,Groovestreet,Won,2017-03-18,2017-03-31,1171.0,retail,2003-01-01,223.8,299.0,United States,GTX,1096.0,Celia Rouche,West
ZTHMJWYZ,Markita Hansen,MG Special,Konex,Won,2017-03-18,2017-06-22,53.0,technolgy,1980-01-01,7708.38,13756.0,United States,MG,55.0,Celia Rouche,West
MMGWAWBA,Marty Freudenburg,GTX Plus Pro,Treequote,Won,2017-03-18,2017-06-02,6553.0,telecommunications,1988-01-01,5266.09,8595.0,United States,GTX,5482.0,Melvin Marxen,Central
8LPO6YCO,Marty Freudenburg,MG Advanced,Betatech,Won,2017-03-18,2017-05-07,3542.0,medical,1986-01-01,647.18,1185.0,Kenya,MG,3393.0,Melvin Marxen,Central
CDUIUYY2,Moses Frase,MG Advanced,Finhigh,Won,2017-03-18,2017-06-11,3619.0,finance,2006-01-01,1102.43,1759.0,United States,MG,3393.0,Dustin Brinkmann,Central
A1TDRYHZ,Rosie Papadopoulos,MG Advanced,Rangreen,Engaging,2017-03-18,,,technolgy,1987-01-01,2938.67,8775.0,Panama,MG,3393.0,Cara Losch,East
9328IHHL,Wilburn Farren,MG Advanced,Bluth Company,Won,2017-03-18,2017-05-18,3589.0,technolgy,1993-01-01,1242.32,3027.0,United States,MG,3393.0,Cara Losch,East
ZFB7CBR6,Zane Levy,GTX Plus Pro,Plexzap,Won,2017-03-18,2017-05-13,6262.0,retail,2001-01-01,2437.85,4874.0,United States,GTX,5482.0,Summer Sewald,West
3N3RAHXR,Cassey Cress,GTX Plus Basic,Nam-zim,Engaging,2017-03-19,,,services,1987-01-01,405.59,1179.0,Brazil,GTX,1096.0,Rocco Neubert,East
6RJE18RW,Cassey Cress,GTX Plus Basic,Acme Corporation,Won,2017-03-19,2017-03-24,1161.0,technolgy,1996-01-01,1100.04,2822.0,United States,GTX,1096.0,Rocco Neubert,East
QXU90OP8,Corliss Cosme,GTX Basic,Zotware,Won,2017-03-19,2017-03-22,586.0,software,1979-01-01,4478.47,13809.0,United States,GTX,550.0,Cara Losch,East
NXXSU27K,Corliss Cosme,MG Special,The New York Inquirer,Won,2017-03-19,2017-03-25,41.0,medical,1996-01-01,439.21,792.0,United States,MG,55.0,Cara Losch,East
06YL7WVJ,Darcel Schlecht,GTX Plus Basic,Ron-tech,Won,2017-03-19,2017-03-21,929.0,medical,1992-01-01,3922.42,6837.0,United States,GTX,1096.0,Melvin Marxen,Central
K4Y8R0FX,Darcel Schlecht,MG Special,Streethex,Won,2017-03-19,2017-06-04,65.0,retail,1988-01-01,1376.8,1165.0,Belgium,MG,55.0,Melvin Marxen,Central
F8O0IY28,Donn Cantrell,GTX Basic,Zencorporation,Won,2017-03-19,2017-03-30,574.0,technolgy,2011-01-01,40.79,142.0,China,GTX,550.0,Rocco Neubert,East
T0SEVT4K,Hayden Neloms,MG Advanced,Labdrill,Won,2017-03-19,2017-06-16,3028.0,medical,1985-01-01,2741.37,9226.0,United States,MG,3393.0,Celia Rouche,West
36VPT9RZ,James Ascencio,GTX Basic,Singletechno,Won,2017-03-19,2017-03-26,403.0,retail,1996-01-01,2214.94,5374.0,United States,GTX,550.0,Summer Sewald,West
R2RL1Y49,Kami Bicknell,GTX Basic,Sonron,Lost,2017-03-19,2017-05-16,0.0,telecommunications,1999-01-01,1699.85,5108.0,United States,GTX,550.0,Summer Sewald,West
7Q7SA3EK,Kami Bicknell,MG Advanced,Kan-code,Won,2017-03-19,2017-06-07,3290.0,software,1982-01-01,11698.03,34288.0,United States,MG,3393.0,Summer Sewald,West
6JI36HIE,Kary Hendrixson,MG Advanced,Sonron,Lost,2017-03-19,2017-06-23,0.0,telecommunications,1999-01-01,1699.85,5108.0,United States,MG,3393.0,Summer Sewald,West
B5CBSTM5,Kary Hendrixson,MG Advanced,Golddex,Won,2017-03-19,2017-03-29,3550.0,finance,2008-01-01,52.5,165.0,United States,MG,3393.0,Summer Sewald,West
SNBYNW8H,Moses Frase,MG Advanced,Rangreen,Won,2017-03-19,2017-06-23,3657.0,technolgy,1987-01-01,2938.67,8775.0,Panama,MG,3393.0,Dustin Brinkmann,Central
IEN6RBZI,Reed Clapper,GTX Plus Basic,Zotware,Won,2017-03-19,2017-06-24,1046.0,software,1979-01-01,4478.47,13809.0,United States,GTX,1096.0,Rocco Neubert,East
9P026O47,Versie Hillebrand,MG Special,Warephase,Won,2017-03-19,2017-05-27,50.0,services,1997-01-01,2041.73,5276.0,United States,MG,55.0,Dustin Brinkmann,Central
AJLNEUVY,Versie Hillebrand,MG Advanced,Funholding,Won,2017-03-19,2017-03-27,2871.0,finance,1991-01-01,2819.5,7227.0,United States,MG,3393.0,Dustin Brinkmann,Central
LJIAOC0Q,Violet Mclelland,MG Special,Bioplex,Won,2017-03-19,2017-06-04,52.0,medical,1991-01-01,326.82,1016.0,United States,MG,55.0,Cara Losch,East
2BYD4WQ7,Anna Snelling,MG Special,Funholding,Lost,2017-03-20,2017-05-19,0.0,finance,1991-01-01,2819.5,7227.0,United States,MG,55.0,Dustin Brinkmann,Central
HP6DSCMH,Boris Faz,GTX Basic,Kan-code,Won,2017-03-20,2017-06-12,564.0,software,1982-01-01,11698.03,34288.0,United States,GTX,550.0,Rocco Neubert,East
FM4S93O6,Cassey Cress,GTX Plus Pro,Donware,Lost,2017-03-20,2017-05-23,0.0,marketing,1999-01-01,1197.44,2570.0,United States,GTX,5482.0,Rocco Neubert,East
ALHQU8W8,Corliss Cosme,GTX Basic,Plexzap,Engaging,2017-03-20,,,retail,2001-01-01,2437.85,4874.0,United States,GTX,550.0,Cara Losch,East
GGPSSI5Q,Daniell Hammack,MG Advanced,Ganjaflex,Won,2017-03-20,2017-06-02,3780.0,retail,1995-01-01,5158.71,17479.0,Japan,MG,3393.0,Rocco Neubert,East
4D95LU0H,Darcel Schlecht,GTX Basic,dambase,Won,2017-03-20,2017-06-24,491.0,marketing,1995-01-01,2173.98,2928.0,United States,GTX,550.0,Melvin Marxen,Central
KA79LTFF,Darcel Schlecht,GTX Basic,Dontechi,Won,2017-03-20,2017-03-30,604.0,software,1982-01-01,4618.0,10083.0,United States,GTX,550.0,Melvin Marxen,Central
OBBVVO9O,Elease Gluck,GTK 500,Singletechno,Lost,2017-03-20,2017-05-27,0.0,retail,1996-01-01,2214.94,5374.0,United States,GTK,26768.0,Celia Rouche,West
83HX5CIJ,Kami Bicknell,GTX Basic,Sonron,Lost,2017-03-20,2017-03-23,0.0,telecommunications,1999-01-01,1699.85,5108.0,United States,GTX,550.0,Summer Sewald,West
SGV1FR3O,Kami Bicknell,GTX Basic,Cheers,Won,2017-03-20,2017-06-23,568.0,entertainment,1993-01-01,4269.9,6472.0,United States,GTX,550.0,Summer Sewald,West
TJ6U9HZ3,Kary Hendrixson,GTX Basic,Singletechno,Won,2017-03-20,2017-06-24,601.0,retail,1996-01-01,2214.94,5374.0,United States,GTX,550.0,Summer Sewald,West
1N99TLIA,Maureen Marcano,MG Advanced,Blackzim,Lost,2017-03-20,2017-06-02,0.0,retail,2009-01-01,497.11,1588.0,United States,MG,3393.0,Summer Sewald,West
JYE2QFGE,Niesha Huffines,GTX Plus Pro,Genco Pura Olive Oil Company,Won,2017-03-20,2017-05-06,5616.0,retail,2007-01-01,894.33,1635.0,Italy,GTX,5482.0,Melvin Marxen,Central
MIU04JC2,Versie Hillebrand,MG Special,dambase,Lost,2017-03-20,2017-06-21,0.0,marketing,1995-01-01,2173.98,2928.0,United States,MG,55.0,Dustin Brinkmann,Central
VF2OKZY5,Vicki Laflamme,MG Advanced,Scotfind,Lost,2017-03-20,2017-06-12,0.0,software,1996-01-01,6354.87,16780.0,United States,MG,3393.0,Celia Rouche,West
QSBKLWSW,Violet Mclelland,GTX Basic,Opentech,Won,2017-03-20,2017-06-29,542.0,finance,1994-01-01,355.23,853.0,United States,GTX,550.0,Cara Losch,East
0GTJE2VQ,Wilburn Farren,GTX Basic,Gekko & Co,Won,2017-03-20,2017-06-14,497.0,retail,1990-01-01,2520.83,3502.0,United States,GTX,550.0,Cara Losch,East
DDBH2FPP,Anna Snelling,GTX Plus Basic,Rangreen,Won,2017-03-21,2017-06-16,1037.0,technolgy,1987-01-01,2938.67,8775.0,Panama,GTX,1096.0,Dustin Brinkmann,Central
P1SGQODJ,Boris Faz,GTX Plus Basic,Rangreen,Engaging,2017-03-21,,,technolgy,1987-01-01,2938.67,8775.0,Panama,GTX,1096.0,Rocco Neubert,East
N8F2PFQP,Boris Faz,GTX Plus Basic,Betasoloin,Won,2017-03-21,2017-04-03,992.0,medical,1999-01-01,251.41,495.0,United States,GTX,1096.0,Rocco Neubert,East
WELHHO3U,Cecily Lampkin,GTX Plus Basic,Stanredtax,Won,2017-03-21,2017-03-30,966.0,finance,1987-01-01,1698.2,3798.0,United States,GTX,1096.0,Dustin Brinkmann,Central
CUAYGT78,Daniell Hammack,MG Advanced,Zotware,Lost,2017-03-21,2017-06-26,0.0,software,1979-01-01,4478.47,13809.0,United States,MG,3393.0,Rocco Neubert,East
9KDR9PQX,Garret Kinder,GTX Plus Pro,Vehement Capital Partners,Lost,2017-03-21,2017-04-01,0.0,finance,1993-01-01,646.1,883.0,United States,GTX,5482.0,Cara Losch,East
8A5HA974,Jonathan Berthelot,GTX Basic,Warephase,Lost,2017-03-21,2017-04-01,0.0,services,1997-01-01,2041.73,5276.0,United States,GTX,550.0,Melvin Marxen,Central
M1L0IWB6,Jonathan Berthelot,MG Advanced,Ron-tech,Won,2017-03-21,2017-05-11,3232.0,medical,1992-01-01,3922.42,6837.0,United States,MG,3393.0,Melvin Marxen,Central
I2U6MKUT,Reed Clapper,GTX Basic,Ganjaflex,Won,2017-03-21,2017-05-29,548.0,retail,1995-01-01,5158.71,17479.0,Japan,GTX,550.0,Rocco Neubert,East
RK6UFTI8,Wilburn Farren,MG Advanced,Plussunin,Lost,2017-03-21,2017-03-26,0.0,retail,2003-01-01,1419.98,4018.0,United States,MG,3393.0,Cara Losch,East
ECOU1XXZ,Anna Snelling,MG Special,Ron-tech,Won,2017-03-22,2017-05-30,52.0,medical,1992-01-01,3922.42,6837.0,United States,MG,55.0,Dustin Brinkmann,Central
GZCWM6GK,Elease Gluck,MG Special,Statholdings,Engaging,2017-03-22,,,employment,1997-01-01,291.27,586.0,United States,MG,55.0,Celia Rouche,West
U0G8KIPB,Gladys Colclough,MG Special,Codehow,Won,2017-03-22,2017-06-21,49.0,software,1998-01-01,2714.9,2641.0,United States,MG,55.0,Melvin Marxen,Central
2YVVZN5L,Jonathan Berthelot,GTX Plus Basic,Konmatfix,Lost,2017-03-22,2017-05-03,0.0,marketing,1985-01-01,375.43,1190.0,United States,GTX,1096.0,Melvin Marxen,Central
TGW7OYMD,Kami Bicknell,GTX Basic,Kan-code,Won,2017-03-22,2017-06-25,447.0,software,1982-01-01,11698.03,34288.0,United States,GTX,550.0,Summer Sewald,West
XJ9RQU4K,Lajuana Vencill,MG Advanced,Isdom,Won,2017-03-22,2017-06-14,3430.0,medical,2002-01-01,3178.24,4540.0,United States,MG,3393.0,Dustin Brinkmann,Central
4TRMURKI,Niesha Huffines,GTX Basic,Condax,Lost,2017-03-22,2017-06-18,0.0,medical,2017-01-01,4.54,9.0,United States,GTX,550.0,Melvin Marxen,Central
TJXY9DQG,Reed Clapper,MG Advanced,Donquadtech,Won,2017-03-22,2017-06-10,3245.0,technolgy,1992-01-01,1712.68,3194.0,United States,MG,3393.0,Rocco Neubert,East
DV9ZB9KL,Versie Hillebrand,GTX Basic,Bioholding,Lost,2017-03-22,2017-03-27,0.0,medical,2012-01-01,587.34,1356.0,Philipines,GTX,550.0,Dustin Brinkmann,Central
J712QVSG,Versie Hillebrand,MG Special,Ron-tech,Won,2017-03-22,2017-03-26,61.0,medical,1992-01-01,3922.42,6837.0,United States,MG,55.0,Dustin Brinkmann,Central
LCBVIPRA,Vicki Laflamme,MG Special,Golddex,Won,2017-03-22,2017-06-29,60.0,finance,2008-01-01,52.5,165.0,United States,MG,55.0,Celia Rouche,West
88R08IL1,Violet Mclelland,MG Special,Kan-code,Lost,2017-03-22,2017-04-01,0.0,software,1982-01-01,11698.03,34288.0,United States,MG,55.0,Cara Losch,East
WNMF0OHM,Anna Snelling,GTX Plus Pro,dambase,Won,2017-03-23,2017-04-01,5060.0,marketing,1995-01-01,2173.98,2928.0,United States,GTX,5482.0,Dustin Brinkmann,Central
I0D1O3GX,Boris Faz,GTX Basic,Xx-zobam,Lost,2017-03-23,2017-04-01,0.0,entertainment,1989-01-01,3838.39,8274.0,United States,GTX,550.0,Rocco Neubert,East
PO158L29,Cassey Cress,GTX Basic,Blackzim,Engaging,2017-03-23,,,retail,2009-01-01,497.11,1588.0,United States,GTX,550.0,Rocco Neubert,East
7LNGJB3S,Cassey Cress,GTX Basic,Kan-code,Won,2017-03-23,2017-04-01,585.0,software,1982-01-01,11698.03,34288.0,United States,GTX,550.0,Rocco Neubert,East
1VCAS7FL,Lajuana Vencill,MG Special,Condax,Lost,2017-03-23,2017-04-05,0.0,medical,2017-01-01,4.54,9.0,United States,MG,55.0,Dustin Brinkmann,Central
G2TASA8C,Lajuana Vencill,MG Special,Dontechi,Lost,2017-03-23,2017-06-15,0.0,software,1982-01-01,4618.0,10083.0,United States,MG,55.0,Dustin Brinkmann,Central
CRW2CCMB,Markita Hansen,GTX Basic,Nam-zim,Won,2017-03-23,2017-06-05,572.0,services,1987-01-01,405.59,1179.0,Brazil,GTX,550.0,Celia Rouche,West
7FER10E1,Markita Hansen,MG Special,Golddex,Won,2017-03-23,2017-06-08,54.0,finance,2008-01-01,52.5,165.0,United States,MG,55.0,Celia Rouche,West
K96NUCWR,Moses Frase,GTX Basic,Dontechi,Lost,2017-03-23,2017-04-01,0.0,software,1982-01-01,4618.0,10083.0,United States,GTX,550.0,Dustin Brinkmann,Central
SE609QTE,Versie Hillebrand,MG Special,Stanredtax,Won,2017-03-23,2017-05-05,60.0,finance,1987-01-01,1698.2,3798.0,United States,MG,55.0,Dustin Brinkmann,Central
CT9XECID,Versie Hillebrand,MG Advanced,Zumgoity,Won,2017-03-23,2017-04-01,3251.0,medical,1984-01-01,441.08,1210.0,United States,MG,3393.0,Dustin Brinkmann,Central
SUO8VZQ8,Vicki Laflamme,GTX Plus Pro,Lexiqvolax,Won,2017-03-23,2017-06-14,5930.0,medical,2004-01-01,1618.89,3889.0,United States,GTX,5482.0,Celia Rouche,West
9LX9MAPU,Violet Mclelland,GTX Plus Basic,Mathtouch,Won,2017-03-23,2017-04-01,941.0,marketing,1984-01-01,3027.46,9516.0,Jordan,GTX,1096.0,Cara Losch,East
PHP5V833,Anna Snelling,GTX Basic,Cancity,Lost,2017-03-24,2017-05-18,0.0,retail,2001-01-01,718.62,2448.0,United States,GTX,550.0,Dustin Brinkmann,Central
7XEB6TFB,Anna Snelling,MG Special,Scottech,Won,2017-03-24,2017-06-06,56.0,marketing,2012-01-01,45.39,100.0,United States,MG,55.0,Dustin Brinkmann,Central
KV9LW061,Anna Snelling,MG Advanced,Codehow,Won,2017-03-24,2017-04-04,3445.0,software,1998-01-01,2714.9,2641.0,United States,MG,3393.0,Dustin Brinkmann,Central
QIHWKCFK,Cassey Cress,MG Advanced,Singletechno,Engaging,2017-03-24,,,retail,1996-01-01,2214.94,5374.0,United States,MG,3393.0,Rocco Neubert,East
8RZ1A49O,Cecily Lampkin,MG Special,Bioholding,Won,2017-03-24,2017-03-31,54.0,medical,2012-01-01,587.34,1356.0,Philipines,MG,55.0,Dustin Brinkmann,Central
V4EKF9RF,Corliss Cosme,MG Advanced,Mathtouch,Won,2017-03-24,2017-03-31,3498.0,marketing,1984-01-01,3027.46,9516.0,Jordan,MG,3393.0,Cara Losch,East
VJ1EK4A3,Daniell Hammack,GTX Basic,Vehement Capital Partners,Won,2017-03-24,2017-04-02,540.0,finance,1993-01-01,646.1,883.0,United States,GTX,550.0,Rocco Neubert,East
KIJB458K,Darcel Schlecht,GTX Plus Pro,Toughzap,Lost,2017-03-24,2017-04-03,0.0,retail,1995-01-01,332.43,799.0,United States,GTX,5482.0,Melvin Marxen,Central
8PHJ7N4E,Darcel Schlecht,GTX Plus Pro,Domzoom,Won,2017-03-24,2017-05-15,5214.0,entertainment,1998-01-01,217.87,551.0,United States,GTX,5482.0,Melvin Marxen,Central
9X5HUUJ5,James Ascencio,GTX Plus Basic,Kan-code,Lost,2017-03-24,2017-04-02,0.0,software,1982-01-01,11698.03,34288.0,United States,GTX,1096.0,Summer Sewald,West
21S1ETXM,Kary Hendrixson,GTX Plus Basic,Scotfind,Lost,2017-03-24,2017-04-03,0.0,software,1996-01-01,6354.87,16780.0,United States,GTX,1096.0,Summer Sewald,West
54JFGNXN,Lajuana Vencill,GTX Basic,Cancity,Won,2017-03-24,2017-05-27,648.0,retail,2001-01-01,718.62,2448.0,United States,GTX,550.0,Dustin Brinkmann,Central
WLXPA3LB,Lajuana Vencill,MG Advanced,Dontechi,Won,2017-03-24,2017-06-30,3040.0,software,1982-01-01,4618.0,10083.0,United States,MG,3393.0,Dustin Brinkmann,Central
3WQMBMSN,Marty Freudenburg,GTX Plus Basic,Treequote,Won,2017-03-24,2017-06-30,1185.0,telecommunications,1988-01-01,5266.09,8595.0,United States,GTX,1096.0,Melvin Marxen,Central
XIKWT7HM,Marty Freudenburg,MG Special,Finhigh,Won,2017-03-24,2017-03-26,48.0,finance,2006-01-01,1102.43,1759.0,United States,MG,55.0,Melvin Marxen,Central
J9QQVBQX,Maureen Marcano,GTX Plus Basic,J-Texon,Lost,2017-03-24,2017-04-01,0.0,retail,1989-01-01,1388.67,3583.0,United States,GTX,1096.0,Summer Sewald,West
I51MJ7PP,Maureen Marcano,GTX Plus Basic,Cheers,Won,2017-03-24,2017-06-30,1021.0,entertainment,1993-01-01,4269.9,6472.0,United States,GTX,1096.0,Summer Sewald,West
V690FQG4,Maureen Marcano,GTX Plus Basic,Scotfind,Won,2017-03-24,2017-05-26,1264.0,software,1996-01-01,6354.87,16780.0,United States,GTX,1096.0,Summer Sewald,West
OSB9S3PI,Moses Frase,MG Special,Zumgoity,Lost,2017-03-24,2017-05-23,0.0,medical,1984-01-01,441.08,1210.0,United States,MG,55.0,Dustin Brinkmann,Central
JWRSTAU8,Moses Frase,GTX Basic,Ron-tech,Won,2017-03-24,2017-06-12,503.0,medical,1992-01-01,3922.42,6837.0,United States,GTX,550.0,Dustin Brinkmann,Central
8SEGAAT7,Versie Hillebrand,GTX Plus Basic,Inity,Lost,2017-03-24,2017-04-03,0.0,marketing,1986-01-01,2403.58,8801.0,United States,GTX,1096.0,Dustin Brinkmann,Central
4L36DJTM,Versie Hillebrand,MG Special,Rangreen,Won,2017-03-24,2017-04-02,52.0,technolgy,1987-01-01,2938.67,8775.0,Panama,MG,55.0,Dustin Brinkmann,Central
7Z3S4XV9,Vicki Laflamme,GTX Basic,Konex,Lost,2017-03-24,2017-04-03,0.0,technolgy,1980-01-01,7708.38,13756.0,United States,GTX,550.0,Celia Rouche,West
SQOW8W0G,Violet Mclelland,GTX Basic,Initech,Lost,2017-03-24,2017-05-05,0.0,telecommunications,1994-01-01,6395.05,20275.0,United States,GTX,550.0,Cara Losch,East
W3LGBNI2,Violet Mclelland,MG Special,Gekko & Co,Lost,2017-03-24,2017-04-06,0.0,retail,1990-01-01,2520.83,3502.0,United States,MG,55.0,Cara Losch,East
J2B3UZXA,Violet Mclelland,GTX Basic,Gekko & Co,Won,2017-03-24,2017-03-26,499.0,retail,1990-01-01,2520.83,3502.0,United States,GTX,550.0,Cara Losch,East
KZKMLY96,Zane Levy,GTX Plus Basic,Condax,Won,2017-03-24,2017-03-29,1159.0,medical,2017-01-01,4.54,9.0,United States,GTX,1096.0,Summer Sewald,West
9BGKQZ3H,Anna Snelling,MG Special,Domzoom,Lost,2017-03-25,2017-04-03,0.0,entertainment,1998-01-01,217.87,551.0,United States,MG,55.0,Dustin Brinkmann,Central
H6NJKV4F,Boris Faz,GTX Plus Pro,Betasoloin,Won,2017-03-25,2017-05-20,5479.0,medical,1999-01-01,251.41,495.0,United States,GTX,5482.0,Rocco Neubert,East
RX3F3VIU,Darcel Schlecht,MG Special,Hottechi,Lost,2017-03-25,2017-04-02,0.0,technolgy,1997-01-01,8170.38,16499.0,Korea,MG,55.0,Melvin Marxen,Central
R5I9AAFG,Elease Gluck,MG Special,Fasehatice,Lost,2017-03-25,2017-05-25,0.0,retail,1990-01-01,4968.91,7523.0,United States,MG,55.0,Celia Rouche,West
JQ3HJFNA,Garret Kinder,GTX Plus Basic,Initech,Won,2017-03-25,2017-03-28,1026.0,telecommunications,1994-01-01,6395.05,20275.0,United States,GTX,1096.0,Cara Losch,East
XCC1C1GG,Gladys Colclough,GTX Basic,Stanredtax,Won,2017-03-25,2017-04-03,503.0,finance,1987-01-01,1698.2,3798.0,United States,GTX,550.0,Melvin Marxen,Central
WI1HQSIS,Gladys Colclough,GTX Plus Basic,Streethex,Won,2017-03-25,2017-06-14,1144.0,retail,1988-01-01,1376.8,1165.0,Belgium,GTX,1096.0,Melvin Marxen,Central
LCTI4CFV,Gladys Colclough,MG Special,Genco Pura Olive Oil Company,Won,2017-03-25,2017-06-16,55.0,retail,2007-01-01,894.33,1635.0,Italy,MG,55.0,Melvin Marxen,Central
8GMDSXYY,Markita Hansen,MG Advanced,Kan-code,Won,2017-03-25,2017-04-06,3181.0,software,1982-01-01,11698.03,34288.0,United States,MG,3393.0,Celia Rouche,West
QLTDWAEM,Marty Freudenburg,MG Special,Scottech,Won,2017-03-25,2017-06-19,54.0,marketing,2012-01-01,45.39,100.0,United States,MG,55.0,Melvin Marxen,Central
EBTJPEEY,Niesha Huffines,GTX Basic,Streethex,Won,2017-03-25,2017-05-31,571.0,retail,1988-01-01,1376.8,1165.0,Belgium,GTX,550.0,Melvin Marxen,Central
9DBMY3OF,Vicki Laflamme,GTX Basic,Kan-code,Lost,2017-03-25,2017-04-04,0.0,software,1982-01-01,11698.03,34288.0,United States,GTX,550.0,Celia Rouche,West
HRV9DSYF,Vicki Laflamme,GTX Basic,Blackzim,Won,2017-03-25,2017-04-03,545.0,retail,2009-01-01,497.11,1588.0,United States,GTX,550.0,Celia Rouche,West
MNC7Q3JJ,Vicki Laflamme,GTX Basic,Labdrill,Won,2017-03-25,2017-06-21,554.0,medical,1985-01-01,2741.37,9226.0,United States,GTX,550.0,Celia Rouche,West
TJ03NDNX,Violet Mclelland,MG Advanced,Iselectrics,Engaging,2017-03-25,,,technolgy,2011-01-01,527.11,1428.0,United States,MG,3393.0,Cara Losch,East
E3WWC6FJ,Violet Mclelland,MG Special,Yearin,Won,2017-03-25,2017-04-02,68.0,retail,2005-01-01,2261.05,3851.0,United States,MG,55.0,Cara Losch,East
QKKZQJ46,Violet Mclelland,MG Special,Zencorporation,Won,2017-03-25,2017-06-16,52.0,technolgy,2011-01-01,40.79,142.0,China,MG,55.0,Cara Losch,East
VRYR5A81,Wilburn Farren,GTX Basic,Finhigh,Engaging,2017-03-25,,,finance,2006-01-01,1102.43,1759.0,United States,GTX,550.0,Cara Losch,East
M52B4VC5,Anna Snelling,MG Special,Globex Corporation,Lost,2017-03-26,2017-04-04,0.0,technolgy,2000-01-01,1223.72,2497.0,Norway,MG,55.0,Dustin Brinkmann,Central
Z72Y3C3C,Anna Snelling,MG Special,Dontechi,Won,2017-03-26,2017-04-04,54.0,software,1982-01-01,4618.0,10083.0,United States,MG,55.0,Dustin Brinkmann,Central
FQPPZ9NQ,Cassey Cress,MG Advanced,Donware,Won,2017-03-26,2017-05-25,3822.0,marketing,1999-01-01,1197.44,2570.0,United States,MG,3393.0,Rocco Neubert,East
DUHS8KVY,Daniell Hammack,GTX Plus Basic,The New York Inquirer,Won,2017-03-26,2017-04-05,971.0,medical,1996-01-01,439.21,792.0,United States,GTX,1096.0,Rocco Neubert,East
M72CT8RN,Daniell Hammack,GTX Plus Pro,Donware,Won,2017-03-26,2017-04-05,6024.0,marketing,1999-01-01,1197.44,2570.0,United States,GTX,5482.0,Rocco Neubert,East
3ZILMRQK,Donn Cantrell,GTX Plus Pro,Kinnamplus,Lost,2017-03-26,2017-05-28,0.0,retail,2004-01-01,702.72,1831.0,United States,GTX,5482.0,Rocco Neubert,East
72HZ4LDT,Garret Kinder,MG Advanced,Ganjaflex,Won,2017-03-26,2017-04-02,2940.0,retail,1995-01-01,5158.71,17479.0,Japan,MG,3393.0,Cara Losch,East
4X3LNCWH,Hayden Neloms,MG Special,Doncon,Won,2017-03-26,2017-04-04,49.0,technolgy,2010-01-01,587.72,1501.0,United States,MG,55.0,Celia Rouche,West
CMPFB2PS,Jonathan Berthelot,GTX Basic,Conecom,Lost,2017-03-26,2017-04-02,0.0,technolgy,2005-01-01,1520.66,1806.0,United States,GTX,550.0,Melvin Marxen,Central
61HW4ELT,Kami Bicknell,GTX Plus Basic,Finjob,Lost,2017-03-26,2017-05-31,0.0,employment,1988-01-01,2059.9,3644.0,United States,GTX,1096.0,Summer Sewald,West
F481S8G3,Kami Bicknell,GTX Basic,J-Texon,Won,2017-03-26,2017-05-22,545.0,retail,1989-01-01,1388.67,3583.0,United States,GTX,550.0,Summer Sewald,West
5G4I94TF,Kary Hendrixson,GTX Plus Pro,Statholdings,Engaging,2017-03-26,,,employment,1997-01-01,291.27,586.0,United States,GTX,5482.0,Summer Sewald,West
677XNEFB,Markita Hansen,MG Special,Y-corporation,Won,2017-03-26,2017-06-18,58.0,employment,1983-01-01,2871.35,9561.0,United States,MG,55.0,Celia Rouche,West
7L0S5EON,Marty Freudenburg,MG Advanced,Streethex,Lost,2017-03-26,2017-04-03,0.0,retail,1988-01-01,1376.8,1165.0,Belgium,MG,3393.0,Melvin Marxen,Central
YE6R6I1K,Reed Clapper,MG Advanced,Umbrella Corporation,Won,2017-03-26,2017-05-29,2880.0,finance,1998-01-01,2022.14,5113.0,United States,MG,3393.0,Rocco Neubert,East
JXUXBANJ,Rosalina Dieter,GTK 500,Y-corporation,Won,2017-03-26,2017-04-05,25288.0,employment,1983-01-01,2871.35,9561.0,United States,GTK,26768.0,Celia Rouche,West
UWPUJESS,Versie Hillebrand,MG Special,Hottechi,Lost,2017-03-26,2017-05-25,0.0,technolgy,1997-01-01,8170.38,16499.0,Korea,MG,55.0,Dustin Brinkmann,Central
HSTXUOVW,Vicki Laflamme,MG Special,Hatfan,Lost,2017-03-26,2017-05-06,0.0,services,1982-01-01,792.46,1299.0,United States,MG,55.0,Celia Rouche,West
2ZT298DY,Zane Levy,GTX Basic,Goodsilron,Lost,2017-03-26,2017-04-04,0.0,marketing,2000-01-01,2952.73,5107.0,United States,GTX,550.0,Summer Sewald,West
Z769EPTS,Zane Levy,GTX Basic,Hottechi,Lost,2017-03-26,2017-05-14,0.0,technolgy,1997-01-01,8170.38,16499.0,Korea,GTX,550.0,Summer Sewald,West
GOIVV4OG,Cecily Lampkin,MG Advanced,Zumgoity,Won,2017-03-27,2017-05-29,3267.0,medical,1984-01-01,441.08,1210.0,United States,MG,3393.0,Dustin Brinkmann,Central
CJOU1RYX,Daniell Hammack,GTX Plus Pro,Betasoloin,Won,2017-03-27,2017-06-09,5182.0,medical,1999-01-01,251.41,495.0,United States,GTX,5482.0,Rocco Neubert,East
0RNYAI6O,Darcel Schlecht,MG Special,Statholdings,Lost,2017-03-27,2017-04-07,0.0,employment,1997-01-01,291.27,586.0,United States,MG,55.0,Melvin Marxen,Central
2QQD7411,James Ascencio,GTX Basic,Y-corporation,Won,2017-03-27,2017-05-25,540.0,employment,1983-01-01,2871.35,9561.0,United States,GTX,550.0,Summer Sewald,West
XR57MBVC,James Ascencio,MG Advanced,Finjob,Won,2017-03-27,2017-05-01,3492.0,employment,1988-01-01,2059.9,3644.0,United States,MG,3393.0,Summer Sewald,West
8BY9YRL9,Jonathan Berthelot,GTX Plus Pro,dambase,Won,2017-03-27,2017-06-26,5991.0,marketing,1995-01-01,2173.98,2928.0,United States,GTX,5482.0,Melvin Marxen,Central
7PWQUE7O,Markita Hansen,GTX Basic,Lexiqvolax,Lost,2017-03-27,2017-04-02,0.0,medical,2004-01-01,1618.89,3889.0,United States,GTX,550.0,Celia Rouche,West
ELCQKUQU,Markita Hansen,MG Advanced,Konex,Lost,2017-03-27,2017-04-06,0.0,technolgy,1980-01-01,7708.38,13756.0,United States,MG,3393.0,Celia Rouche,West
MJBD6V39,Moses Frase,MG Special,Conecom,Lost,2017-03-27,2017-05-01,0.0,technolgy,2005-01-01,1520.66,1806.0,United States,MG,55.0,Dustin Brinkmann,Central
GQQ01OO5,Reed Clapper,GTX Plus Pro,Zotware,Lost,2017-03-27,2017-05-15,0.0,software,1979-01-01,4478.47,13809.0,United States,GTX,5482.0,Rocco Neubert,East
U8XA7JCO,Versie Hillebrand,MG Special,dambase,Won,2017-03-27,2017-06-28,49.0,marketing,1995-01-01,2173.98,2928.0,United States,MG,55.0,Dustin Brinkmann,Central
0QPZIIPF,Vicki Laflamme,GTX Plus Basic,Donware,Engaging,2017-03-27,,,marketing,1999-01-01,1197.44,2570.0,United States,GTX,1096.0,Celia Rouche,West
2GR73FEV,Zane Levy,GTX Plus Basic,Fasehatice,Lost,2017-03-27,2017-04-03,0.0,retail,1990-01-01,4968.91,7523.0,United States,GTX,1096.0,Summer Sewald,West
AV4ZPXE3,Zane Levy,MG Advanced,Doncon,Won,2017-03-27,2017-04-03,4253.0,technolgy,2010-01-01,587.72,1501.0,United States,MG,3393.0,Summer Sewald,West
X8QV83G1,Anna Snelling,MG Special,Codehow,Lost,2017-03-28,2017-04-08,0.0,software,1998-01-01,2714.9,2641.0,United States,MG,55.0,Dustin Brinkmann,Central
T1ZYZ70B,Anna Snelling,MG Special,Codehow,Lost,2017-03-28,2017-06-08,0.0,software,1998-01-01,2714.9,2641.0,United States,MG,55.0,Dustin Brinkmann,Central
RO6QLRCX,Cassey Cress,GTX Basic,Plussunin,Won,2017-03-28,2017-05-30,422.0,retail,2003-01-01,1419.98,4018.0,United States,GTX,550.0,Rocco Neubert,East
6FT804V9,Cecily Lampkin,GTX Basic,Hottechi,Lost,2017-03-28,2017-04-06,0.0,technolgy,1997-01-01,8170.38,16499.0,Korea,GTX,550.0,Dustin Brinkmann,Central
SKTAI2GS,Cecily Lampkin,GTX Plus Basic,Codehow,Won,2017-03-28,2017-04-08,1056.0,software,1998-01-01,2714.9,2641.0,United States,GTX,1096.0,Dustin Brinkmann,Central
3OLESA9M,Darcel Schlecht,MG Advanced,Inity,Lost,2017-03-28,2017-04-03,0.0,marketing,1986-01-01,2403.58,8801.0,United States,MG,3393.0,Melvin Marxen,Central
3O7PIS8O,Darcel Schlecht,MG Advanced,Warephase,Won,2017-03-28,2017-04-09,3665.0,services,1997-01-01,2041.73,5276.0,United States,MG,3393.0,Melvin Marxen,Central
LOMFB71Q,Gladys Colclough,MG Special,Finhigh,Lost,2017-03-28,2017-04-03,0.0,finance,2006-01-01,1102.43,1759.0,United States,MG,55.0,Melvin Marxen,Central
C334XDK8,Hayden Neloms,MG Special,Goodsilron,Won,2017-03-28,2017-04-08,58.0,marketing,2000-01-01,2952.73,5107.0,United States,MG,55.0,Celia Rouche,West
R707GGNA,James Ascencio,GTX Plus Pro,Y-corporation,Won,2017-03-28,2017-06-26,7356.0,employment,1983-01-01,2871.35,9561.0,United States,GTX,5482.0,Summer Sewald,West
UWZ7DFKY,Lajuana Vencill,MG Special,Condax,Won,2017-03-28,2017-06-06,55.0,medical,2017-01-01,4.54,9.0,United States,MG,55.0,Dustin Brinkmann,Central
7SH51ME1,Markita Hansen,MG Advanced,Zoomit,Won,2017-03-28,2017-06-27,3738.0,entertainment,1992-01-01,324.19,978.0,United States,MG,3393.0,Celia Rouche,West
DFFEQ87N,Maureen Marcano,MG Special,Scottech,Engaging,2017-03-28,,,marketing,2012-01-01,45.39,100.0,United States,MG,55.0,Summer Sewald,West
QPH1YUAN,Maureen Marcano,GTX Basic,Hottechi,Lost,2017-03-28,2017-04-04,0.0,technolgy,1997-01-01,8170.38,16499.0,Korea,GTX,550.0,Summer Sewald,West
7PV7V1RP,Maureen Marcano,MG Advanced,Labdrill,Lost,2017-03-28,2017-05-26,0.0,medical,1985-01-01,2741.37,9226.0,United States,MG,3393.0,Summer Sewald,West
C2WEF4XH,Maureen Marcano,GTX Plus Basic,Y-corporation,Won,2017-03-28,2017-05-15,888.0,employment,1983-01-01,2871.35,9561.0,United States,GTX,1096.0,Summer Sewald,West
5G645WYV,Moses Frase,GTX Plus Pro,Bioholding,Won,2017-03-28,2017-04-07,5447.0,medical,2012-01-01,587.34,1356.0,Philipines,GTX,5482.0,Dustin Brinkmann,Central
5M3Z5DS4,Niesha Huffines,GTX Plus Pro,Globex Corporation,Won,2017-03-28,2017-04-05,5972.0,technolgy,2000-01-01,1223.72,2497.0,Norway,GTX,5482.0,Melvin Marxen,Central
M5E8U8HP,Rosie Papadopoulos,MG Advanced,Xx-zobam,Won,2017-03-28,2017-05-29,3395.0,entertainment,1989-01-01,3838.39,8274.0,United States,MG,3393.0,Cara Losch,East
9VEB4KWV,Violet Mclelland,MG Special,Bioplex,Lost,2017-03-28,2017-04-07,0.0,medical,1991-01-01,326.82,1016.0,United States,MG,55.0,Cara Losch,East
9S7VQ79A,Zane Levy,GTX Plus Basic,Goodsilron,Won,2017-03-28,2017-03-30,1084.0,marketing,2000-01-01,2952.73,5107.0,United States,GTX,1096.0,Summer Sewald,West
1MQFYGEE,Cecily Lampkin,MG Advanced,Inity,Won,2017-03-29,2017-06-03,3670.0,marketing,1986-01-01,2403.58,8801.0,United States,MG,3393.0,Dustin Brinkmann,Central
4G10PCOZ,Daniell Hammack,GTX Plus Basic,Initech,Lost,2017-03-29,2017-04-02,0.0,telecommunications,1994-01-01,6395.05,20275.0,United States,GTX,1096.0,Rocco Neubert,East
DLZYL69K,Daniell Hammack,GTX Plus Pro,Gekko & Co,Won,2017-03-29,2017-06-02,5304.0,retail,1990-01-01,2520.83,3502.0,United States,GTX,5482.0,Rocco Neubert,East
KYQ50DTU,Darcel Schlecht,GTX Plus Pro,Treequote,Lost,2017-03-29,2017-04-06,0.0,telecommunications,1988-01-01,5266.09,8595.0,United States,GTX,5482.0,Melvin Marxen,Central
7ASDRLM5,Donn Cantrell,GTX Basic,Acme Corporation,Won,2017-03-29,2017-05-11,549.0,technolgy,1996-01-01,1100.04,2822.0,United States,GTX,550.0,Rocco Neubert,East
UWK0KA56,Gladys Colclough,MG Advanced,Stanredtax,Lost,2017-03-29,2017-04-05,0.0,finance,1987-01-01,1698.2,3798.0,United States,MG,3393.0,Melvin Marxen,Central
CCVCBR83,Jonathan Berthelot,GTX Basic,Hottechi,Won,2017-03-29,2017-04-05,553.0,technolgy,1997-01-01,8170.38,16499.0,Korea,GTX,550.0,Melvin Marxen,Central
SV2VJ3VH,Kami Bicknell,GTX Plus Basic,Plexzap,Lost,2017-03-29,2017-05-05,0.0,retail,2001-01-01,2437.85,4874.0,United States,GTX,1096.0,Summer Sewald,West
ASL3FJZP,Kami Bicknell,MG Advanced,Faxquote,Won,2017-03-29,2017-04-07,3523.0,telecommunications,1995-01-01,1825.82,5595.0,United States,MG,3393.0,Summer Sewald,West
0S4K915N,Kary Hendrixson,GTX Basic,Konex,Lost,2017-03-29,2017-05-20,0.0,technolgy,1980-01-01,7708.38,13756.0,United States,GTX,550.0,Summer Sewald,West
8IJOC37Z,Kary Hendrixson,GTX Basic,Hottechi,Won,2017-03-29,2017-06-28,424.0,technolgy,1997-01-01,8170.38,16499.0,Korea,GTX,550.0,Summer Sewald,West
28BIO7F9,Marty Freudenburg,GTX Basic,Konmatfix,Won,2017-03-29,2017-06-02,490.0,marketing,1985-01-01,375.43,1190.0,United States,GTX,550.0,Melvin Marxen,Central
9ZDFLOKA,Maureen Marcano,MG Special,Green-Plus,Won,2017-03-29,2017-04-07,48.0,services,2003-01-01,692.19,1922.0,United States,MG,55.0,Summer Sewald,West
8FXUNDUS,Moses Frase,MG Advanced,Hottechi,Won,2017-03-29,2017-05-26,3982.0,technolgy,1997-01-01,8170.38,16499.0,Korea,MG,3393.0,Dustin Brinkmann,Central
MLC5KY2R,Rosalina Dieter,MG Advanced,Finjob,Lost,2017-03-29,2017-06-11,0.0,employment,1988-01-01,2059.9,3644.0,United States,MG,3393.0,Celia Rouche,West
98YPUABG,Vicki Laflamme,GTX Plus Pro,Sonron,Lost,2017-03-29,2017-04-06,0.0,telecommunications,1999-01-01,1699.85,5108.0,United States,GTX,5482.0,Celia Rouche,West
181X64EU,Vicki Laflamme,GTX Plus Basic,Goodsilron,Won,2017-03-29,2017-04-09,1176.0,marketing,2000-01-01,2952.73,5107.0,United States,GTX,1096.0,Celia Rouche,West
XLKL4EI0,Wilburn Farren,GTX Basic,Betasoloin,Lost,2017-03-29,2017-04-10,0.0,medical,1999-01-01,251.41,495.0,United States,GTX,550.0,Cara Losch,East
5RUF6451,Wilburn Farren,GTX Basic,Kinnamplus,Won,2017-03-29,2017-04-04,589.0,retail,2004-01-01,702.72,1831.0,United States,GTX,550.0,Cara Losch,East
G67668KN,Zane Levy,GTX Plus Pro,Singletechno,Lost,2017-03-29,2017-05-16,0.0,retail,1996-01-01,2214.94,5374.0,United States,GTX,5482.0,Summer Sewald,West
4SAUJMOI,Boris Faz,GTX Basic,Vehement Capital Partners,Lost,2017-03-30,2017-04-01,0.0,finance,1993-01-01,646.1,883.0,United States,GTX,550.0,Rocco Neubert,East
B2H3P25L,Boris Faz,GTX Plus Pro,Xx-zobam,Lost,2017-03-30,2017-04-07,0.0,entertainment,1989-01-01,3838.39,8274.0,United States,GTX,5482.0,Rocco Neubert,East
ZIZXHX09,Cassey Cress,MG Advanced,Silis,Won,2017-03-30,2017-04-07,3390.0,medical,1994-01-01,2818.38,6290.0,United States,MG,3393.0,Rocco Neubert,East
70GGNRPB,Cecily Lampkin,GTX Basic,Bioholding,Lost,2017-03-30,2017-04-11,0.0,medical,2012-01-01,587.34,1356.0,Philipines,GTX,550.0,Dustin Brinkmann,Central
0VYX8TN3,Cecily Lampkin,MG Special,dambase,Lost,2017-03-30,2017-04-09,0.0,marketing,1995-01-01,2173.98,2928.0,United States,MG,55.0,Dustin Brinkmann,Central
JPJ3A9T8,Cecily Lampkin,GTX Basic,Dontechi,Won,2017-03-30,2017-05-19,541.0,software,1982-01-01,4618.0,10083.0,United States,GTX,550.0,Dustin Brinkmann,Central
1A86ZD0B,Corliss Cosme,GTX Plus Pro,Ganjaflex,Won,2017-03-30,2017-06-26,5189.0,retail,1995-01-01,5158.71,17479.0,Japan,GTX,5482.0,Cara Losch,East
OFQCCQ6I,Daniell Hammack,GTX Plus Pro,Xx-zobam,Won,2017-03-30,2017-06-23,6920.0,entertainment,1989-01-01,3838.39,8274.0,United States,GTX,5482.0,Rocco Neubert,East
3Z2BQVQ7,Darcel Schlecht,GTX Basic,Condax,Lost,2017-03-30,2017-04-01,0.0,medical,2017-01-01,4.54,9.0,United States,GTX,550.0,Melvin Marxen,Central
57FO8KSQ,Darcel Schlecht,GTX Plus Basic,Isdom,Lost,2017-03-30,2017-04-07,0.0,medical,2002-01-01,3178.24,4540.0,United States,GTX,1096.0,Melvin Marxen,Central
3VQOFPW7,Darcel Schlecht,MG Advanced,Globex Corporation,Lost,2017-03-30,2017-05-17,0.0,technolgy,2000-01-01,1223.72,2497.0,Norway,MG,3393.0,Melvin Marxen,Central
HMKFBTYR,Darcel Schlecht,GTX Basic,Bioholding,Won,2017-03-30,2017-06-20,600.0,medical,2012-01-01,587.34,1356.0,Philipines,GTX,550.0,Melvin Marxen,Central
RMO3I92N,Donn Cantrell,GTX Plus Basic,Bubba Gump,Lost,2017-03-30,2017-04-11,0.0,software,2002-01-01,987.39,2253.0,United States,GTX,1096.0,Rocco Neubert,East
OUR875IK,Donn Cantrell,GTX Basic,Xx-zobam,Won,2017-03-30,2017-04-06,564.0,entertainment,1989-01-01,3838.39,8274.0,United States,GTX,550.0,Rocco Neubert,East
LUFY70BU,Elease Gluck,GTK 500,Goodsilron,Lost,2017-03-30,2017-04-04,0.0,marketing,2000-01-01,2952.73,5107.0,United States,GTK,26768.0,Celia Rouche,West
1OUHMFJV,Garret Kinder,GTX Plus Basic,Zathunicon,Won,2017-03-30,2017-05-31,1037.0,retail,2010-01-01,71.12,144.0,United States,GTX,1096.0,Cara Losch,East
GMNQUFQZ,Kami Bicknell,GTX Basic,Hottechi,Won,2017-03-30,2017-04-01,500.0,technolgy,1997-01-01,8170.38,16499.0,Korea,GTX,550.0,Summer Sewald,West
YWF7W7H8,Lajuana Vencill,GTX Plus Pro,Hottechi,Won,2017-03-30,2017-04-07,5728.0,technolgy,1997-01-01,8170.38,16499.0,Korea,GTX,5482.0,Dustin Brinkmann,Central
120BESB3,Markita Hansen,MG Advanced,Kan-code,Lost,2017-03-30,2017-04-09,0.0,software,1982-01-01,11698.03,34288.0,United States,MG,3393.0,Celia Rouche,West
8TXOC3S3,Moses Frase,MG Advanced,Scottech,Lost,2017-03-30,2017-04-11,0.0,marketing,2012-01-01,45.39,100.0,United States,MG,3393.0,Dustin Brinkmann,Central
N55VF08D,Moses Frase,MG Special,Finhigh,Won,2017-03-30,2017-05-20,54.0,finance,2006-01-01,1102.43,1759.0,United States,MG,55.0,Dustin Brinkmann,Central
265SZR01,Rosalina Dieter,GTX Basic,Xx-holding,Won,2017-03-30,2017-06-19,501.0,finance,1993-01-01,7537.24,20293.0,United States,GTX,550.0,Celia Rouche,West
NFMCPYOV,Rosie Papadopoulos,GTX Basic,Finjob,Engaging,2017-03-30,,,employment,1988-01-01,2059.9,3644.0,United States,GTX,550.0,Cara Losch,East
NKO2JRRS,Rosie Papadopoulos,GTX Plus Pro,Umbrella Corporation,Won,2017-03-30,2017-04-08,6155.0,finance,1998-01-01,2022.14,5113.0,United States,GTX,5482.0,Cara Losch,East
WW3NDCO2,Rosie Papadopoulos,GTX Plus Pro,Zathunicon,Won,2017-03-30,2017-04-08,4668.0,retail,2010-01-01,71.12,144.0,United States,GTX,5482.0,Cara Losch,East
DGPI60HG,Versie Hillebrand,GTX Plus Pro,Zumgoity,Won,2017-03-30,2017-06-09,5017.0,medical,1984-01-01,441.08,1210.0,United States,GTX,5482.0,Dustin Brinkmann,Central
06DUY829,Versie Hillebrand,MG Special,Ron-tech,Won,2017-03-30,2017-04-08,59.0,medical,1992-01-01,3922.42,6837.0,United States,MG,55.0,Dustin Brinkmann,Central
PLM5WEY4,Vicki Laflamme,MG Advanced,Plexzap,Won,2017-03-30,2017-04-06,3316.0,retail,2001-01-01,2437.85,4874.0,United States,MG,3393.0,Celia Rouche,West
Z9QZKUV5,Zane Levy,GTX Basic,Zumgoity,Engaging,2017-03-30,,,medical,1984-01-01,441.08,1210.0,United States,GTX,550.0,Summer Sewald,West
EWQVZB85,Zane Levy,GTX Plus Pro,Plexzap,Won,2017-03-30,2017-04-10,6227.0,retail,2001-01-01,2437.85,4874.0,United States,GTX,5482.0,Summer Sewald,West
SFFFNT6B,Anna Snelling,MG Special,Treequote,Lost,2017-03-31,2017-04-07,0.0,telecommunications,1988-01-01,5266.09,8595.0,United States,MG,55.0,Dustin Brinkmann,Central
99AAJPQN,Anna Snelling,MG Special,Condax,Won,2017-03-31,2017-06-15,58.0,medical,2017-01-01,4.54,9.0,United States,MG,55.0,Dustin Brinkmann,Central
JW2FHT1G,Anna Snelling,MG Advanced,dambase,Won,2017-03-31,2017-04-08,3626.0,marketing,1995-01-01,2173.98,2928.0,United States,MG,3393.0,Dustin Brinkmann,Central
08KE6ZQN,Boris Faz,MG Advanced,Vehement Capital Partners,Won,2017-03-31,2017-04-01,2819.0,finance,1993-01-01,646.1,883.0,United States,MG,3393.0,Rocco Neubert,East
T0VJ4AMX,Corliss Cosme,GTX Basic,Green-Plus,Engaging,2017-03-31,,,services,2003-01-01,692.19,1922.0,United States,GTX,550.0,Cara Losch,East
WLS5J30E,Elease Gluck,MG Special,Inity,Engaging,2017-03-31,,,marketing,1986-01-01,2403.58,8801.0,United States,MG,55.0,Celia Rouche,West
F52YEFJ8,Gladys Colclough,GTX Plus Pro,Globex Corporation,Lost,2017-03-31,2017-04-02,0.0,technolgy,2000-01-01,1223.72,2497.0,Norway,GTX,5482.0,Melvin Marxen,Central
OZDJFUHH,Hayden Neloms,GTX Plus Basic,Fasehatice,Won,2017-03-31,2017-04-09,901.0,retail,1990-01-01,4968.91,7523.0,United States,GTX,1096.0,Celia Rouche,West
BUPUP2TV,Hayden Neloms,MG Advanced,Doncon,Won,2017-03-31,2017-06-04,3438.0,technolgy,2010-01-01,587.72,1501.0,United States,MG,3393.0,Celia Rouche,West
HTQO5XIW,James Ascencio,GTX Basic,Faxquote,Won,2017-03-31,2017-04-08,589.0,telecommunications,1995-01-01,1825.82,5595.0,United States,GTX,550.0,Summer Sewald,West
XCBKZWDX,Kami Bicknell,MG Special,Plusstrip,Lost,2017-03-31,2017-06-20,0.0,entertainment,2002-01-01,349.81,315.0,United States,MG,55.0,Summer Sewald,West
9LZICBEV,Kary Hendrixson,MG Advanced,Hottechi,Lost,2017-03-31,2017-04-01,0.0,technolgy,1997-01-01,8170.38,16499.0,Korea,MG,3393.0,Summer Sewald,West
YAKIMBKC,Kary Hendrixson,GTX Basic,Konex,Won,2017-03-31,2017-04-02,609.0,technolgy,1980-01-01,7708.38,13756.0,United States,GTX,550.0,Summer Sewald,West
FHU2WQ2K,Kary Hendrixson,MG Special,Goodsilron,Won,2017-03-31,2017-04-01,55.0,marketing,2000-01-01,2952.73,5107.0,United States,MG,55.0,Summer Sewald,West
VF651O1V,Markita Hansen,MG Special,Fasehatice,Lost,2017-03-31,2017-04-12,0.0,retail,1990-01-01,4968.91,7523.0,United States,MG,55.0,Celia Rouche,West
ISHAZTWG,Maureen Marcano,GTX Plus Basic,Green-Plus,Lost,2017-03-31,2017-04-12,0.0,services,2003-01-01,692.19,1922.0,United States,GTX,1096.0,Summer Sewald,West
0XIPT9AX,Maureen Marcano,GTX Plus Pro,Condax,Won,2017-03-31,2017-04-10,5637.0,medical,2017-01-01,4.54,9.0,United States,GTX,5482.0,Summer Sewald,West
UURLD9W8,Maureen Marcano,GTX Plus Pro,Plexzap,Won,2017-03-31,2017-04-11,5793.0,retail,2001-01-01,2437.85,4874.0,United States,GTX,5482.0,Summer Sewald,West
Y975VCYM,Reed Clapper,MG Special,Massive Dynamic,Lost,2017-03-31,2017-04-12,0.0,entertainment,1989-01-01,665.06,1095.0,United States,MG,55.0,Rocco Neubert,East
OPYWK3XE,Rosalina Dieter,GTX Basic,J-Texon,Lost,2017-03-31,2017-04-05,0.0,retail,1989-01-01,1388.67,3583.0,United States,GTX,550.0,Celia Rouche,West
2VTBUOXA,Rosalina Dieter,MG Advanced,Dalttechnology,Lost,2017-03-31,2017-05-30,0.0,software,2013-01-01,98.79,96.0,United States,MG,3393.0,Celia Rouche,West
6YEF304L,Rosalina Dieter,GTX Basic,Hottechi,Won,2017-03-31,2017-04-07,520.0,technolgy,1997-01-01,8170.38,16499.0,Korea,GTX,550.0,Celia Rouche,West
6AALZVSE,Rosalina Dieter,MG Advanced,Finjob,Won,2017-03-31,2017-04-02,4080.0,employment,1988-01-01,2059.9,3644.0,United States,MG,3393.0,Celia Rouche,West
JF9CTPPZ,Versie Hillebrand,GTX Basic,Inity,Won,2017-03-31,2017-06-30,526.0,marketing,1986-01-01,2403.58,8801.0,United States,GTX,550.0,Dustin Brinkmann,Central
LAH7932Y,Versie Hillebrand,MG Special,Scottech,Won,2017-03-31,2017-05-17,57.0,marketing,2012-01-01,45.39,100.0,United States,MG,55.0,Dustin Brinkmann,Central
CLOSEH5L,Vicki Laflamme,MG Advanced,Xx-holding,Lost,2017-03-31,2017-04-09,0.0,finance,1993-01-01,7537.24,20293.0,United States,MG,3393.0,Celia Rouche,West
ZT6XPQR0,Vicki Laflamme,MG Special,Y-corporation,Won,2017-03-31,2017-06-28,54.0,employment,1983-01-01,2871.35,9561.0,United States,MG,55.0,Celia Rouche,West
MUHI7FIM,Vicki Laflamme,MG Advanced,Sunnamplex,Won,2017-03-31,2017-04-12,3367.0,marketing,2008-01-01,894.37,1593.0,Poland,MG,3393.0,Celia Rouche,West
1WSLRC69,Zane Levy,GTX Basic,Dalttechnology,Won,2017-03-31,2017-04-06,430.0,software,2013-01-01,98.79,96.0,United States,GTX,550.0,Summer Sewald,West
ZZJ4I52J,Anna Snelling,GTX Basic,Hottechi,Won,2017-04-01,2017-05-05,518.0,technolgy,1997-01-01,8170.38,16499.0,Korea,GTX,550.0,Dustin Brinkmann,Central
IGVGV1O5,Boris Faz,GTX Plus Basic,Umbrella Corporation,Lost,2017-04-01,2017-04-12,0.0,finance,1998-01-01,2022.14,5113.0,United States,GTX,1096.0,Rocco Neubert,East
O5OCDKVH,Corliss Cosme,GTX Plus Basic,Zotware,Lost,2017-04-01,2017-04-11,0.0,software,1979-01-01,4478.47,13809.0,United States,GTX,1096.0,Cara Losch,East
T4NRIY5R,Darcel Schlecht,GTX Plus Pro,Bioholding,Won,2017-04-01,2017-04-08,5798.0,medical,2012-01-01,587.34,1356.0,Philipines,GTX,5482.0,Melvin Marxen,Central
MCR8YCCY,Darcel Schlecht,MG Advanced,Genco Pura Olive Oil Company,Won,2017-04-01,2017-06-17,3228.0,retail,2007-01-01,894.33,1635.0,Italy,MG,3393.0,Melvin Marxen,Central
N4PVP6C0,Donn Cantrell,GTX Basic,Initech,Lost,2017-04-01,2017-04-03,0.0,telecommunications,1994-01-01,6395.05,20275.0,United States,GTX,550.0,Rocco Neubert,East
8INCUUGJ,Elease Gluck,GTX Basic,Plexzap,Won,2017-04-01,2017-06-22,452.0,retail,2001-01-01,2437.85,4874.0,United States,GTX,550.0,Celia Rouche,West
CKSNW8DU,Gladys Colclough,GTX Plus Basic,Condax,Lost,2017-04-01,2017-04-11,0.0,medical,2017-01-01,4.54,9.0,United States,GTX,1096.0,Melvin Marxen,Central
JFB4WY8C,Jonathan Berthelot,GTX Basic,Dontechi,Won,2017-04-01,2017-04-08,565.0,software,1982-01-01,4618.0,10083.0,United States,GTX,550.0,Melvin Marxen,Central
BP7JRV1O,Jonathan Berthelot,GTX Plus Basic,Warephase,Won,2017-04-01,2017-06-05,1184.0,services,1997-01-01,2041.73,5276.0,United States,GTX,1096.0,Melvin Marxen,Central
OREPAY0O,Kami Bicknell,GTX Plus Basic,Hatfan,Won,2017-04-01,2017-06-22,1150.0,services,1982-01-01,792.46,1299.0,United States,GTX,1096.0,Summer Sewald,West
YLK0MRJ3,Kary Hendrixson,GTX Basic,Iselectrics,Engaging,2017-04-01,,,technolgy,2011-01-01,527.11,1428.0,United States,GTX,550.0,Summer Sewald,West
XBSZ29VJ,Kary Hendrixson,GTX Plus Basic,Singletechno,Won,2017-04-01,2017-05-24,1110.0,retail,1996-01-01,2214.94,5374.0,United States,GTX,1096.0,Summer Sewald,West
8BRN98H6,Lajuana Vencill,MG Advanced,Zumgoity,Lost,2017-04-01,2017-04-10,0.0,medical,1984-01-01,441.08,1210.0,United States,MG,3393.0,Dustin Brinkmann,Central
VZS17M7X,Markita Hansen,MG Advanced,J-Texon,Won,2017-04-01,2017-04-06,3817.0,retail,1989-01-01,1388.67,3583.0,United States,MG,3393.0,Celia Rouche,West
49USIHDH,Marty Freudenburg,MG Advanced,Rundofase,Lost,2017-04-01,2017-04-10,0.0,technolgy,1983-01-01,1008.06,1238.0,United States,MG,3393.0,Melvin Marxen,Central
A89TBOY5,Moses Frase,MG Advanced,Bioholding,Lost,2017-04-01,2017-04-06,0.0,medical,2012-01-01,587.34,1356.0,Philipines,MG,3393.0,Dustin Brinkmann,Central
26XU4887,Niesha Huffines,GTX Basic,Hottechi,Won,2017-04-01,2017-04-10,531.0,technolgy,1997-01-01,8170.38,16499.0,Korea,GTX,550.0,Melvin Marxen,Central
QQTQFG9A,Reed Clapper,GTX Plus Pro,The New York Inquirer,Lost,2017-04-01,2017-04-04,0.0,medical,1996-01-01,439.21,792.0,United States,GTX,5482.0,Rocco Neubert,East
7O00H1TC,Reed Clapper,MG Advanced,Ontomedia,Lost,2017-04-01,2017-04-02,0.0,employment,1997-01-01,882.12,2769.0,United States,MG,3393.0,Rocco Neubert,East
LGTIXQ46,Rosalina Dieter,MG Special,Blackzim,Won,2017-04-01,2017-04-07,51.0,retail,2009-01-01,497.11,1588.0,United States,MG,55.0,Celia Rouche,West
H6I16U57,Rosie Papadopoulos,MG Advanced,Sunnamplex,Engaging,2017-04-01,,,marketing,2008-01-01,894.37,1593.0,Poland,MG,3393.0,Cara Losch,East
IXBUR07V,Versie Hillebrand,MG Advanced,Genco Pura Olive Oil Company,Lost,2017-04-01,2017-04-13,0.0,retail,2007-01-01,894.33,1635.0,Italy,MG,3393.0,Dustin Brinkmann,Central
B6UWHOD4,Versie Hillebrand,MG Special,Stanredtax,Won,2017-04-01,2017-04-02,60.0,finance,1987-01-01,1698.2,3798.0,United States,MG,55.0,Dustin Brinkmann,Central
4DUMR5WD,Wilburn Farren,GTX Plus Pro,Zotware,Lost,2017-04-01,2017-04-09,0.0,software,1979-01-01,4478.47,13809.0,United States,GTX,5482.0,Cara Losch,East
AW3L4BTT,Zane Levy,GTX Plus Basic,Hottechi,Lost,2017-04-01,2017-04-02,0.0,technolgy,1997-01-01,8170.38,16499.0,Korea,GTX,1096.0,Summer Sewald,West
7RI58VF7,Anna Snelling,GTX Basic,Streethex,Won,2017-04-02,2017-06-20,460.0,retail,1988-01-01,1376.8,1165.0,Belgium,GTX,550.0,Dustin Brinkmann,Central
R15SXOZA,Boris Faz,GTX Plus Basic,Iselectrics,Lost,2017-04-02,2017-06-24,0.0,technolgy,2011-01-01,527.11,1428.0,United States,GTX,1096.0,Rocco Neubert,East
H00Y9555,Cecily Lampkin,MG Advanced,Domzoom,Won,2017-04-02,2017-04-10,3343.0,entertainment,1998-01-01,217.87,551.0,United States,MG,3393.0,Dustin Brinkmann,Central
RJYMI03Q,Corliss Cosme,GTX Plus Pro,Xx-zobam,Won,2017-04-02,2017-05-28,5125.0,entertainment,1989-01-01,3838.39,8274.0,United States,GTX,5482.0,Cara Losch,East
5PJJCTJ9,Darcel Schlecht,MG Advanced,Bioholding,Won,2017-04-02,2017-04-11,3263.0,medical,2012-01-01,587.34,1356.0,Philipines,MG,3393.0,Melvin Marxen,Central
J60KKQ4B,Elease Gluck,GTX Plus Basic,Fasehatice,Won,2017-04-02,2017-04-08,976.0,retail,1990-01-01,4968.91,7523.0,United States,GTX,1096.0,Celia Rouche,West
4KIZ9WJ0,Gladys Colclough,GTX Plus Basic,Conecom,Lost,2017-04-02,2017-04-03,0.0,technolgy,2005-01-01,1520.66,1806.0,United States,GTX,1096.0,Melvin Marxen,Central
6RQCLF28,Gladys Colclough,GTX Basic,Codehow,Won,2017-04-02,2017-04-11,507.0,software,1998-01-01,2714.9,2641.0,United States,GTX,550.0,Melvin Marxen,Central
T8WC5X1B,James Ascencio,GTX Basic,Konex,Lost,2017-04-02,2017-04-14,0.0,technolgy,1980-01-01,7708.38,13756.0,United States,GTX,550.0,Summer Sewald,West
0J21WQH1,Kami Bicknell,GTX Plus Basic,Fasehatice,Lost,2017-04-02,2017-04-14,0.0,retail,1990-01-01,4968.91,7523.0,United States,GTX,1096.0,Summer Sewald,West
N88UFF5K,Kary Hendrixson,GTX Basic,Labdrill,Lost,2017-04-02,2017-04-03,0.0,medical,1985-01-01,2741.37,9226.0,United States,GTX,550.0,Summer Sewald,West
OV08QE7X,Kary Hendrixson,GTX Basic,Cheers,Won,2017-04-02,2017-04-10,488.0,entertainment,1993-01-01,4269.9,6472.0,United States,GTX,550.0,Summer Sewald,West
WJLJIWYS,Kary Hendrixson,GTX Basic,Rantouch,Won,2017-04-02,2017-05-20,605.0,telecommunications,1994-01-01,1188.42,3015.0,United States,GTX,550.0,Summer Sewald,West
QJ25CASO,Markita Hansen,GTX Plus Pro,Xx-holding,Lost,2017-04-02,2017-05-15,0.0,finance,1993-01-01,7537.24,20293.0,United States,GTX,5482.0,Celia Rouche,West
GJQXUDI3,Marty Freudenburg,GTX Plus Basic,Funholding,Won,2017-04-02,2017-04-11,949.0,finance,1991-01-01,2819.5,7227.0,United States,GTX,1096.0,Melvin Marxen,Central
OOGOZGGV,Maureen Marcano,GTX Plus Basic,Faxquote,Won,2017-04-02,2017-04-04,882.0,telecommunications,1995-01-01,1825.82,5595.0,United States,GTX,1096.0,Summer Sewald,West
C9XJ9KHD,Maureen Marcano,GTX Plus Basic,Goodsilron,Won,2017-04-02,2017-06-22,1096.0,marketing,2000-01-01,2952.73,5107.0,United States,GTX,1096.0,Summer Sewald,West
IWAKTMEB,Reed Clapper,GTX Basic,Donware,Lost,2017-04-02,2017-04-10,0.0,marketing,1999-01-01,1197.44,2570.0,United States,GTX,550.0,Rocco Neubert,East
AKT5EF0X,Reed Clapper,GTX Basic,Donware,Won,2017-04-02,2017-08-04,572.0,marketing,1999-01-01,1197.44,2570.0,United States,GTX,550.0,Rocco Neubert,East
89064N0X,Rosie Papadopoulos,MG Advanced,Bluth Company,Lost,2017-04-02,2017-04-07,0.0,technolgy,1993-01-01,1242.32,3027.0,United States,MG,3393.0,Cara Losch,East
TBJ99S41,Versie Hillebrand,MG Special,Konmatfix,Lost,2017-04-02,2017-04-12,0.0,marketing,1985-01-01,375.43,1190.0,United States,MG,55.0,Dustin Brinkmann,Central
QWLH0WD8,Zane Levy,GTX Plus Basic,Hottechi,Won,2017-04-02,2017-06-13,1214.0,technolgy,1997-01-01,8170.38,16499.0,Korea,GTX,1096.0,Summer Sewald,West
4AHNCJ2Y,Anna Snelling,GTX Basic,Rangreen,Won,2017-04-03,2017-06-27,524.0,technolgy,1987-01-01,2938.67,8775.0,Panama,GTX,550.0,Dustin Brinkmann,Central
JK75NQBD,Cassey Cress,GTX Plus Basic,Bubba Gump,Won,2017-04-03,2017-05-20,997.0,software,2002-01-01,987.39,2253.0,United States,GTX,1096.0,Rocco Neubert,East
U1BDEL90,Corliss Cosme,MG Advanced,Betasoloin,Won,2017-04-03,2017-04-10,2794.0,medical,1999-01-01,251.41,495.0,United States,MG,3393.0,Cara Losch,East
A9C9YCSN,Darcel Schlecht,MG Special,Rangreen,Won,2017-04-03,2017-04-09,53.0,technolgy,1987-01-01,2938.67,8775.0,Panama,MG,55.0,Melvin Marxen,Central
524GC3WL,Darcel Schlecht,MG Advanced,Globex Corporation,Won,2017-04-03,2017-04-13,3141.0,technolgy,2000-01-01,1223.72,2497.0,Norway,MG,3393.0,Melvin Marxen,Central
T4ZW6SS4,Donn Cantrell,MG Special,Silis,Lost,2017-04-03,2017-04-15,0.0,medical,1994-01-01,2818.38,6290.0,United States,MG,55.0,Rocco Neubert,East
FH4VP5CL,Donn Cantrell,GTX Plus Basic,Bioplex,Won,2017-04-03,2017-06-26,1109.0,medical,1991-01-01,326.82,1016.0,United States,GTX,1096.0,Rocco Neubert,East
K9MMOXUC,Donn Cantrell,GTX Plus Pro,Iselectrics,Won,2017-04-03,2017-04-14,5691.0,technolgy,2011-01-01,527.11,1428.0,United States,GTX,5482.0,Rocco Neubert,East
LV5SEMZQ,Elease Gluck,MG Special,Nam-zim,Won,2017-04-03,2017-04-07,52.0,services,1987-01-01,405.59,1179.0,Brazil,MG,55.0,Celia Rouche,West
50B2JN7F,Gladys Colclough,MG Special,Hottechi,Lost,2017-04-03,2017-04-10,0.0,technolgy,1997-01-01,8170.38,16499.0,Korea,MG,55.0,Melvin Marxen,Central
JXS3KFKM,Gladys Colclough,GTX Basic,Betatech,Won,2017-04-03,2017-04-05,532.0,medical,1986-01-01,647.18,1185.0,Kenya,GTX,550.0,Melvin Marxen,Central
UH3P961U,James Ascencio,GTX Basic,Goodsilron,Lost,2017-04-03,2017-04-04,0.0,marketing,2000-01-01,2952.73,5107.0,United States,GTX,550.0,Summer Sewald,West
YTL8VNGT,Kami Bicknell,GTX Basic,J-Texon,Won,2017-04-03,2017-04-12,565.0,retail,1989-01-01,1388.67,3583.0,United States,GTX,550.0,Summer Sewald,West
BL4SKUCN,Lajuana Vencill,GTX Basic,Ron-tech,Lost,2017-04-03,2017-04-11,0.0,medical,1992-01-01,3922.42,6837.0,United States,GTX,550.0,Dustin Brinkmann,Central
8TRT2HNF,Markita Hansen,GTX Basic,Green-Plus,Engaging,2017-04-03,,,services,2003-01-01,692.19,1922.0,United States,GTX,550.0,Celia Rouche,West
ZLN48IIP,Markita Hansen,GTX Basic,Iselectrics,Engaging,2017-04-03,,,technolgy,2011-01-01,527.11,1428.0,United States,GTX,550.0,Celia Rouche,West
UTZDDOU7,Versie Hillebrand,MG Special,Conecom,Lost,2017-04-03,2017-04-14,0.0,technolgy,2005-01-01,1520.66,1806.0,United States,MG,55.0,Dustin Brinkmann,Central
2ZXKC707,Vicki Laflamme,MG Advanced,Cheers,Lost,2017-04-03,2017-04-11,0.0,entertainment,1993-01-01,4269.9,6472.0,United States,MG,3393.0,Celia Rouche,West
VNCFE4LQ,Vicki Laflamme,GTX Basic,J-Texon,Won,2017-04-03,2017-04-15,456.0,retail,1989-01-01,1388.67,3583.0,United States,GTX,550.0,Celia Rouche,West
28QWFYSP,Wilburn Farren,MG Special,Bluth Company,Lost,2017-04-03,2017-04-05,0.0,technolgy,1993-01-01,1242.32,3027.0,United States,MG,55.0,Cara Losch,East
VIV0OXU6,Anna Snelling,GTX Basic,Domzoom,Won,2017-04-04,2017-04-11,582.0,entertainment,1998-01-01,217.87,551.0,United States,GTX,550.0,Dustin Brinkmann,Central
KVF0HK8S,Anna Snelling,MG Special,Domzoom,Won,2017-04-04,2017-04-12,59.0,entertainment,1998-01-01,217.87,551.0,United States,MG,55.0,Dustin Brinkmann,Central
JLT2LLR3,Boris Faz,MG Advanced,Donquadtech,Won,2017-04-04,2017-04-09,3259.0,technolgy,1992-01-01,1712.68,3194.0,United States,MG,3393.0,Rocco Neubert,East
2LF1TSPZ,Corliss Cosme,GTX Basic,Ganjaflex,Lost,2017-04-04,2017-05-10,0.0,retail,1995-01-01,5158.71,17479.0,Japan,GTX,550.0,Cara Losch,East
FBJHTF91,Corliss Cosme,GTX Plus Basic,Kan-code,Lost,2017-04-04,2017-04-11,0.0,software,1982-01-01,11698.03,34288.0,United States,GTX,1096.0,Cara Losch,East
Z50GQV8I,Corliss Cosme,GTX Basic,Vehement Capital Partners,Won,2017-04-04,2017-04-11,593.0,finance,1993-01-01,646.1,883.0,United States,GTX,550.0,Cara Losch,East
ZE1ZKD7Q,Darcel Schlecht,MG Special,Statholdings,Lost,2017-04-04,2017-04-12,0.0,employment,1997-01-01,291.27,586.0,United States,MG,55.0,Melvin Marxen,Central
Y9XOOWHS,Darcel Schlecht,MG Advanced,Finhigh,Won,2017-04-04,2017-06-18,3031.0,finance,2006-01-01,1102.43,1759.0,United States,MG,3393.0,Melvin Marxen,Central
62R8ERQ0,Elease Gluck,MG Special,Green-Plus,Lost,2017-04-04,2017-04-10,0.0,services,2003-01-01,692.19,1922.0,United States,MG,55.0,Celia Rouche,West
HYCELUAD,Garret Kinder,GTX Plus Pro,Ontomedia,Won,2017-04-04,2017-06-20,5946.0,employment,1997-01-01,882.12,2769.0,United States,GTX,5482.0,Cara Losch,East
MJZP9WYC,Hayden Neloms,GTX Plus Basic,Golddex,Lost,2017-04-04,2017-04-08,0.0,finance,2008-01-01,52.5,165.0,United States,GTX,1096.0,Celia Rouche,West
JNYS6BIJ,James Ascencio,GTX Plus Pro,Labdrill,Lost,2017-04-04,2017-04-11,0.0,medical,1985-01-01,2741.37,9226.0,United States,GTX,5482.0,Summer Sewald,West
DIWC1AHU,Jonathan Berthelot,GTX Plus Pro,Finhigh,Lost,2017-04-04,2017-04-06,0.0,finance,2006-01-01,1102.43,1759.0,United States,GTX,5482.0,Melvin Marxen,Central
DRFUPEOU,Kary Hendrixson,GTX Plus Pro,Blackzim,Lost,2017-04-04,2017-05-10,0.0,retail,2009-01-01,497.11,1588.0,United States,GTX,5482.0,Summer Sewald,West
I19TOSXS,Lajuana Vencill,GTX Basic,Treequote,Lost,2017-04-04,2017-04-06,0.0,telecommunications,1988-01-01,5266.09,8595.0,United States,GTX,550.0,Dustin Brinkmann,Central
DWO4HD34,Lajuana Vencill,MG Advanced,Isdom,Lost,2017-04-04,2017-04-15,0.0,medical,2002-01-01,3178.24,4540.0,United States,MG,3393.0,Dustin Brinkmann,Central
4YH4JR1Q,Lajuana Vencill,MG Special,Funholding,Won,2017-04-04,2017-05-31,50.0,finance,1991-01-01,2819.5,7227.0,United States,MG,55.0,Dustin Brinkmann,Central
NUA0OE6Z,Markita Hansen,GTX Basic,Goodsilron,Won,2017-04-04,2017-06-03,605.0,marketing,2000-01-01,2952.73,5107.0,United States,GTX,550.0,Celia Rouche,West
GDOHDB6U,Markita Hansen,MG Special,Scotfind,Won,2017-04-04,2017-04-08,57.0,software,1996-01-01,6354.87,16780.0,United States,MG,55.0,Celia Rouche,West
I58DG1XE,Markita Hansen,MG Advanced,Cheers,Won,2017-04-04,2017-06-10,2882.0,entertainment,1993-01-01,4269.9,6472.0,United States,MG,3393.0,Celia Rouche,West
YA3O04NX,Marty Freudenburg,MG Advanced,Gogozoom,Won,2017-04-04,2017-06-05,3011.0,telecommunications,2007-01-01,86.68,187.0,United States,MG,3393.0,Melvin Marxen,Central
C2X9D7JO,Maureen Marcano,GTX Plus Basic,Rantouch,Won,2017-04-04,2017-04-11,1181.0,telecommunications,1994-01-01,1188.42,3015.0,United States,GTX,1096.0,Summer Sewald,West
SBLP2LJB,Niesha Huffines,GTX Plus Basic,Betatech,Won,2017-04-04,2017-06-11,1067.0,medical,1986-01-01,647.18,1185.0,Kenya,GTX,1096.0,Melvin Marxen,Central
3CWKBXEN,Reed Clapper,GTX Basic,Donquadtech,Lost,2017-04-04,2017-04-13,0.0,technolgy,1992-01-01,1712.68,3194.0,United States,GTX,550.0,Rocco Neubert,East
ZG82F4GH,Reed Clapper,GTX Basic,Initech,Lost,2017-04-04,2017-04-09,0.0,telecommunications,1994-01-01,6395.05,20275.0,United States,GTX,550.0,Rocco Neubert,East
64KS4KGN,Versie Hillebrand,MG Special,Isdom,Won,2017-04-04,2017-04-06,54.0,medical,2002-01-01,3178.24,4540.0,United States,MG,55.0,Dustin Brinkmann,Central
637HKAFD,Zane Levy,GTX Basic,Plexzap,Won,2017-04-04,2017-06-29,564.0,retail,2001-01-01,2437.85,4874.0,United States,GTX,550.0,Summer Sewald,West
U9E3G8UT,Anna Snelling,GTX Plus Basic,Conecom,Lost,2017-04-05,2017-04-06,0.0,technolgy,2005-01-01,1520.66,1806.0,United States,GTX,1096.0,Dustin Brinkmann,Central
FB1AO8SL,Anna Snelling,MG Special,Betatech,Won,2017-04-05,2017-04-14,57.0,medical,1986-01-01,647.18,1185.0,Kenya,MG,55.0,Dustin Brinkmann,Central
LOAYKUEO,Cecily Lampkin,GTX Plus Pro,Treequote,Lost,2017-04-05,2017-04-10,0.0,telecommunications,1988-01-01,5266.09,8595.0,United States,GTX,5482.0,Dustin Brinkmann,Central
EM4XNIPW,Corliss Cosme,GTX Basic,Silis,Lost,2017-04-05,2017-04-07,0.0,medical,1994-01-01,2818.38,6290.0,United States,GTX,550.0,Cara Losch,East
E6WG7J0I,Corliss Cosme,GTX Plus Basic,Bubba Gump,Won,2017-04-05,2017-04-10,1083.0,software,2002-01-01,987.39,2253.0,United States,GTX,1096.0,Cara Losch,East
RSXFS096,Donn Cantrell,GTX Basic,Zencorporation,Lost,2017-04-05,2017-08-07,0.0,technolgy,2011-01-01,40.79,142.0,China,GTX,550.0,Rocco Neubert,East
N58V2ML8,Donn Cantrell,MG Special,Plussunin,Won,2017-04-05,2017-04-14,50.0,retail,2003-01-01,1419.98,4018.0,United States,MG,55.0,Rocco Neubert,East
SFI9TVH3,Gladys Colclough,MG Advanced,Hottechi,Lost,2017-04-05,2017-04-07,0.0,technolgy,1997-01-01,8170.38,16499.0,Korea,MG,3393.0,Melvin Marxen,Central
0G65AQVC,James Ascencio,GTX Basic,Kan-code,Lost,2017-04-05,2017-05-30,0.0,software,1982-01-01,11698.03,34288.0,United States,GTX,550.0,Summer Sewald,West
XEP9GSSY,Jonathan Berthelot,GTX Basic,dambase,Lost,2017-04-05,2017-08-07,0.0,marketing,1995-01-01,2173.98,2928.0,United States,GTX,550.0,Melvin Marxen,Central
0000I7AO,Jonathan Berthelot,GTX Basic,Rangreen,Won,2017-04-05,2017-05-12,505.0,technolgy,1987-01-01,2938.67,8775.0,Panama,GTX,550.0,Melvin Marxen,Central
P9SDPJJO,Kary Hendrixson,GTX Basic,Green-Plus,Won,2017-04-05,2017-04-06,450.0,services,2003-01-01,692.19,1922.0,United States,GTX,550.0,Summer Sewald,West
NW6OPA4M,Kary Hendrixson,GTX Plus Pro,Blackzim,Won,2017-04-05,2017-05-21,4983.0,retail,2009-01-01,497.11,1588.0,United States,GTX,5482.0,Summer Sewald,West
ZZQB2NPD,Lajuana Vencill,GTX Plus Basic,Ron-tech,Won,2017-04-05,2017-06-19,1140.0,medical,1992-01-01,3922.42,6837.0,United States,GTX,1096.0,Dustin Brinkmann,Central
KG5JIU81,Markita Hansen,GTX Plus Basic,Faxquote,Lost,2017-04-05,2017-04-07,0.0,telecommunications,1995-01-01,1825.82,5595.0,United States,GTX,1096.0,Celia Rouche,West
4XGA0K6N,Markita Hansen,MG Advanced,J-Texon,Won,2017-04-05,2017-06-22,3188.0,retail,1989-01-01,1388.67,3583.0,United States,MG,3393.0,Celia Rouche,West
MV1LBCP5,Reed Clapper,GTX Basic,Silis,Lost,2017-04-05,2017-04-06,0.0,medical,1994-01-01,2818.38,6290.0,United States,GTX,550.0,Rocco Neubert,East
UIFIWKNI,Reed Clapper,GTX Plus Basic,Xx-zobam,Won,2017-04-05,2017-08-02,1091.0,entertainment,1989-01-01,3838.39,8274.0,United States,GTX,1096.0,Rocco Neubert,East
MBGVOGCY,Reed Clapper,GTX Plus Pro,Bioplex,Won,2017-04-05,2017-04-12,5095.0,medical,1991-01-01,326.82,1016.0,United States,GTX,5482.0,Rocco Neubert,East
2WQ5FUPR,Reed Clapper,MG Special,Condax,Won,2017-04-05,2017-08-02,51.0,medical,2017-01-01,4.54,9.0,United States,MG,55.0,Rocco Neubert,East
DA6LGJ66,Rosalina Dieter,MG Special,Green-Plus,Won,2017-04-05,2017-06-19,62.0,services,2003-01-01,692.19,1922.0,United States,MG,55.0,Celia Rouche,West
OJSYLHMZ,Vicki Laflamme,GTX Basic,Zoomit,Won,2017-04-05,2017-06-28,550.0,entertainment,1992-01-01,324.19,978.0,United States,GTX,550.0,Celia Rouche,West
QO6CI3P4,Violet Mclelland,MG Special,Gekko & Co,Won,2017-04-05,2017-04-07,45.0,retail,1990-01-01,2520.83,3502.0,United States,MG,55.0,Cara Losch,East
HJP5X1MT,Anna Snelling,GTX Basic,Dontechi,Won,2017-04-06,2017-06-09,527.0,software,1982-01-01,4618.0,10083.0,United States,GTX,550.0,Dustin Brinkmann,Central
JO4MF90Q,Cassey Cress,GTX Basic,Kinnamplus,Lost,2017-04-06,2017-04-15,0.0,retail,2004-01-01,702.72,1831.0,United States,GTX,550.0,Rocco Neubert,East
RX95UPUC,Cassey Cress,GTX Plus Basic,Xx-zobam,Lost,2017-04-06,2017-05-30,0.0,entertainment,1989-01-01,3838.39,8274.0,United States,GTX,1096.0,Rocco Neubert,East
0SMQAD34,Darcel Schlecht,MG Advanced,Domzoom,Lost,2017-04-06,2017-04-08,0.0,entertainment,1998-01-01,217.87,551.0,United States,MG,3393.0,Melvin Marxen,Central
THMEDL51,Darcel Schlecht,MG Special,Rundofase,Won,2017-04-06,2017-04-14,64.0,technolgy,1983-01-01,1008.06,1238.0,United States,MG,55.0,Melvin Marxen,Central
94B4785B,Donn Cantrell,MG Advanced,Plussunin,Won,2017-04-06,2017-04-15,3655.0,retail,2003-01-01,1419.98,4018.0,United States,MG,3393.0,Rocco Neubert,East
SLN6HHLD,Gladys Colclough,MG Special,Bioholding,Lost,2017-04-06,2017-04-16,0.0,medical,2012-01-01,587.34,1356.0,Philipines,MG,55.0,Melvin Marxen,Central
MU3PM8ON,Gladys Colclough,MG Advanced,Rundofase,Lost,2017-04-06,2017-04-13,0.0,technolgy,1983-01-01,1008.06,1238.0,United States,MG,3393.0,Melvin Marxen,Central
E6GVZ30Q,James Ascencio,GTX Basic,Finjob,Won,2017-04-06,2017-05-21,561.0,employment,1988-01-01,2059.9,3644.0,United States,GTX,550.0,Summer Sewald,West
QVWM8LUB,Kary Hendrixson,GTX Basic,Hatfan,Lost,2017-04-06,2017-08-06,0.0,services,1982-01-01,792.46,1299.0,United States,GTX,550.0,Summer Sewald,West
7C2HU8OC,Kary Hendrixson,GTX Plus Basic,Faxquote,Lost,2017-04-06,2017-04-16,0.0,telecommunications,1995-01-01,1825.82,5595.0,United States,GTX,1096.0,Summer Sewald,West
74P8ZFDD,Kary Hendrixson,GTX Plus Pro,Plexzap,Won,2017-04-06,2017-04-07,6154.0,retail,2001-01-01,2437.85,4874.0,United States,GTX,5482.0,Summer Sewald,West
RSAGMF10,Lajuana Vencill,GTX Basic,Streethex,Lost,2017-04-06,2017-04-14,0.0,retail,1988-01-01,1376.8,1165.0,Belgium,GTX,550.0,Dustin Brinkmann,Central
3N6VGWVS,Lajuana Vencill,MG Special,Gogozoom,Won,2017-04-06,2017-05-30,61.0,telecommunications,2007-01-01,86.68,187.0,United States,MG,55.0,Dustin Brinkmann,Central
KG61YJ92,Moses Frase,GTX Basic,Warephase,Won,2017-04-06,2017-06-24,575.0,services,1997-01-01,2041.73,5276.0,United States,GTX,550.0,Dustin Brinkmann,Central
Z4A1R9CJ,Moses Frase,GTX Plus Basic,Finhigh,Won,2017-04-06,2017-05-22,1147.0,finance,2006-01-01,1102.43,1759.0,United States,GTX,1096.0,Dustin Brinkmann,Central
I6ZWBDU6,Moses Frase,MG Advanced,Funholding,Won,2017-04-06,2017-06-12,3161.0,finance,1991-01-01,2819.5,7227.0,United States,MG,3393.0,Dustin Brinkmann,Central
3DB2J8UR,Niesha Huffines,GTX Basic,Isdom,Lost,2017-04-06,2017-04-16,0.0,medical,2002-01-01,3178.24,4540.0,United States,GTX,550.0,Melvin Marxen,Central
6ER2KL7X,Vicki Laflamme,MG Advanced,Condax,Lost,2017-04-06,2017-04-14,0.0,medical,2017-01-01,4.54,9.0,United States,MG,3393.0,Celia Rouche,West
CBTC7BHL,Vicki Laflamme,GTX Basic,Scotfind,Won,2017-04-06,2017-05-04,525.0,software,1996-01-01,6354.87,16780.0,United States,GTX,550.0,Celia Rouche,West
X9BUD48V,Anna Snelling,GTX Basic,Warephase,Won,2017-04-07,2017-04-08,596.0,services,1997-01-01,2041.73,5276.0,United States,GTX,550.0,Dustin Brinkmann,Central
TQLJOZBP,Boris Faz,MG Special,Zotware,Won,2017-04-07,2017-04-15,59.0,software,1979-01-01,4478.47,13809.0,United States,MG,55.0,Rocco Neubert,East
BG2656VA,Corliss Cosme,GTX Plus Pro,Konex,Won,2017-04-07,2017-04-15,5684.0,technolgy,1980-01-01,7708.38,13756.0,United States,GTX,5482.0,Cara Losch,East
JXBUN5MY,Daniell Hammack,MG Advanced,Kan-code,Lost,2017-04-07,2017-04-15,0.0,software,1982-01-01,11698.03,34288.0,United States,MG,3393.0,Rocco Neubert,East
QPOE9V6Y,Donn Cantrell,MG Advanced,Opentech,Lost,2017-04-07,2017-04-17,0.0,finance,1994-01-01,355.23,853.0,United States,MG,3393.0,Rocco Neubert,East
ULJM9JGL,Donn Cantrell,MG Advanced,Vehement Capital Partners,Lost,2017-04-07,2017-04-15,0.0,finance,1993-01-01,646.1,883.0,United States,MG,3393.0,Rocco Neubert,East
WAF692K8,Elease Gluck,MG Special,Dalttechnology,Won,2017-04-07,2017-06-24,51.0,software,2013-01-01,98.79,96.0,United States,MG,55.0,Celia Rouche,West
0UDLH6I3,Garret Kinder,GTX Basic,Zathunicon,Lost,2017-04-07,2017-04-15,0.0,retail,2010-01-01,71.12,144.0,United States,GTX,550.0,Cara Losch,East
WUGE2QUO,Gladys Colclough,MG Advanced,Toughzap,Lost,2017-04-07,2017-04-18,0.0,retail,1995-01-01,332.43,799.0,United States,MG,3393.0,Melvin Marxen,Central
XBLA9VO6,James Ascencio,GTX Plus Basic,Sonron,Won,2017-04-07,2017-05-18,1103.0,telecommunications,1999-01-01,1699.85,5108.0,United States,GTX,1096.0,Summer Sewald,West
QL7H3WQZ,Jonathan Berthelot,GTX Plus Basic,Warephase,Won,2017-04-07,2017-04-09,1091.0,services,1997-01-01,2041.73,5276.0,United States,GTX,1096.0,Melvin Marxen,Central
DXBLA2BS,Jonathan Berthelot,GTX Plus Basic,Zumgoity,Won,2017-04-07,2017-04-17,1189.0,medical,1984-01-01,441.08,1210.0,United States,GTX,1096.0,Melvin Marxen,Central
NXWNJ7U5,Kami Bicknell,GTX Basic,Golddex,Lost,2017-04-07,2017-05-12,0.0,finance,2008-01-01,52.5,165.0,United States,GTX,550.0,Summer Sewald,West
8LVFBGN4,Kami Bicknell,GTX Plus Basic,Konex,Lost,2017-04-07,2017-04-16,0.0,technolgy,1980-01-01,7708.38,13756.0,United States,GTX,1096.0,Summer Sewald,West
SUQNORF2,Lajuana Vencill,GTX Basic,Codehow,Lost,2017-04-07,2017-04-16,0.0,software,1998-01-01,2714.9,2641.0,United States,GTX,550.0,Dustin Brinkmann,Central
3M03SX77,Markita Hansen,GTX Basic,Condax,Won,2017-04-07,2017-04-13,522.0,medical,2017-01-01,4.54,9.0,United States,GTX,550.0,Celia Rouche,West
DI6H5ERU,Maureen Marcano,GTX Plus Basic,Rantouch,Won,2017-04-07,2017-04-08,1109.0,telecommunications,1994-01-01,1188.42,3015.0,United States,GTX,1096.0,Summer Sewald,West
SQZ293C0,Moses Frase,GTX Plus Pro,Genco Pura Olive Oil Company,Won,2017-04-07,2017-04-13,4659.0,retail,2007-01-01,894.33,1635.0,Italy,GTX,5482.0,Dustin Brinkmann,Central
2SGRE4VE,Niesha Huffines,GTX Basic,Cancity,Lost,2017-04-07,2017-04-16,0.0,retail,2001-01-01,718.62,2448.0,United States,GTX,550.0,Melvin Marxen,Central
AMKR98V4,Versie Hillebrand,GTX Plus Pro,Codehow,Lost,2017-04-07,2017-06-13,0.0,software,1998-01-01,2714.9,2641.0,United States,GTX,5482.0,Dustin Brinkmann,Central
DESFU690,Versie Hillebrand,GTX Plus Pro,Treequote,Lost,2017-04-07,2017-04-09,0.0,telecommunications,1988-01-01,5266.09,8595.0,United States,GTX,5482.0,Dustin Brinkmann,Central
V8HMIE7M,Versie Hillebrand,MG Special,Konmatfix,Lost,2017-04-07,2017-05-30,0.0,marketing,1985-01-01,375.43,1190.0,United States,MG,55.0,Dustin Brinkmann,Central
91JBU17E,Versie Hillebrand,MG Advanced,Rangreen,Lost,2017-04-07,2017-04-12,0.0,technolgy,1987-01-01,2938.67,8775.0,Panama,MG,3393.0,Dustin Brinkmann,Central
4MMQZHCK,Vicki Laflamme,MG Advanced,Konex,Lost,2017-04-07,2017-04-16,0.0,technolgy,1980-01-01,7708.38,13756.0,United States,MG,3393.0,Celia Rouche,West
RSKU2ZHM,Zane Levy,MG Advanced,Finjob,Lost,2017-04-07,2017-04-13,0.0,employment,1988-01-01,2059.9,3644.0,United States,MG,3393.0,Summer Sewald,West
8LTQ9ESQ,Anna Snelling,MG Advanced,dambase,Lost,2017-04-08,2017-04-15,0.0,marketing,1995-01-01,2173.98,2928.0,United States,MG,3393.0,Dustin Brinkmann,Central
EBBIJKLT,Anna Snelling,GTX Plus Basic,Stanredtax,Won,2017-04-08,2017-04-15,1142.0,finance,1987-01-01,1698.2,3798.0,United States,GTX,1096.0,Dustin Brinkmann,Central
8RIKWACO,Corliss Cosme,GTX Basic,Zathunicon,Won,2017-04-08,2017-05-27,491.0,retail,2010-01-01,71.12,144.0,United States,GTX,550.0,Cara Losch,East
FM505XD5,Daniell Hammack,GTX Plus Pro,Y-corporation,Engaging,2017-04-08,,,employment,1983-01-01,2871.35,9561.0,United States,GTX,5482.0,Rocco Neubert,East
G58AHYTW,Darcel Schlecht,MG Special,Domzoom,Lost,2017-04-08,2017-04-14,0.0,entertainment,1998-01-01,217.87,551.0,United States,MG,55.0,Melvin Marxen,Central
GNKFTK7J,Donn Cantrell,GTX Basic,Sumace,Won,2017-04-08,2017-06-14,547.0,retail,2000-01-01,167.89,493.0,Romania,GTX,550.0,Rocco Neubert,East
UEL6CAP9,Garret Kinder,GTX Basic,Umbrella Corporation,Lost,2017-04-08,2017-04-16,0.0,finance,1998-01-01,2022.14,5113.0,United States,GTX,550.0,Cara Losch,East
2FEA30KT,Hayden Neloms,GTX Plus Basic,Singletechno,Won,2017-04-08,2017-05-25,935.0,retail,1996-01-01,2214.94,5374.0,United States,GTX,1096.0,Celia Rouche,West
P2VXL7MO,Hayden Neloms,GTX Plus Pro,Scotfind,Won,2017-04-08,2017-04-10,4761.0,software,1996-01-01,6354.87,16780.0,United States,GTX,5482.0,Celia Rouche,West
YT7QY06V,Hayden Neloms,MG Advanced,Newex,Won,2017-04-08,2017-04-14,3224.0,services,1991-01-01,1012.72,3492.0,Germany,MG,3393.0,Celia Rouche,West
L66MAMK5,Kami Bicknell,GTX Basic,Sunnamplex,Won,2017-04-08,2017-04-17,501.0,marketing,2008-01-01,894.37,1593.0,Poland,GTX,550.0,Summer Sewald,West
RGYBSSEK,Lajuana Vencill,MG Advanced,Statholdings,Won,2017-04-08,2017-04-17,3532.0,employment,1997-01-01,291.27,586.0,United States,MG,3393.0,Dustin Brinkmann,Central
AYIPNQFR,Moses Frase,MG Special,Genco Pura Olive Oil Company,Lost,2017-04-08,2017-04-10,0.0,retail,2007-01-01,894.33,1635.0,Italy,MG,55.0,Dustin Brinkmann,Central
Q1MP64HG,Reed Clapper,GTX Plus Basic,Zotware,Won,2017-04-08,2017-06-11,1123.0,software,1979-01-01,4478.47,13809.0,United States,GTX,1096.0,Rocco Neubert,East
1IH166HI,Versie Hillebrand,MG Special,Codehow,Lost,2017-04-08,2017-05-27,0.0,software,1998-01-01,2714.9,2641.0,United States,MG,55.0,Dustin Brinkmann,Central
BK85705L,Vicki Laflamme,GTX Basic,Labdrill,Won,2017-04-08,2017-06-10,595.0,medical,1985-01-01,2741.37,9226.0,United States,GTX,550.0,Celia Rouche,West
77MKNCO3,Vicki Laflamme,GTX Plus Pro,Konex,Won,2017-04-08,2017-04-16,5848.0,technolgy,1980-01-01,7708.38,13756.0,United States,GTX,5482.0,Celia Rouche,West
OB7TAJOZ,Zane Levy,GTX Basic,Faxquote,Lost,2017-04-08,2017-04-09,0.0,telecommunications,1995-01-01,1825.82,5595.0,United States,GTX,550.0,Summer Sewald,West
DU0E2LMZ,Zane Levy,MG Special,Plexzap,Lost,2017-04-08,2017-04-13,0.0,retail,2001-01-01,2437.85,4874.0,United States,MG,55.0,Summer Sewald,West
1B4CL153,Zane Levy,GTX Plus Pro,Xx-holding,Won,2017-04-08,2017-04-17,5884.0,finance,1993-01-01,7537.24,20293.0,United States,GTX,5482.0,Summer Sewald,West
93X2W24Q,Anna Snelling,MG Advanced,Betatech,Won,2017-04-09,2017-06-02,3666.0,medical,1986-01-01,647.18,1185.0,Kenya,MG,3393.0,Dustin Brinkmann,Central
U0E9CRX5,Boris Faz,GTX Basic,Zathunicon,Lost,2017-04-09,2017-04-18,0.0,retail,2010-01-01,71.12,144.0,United States,GTX,550.0,Rocco Neubert,East
I7KV29LC,Cassey Cress,GTX Basic,Konex,Won,2017-04-09,2017-04-20,598.0,technolgy,1980-01-01,7708.38,13756.0,United States,GTX,550.0,Rocco Neubert,East
NNM6GN1J,Cassey Cress,MG Advanced,Initech,Won,2017-04-09,2017-04-16,3275.0,telecommunications,1994-01-01,6395.05,20275.0,United States,MG,3393.0,Rocco Neubert,East
D1UDLFVY,Cecily Lampkin,GTX Basic,Funholding,Lost,2017-04-09,2017-04-10,0.0,finance,1991-01-01,2819.5,7227.0,United States,GTX,550.0,Dustin Brinkmann,Central
M8WP93D4,Cecily Lampkin,GTX Basic,Isdom,Lost,2017-04-09,2017-04-18,0.0,medical,2002-01-01,3178.24,4540.0,United States,GTX,550.0,Dustin Brinkmann,Central
3GPAFD3X,Cecily Lampkin,MG Special,Zumgoity,Lost,2017-04-09,2017-04-20,0.0,medical,1984-01-01,441.08,1210.0,United States,MG,55.0,Dustin Brinkmann,Central
RDQZ245F,Elease Gluck,MG Special,Dalttechnology,Won,2017-04-09,2017-05-29,56.0,software,2013-01-01,98.79,96.0,United States,MG,55.0,Celia Rouche,West
JA2CDNVM,Gladys Colclough,MG Advanced,Inity,Won,2017-04-09,2017-04-14,3077.0,marketing,1986-01-01,2403.58,8801.0,United States,MG,3393.0,Melvin Marxen,Central
R0XAJA2I,Hayden Neloms,GTX Plus Basic,Hottechi,Won,2017-04-09,2017-04-17,974.0,technolgy,1997-01-01,8170.38,16499.0,Korea,GTX,1096.0,Celia Rouche,West
BU1B6PHK,Kami Bicknell,GTX Plus Basic,Cheers,Won,2017-04-09,2017-04-10,915.0,entertainment,1993-01-01,4269.9,6472.0,United States,GTX,1096.0,Summer Sewald,West
C3918FWQ,Kary Hendrixson,GTX Plus Basic,Singletechno,Lost,2017-04-09,2017-08-12,0.0,retail,1996-01-01,2214.94,5374.0,United States,GTX,1096.0,Summer Sewald,West
8GBXTWXE,Kary Hendrixson,MG Advanced,Blackzim,Lost,2017-04-09,2017-04-16,0.0,retail,2009-01-01,497.11,1588.0,United States,MG,3393.0,Summer Sewald,West
Z29AX2KB,Kary Hendrixson,GTX Plus Basic,Condax,Won,2017-04-09,2017-06-20,983.0,medical,2017-01-01,4.54,9.0,United States,GTX,1096.0,Summer Sewald,West
E733YMVH,Marty Freudenburg,GTX Plus Basic,Inity,Won,2017-04-09,2017-04-10,1204.0,marketing,1986-01-01,2403.58,8801.0,United States,GTX,1096.0,Melvin Marxen,Central
Y35ES8UY,Moses Frase,GTX Plus Pro,Condax,Lost,2017-04-09,2017-04-16,0.0,medical,2017-01-01,4.54,9.0,United States,GTX,5482.0,Dustin Brinkmann,Central
QDRYCR05,Niesha Huffines,GTX Plus Basic,Konmatfix,Won,2017-04-09,2017-04-10,970.0,marketing,1985-01-01,375.43,1190.0,United States,GTX,1096.0,Melvin Marxen,Central
TYWS7KJR,Reed Clapper,GTX Basic,Betasoloin,Won,2017-04-09,2017-04-16,575.0,medical,1999-01-01,251.41,495.0,United States,GTX,550.0,Rocco Neubert,East
X22G55Y5,Rosie Papadopoulos,GTX Plus Pro,Ganjaflex,Won,2017-04-09,2017-06-18,5986.0,retail,1995-01-01,5158.71,17479.0,Japan,GTX,5482.0,Cara Losch,East
X7FZMKZW,Versie Hillebrand,GTX Plus Basic,Finhigh,Lost,2017-04-09,2017-04-21,0.0,finance,2006-01-01,1102.43,1759.0,United States,GTX,1096.0,Dustin Brinkmann,Central
72WE0PUH,Vicki Laflamme,MG Special,Rantouch,Won,2017-04-09,2017-06-16,64.0,telecommunications,1994-01-01,1188.42,3015.0,United States,MG,55.0,Celia Rouche,West
SKBDCYV5,Zane Levy,GTX Plus Basic,Zencorporation,Engaging,2017-04-09,,,technolgy,2011-01-01,40.79,142.0,China,GTX,1096.0,Summer Sewald,West
HLGGWYP1,Zane Levy,GTX Basic,Scotfind,Lost,2017-04-09,2017-04-15,0.0,software,1996-01-01,6354.87,16780.0,United States,GTX,550.0,Summer Sewald,West
RU3OP2BA,Zane Levy,MG Advanced,J-Texon,Won,2017-04-09,2017-06-26,3070.0,retail,1989-01-01,1388.67,3583.0,United States,MG,3393.0,Summer Sewald,West
YXOM4S7G,Anna Snelling,MG Special,Finhigh,Lost,2017-04-10,2017-04-11,0.0,finance,2006-01-01,1102.43,1759.0,United States,MG,55.0,Dustin Brinkmann,Central
JPH5WS60,Boris Faz,GTX Basic,Initech,Lost,2017-04-10,2017-04-11,0.0,telecommunications,1994-01-01,6395.05,20275.0,United States,GTX,550.0,Rocco Neubert,East
O1TDG6YN,Cassey Cress,GTX Plus Basic,Mathtouch,Lost,2017-04-10,2017-04-17,0.0,marketing,1984-01-01,3027.46,9516.0,Jordan,GTX,1096.0,Rocco Neubert,East
4INFXLM5,Cecily Lampkin,MG Special,Rangreen,Lost,2017-04-10,2017-04-20,0.0,technolgy,1987-01-01,2938.67,8775.0,Panama,MG,55.0,Dustin Brinkmann,Central
LIZMTGH2,Cecily Lampkin,MG Advanced,Isdom,Won,2017-04-10,2017-04-18,3409.0,medical,2002-01-01,3178.24,4540.0,United States,MG,3393.0,Dustin Brinkmann,Central
04LU4OPA,Daniell Hammack,GTX Plus Pro,Acme Corporation,Won,2017-04-10,2017-06-11,5721.0,technolgy,1996-01-01,1100.04,2822.0,United States,GTX,5482.0,Rocco Neubert,East
75S7S74S,Darcel Schlecht,GTX Basic,Hottechi,Lost,2017-04-10,2017-04-18,0.0,technolgy,1997-01-01,8170.38,16499.0,Korea,GTX,550.0,Melvin Marxen,Central
6AC2ATXU,Darcel Schlecht,GTX Plus Pro,Gogozoom,Won,2017-04-10,2017-04-16,4955.0,telecommunications,2007-01-01,86.68,187.0,United States,GTX,5482.0,Melvin Marxen,Central
YGNVLLUR,Gladys Colclough,GTX Basic,Warephase,Lost,2017-04-10,2017-04-20,0.0,services,1997-01-01,2041.73,5276.0,United States,GTX,550.0,Melvin Marxen,Central
O08NQM1J,James Ascencio,MG Advanced,Cheers,Lost,2017-04-10,2017-04-11,0.0,entertainment,1993-01-01,4269.9,6472.0,United States,MG,3393.0,Summer Sewald,West
5OJ4IRW4,Jonathan Berthelot,GTX Plus Basic,Conecom,Won,2017-04-10,2017-06-27,1115.0,technolgy,2005-01-01,1520.66,1806.0,United States,GTX,1096.0,Melvin Marxen,Central
ZLY8SZXO,Kami Bicknell,GTX Basic,Kan-code,Won,2017-04-10,2017-04-16,533.0,software,1982-01-01,11698.03,34288.0,United States,GTX,550.0,Summer Sewald,West
DCC85LZO,Kami Bicknell,GTX Plus Basic,Cheers,Won,2017-04-10,2017-04-13,1290.0,entertainment,1993-01-01,4269.9,6472.0,United States,GTX,1096.0,Summer Sewald,West
ZVWUL0LL,Kary Hendrixson,GTX Basic,Hottechi,Lost,2017-04-10,2017-04-12,0.0,technolgy,1997-01-01,8170.38,16499.0,Korea,GTX,550.0,Summer Sewald,West
4R5LIB5F,Kary Hendrixson,GTX Plus Basic,Green-Plus,Lost,2017-04-10,2017-06-13,0.0,services,2003-01-01,692.19,1922.0,United States,GTX,1096.0,Summer Sewald,West
P010EEZF,Lajuana Vencill,MG Special,Dontechi,Lost,2017-04-10,2017-04-12,0.0,software,1982-01-01,4618.0,10083.0,United States,MG,55.0,Dustin Brinkmann,Central
7AL9GWK6,Lajuana Vencill,GTX Plus Basic,Codehow,Won,2017-04-10,2017-06-02,1047.0,software,1998-01-01,2714.9,2641.0,United States,GTX,1096.0,Dustin Brinkmann,Central
RHXY2M2W,Lajuana Vencill,MG Special,Gogozoom,Won,2017-04-10,2017-04-18,47.0,telecommunications,2007-01-01,86.68,187.0,United States,MG,55.0,Dustin Brinkmann,Central
IKU97NEU,Markita Hansen,MG Advanced,Funholding,Engaging,2017-04-10,,,finance,1991-01-01,2819.5,7227.0,United States,MG,3393.0,Celia Rouche,West
R7SESFM0,Marty Freudenburg,GTX Basic,Condax,Lost,2017-04-10,2017-04-21,0.0,medical,2017-01-01,4.54,9.0,United States,GTX,550.0,Melvin Marxen,Central
AUDYTWRK,Maureen Marcano,GTX Plus Basic,Hottechi,Won,2017-04-10,2017-06-26,950.0,technolgy,1997-01-01,8170.38,16499.0,Korea,GTX,1096.0,Summer Sewald,West
B0KF3NFK,Versie Hillebrand,MG Special,Rundofase,Won,2017-04-10,2017-04-18,62.0,technolgy,1983-01-01,1008.06,1238.0,United States,MG,55.0,Dustin Brinkmann,Central
70M5V003,Vicki Laflamme,MG Special,J-Texon,Lost,2017-04-10,2017-04-18,0.0,retail,1989-01-01,1388.67,3583.0,United States,MG,55.0,Celia Rouche,West
OC66D0JA,Zane Levy,GTX Basic,Goodsilron,Won,2017-04-10,2017-04-11,467.0,marketing,2000-01-01,2952.73,5107.0,United States,GTX,550.0,Summer Sewald,West
KE7SZLG7,Boris Faz,GTX Plus Basic,Gekko & Co,Won,2017-04-11,2017-06-11,1075.0,retail,1990-01-01,2520.83,3502.0,United States,GTX,1096.0,Rocco Neubert,East
XYZ39YT2,Cecily Lampkin,MG Special,Betatech,Lost,2017-04-11,2017-04-19,0.0,medical,1986-01-01,647.18,1185.0,Kenya,MG,55.0,Dustin Brinkmann,Central
O4LNS6IC,Daniell Hammack,MG Special,Ontomedia,Won,2017-04-11,2017-04-13,52.0,employment,1997-01-01,882.12,2769.0,United States,MG,55.0,Rocco Neubert,East
30YWHJV8,Donn Cantrell,GTX Plus Basic,Plussunin,Lost,2017-04-11,2017-04-18,0.0,retail,2003-01-01,1419.98,4018.0,United States,GTX,1096.0,Rocco Neubert,East
ABXW1X4U,Elease Gluck,GTX Basic,Faxquote,Lost,2017-04-11,2017-06-22,0.0,telecommunications,1995-01-01,1825.82,5595.0,United States,GTX,550.0,Celia Rouche,West
SZ1H1L8I,Elease Gluck,GTX Plus Basic,Xx-holding,Won,2017-04-11,2017-04-13,1163.0,finance,1993-01-01,7537.24,20293.0,United States,GTX,1096.0,Celia Rouche,West
IR03B656,Gladys Colclough,GTX Basic,Rundofase,Lost,2017-04-11,2017-04-21,0.0,technolgy,1983-01-01,1008.06,1238.0,United States,GTX,550.0,Melvin Marxen,Central
6NZROTHF,James Ascencio,GTX Plus Pro,Rantouch,Lost,2017-04-11,2017-06-10,0.0,telecommunications,1994-01-01,1188.42,3015.0,United States,GTX,5482.0,Summer Sewald,West
IFIIB8Y6,Kami Bicknell,GTX Basic,Konex,Lost,2017-04-11,2017-04-13,0.0,technolgy,1980-01-01,7708.38,13756.0,United States,GTX,550.0,Summer Sewald,West
R2CS85YJ,Kary Hendrixson,GTX Basic,Groovestreet,Lost,2017-04-11,2017-04-13,0.0,retail,2003-01-01,223.8,299.0,United States,GTX,550.0,Summer Sewald,West
8EAINY61,Kary Hendrixson,GTX Basic,Singletechno,Lost,2017-04-11,2017-04-18,0.0,retail,1996-01-01,2214.94,5374.0,United States,GTX,550.0,Summer Sewald,West
T23MHC9C,Kary Hendrixson,GTX Basic,Doncon,Won,2017-04-11,2017-04-18,568.0,technolgy,2010-01-01,587.72,1501.0,United States,GTX,550.0,Summer Sewald,West
JHIX3ODA,Moses Frase,MG Advanced,dambase,Lost,2017-04-11,2017-04-21,0.0,marketing,1995-01-01,2173.98,2928.0,United States,MG,3393.0,Dustin Brinkmann,Central
BPUE8GTU,Moses Frase,MG Special,Rundofase,Won,2017-04-11,2017-06-06,46.0,technolgy,1983-01-01,1008.06,1238.0,United States,MG,55.0,Dustin Brinkmann,Central
2DOJKFNW,Niesha Huffines,MG Advanced,dambase,Lost,2017-04-11,2017-04-12,0.0,marketing,1995-01-01,2173.98,2928.0,United States,MG,3393.0,Melvin Marxen,Central
0PSKGNYE,Niesha Huffines,GTX Basic,Gogozoom,Won,2017-04-11,2017-04-12,504.0,telecommunications,2007-01-01,86.68,187.0,United States,GTX,550.0,Melvin Marxen,Central
J75N0QYA,Niesha Huffines,MG Special,Gogozoom,Won,2017-04-11,2017-04-13,55.0,telecommunications,2007-01-01,86.68,187.0,United States,MG,55.0,Melvin Marxen,Central
1426E8W6,Versie Hillebrand,GTX Basic,Cancity,Lost,2017-04-11,2017-04-21,0.0,retail,2001-01-01,718.62,2448.0,United States,GTX,550.0,Dustin Brinkmann,Central
3BFBN8JW,Versie Hillebrand,MG Advanced,Funholding,Lost,2017-04-11,2017-04-18,0.0,finance,1991-01-01,2819.5,7227.0,United States,MG,3393.0,Dustin Brinkmann,Central
922DHXBA,Violet Mclelland,MG Special,Opentech,Lost,2017-04-11,2017-04-22,0.0,finance,1994-01-01,355.23,853.0,United States,MG,55.0,Cara Losch,East
L36WU4AH,Violet Mclelland,MG Special,Massive Dynamic,Won,2017-04-11,2017-04-12,55.0,entertainment,1989-01-01,665.06,1095.0,United States,MG,55.0,Cara Losch,East
2K8H292S,Anna Snelling,GTX Basic,Rundofase,Lost,2017-04-12,2017-04-18,0.0,technolgy,1983-01-01,1008.06,1238.0,United States,GTX,550.0,Dustin Brinkmann,Central
7Y530NLJ,Boris Faz,GTX Plus Basic,Genco Pura Olive Oil Company,Engaging,2017-04-12,,,retail,2007-01-01,894.33,1635.0,Italy,GTX,1096.0,Rocco Neubert,East
XNHGOHPW,Boris Faz,MG Advanced,Konex,Won,2017-04-12,2017-04-22,3223.0,technolgy,1980-01-01,7708.38,13756.0,United States,MG,3393.0,Rocco Neubert,East
GAM8C5ET,Cassey Cress,GTX Plus Pro,Betasoloin,Lost,2017-04-12,2017-04-17,0.0,medical,1999-01-01,251.41,495.0,United States,GTX,5482.0,Rocco Neubert,East
BHT7UEDJ,Cassey Cress,GTX Basic,Zathunicon,Won,2017-04-12,2017-04-19,553.0,retail,2010-01-01,71.12,144.0,United States,GTX,550.0,Rocco Neubert,East
7PAVX9CP,Cassey Cress,GTX Plus Basic,Gekko & Co,Won,2017-04-12,2017-04-14,1114.0,retail,1990-01-01,2520.83,3502.0,United States,GTX,1096.0,Rocco Neubert,East
IVW8MQGN,Cecily Lampkin,MG Advanced,dambase,Won,2017-04-12,2017-04-20,3785.0,marketing,1995-01-01,2173.98,2928.0,United States,MG,3393.0,Dustin Brinkmann,Central
CVFUMOK9,Corliss Cosme,GTX Plus Pro,Rangreen,Engaging,2017-04-12,,,technolgy,1987-01-01,2938.67,8775.0,Panama,GTX,5482.0,Cara Losch,East
1VHUPB8X,Darcel Schlecht,GTX Plus Basic,Streethex,Lost,2017-04-12,2017-04-14,0.0,retail,1988-01-01,1376.8,1165.0,Belgium,GTX,1096.0,Melvin Marxen,Central
G5FN7I7T,Darcel Schlecht,MG Advanced,Gogozoom,Lost,2017-04-12,2017-06-28,0.0,telecommunications,2007-01-01,86.68,187.0,United States,MG,3393.0,Melvin Marxen,Central
GHY9QZKG,Hayden Neloms,MG Special,Goodsilron,Lost,2017-04-12,2017-04-16,0.0,marketing,2000-01-01,2952.73,5107.0,United States,MG,55.0,Celia Rouche,West
JBBJL4C2,Jonathan Berthelot,GTX Basic,Dontechi,Won,2017-04-12,2017-06-23,531.0,software,1982-01-01,4618.0,10083.0,United States,GTX,550.0,Melvin Marxen,Central
HMI6RBK9,Jonathan Berthelot,GTX Basic,Rangreen,Won,2017-04-12,2017-06-16,544.0,technolgy,1987-01-01,2938.67,8775.0,Panama,GTX,550.0,Melvin Marxen,Central
2EKGLB0Q,Kami Bicknell,GTX Basic,Y-corporation,Won,2017-04-12,2017-04-13,478.0,employment,1983-01-01,2871.35,9561.0,United States,GTX,550.0,Summer Sewald,West
HYPZOTY8,Kami Bicknell,MG Special,Goodsilron,Won,2017-04-12,2017-04-19,51.0,marketing,2000-01-01,2952.73,5107.0,United States,MG,55.0,Summer Sewald,West
31I0SB7T,Kami Bicknell,MG Advanced,Konex,Won,2017-04-12,2017-04-19,3141.0,technolgy,1980-01-01,7708.38,13756.0,United States,MG,3393.0,Summer Sewald,West
VO3C2LE4,Kary Hendrixson,MG Special,Groovestreet,Lost,2017-04-12,2017-04-16,0.0,retail,2003-01-01,223.8,299.0,United States,MG,55.0,Summer Sewald,West
UC7JT39Q,Markita Hansen,MG Special,Golddex,Lost,2017-04-12,2017-04-13,0.0,finance,2008-01-01,52.5,165.0,United States,MG,55.0,Celia Rouche,West
F1LLBOUV,Marty Freudenburg,GTX Plus Basic,Codehow,Lost,2017-04-12,2017-04-13,0.0,software,1998-01-01,2714.9,2641.0,United States,GTX,1096.0,Melvin Marxen,Central
7H9J8W50,Marty Freudenburg,GTX Plus Pro,Hottechi,Lost,2017-04-12,2017-04-14,0.0,technolgy,1997-01-01,8170.38,16499.0,Korea,GTX,5482.0,Melvin Marxen,Central
8O03S3U3,Moses Frase,GTX Plus Pro,Conecom,Lost,2017-04-12,2017-04-22,0.0,technolgy,2005-01-01,1520.66,1806.0,United States,GTX,5482.0,Dustin Brinkmann,Central
TGQN6HTN,Reed Clapper,GTX Plus Pro,Kan-code,Won,2017-04-12,2017-06-21,5393.0,software,1982-01-01,11698.03,34288.0,United States,GTX,5482.0,Rocco Neubert,East
X8GGF9MG,Rosalina Dieter,MG Special,Dontechi,Engaging,2017-04-12,,,software,1982-01-01,4618.0,10083.0,United States,MG,55.0,Celia Rouche,West
CPJK2600,Versie Hillebrand,MG Special,Statholdings,Lost,2017-04-12,2017-04-19,0.0,employment,1997-01-01,291.27,586.0,United States,MG,55.0,Dustin Brinkmann,Central
PGXIPGDM,Vicki Laflamme,MG Advanced,Lexiqvolax,Engaging,2017-04-12,,,medical,2004-01-01,1618.89,3889.0,United States,MG,3393.0,Celia Rouche,West
TLXS1NB8,Vicki Laflamme,GTX Plus Pro,Green-Plus,Lost,2017-04-12,2017-04-19,0.0,services,2003-01-01,692.19,1922.0,United States,GTX,5482.0,Celia Rouche,West
TRR34NSR,Vicki Laflamme,GTX Basic,Hottechi,Won,2017-04-12,2017-06-06,638.0,technolgy,1997-01-01,8170.38,16499.0,Korea,GTX,550.0,Celia Rouche,West
F2KINGVU,Vicki Laflamme,MG Special,J-Texon,Won,2017-04-12,2017-04-23,50.0,retail,1989-01-01,1388.67,3583.0,United States,MG,55.0,Celia Rouche,West
Q169CIK6,Violet Mclelland,MG Advanced,Bioplex,Lost,2017-04-12,2017-04-18,0.0,medical,1991-01-01,326.82,1016.0,United States,MG,3393.0,Cara Losch,East
8OHCCD42,Anna Snelling,GTX Plus Basic,Bioholding,Lost,2017-04-13,2017-04-15,0.0,medical,2012-01-01,587.34,1356.0,Philipines,GTX,1096.0,Dustin Brinkmann,Central
QBCK25DV,Anna Snelling,MG Special,Inity,Won,2017-04-13,2017-04-15,58.0,marketing,1986-01-01,2403.58,8801.0,United States,MG,55.0,Dustin Brinkmann,Central
8IEVY30X,Boris Faz,GTX Plus Basic,Ontomedia,Won,2017-04-13,2017-04-14,1088.0,employment,1997-01-01,882.12,2769.0,United States,GTX,1096.0,Rocco Neubert,East
6444O6DK,Corliss Cosme,GTX Basic,Donquadtech,Lost,2017-04-13,2017-04-23,0.0,technolgy,1992-01-01,1712.68,3194.0,United States,GTX,550.0,Cara Losch,East
V9YR14KW,Daniell Hammack,GTX Basic,Plussunin,Lost,2017-04-13,2017-04-20,0.0,retail,2003-01-01,1419.98,4018.0,United States,GTX,550.0,Rocco Neubert,East
37LTMWB0,Darcel Schlecht,GTX Basic,Betatech,Lost,2017-04-13,2017-04-20,0.0,medical,1986-01-01,647.18,1185.0,Kenya,GTX,550.0,Melvin Marxen,Central
2ZU519Y6,Darcel Schlecht,GTX Plus Basic,Domzoom,Won,2017-04-13,2017-04-19,1327.0,entertainment,1998-01-01,217.87,551.0,United States,GTX,1096.0,Melvin Marxen,Central
ZESI2PFU,Darcel Schlecht,GTX Plus Basic,Dontechi,Won,2017-04-13,2017-06-27,923.0,software,1982-01-01,4618.0,10083.0,United States,GTX,1096.0,Melvin Marxen,Central
X8T4XLTY,Darcel Schlecht,GTX Plus Basic,Scottech,Won,2017-04-13,2017-04-23,1058.0,marketing,2012-01-01,45.39,100.0,United States,GTX,1096.0,Melvin Marxen,Central
OS2CD01K,Darcel Schlecht,GTX Plus Pro,Streethex,Won,2017-04-13,2017-04-21,5220.0,retail,1988-01-01,1376.8,1165.0,Belgium,GTX,5482.0,Melvin Marxen,Central
JNKDEAG9,Gladys Colclough,GTX Plus Pro,Condax,Lost,2017-04-13,2017-04-19,0.0,medical,2017-01-01,4.54,9.0,United States,GTX,5482.0,Melvin Marxen,Central
7MGVL7FC,Gladys Colclough,MG Special,Ron-tech,Won,2017-04-13,2017-04-22,55.0,medical,1992-01-01,3922.42,6837.0,United States,MG,55.0,Melvin Marxen,Central
IFJ2AE9R,Hayden Neloms,MG Advanced,Dalttechnology,Lost,2017-04-13,2017-04-20,0.0,software,2013-01-01,98.79,96.0,United States,MG,3393.0,Celia Rouche,West
HEDUIEUN,Hayden Neloms,MG Special,Hatfan,Won,2017-04-13,2017-06-23,62.0,services,1982-01-01,792.46,1299.0,United States,MG,55.0,Celia Rouche,West
D3OST43E,James Ascencio,GTX Plus Basic,Golddex,Won,2017-04-13,2017-04-20,996.0,finance,2008-01-01,52.5,165.0,United States,GTX,1096.0,Summer Sewald,West
9537WTHG,Kami Bicknell,GTX Basic,Rantouch,Lost,2017-04-13,2017-06-09,0.0,telecommunications,1994-01-01,1188.42,3015.0,United States,GTX,550.0,Summer Sewald,West
6PMHI9G4,Kami Bicknell,GTX Basic,Hottechi,Won,2017-04-13,2017-04-22,543.0,technolgy,1997-01-01,8170.38,16499.0,Korea,GTX,550.0,Summer Sewald,West
U9RFE81I,Moses Frase,MG Special,Warephase,Lost,2017-04-13,2017-08-16,0.0,services,1997-01-01,2041.73,5276.0,United States,MG,55.0,Dustin Brinkmann,Central
4T2XENE2,Niesha Huffines,GTX Plus Basic,Scottech,Lost,2017-04-13,2017-06-16,0.0,marketing,2012-01-01,45.39,100.0,United States,GTX,1096.0,Melvin Marxen,Central
LIFA0JYO,Versie Hillebrand,MG Special,Finhigh,Lost,2017-04-13,2017-05-26,0.0,finance,2006-01-01,1102.43,1759.0,United States,MG,55.0,Dustin Brinkmann,Central
JQ8V4I1K,Versie Hillebrand,MG Special,Bioholding,Won,2017-04-13,2017-04-22,56.0,medical,2012-01-01,587.34,1356.0,Philipines,MG,55.0,Dustin Brinkmann,Central
N5CCEEOY,Vicki Laflamme,GTX Plus Pro,Kan-code,Lost,2017-04-13,2017-04-20,0.0,software,1982-01-01,11698.03,34288.0,United States,GTX,5482.0,Celia Rouche,West
C0SNGBJU,Vicki Laflamme,MG Advanced,Blackzim,Lost,2017-04-13,2017-04-23,0.0,retail,2009-01-01,497.11,1588.0,United States,MG,3393.0,Celia Rouche,West
VN6JB8HU,Violet Mclelland,GTX Plus Basic,Sumace,Won,2017-04-13,2017-06-10,1145.0,retail,2000-01-01,167.89,493.0,Romania,GTX,1096.0,Cara Losch,East
XMEYATKB,Cassey Cress,GTX Plus Pro,Zencorporation,Lost,2017-04-14,2017-04-19,0.0,technolgy,2011-01-01,40.79,142.0,China,GTX,5482.0,Rocco Neubert,East
YQXAY03C,Cassey Cress,MG Advanced,Umbrella Corporation,Lost,2017-04-14,2017-04-19,0.0,finance,1998-01-01,2022.14,5113.0,United States,MG,3393.0,Rocco Neubert,East
QKQ5N9Z1,Corliss Cosme,GTX Plus Basic,Massive Dynamic,Won,2017-04-14,2017-04-23,1033.0,entertainment,1989-01-01,665.06,1095.0,United States,GTX,1096.0,Cara Losch,East
RZRRMWTH,Daniell Hammack,MG Advanced,The New York Inquirer,Lost,2017-04-14,2017-04-20,0.0,medical,1996-01-01,439.21,792.0,United States,MG,3393.0,Rocco Neubert,East
JS9SCCJ3,Darcel Schlecht,GTX Plus Basic,Gogozoom,Lost,2017-04-14,2017-04-15,0.0,telecommunications,2007-01-01,86.68,187.0,United States,GTX,1096.0,Melvin Marxen,Central
QW9JMUTD,Darcel Schlecht,MG Special,Finhigh,Won,2017-04-14,2017-04-22,53.0,finance,2006-01-01,1102.43,1759.0,United States,MG,55.0,Melvin Marxen,Central
7ODLTF4W,Elease Gluck,GTX Basic,J-Texon,Won,2017-04-14,2017-04-16,597.0,retail,1989-01-01,1388.67,3583.0,United States,GTX,550.0,Celia Rouche,West
RUCPPMPY,Elease Gluck,MG Advanced,Zoomit,Won,2017-04-14,2017-06-16,3179.0,entertainment,1992-01-01,324.19,978.0,United States,MG,3393.0,Celia Rouche,West
SJHD5TFA,Gladys Colclough,GTX Basic,Globex Corporation,Lost,2017-04-14,2017-06-16,0.0,technolgy,2000-01-01,1223.72,2497.0,Norway,GTX,550.0,Melvin Marxen,Central
2B0QVPBT,Gladys Colclough,MG Special,Stanredtax,Won,2017-04-14,2017-04-15,57.0,finance,1987-01-01,1698.2,3798.0,United States,MG,55.0,Melvin Marxen,Central
YIZ1VQ3U,Hayden Neloms,MG Advanced,Hottechi,Lost,2017-04-14,2017-04-15,0.0,technolgy,1997-01-01,8170.38,16499.0,Korea,MG,3393.0,Celia Rouche,West
FMNSL9TP,Hayden Neloms,MG Advanced,Scotfind,Won,2017-04-14,2017-04-24,2997.0,software,1996-01-01,6354.87,16780.0,United States,MG,3393.0,Celia Rouche,West
8ZU8D508,James Ascencio,GTX Basic,Faxquote,Won,2017-04-14,2017-05-29,545.0,telecommunications,1995-01-01,1825.82,5595.0,United States,GTX,550.0,Summer Sewald,West
NVDVFYGE,Jonathan Berthelot,GTX Basic,Zumgoity,Won,2017-04-14,2017-04-25,565.0,medical,1984-01-01,441.08,1210.0,United States,GTX,550.0,Melvin Marxen,Central
QQH0YV1W,Jonathan Berthelot,MG Special,Treequote,Won,2017-04-14,2017-04-24,54.0,telecommunications,1988-01-01,5266.09,8595.0,United States,MG,55.0,Melvin Marxen,Central
IUNX2OMX,Kami Bicknell,GTX Basic,J-Texon,Lost,2017-04-14,2017-04-15,0.0,retail,1989-01-01,1388.67,3583.0,United States,GTX,550.0,Summer Sewald,West
RTZFPWVN,Maureen Marcano,GTX Plus Pro,Hottechi,Lost,2017-04-14,2017-04-19,0.0,technolgy,1997-01-01,8170.38,16499.0,Korea,GTX,5482.0,Summer Sewald,West
VYDCTUAU,Maureen Marcano,MG Advanced,Blackzim,Lost,2017-04-14,2017-04-16,0.0,retail,2009-01-01,497.11,1588.0,United States,MG,3393.0,Summer Sewald,West
ANXSK3QV,Vicki Laflamme,MG Special,Hottechi,Won,2017-04-14,2017-04-20,59.0,technolgy,1997-01-01,8170.38,16499.0,Korea,MG,55.0,Celia Rouche,West
7I6OHUE4,Anna Snelling,GTX Plus Basic,Statholdings,Lost,2017-04-15,2017-04-23,0.0,employment,1997-01-01,291.27,586.0,United States,GTX,1096.0,Dustin Brinkmann,Central
AY9NWO78,Anna Snelling,MG Special,Statholdings,Lost,2017-04-15,2017-04-20,0.0,employment,1997-01-01,291.27,586.0,United States,MG,55.0,Dustin Brinkmann,Central
BEP06EN5,Anna Snelling,GTX Plus Pro,Statholdings,Won,2017-04-15,2017-04-16,5082.0,employment,1997-01-01,291.27,586.0,United States,GTX,5482.0,Dustin Brinkmann,Central
8H95X3AP,Boris Faz,GTX Plus Pro,Iselectrics,Won,2017-04-15,2017-04-24,5293.0,technolgy,2011-01-01,527.11,1428.0,United States,GTX,5482.0,Rocco Neubert,East
P7LVKDC9,Cecily Lampkin,GTX Plus Basic,Hottechi,Won,2017-04-15,2017-06-27,1163.0,technolgy,1997-01-01,8170.38,16499.0,Korea,GTX,1096.0,Dustin Brinkmann,Central
QRVHBQSF,Donn Cantrell,MG Special,Ganjaflex,Won,2017-04-15,2017-04-16,49.0,retail,1995-01-01,5158.71,17479.0,Japan,MG,55.0,Rocco Neubert,East
8KH8XJRE,Garret Kinder,MG Special,Donquadtech,Won,2017-04-15,2017-05-01,53.0,technolgy,1992-01-01,1712.68,3194.0,United States,MG,55.0,Cara Losch,East
YZ4AIQQR,Gladys Colclough,MG Advanced,Betatech,Lost,2017-04-15,2017-04-16,0.0,medical,1986-01-01,647.18,1185.0,Kenya,MG,3393.0,Melvin Marxen,Central
R8CW1D6X,Gladys Colclough,MG Advanced,Gogozoom,Lost,2017-04-15,2017-06-12,0.0,telecommunications,2007-01-01,86.68,187.0,United States,MG,3393.0,Melvin Marxen,Central
68KYNPDQ,Hayden Neloms,GTX Plus Basic,Lexiqvolax,Lost,2017-04-15,2017-04-24,0.0,medical,2004-01-01,1618.89,3889.0,United States,GTX,1096.0,Celia Rouche,West
9B0HGLRU,Kami Bicknell,GTX Basic,Fasehatice,Lost,2017-04-15,2017-04-21,0.0,retail,1990-01-01,4968.91,7523.0,United States,GTX,550.0,Summer Sewald,West
TN59K8NP,Kary Hendrixson,GTX Basic,Sunnamplex,Lost,2017-04-15,2017-08-07,0.0,marketing,2008-01-01,894.37,1593.0,Poland,GTX,550.0,Summer Sewald,West
3OBMD08T,Moses Frase,MG Advanced,Codehow,Lost,2017-04-15,2017-04-17,0.0,software,1998-01-01,2714.9,2641.0,United States,MG,3393.0,Dustin Brinkmann,Central
5FWBETTO,Versie Hillebrand,MG Advanced,Finhigh,Won,2017-04-15,2017-05-19,3641.0,finance,2006-01-01,1102.43,1759.0,United States,MG,3393.0,Dustin Brinkmann,Central
ANRCHVJM,Violet Mclelland,MG Special,Plusstrip,Engaging,2017-04-15,,,entertainment,2002-01-01,349.81,315.0,United States,MG,55.0,Cara Losch,East
UDTQF84C,Violet Mclelland,GTX Basic,Condax,Lost,2017-04-15,2017-04-17,0.0,medical,2017-01-01,4.54,9.0,United States,GTX,550.0,Cara Losch,East
35IRGXY3,Zane Levy,GTX Basic,Condax,Won,2017-04-15,2017-05-23,501.0,medical,2017-01-01,4.54,9.0,United States,GTX,550.0,Summer Sewald,West
YHRVQVPV,Zane Levy,GTX Plus Pro,Konex,Won,2017-04-15,2017-04-20,4687.0,technolgy,1980-01-01,7708.38,13756.0,United States,GTX,5482.0,Summer Sewald,West
0PGJNCD7,Anna Snelling,GTX Basic,dambase,Won,2017-04-16,2017-06-23,626.0,marketing,1995-01-01,2173.98,2928.0,United States,GTX,550.0,Dustin Brinkmann,Central
7X7YIWJO,Anna Snelling,GTX Basic,Finhigh,Won,2017-04-16,2017-08-03,489.0,finance,2006-01-01,1102.43,1759.0,United States,GTX,550.0,Dustin Brinkmann,Central
WCSJBX3N,Cecily Lampkin,MG Advanced,Warephase,Lost,2017-04-16,2017-06-28,0.0,services,1997-01-01,2041.73,5276.0,United States,MG,3393.0,Dustin Brinkmann,Central
FCNYDFK3,Daniell Hammack,GTX Plus Basic,Bubba Gump,Won,2017-04-16,2017-06-06,1192.0,software,2002-01-01,987.39,2253.0,United States,GTX,1096.0,Rocco Neubert,East
QK5BW61U,Donn Cantrell,MG Advanced,Acme Corporation,Won,2017-04-16,2017-08-05,3012.0,technolgy,1996-01-01,1100.04,2822.0,United States,MG,3393.0,Rocco Neubert,East
J3SZACNW,Garret Kinder,GTX Plus Pro,Sumace,Lost,2017-04-16,2017-04-22,0.0,retail,2000-01-01,167.89,493.0,Romania,GTX,5482.0,Cara Losch,East
FUL5V96O,Gladys Colclough,GTX Plus Basic,Domzoom,Won,2017-04-16,2017-04-22,1055.0,entertainment,1998-01-01,217.87,551.0,United States,GTX,1096.0,Melvin Marxen,Central
BWIWI1PC,Hayden Neloms,MG Advanced,Blackzim,Lost,2017-04-16,2017-04-22,0.0,retail,2009-01-01,497.11,1588.0,United States,MG,3393.0,Celia Rouche,West
GYBIACTC,Jonathan Berthelot,GTX Basic,Scottech,Won,2017-04-16,2017-04-24,538.0,marketing,2012-01-01,45.39,100.0,United States,GTX,550.0,Melvin Marxen,Central
VD6BP6T2,Jonathan Berthelot,MG Special,Domzoom,Won,2017-04-16,2017-04-23,68.0,entertainment,1998-01-01,217.87,551.0,United States,MG,55.0,Melvin Marxen,Central
QA9XE19H,Kary Hendrixson,MG Advanced,Newex,Lost,2017-04-16,2017-04-23,0.0,services,1991-01-01,1012.72,3492.0,Germany,MG,3393.0,Summer Sewald,West
8ZYPSX66,Maureen Marcano,GTX Basic,Newex,Won,2017-04-16,2017-04-28,572.0,services,1991-01-01,1012.72,3492.0,Germany,GTX,550.0,Summer Sewald,West
0AN86YDG,Maureen Marcano,GTX Plus Basic,Groovestreet,Won,2017-04-16,2017-04-24,1234.0,retail,2003-01-01,223.8,299.0,United States,GTX,1096.0,Summer Sewald,West
VKXZ36VE,Moses Frase,GTX Basic,Ron-tech,Lost,2017-04-16,2017-04-18,0.0,medical,1992-01-01,3922.42,6837.0,United States,GTX,550.0,Dustin Brinkmann,Central
OJYFSZ2O,Versie Hillebrand,MG Special,Isdom,Lost,2017-04-16,2017-04-17,0.0,medical,2002-01-01,3178.24,4540.0,United States,MG,55.0,Dustin Brinkmann,Central
YGL1F8K1,Vicki Laflamme,MG Special,Plusstrip,Won,2017-04-16,2017-05-04,56.0,entertainment,2002-01-01,349.81,315.0,United States,MG,55.0,Celia Rouche,West
C1WGTTYF,Violet Mclelland,MG Special,Zathunicon,Lost,2017-04-16,2017-05-03,0.0,retail,2010-01-01,71.12,144.0,United States,MG,55.0,Cara Losch,East
1OZWGQK9,Zane Levy,MG Special,Doncon,Lost,2017-04-16,2017-04-25,0.0,technolgy,2010-01-01,587.72,1501.0,United States,MG,55.0,Summer Sewald,West
EXICVP8C,Anna Snelling,MG Special,Warephase,Won,2017-04-17,2017-04-26,52.0,services,1997-01-01,2041.73,5276.0,United States,MG,55.0,Dustin Brinkmann,Central
DLXFY70W,Anna Snelling,MG Advanced,Codehow,Won,2017-04-17,2017-04-24,3668.0,software,1998-01-01,2714.9,2641.0,United States,MG,3393.0,Dustin Brinkmann,Central
GO7UM9AV,Boris Faz,GTX Basic,Plussunin,Lost,2017-04-17,2017-04-19,0.0,retail,2003-01-01,1419.98,4018.0,United States,GTX,550.0,Rocco Neubert,East
F5ITRBMX,Boris Faz,MG Advanced,Zotware,Won,2017-04-17,2017-08-04,3138.0,software,1979-01-01,4478.47,13809.0,United States,MG,3393.0,Rocco Neubert,East
8KFFRJSS,Cecily Lampkin,MG Special,Conecom,Lost,2017-04-17,2017-04-19,0.0,technolgy,2005-01-01,1520.66,1806.0,United States,MG,55.0,Dustin Brinkmann,Central
38VRB2P1,Corliss Cosme,GTX Basic,Ontomedia,Lost,2017-04-17,2017-04-18,0.0,employment,1997-01-01,882.12,2769.0,United States,GTX,550.0,Cara Losch,East
9CGD5QSZ,Corliss Cosme,GTX Basic,Zencorporation,Lost,2017-04-17,2017-04-21,0.0,technolgy,2011-01-01,40.79,142.0,China,GTX,550.0,Cara Losch,East
BPCWRG9P,Daniell Hammack,GTX Plus Basic,Plussunin,Won,2017-04-17,2017-04-20,1310.0,retail,2003-01-01,1419.98,4018.0,United States,GTX,1096.0,Rocco Neubert,East
JE5085VJ,Daniell Hammack,GTX Plus Pro,Mathtouch,Won,2017-04-17,2017-06-27,5076.0,marketing,1984-01-01,3027.46,9516.0,Jordan,GTX,5482.0,Rocco Neubert,East
P5MLWDXX,Daniell Hammack,MG Advanced,Vehement Capital Partners,Won,2017-04-17,2017-06-19,3641.0,finance,1993-01-01,646.1,883.0,United States,MG,3393.0,Rocco Neubert,East
84T104O7,Darcel Schlecht,GTX Plus Basic,Warephase,Won,2017-04-17,2017-04-25,1170.0,services,1997-01-01,2041.73,5276.0,United States,GTX,1096.0,Melvin Marxen,Central
9PCWAYWC,Elease Gluck,MG Advanced,Green-Plus,Lost,2017-04-17,2017-04-18,0.0,services,2003-01-01,692.19,1922.0,United States,MG,3393.0,Celia Rouche,West
3VMC6PGJ,Hayden Neloms,GTX Plus Basic,Faxquote,Lost,2017-04-17,2017-04-25,0.0,telecommunications,1995-01-01,1825.82,5595.0,United States,GTX,1096.0,Celia Rouche,West
E2MWXGNG,Hayden Neloms,MG Advanced,Blackzim,Lost,2017-04-17,2017-04-19,0.0,retail,2009-01-01,497.11,1588.0,United States,MG,3393.0,Celia Rouche,West
QZ2E9TSL,James Ascencio,MG Advanced,Golddex,Lost,2017-04-17,2017-08-12,0.0,finance,2008-01-01,52.5,165.0,United States,MG,3393.0,Summer Sewald,West
IZ02GW0R,Kami Bicknell,GTX Basic,Faxquote,Won,2017-04-17,2017-04-19,527.0,telecommunications,1995-01-01,1825.82,5595.0,United States,GTX,550.0,Summer Sewald,West
5AI9WG6M,Kary Hendrixson,GTX Plus Pro,Y-corporation,Lost,2017-04-17,2017-04-25,0.0,employment,1983-01-01,2871.35,9561.0,United States,GTX,5482.0,Summer Sewald,West
Q1DFFYB5,Kary Hendrixson,GTX Plus Pro,Y-corporation,Lost,2017-04-17,2017-04-19,0.0,employment,1983-01-01,2871.35,9561.0,United States,GTX,5482.0,Summer Sewald,West
30FHAEJZ,Kary Hendrixson,GTX Plus Pro,Fasehatice,Won,2017-04-17,2017-04-19,5408.0,retail,1990-01-01,4968.91,7523.0,United States,GTX,5482.0,Summer Sewald,West
AZOXWEKL,Lajuana Vencill,GTX Plus Basic,Conecom,Lost,2017-04-17,2017-05-02,0.0,technolgy,2005-01-01,1520.66,1806.0,United States,GTX,1096.0,Dustin Brinkmann,Central
2NKZR4IM,Lajuana Vencill,GTX Plus Pro,Isdom,Lost,2017-04-17,2017-04-24,0.0,medical,2002-01-01,3178.24,4540.0,United States,GTX,5482.0,Dustin Brinkmann,Central
3PPB3Q04,Lajuana Vencill,MG Special,Konmatfix,Won,2017-04-17,2017-06-23,48.0,marketing,1985-01-01,375.43,1190.0,United States,MG,55.0,Dustin Brinkmann,Central
C9330YF1,Markita Hansen,GTX Basic,Blackzim,Engaging,2017-04-17,,,retail,2009-01-01,497.11,1588.0,United States,GTX,550.0,Celia Rouche,West
610UUEAG,Markita Hansen,GTX Basic,Plexzap,Won,2017-04-17,2017-04-24,527.0,retail,2001-01-01,2437.85,4874.0,United States,GTX,550.0,Celia Rouche,West
FIYSM4E1,Marty Freudenburg,GTX Plus Basic,dambase,Won,2017-04-17,2017-04-23,1160.0,marketing,1995-01-01,2173.98,2928.0,United States,GTX,1096.0,Melvin Marxen,Central
BCUR8B2A,Niesha Huffines,GTX Basic,Inity,Won,2017-04-17,2017-06-06,491.0,marketing,1986-01-01,2403.58,8801.0,United States,GTX,550.0,Melvin Marxen,Central
8PGDRAH2,Reed Clapper,GTX Basic,Umbrella Corporation,Won,2017-04-17,2017-04-19,555.0,finance,1998-01-01,2022.14,5113.0,United States,GTX,550.0,Rocco Neubert,East
G1C9IG0T,Rosalina Dieter,MG Special,Lexiqvolax,Lost,2017-04-17,2017-04-27,0.0,medical,2004-01-01,1618.89,3889.0,United States,MG,55.0,Celia Rouche,West
G4B4Z525,Versie Hillebrand,MG Special,Isdom,Won,2017-04-17,2017-04-23,62.0,medical,2002-01-01,3178.24,4540.0,United States,MG,55.0,Dustin Brinkmann,Central
J9SE3QJD,Violet Mclelland,MG Special,Ganjaflex,Lost,2017-04-17,2017-04-26,0.0,retail,1995-01-01,5158.71,17479.0,Japan,MG,55.0,Cara Losch,East
JORFI81C,Violet Mclelland,MG Special,Konex,Won,2017-04-17,2017-04-25,56.0,technolgy,1980-01-01,7708.38,13756.0,United States,MG,55.0,Cara Losch,East
GET2JILL,Wilburn Farren,MG Advanced,The New York Inquirer,Won,2017-04-17,2017-04-23,3490.0,medical,1996-01-01,439.21,792.0,United States,MG,3393.0,Cara Losch,East
Q22714T0,Anna Snelling,MG Special,Betatech,Lost,2017-04-18,2017-04-24,0.0,medical,1986-01-01,647.18,1185.0,Kenya,MG,55.0,Dustin Brinkmann,Central
FCGE8U5M,Anna Snelling,MG Special,Betatech,Won,2017-04-18,2017-04-25,51.0,medical,1986-01-01,647.18,1185.0,Kenya,MG,55.0,Dustin Brinkmann,Central
ROQBT7TM,Anna Snelling,MG Special,Condax,Won,2017-04-18,2017-06-20,54.0,medical,2017-01-01,4.54,9.0,United States,MG,55.0,Dustin Brinkmann,Central
WLFLY0BD,Anna Snelling,MG Special,Conecom,Won,2017-04-18,2017-04-27,56.0,technolgy,2005-01-01,1520.66,1806.0,United States,MG,55.0,Dustin Brinkmann,Central
JR7SC0S2,Cassey Cress,MG Advanced,Gekko & Co,Won,2017-04-18,2017-08-04,3808.0,retail,1990-01-01,2520.83,3502.0,United States,MG,3393.0,Rocco Neubert,East
MFGCEDXE,Corliss Cosme,GTX Plus Pro,Yearin,Lost,2017-04-18,2017-05-04,0.0,retail,2005-01-01,2261.05,3851.0,United States,GTX,5482.0,Cara Losch,East
Y9Y4TXD9,Corliss Cosme,MG Advanced,Konex,Won,2017-04-18,2017-05-03,3041.0,technolgy,1980-01-01,7708.38,13756.0,United States,MG,3393.0,Cara Losch,East
ZKOGIB6R,Donn Cantrell,GTX Basic,Xx-zobam,Lost,2017-04-18,2017-04-25,0.0,entertainment,1989-01-01,3838.39,8274.0,United States,GTX,550.0,Rocco Neubert,East
DJMPI9TO,Elease Gluck,GTK 500,Xx-zobam,Engaging,2017-04-18,,,entertainment,1989-01-01,3838.39,8274.0,United States,GTK,26768.0,Celia Rouche,West
Z353E8FR,Garret Kinder,MG Advanced,Condax,Lost,2017-04-18,2017-04-30,0.0,medical,2017-01-01,4.54,9.0,United States,MG,3393.0,Cara Losch,East
5SYJS0HS,Hayden Neloms,GTX Plus Pro,Goodsilron,Lost,2017-04-18,2017-04-23,0.0,marketing,2000-01-01,2952.73,5107.0,United States,GTX,5482.0,Celia Rouche,West
UXOQQR39,James Ascencio,GTX Plus Basic,Golddex,Lost,2017-04-18,2017-04-20,0.0,finance,2008-01-01,52.5,165.0,United States,GTX,1096.0,Summer Sewald,West
J5DF2ZO1,James Ascencio,MG Special,Kan-code,Won,2017-04-18,2017-04-29,44.0,software,1982-01-01,11698.03,34288.0,United States,MG,55.0,Summer Sewald,West
HGF361RQ,Kami Bicknell,GTX Plus Pro,Xx-holding,Lost,2017-04-18,2017-04-24,0.0,finance,1993-01-01,7537.24,20293.0,United States,GTX,5482.0,Summer Sewald,West
9B8SPYAF,Kami Bicknell,GTX Basic,Doncon,Won,2017-04-18,2017-04-24,552.0,technolgy,2010-01-01,587.72,1501.0,United States,GTX,550.0,Summer Sewald,West
BYF6ABTZ,Kary Hendrixson,GTX Plus Pro,Opentech,Engaging,2017-04-18,,,finance,1994-01-01,355.23,853.0,United States,GTX,5482.0,Summer Sewald,West
VTLI5HIE,Kary Hendrixson,GTX Basic,Newex,Won,2017-04-18,2017-04-26,474.0,services,1991-01-01,1012.72,3492.0,Germany,GTX,550.0,Summer Sewald,West
N60UJ28O,Kary Hendrixson,GTX Plus Basic,Xx-holding,Won,2017-04-18,2017-04-22,1158.0,finance,1993-01-01,7537.24,20293.0,United States,GTX,1096.0,Summer Sewald,West
R102IPTH,Kary Hendrixson,GTX Plus Pro,Faxquote,Won,2017-04-18,2017-04-19,5839.0,telecommunications,1995-01-01,1825.82,5595.0,United States,GTX,5482.0,Summer Sewald,West
NHE1CETW,Lajuana Vencill,GTX Plus Basic,Genco Pura Olive Oil Company,Lost,2017-04-18,2017-04-26,0.0,retail,2007-01-01,894.33,1635.0,Italy,GTX,1096.0,Dustin Brinkmann,Central
1O1GVZEU,Markita Hansen,GTX Basic,Cheers,Won,2017-04-18,2017-06-04,561.0,entertainment,1993-01-01,4269.9,6472.0,United States,GTX,550.0,Celia Rouche,West
2OQB2KPY,Maureen Marcano,GTX Plus Basic,Finjob,Lost,2017-04-18,2017-04-22,0.0,employment,1988-01-01,2059.9,3644.0,United States,GTX,1096.0,Summer Sewald,West
KK4VW0ZM,Niesha Huffines,MG Advanced,Ron-tech,Lost,2017-04-18,2017-05-22,0.0,medical,1992-01-01,3922.42,6837.0,United States,MG,3393.0,Melvin Marxen,Central
JHLG51ZI,Niesha Huffines,MG Advanced,Inity,Won,2017-04-18,2017-04-19,3392.0,marketing,1986-01-01,2403.58,8801.0,United States,MG,3393.0,Melvin Marxen,Central
MMVHAEI3,Zane Levy,MG Advanced,Rantouch,Lost,2017-04-18,2017-04-25,0.0,telecommunications,1994-01-01,1188.42,3015.0,United States,MG,3393.0,Summer Sewald,West
PGRIPWHY,Zane Levy,GTX Plus Pro,Sonron,Won,2017-04-18,2017-04-25,5853.0,telecommunications,1999-01-01,1699.85,5108.0,United States,GTX,5482.0,Summer Sewald,West
0VXUZU7P,Anna Snelling,MG Special,Scottech,Won,2017-04-19,2017-04-25,49.0,marketing,2012-01-01,45.39,100.0,United States,MG,55.0,Dustin Brinkmann,Central
7B21SGQ8,Boris Faz,GTX Plus Basic,Gekko & Co,Won,2017-04-19,2017-04-29,1080.0,retail,1990-01-01,2520.83,3502.0,United States,GTX,1096.0,Rocco Neubert,East
I6TVFB6J,Cecily Lampkin,GTX Basic,Genco Pura Olive Oil Company,Lost,2017-04-19,2017-04-28,0.0,retail,2007-01-01,894.33,1635.0,Italy,GTX,550.0,Dustin Brinkmann,Central
PHAFVDFO,Cecily Lampkin,MG Special,Konmatfix,Won,2017-04-19,2017-04-20,55.0,marketing,1985-01-01,375.43,1190.0,United States,MG,55.0,Dustin Brinkmann,Central
I6O855AE,Daniell Hammack,GTX Plus Basic,Acme Corporation,Won,2017-04-19,2017-05-22,1282.0,technolgy,1996-01-01,1100.04,2822.0,United States,GTX,1096.0,Rocco Neubert,East
OUIK8VX3,Elease Gluck,GTK 500,Lexiqvolax,Won,2017-04-19,2017-04-20,23746.0,medical,2004-01-01,1618.89,3889.0,United States,GTK,26768.0,Celia Rouche,West
RYO875D0,Garret Kinder,GTX Basic,Massive Dynamic,Lost,2017-04-19,2017-04-28,0.0,entertainment,1989-01-01,665.06,1095.0,United States,GTX,550.0,Cara Losch,East
O5S6WEM7,James Ascencio,GTX Basic,Doncon,Lost,2017-04-19,2017-05-01,0.0,technolgy,2010-01-01,587.72,1501.0,United States,GTX,550.0,Summer Sewald,West
DJ2FHO68,Kami Bicknell,GTX Basic,Golddex,Lost,2017-04-19,2017-08-16,0.0,finance,2008-01-01,52.5,165.0,United States,GTX,550.0,Summer Sewald,West
5LHNRZD3,Lajuana Vencill,MG Advanced,Streethex,Lost,2017-04-19,2017-04-21,0.0,retail,1988-01-01,1376.8,1165.0,Belgium,MG,3393.0,Dustin Brinkmann,Central
URIKPDOJ,Maureen Marcano,GTX Plus Basic,Cheers,Lost,2017-04-19,2017-04-27,0.0,entertainment,1993-01-01,4269.9,6472.0,United States,GTX,1096.0,Summer Sewald,West
U1J4YN0I,Niesha Huffines,GTX Basic,Cancity,Lost,2017-04-19,2017-04-21,0.0,retail,2001-01-01,718.62,2448.0,United States,GTX,550.0,Melvin Marxen,Central
QBUJF4I7,Reed Clapper,MG Special,Opentech,Lost,2017-04-19,2017-04-20,0.0,finance,1994-01-01,355.23,853.0,United States,MG,55.0,Rocco Neubert,East
99QIJAAP,Reed Clapper,MG Special,Opentech,Won,2017-04-19,2017-04-27,61.0,finance,1994-01-01,355.23,853.0,United States,MG,55.0,Rocco Neubert,East
K127AFNP,Rosalina Dieter,MG Special,J-Texon,Lost,2017-04-19,2017-04-30,0.0,retail,1989-01-01,1388.67,3583.0,United States,MG,55.0,Celia Rouche,West
4K7PRO1B,Rosalina Dieter,GTX Basic,Goodsilron,Won,2017-04-19,2017-04-28,600.0,marketing,2000-01-01,2952.73,5107.0,United States,GTX,550.0,Celia Rouche,West
AYB7DWUH,Rosie Papadopoulos,GTX Plus Pro,Opentech,Won,2017-04-19,2017-04-20,5805.0,finance,1994-01-01,355.23,853.0,United States,GTX,5482.0,Cara Losch,East
6CKXLPAR,Versie Hillebrand,MG Special,Hottechi,Won,2017-04-19,2017-06-27,58.0,technolgy,1997-01-01,8170.38,16499.0,Korea,MG,55.0,Dustin Brinkmann,Central
FQ2F717F,Versie Hillebrand,MG Special,Scottech,Won,2017-04-19,2017-08-03,52.0,marketing,2012-01-01,45.39,100.0,United States,MG,55.0,Dustin Brinkmann,Central
2SBP68CP,Violet Mclelland,MG Special,Gekko & Co,Lost,2017-04-19,2017-04-21,0.0,retail,1990-01-01,2520.83,3502.0,United States,MG,55.0,Cara Losch,East
S2MSQIXP,Zane Levy,GTX Basic,Hottechi,Engaging,2017-04-19,,,technolgy,1997-01-01,8170.38,16499.0,Korea,GTX,550.0,Summer Sewald,West
LPGOTIM2,Boris Faz,MG Special,Silis,Won,2017-04-20,2017-06-16,55.0,medical,1994-01-01,2818.38,6290.0,United States,MG,55.0,Rocco Neubert,East
LW8485Y2,Cassey Cress,GTX Plus Basic,Acme Corporation,Won,2017-04-20,2017-08-10,1161.0,technolgy,1996-01-01,1100.04,2822.0,United States,GTX,1096.0,Rocco Neubert,East
4LLWRSBJ,Cassey Cress,MG Special,Donquadtech,Won,2017-04-20,2017-04-22,59.0,technolgy,1992-01-01,1712.68,3194.0,United States,MG,55.0,Rocco Neubert,East
YYJILFBU,Corliss Cosme,GTX Plus Pro,Plussunin,Lost,2017-04-20,2017-05-01,0.0,retail,2003-01-01,1419.98,4018.0,United States,GTX,5482.0,Cara Losch,East
AWVSWBQV,Daniell Hammack,GTX Basic,Ontomedia,Lost,2017-04-20,2017-04-22,0.0,employment,1997-01-01,882.12,2769.0,United States,GTX,550.0,Rocco Neubert,East
5QD09R7U,Darcel Schlecht,GTX Basic,Rundofase,Won,2017-04-20,2017-04-28,549.0,technolgy,1983-01-01,1008.06,1238.0,United States,GTX,550.0,Melvin Marxen,Central
ETISD84I,Donn Cantrell,GTX Plus Basic,Zathunicon,Lost,2017-04-20,2017-04-24,0.0,retail,2010-01-01,71.12,144.0,United States,GTX,1096.0,Rocco Neubert,East
K0T5LJ3E,Elease Gluck,GTK 500,Plexzap,Won,2017-04-20,2017-06-28,24949.0,retail,2001-01-01,2437.85,4874.0,United States,GTK,26768.0,Celia Rouche,West
D5YLWCFW,Gladys Colclough,GTX Plus Basic,Genco Pura Olive Oil Company,Lost,2017-04-20,2017-05-02,0.0,retail,2007-01-01,894.33,1635.0,Italy,GTX,1096.0,Melvin Marxen,Central
T7MVQ9SX,James Ascencio,GTX Plus Pro,Fasehatice,Won,2017-04-20,2017-05-02,4985.0,retail,1990-01-01,4968.91,7523.0,United States,GTX,5482.0,Summer Sewald,West
GTEFJL6U,Jonathan Berthelot,GTX Basic,Toughzap,Lost,2017-04-20,2017-04-22,0.0,retail,1995-01-01,332.43,799.0,United States,GTX,550.0,Melvin Marxen,Central
D7MYDHMF,Jonathan Berthelot,GTX Basic,Conecom,Won,2017-04-20,2017-04-29,657.0,technolgy,2005-01-01,1520.66,1806.0,United States,GTX,550.0,Melvin Marxen,Central
XAE858UJ,Jonathan Berthelot,GTX Basic,Streethex,Won,2017-04-20,2017-06-30,628.0,retail,1988-01-01,1376.8,1165.0,Belgium,GTX,550.0,Melvin Marxen,Central
WTCU9X9M,Jonathan Berthelot,GTX Plus Basic,Conecom,Won,2017-04-20,2017-06-15,1183.0,technolgy,2005-01-01,1520.66,1806.0,United States,GTX,1096.0,Melvin Marxen,Central
0IF5FH68,Jonathan Berthelot,GTX Plus Pro,Domzoom,Won,2017-04-20,2017-08-03,5203.0,entertainment,1998-01-01,217.87,551.0,United States,GTX,5482.0,Melvin Marxen,Central
QUGPSHY8,Jonathan Berthelot,MG Special,Gogozoom,Won,2017-04-20,2017-04-27,56.0,telecommunications,2007-01-01,86.68,187.0,United States,MG,55.0,Melvin Marxen,Central
QNFO4GX8,Kami Bicknell,GTX Basic,Blackzim,Won,2017-04-20,2017-04-28,502.0,retail,2009-01-01,497.11,1588.0,United States,GTX,550.0,Summer Sewald,West
H1NFMTJ4,Kary Hendrixson,GTX Basic,Xx-holding,Won,2017-04-20,2017-06-25,527.0,finance,1993-01-01,7537.24,20293.0,United States,GTX,550.0,Summer Sewald,West
AUJ21SKT,Markita Hansen,MG Special,Xx-holding,Lost,2017-04-20,2017-04-21,0.0,finance,1993-01-01,7537.24,20293.0,United States,MG,55.0,Celia Rouche,West
XIXNILOP,Marty Freudenburg,MG Special,Finhigh,Won,2017-04-20,2017-04-28,64.0,finance,2006-01-01,1102.43,1759.0,United States,MG,55.0,Melvin Marxen,Central
M645P7NW,Maureen Marcano,GTX Basic,Scotfind,Won,2017-04-20,2017-04-27,579.0,software,1996-01-01,6354.87,16780.0,United States,GTX,550.0,Summer Sewald,West
UPAGB68Z,Maureen Marcano,GTX Plus Pro,Lexiqvolax,Won,2017-04-20,2017-04-30,5958.0,medical,2004-01-01,1618.89,3889.0,United States,GTX,5482.0,Summer Sewald,West
H5662N5X,Moses Frase,GTX Basic,Inity,Lost,2017-04-20,2017-04-22,0.0,marketing,1986-01-01,2403.58,8801.0,United States,GTX,550.0,Dustin Brinkmann,Central
07BT6PBZ,Moses Frase,MG Special,Treequote,Won,2017-04-20,2017-05-02,58.0,telecommunications,1988-01-01,5266.09,8595.0,United States,MG,55.0,Dustin Brinkmann,Central
N7FJ13VQ,Reed Clapper,GTX Plus Basic,Plussunin,Lost,2017-04-20,2017-04-21,0.0,retail,2003-01-01,1419.98,4018.0,United States,GTX,1096.0,Rocco Neubert,East
9UYDTR0R,Reed Clapper,GTX Plus Pro,Vehement Capital Partners,Lost,2017-04-20,2017-04-27,0.0,finance,1993-01-01,646.1,883.0,United States,GTX,5482.0,Rocco Neubert,East
JOLRMB6X,Rosie Papadopoulos,GTX Plus Basic,Betasoloin,Won,2017-04-20,2017-06-24,1036.0,medical,1999-01-01,251.41,495.0,United States,GTX,1096.0,Cara Losch,East
K8DHOJWM,Versie Hillebrand,GTX Plus Pro,Genco Pura Olive Oil Company,Won,2017-04-20,2017-04-27,4878.0,retail,2007-01-01,894.33,1635.0,Italy,GTX,5482.0,Dustin Brinkmann,Central
NKBIYNK5,Vicki Laflamme,GTX Basic,Faxquote,Lost,2017-04-20,2017-04-28,0.0,telecommunications,1995-01-01,1825.82,5595.0,United States,GTX,550.0,Celia Rouche,West
8MXI6J6N,Anna Snelling,GTX Plus Basic,Streethex,Lost,2017-04-21,2017-05-05,0.0,retail,1988-01-01,1376.8,1165.0,Belgium,GTX,1096.0,Dustin Brinkmann,Central
HRLYABOS,Cassey Cress,GTX Plus Basic,Bubba Gump,Won,2017-04-21,2017-08-21,1033.0,software,2002-01-01,987.39,2253.0,United States,GTX,1096.0,Rocco Neubert,East
BTLXFPUB,Daniell Hammack,GTX Plus Pro,Zathunicon,Won,2017-04-21,2017-06-12,5343.0,retail,2010-01-01,71.12,144.0,United States,GTX,5482.0,Rocco Neubert,East
W7GVZL28,Darcel Schlecht,GTX Plus Basic,Conecom,Lost,2017-04-21,2017-04-30,0.0,technolgy,2005-01-01,1520.66,1806.0,United States,GTX,1096.0,Melvin Marxen,Central
HBXLK0B6,Darcel Schlecht,MG Advanced,Finhigh,Won,2017-04-21,2017-04-26,3269.0,finance,2006-01-01,1102.43,1759.0,United States,MG,3393.0,Melvin Marxen,Central
PZ6TGFY6,Donn Cantrell,GTX Basic,Silis,Lost,2017-04-21,2017-05-07,0.0,medical,1994-01-01,2818.38,6290.0,United States,GTX,550.0,Rocco Neubert,East
8W206MO5,Garret Kinder,GTX Plus Pro,Mathtouch,Won,2017-04-21,2017-06-12,4908.0,marketing,1984-01-01,3027.46,9516.0,Jordan,GTX,5482.0,Cara Losch,East
Z9SY11HK,Hayden Neloms,MG Advanced,Labdrill,Won,2017-04-21,2017-04-30,3303.0,medical,1985-01-01,2741.37,9226.0,United States,MG,3393.0,Celia Rouche,West
6YIW81M9,Jonathan Berthelot,MG Advanced,dambase,Lost,2017-04-21,2017-04-22,0.0,marketing,1995-01-01,2173.98,2928.0,United States,MG,3393.0,Melvin Marxen,Central
0XI051FP,Jonathan Berthelot,MG Advanced,Ron-tech,Lost,2017-04-21,2017-05-02,0.0,medical,1992-01-01,3922.42,6837.0,United States,MG,3393.0,Melvin Marxen,Central
TBPGQYF8,Jonathan Berthelot,MG Special,Streethex,Won,2017-04-21,2017-04-22,55.0,retail,1988-01-01,1376.8,1165.0,Belgium,MG,55.0,Melvin Marxen,Central
7CC38V2J,Kami Bicknell,GTX Basic,Lexiqvolax,Won,2017-04-21,2017-06-29,531.0,medical,2004-01-01,1618.89,3889.0,United States,GTX,550.0,Summer Sewald,West
PC2V729V,Kami Bicknell,GTX Basic,Newex,Won,2017-04-21,2017-05-04,557.0,services,1991-01-01,1012.72,3492.0,Germany,GTX,550.0,Summer Sewald,West
7AOZ2F9R,Lajuana Vencill,GTX Basic,Hottechi,Won,2017-04-21,2017-06-12,489.0,technolgy,1997-01-01,8170.38,16499.0,Korea,GTX,550.0,Dustin Brinkmann,Central
7I7BZHHT,Marty Freudenburg,MG Advanced,Scottech,Lost,2017-04-21,2017-05-29,0.0,marketing,2012-01-01,45.39,100.0,United States,MG,3393.0,Melvin Marxen,Central
79DYTU8Y,Moses Frase,MG Special,Streethex,Won,2017-04-21,2017-05-06,60.0,retail,1988-01-01,1376.8,1165.0,Belgium,MG,55.0,Dustin Brinkmann,Central
V4HYSJS2,Reed Clapper,MG Advanced,Betasoloin,Won,2017-04-21,2017-06-04,2887.0,medical,1999-01-01,251.41,495.0,United States,MG,3393.0,Rocco Neubert,East
1L6M83Q5,Reed Clapper,MG Advanced,Donware,Won,2017-04-21,2017-05-02,3214.0,marketing,1999-01-01,1197.44,2570.0,United States,MG,3393.0,Rocco Neubert,East
FVGRGJU8,Rosie Papadopoulos,MG Advanced,Betatech,Engaging,2017-04-21,,,medical,1986-01-01,647.18,1185.0,Kenya,MG,3393.0,Cara Losch,East
POFA8BWL,Rosie Papadopoulos,MG Advanced,Acme Corporation,Won,2017-04-21,2017-04-23,3850.0,technolgy,1996-01-01,1100.04,2822.0,United States,MG,3393.0,Cara Losch,East
AKXBF6IQ,Versie Hillebrand,MG Special,Gogozoom,Won,2017-04-21,2017-06-09,54.0,telecommunications,2007-01-01,86.68,187.0,United States,MG,55.0,Dustin Brinkmann,Central
VD94D677,Vicki Laflamme,MG Special,Groovestreet,Lost,2017-04-21,2017-04-29,0.0,retail,2003-01-01,223.8,299.0,United States,MG,55.0,Celia Rouche,West
Z2M1XXEK,Wilburn Farren,GTX Plus Pro,Iselectrics,Won,2017-04-21,2017-04-22,6263.0,technolgy,2011-01-01,527.11,1428.0,United States,GTX,5482.0,Cara Losch,East
OI6UHCTN,Zane Levy,GTX Basic,Blackzim,Won,2017-04-21,2017-04-23,570.0,retail,2009-01-01,497.11,1588.0,United States,GTX,550.0,Summer Sewald,West
JV6PZSN6,Boris Faz,GTX Plus Pro,Donquadtech,Lost,2017-04-22,2017-04-29,0.0,technolgy,1992-01-01,1712.68,3194.0,United States,GTX,5482.0,Rocco Neubert,East
MJF4D19K,Darcel Schlecht,GTX Plus Pro,Streethex,Won,2017-04-22,2017-04-29,5858.0,retail,1988-01-01,1376.8,1165.0,Belgium,GTX,5482.0,Melvin Marxen,Central
GC4YH9D0,Jonathan Berthelot,GTX Basic,Inity,Won,2017-04-22,2017-08-12,570.0,marketing,1986-01-01,2403.58,8801.0,United States,GTX,550.0,Melvin Marxen,Central
2ZUL1AAV,Kary Hendrixson,MG Advanced,Fasehatice,Lost,2017-04-22,2017-04-29,0.0,retail,1990-01-01,4968.91,7523.0,United States,MG,3393.0,Summer Sewald,West
8CUN8O4Z,Kary Hendrixson,GTX Basic,Y-corporation,Won,2017-04-22,2017-04-30,500.0,employment,1983-01-01,2871.35,9561.0,United States,GTX,550.0,Summer Sewald,West
AMX2BM39,Kary Hendrixson,MG Advanced,Kan-code,Won,2017-04-22,2017-04-23,3546.0,software,1982-01-01,11698.03,34288.0,United States,MG,3393.0,Summer Sewald,West
FK3NS3EW,Markita Hansen,GTX Basic,Dalttechnology,Won,2017-04-22,2017-04-30,525.0,software,2013-01-01,98.79,96.0,United States,GTX,550.0,Celia Rouche,West
3AB31BUU,Moses Frase,GTX Plus Basic,Conecom,Won,2017-04-22,2017-04-27,1024.0,technolgy,2005-01-01,1520.66,1806.0,United States,GTX,1096.0,Dustin Brinkmann,Central
ZQ7TYNUV,Niesha Huffines,GTX Plus Pro,Streethex,Won,2017-04-22,2017-04-30,6384.0,retail,1988-01-01,1376.8,1165.0,Belgium,GTX,5482.0,Melvin Marxen,Central
2PCPSBP9,Reed Clapper,GTX Basic,Acme Corporation,Lost,2017-04-22,2017-05-08,0.0,technolgy,1996-01-01,1100.04,2822.0,United States,GTX,550.0,Rocco Neubert,East
E223LSRZ,Reed Clapper,GTX Basic,Donware,Won,2017-04-22,2017-06-24,587.0,marketing,1999-01-01,1197.44,2570.0,United States,GTX,550.0,Rocco Neubert,East
SW75F1Q1,Rosalina Dieter,MG Special,Labdrill,Won,2017-04-22,2017-04-28,55.0,medical,1985-01-01,2741.37,9226.0,United States,MG,55.0,Celia Rouche,West
0Z6MNUF2,Rosalina Dieter,MG Advanced,Y-corporation,Won,2017-04-22,2017-04-30,3242.0,employment,1983-01-01,2871.35,9561.0,United States,MG,3393.0,Celia Rouche,West
HWD8ELR9,Versie Hillebrand,GTX Plus Pro,Zumgoity,Won,2017-04-22,2017-05-26,5558.0,medical,1984-01-01,441.08,1210.0,United States,GTX,5482.0,Dustin Brinkmann,Central
9FWCMMM3,Vicki Laflamme,MG Advanced,Hottechi,Won,2017-04-22,2017-04-29,3661.0,technolgy,1997-01-01,8170.38,16499.0,Korea,MG,3393.0,Celia Rouche,West
NCL2AJUL,Anna Snelling,MG Special,Globex Corporation,Lost,2017-04-23,2017-08-26,0.0,technolgy,2000-01-01,1223.72,2497.0,Norway,MG,55.0,Dustin Brinkmann,Central
NZPZ87IX,Cassey Cress,GTX Basic,Ganjaflex,Lost,2017-04-23,2017-04-30,0.0,retail,1995-01-01,5158.71,17479.0,Japan,GTX,550.0,Rocco Neubert,East
SDJDM8RI,Cassey Cress,MG Advanced,Umbrella Corporation,Lost,2017-04-23,2017-08-20,0.0,finance,1998-01-01,2022.14,5113.0,United States,MG,3393.0,Rocco Neubert,East
I18DIO6O,Corliss Cosme,GTX Plus Pro,Zotware,Won,2017-04-23,2017-04-24,5780.0,software,1979-01-01,4478.47,13809.0,United States,GTX,5482.0,Cara Losch,East
AT6SDVJ5,Donn Cantrell,GTX Plus Basic,Ganjaflex,Lost,2017-04-23,2017-08-26,0.0,retail,1995-01-01,5158.71,17479.0,Japan,GTX,1096.0,Rocco Neubert,East
UO6R0X7G,Elease Gluck,MG Special,Goodsilron,Lost,2017-04-23,2017-05-04,0.0,marketing,2000-01-01,2952.73,5107.0,United States,MG,55.0,Celia Rouche,West
PC38XXQN,Elease Gluck,MG Advanced,Blackzim,Lost,2017-04-23,2017-08-01,0.0,retail,2009-01-01,497.11,1588.0,United States,MG,3393.0,Celia Rouche,West
7EBT21IA,Gladys Colclough,GTX Basic,Betatech,Won,2017-04-23,2017-04-24,560.0,medical,1986-01-01,647.18,1185.0,Kenya,GTX,550.0,Melvin Marxen,Central
MCRDLBIE,James Ascencio,MG Special,Newex,Won,2017-04-23,2017-06-11,45.0,services,1991-01-01,1012.72,3492.0,Germany,MG,55.0,Summer Sewald,West
JW4K9O5H,Kami Bicknell,GTX Plus Basic,Konex,Lost,2017-04-23,2017-04-25,0.0,technolgy,1980-01-01,7708.38,13756.0,United States,GTX,1096.0,Summer Sewald,West
FX54MQFC,Kami Bicknell,GTX Basic,Golddex,Won,2017-04-23,2017-04-24,592.0,finance,2008-01-01,52.5,165.0,United States,GTX,550.0,Summer Sewald,West
A2C5O4EN,Kary Hendrixson,GTX Basic,Doncon,Won,2017-04-23,2017-04-29,529.0,technolgy,2010-01-01,587.72,1501.0,United States,GTX,550.0,Summer Sewald,West
GM6C1UK3,Lajuana Vencill,GTX Plus Pro,Streethex,Lost,2017-04-23,2017-05-02,0.0,retail,1988-01-01,1376.8,1165.0,Belgium,GTX,5482.0,Dustin Brinkmann,Central
6VET70WX,Lajuana Vencill,GTX Basic,Bioholding,Won,2017-04-23,2017-06-15,518.0,medical,2012-01-01,587.34,1356.0,Philipines,GTX,550.0,Dustin Brinkmann,Central
UQO59R6N,Lajuana Vencill,MG Special,Warephase,Won,2017-04-23,2017-08-11,52.0,services,1997-01-01,2041.73,5276.0,United States,MG,55.0,Dustin Brinkmann,Central
HEOTZFII,Markita Hansen,MG Special,Labdrill,Lost,2017-04-23,2017-04-24,0.0,medical,1985-01-01,2741.37,9226.0,United States,MG,55.0,Celia Rouche,West
8V4PEF5D,Moses Frase,MG Special,Funholding,Won,2017-04-23,2017-06-25,51.0,finance,1991-01-01,2819.5,7227.0,United States,MG,55.0,Dustin Brinkmann,Central
7RJMI3GC,Niesha Huffines,GTX Basic,Genco Pura Olive Oil Company,Won,2017-04-23,2017-04-24,554.0,retail,2007-01-01,894.33,1635.0,Italy,GTX,550.0,Melvin Marxen,Central
3EGE42CM,Reed Clapper,MG Advanced,Ontomedia,Lost,2017-04-23,2017-04-24,0.0,employment,1997-01-01,882.12,2769.0,United States,MG,3393.0,Rocco Neubert,East
APWT2PFU,Rosalina Dieter,MG Special,Blackzim,Won,2017-04-23,2017-04-30,59.0,retail,2009-01-01,497.11,1588.0,United States,MG,55.0,Celia Rouche,West
SUT0ZGFM,Rosie Papadopoulos,MG Advanced,Initech,Lost,2017-04-23,2017-05-06,0.0,telecommunications,1994-01-01,6395.05,20275.0,United States,MG,3393.0,Cara Losch,East
PTCP8RP4,Versie Hillebrand,MG Special,Zumgoity,Lost,2017-04-23,2017-05-05,0.0,medical,1984-01-01,441.08,1210.0,United States,MG,55.0,Dustin Brinkmann,Central
QRFKRSKS,Versie Hillebrand,MG Advanced,Dontechi,Lost,2017-04-23,2017-08-06,0.0,software,1982-01-01,4618.0,10083.0,United States,MG,3393.0,Dustin Brinkmann,Central
DSIX9DGZ,Vicki Laflamme,MG Special,Newex,Lost,2017-04-23,2017-04-30,0.0,services,1991-01-01,1012.72,3492.0,Germany,MG,55.0,Celia Rouche,West
64WCPKZ1,Violet Mclelland,GTX Plus Pro,Xx-zobam,Won,2017-04-23,2017-05-08,5813.0,entertainment,1989-01-01,3838.39,8274.0,United States,GTX,5482.0,Cara Losch,East
LITG1BL1,Zane Levy,GTX Plus Pro,Xx-holding,Lost,2017-04-23,2017-04-28,0.0,finance,1993-01-01,7537.24,20293.0,United States,GTX,5482.0,Summer Sewald,West
7FKONHLX,Anna Snelling,MG Special,Ron-tech,Won,2017-04-24,2017-04-25,62.0,medical,1992-01-01,3922.42,6837.0,United States,MG,55.0,Dustin Brinkmann,Central
SLP4PTFK,Darcel Schlecht,GTX Plus Basic,Konmatfix,Won,2017-04-24,2017-05-06,1020.0,marketing,1985-01-01,375.43,1190.0,United States,GTX,1096.0,Melvin Marxen,Central
X3S5O9LJ,Darcel Schlecht,GTX Plus Pro,Domzoom,Won,2017-04-24,2017-04-29,5029.0,entertainment,1998-01-01,217.87,551.0,United States,GTX,5482.0,Melvin Marxen,Central
QGBMWIO6,Garret Kinder,GTX Basic,Zotware,Lost,2017-04-24,2017-05-06,0.0,software,1979-01-01,4478.47,13809.0,United States,GTX,550.0,Cara Losch,East
GWRN1R49,James Ascencio,MG Advanced,Scotfind,Won,2017-04-24,2017-05-05,3042.0,software,1996-01-01,6354.87,16780.0,United States,MG,3393.0,Summer Sewald,West
Q0KYIEKA,Jonathan Berthelot,GTX Basic,Globex Corporation,Won,2017-04-24,2017-04-26,580.0,technolgy,2000-01-01,1223.72,2497.0,Norway,GTX,550.0,Melvin Marxen,Central
2K7R3QHZ,Kary Hendrixson,GTX Basic,Nam-zim,Won,2017-04-24,2017-09-03,616.0,services,1987-01-01,405.59,1179.0,Brazil,GTX,550.0,Summer Sewald,West
WUWOHRX2,Markita Hansen,GTX Plus Basic,J-Texon,Won,2017-04-24,2017-04-29,788.0,retail,1989-01-01,1388.67,3583.0,United States,GTX,1096.0,Celia Rouche,West
2OPR77CI,Maureen Marcano,GTX Basic,Kan-code,Lost,2017-04-24,2017-04-26,0.0,software,1982-01-01,11698.03,34288.0,United States,GTX,550.0,Summer Sewald,West
1VIKWVHD,Vicki Laflamme,GTX Basic,Green-Plus,Lost,2017-04-24,2017-08-10,0.0,services,2003-01-01,692.19,1922.0,United States,GTX,550.0,Celia Rouche,West
UOXKC4UG,Violet Mclelland,MG Advanced,Bioplex,Won,2017-04-24,2017-08-04,2981.0,medical,1991-01-01,326.82,1016.0,United States,MG,3393.0,Cara Losch,East
RDF2R9F8,Zane Levy,GTX Basic,Finjob,Lost,2017-04-24,2017-04-30,0.0,employment,1988-01-01,2059.9,3644.0,United States,GTX,550.0,Summer Sewald,West
196BHHOS,Zane Levy,GTX Plus Pro,Green-Plus,Lost,2017-04-24,2017-04-27,0.0,services,2003-01-01,692.19,1922.0,United States,GTX,5482.0,Summer Sewald,West
EYZ1MNSS,Boris Faz,GTX Basic,Zencorporation,Won,2017-04-25,2017-04-27,560.0,technolgy,2011-01-01,40.79,142.0,China,GTX,550.0,Rocco Neubert,East
KFVI73X6,Cassey Cress,MG Advanced,Donquadtech,Won,2017-04-25,2017-05-10,3844.0,technolgy,1992-01-01,1712.68,3194.0,United States,MG,3393.0,Rocco Neubert,East
88R4UBAN,Corliss Cosme,GTX Basic,Bluth Company,Won,2017-04-25,2017-05-06,562.0,technolgy,1993-01-01,1242.32,3027.0,United States,GTX,550.0,Cara Losch,East
08EX3XKE,Daniell Hammack,MG Special,The New York Inquirer,Won,2017-04-25,2017-05-01,51.0,medical,1996-01-01,439.21,792.0,United States,MG,55.0,Rocco Neubert,East
4DK84UMX,Darcel Schlecht,GTX Plus Basic,Finhigh,Won,2017-04-25,2017-06-20,984.0,finance,2006-01-01,1102.43,1759.0,United States,GTX,1096.0,Melvin Marxen,Central
2L8LJJRJ,James Ascencio,GTX Basic,Faxquote,Lost,2017-04-25,2017-08-03,0.0,telecommunications,1995-01-01,1825.82,5595.0,United States,GTX,550.0,Summer Sewald,West
7KU6B599,Lajuana Vencill,GTX Basic,Hottechi,Lost,2017-04-25,2017-08-16,0.0,technolgy,1997-01-01,8170.38,16499.0,Korea,GTX,550.0,Dustin Brinkmann,Central
PNBSQPBR,Marty Freudenburg,MG Advanced,Konmatfix,Lost,2017-04-25,2017-05-02,0.0,marketing,1985-01-01,375.43,1190.0,United States,MG,3393.0,Melvin Marxen,Central
S87Y1DOY,Maureen Marcano,GTX Plus Basic,Y-corporation,Won,2017-04-25,2017-04-26,1113.0,employment,1983-01-01,2871.35,9561.0,United States,GTX,1096.0,Summer Sewald,West
EUE812O3,Niesha Huffines,GTX Plus Pro,Treequote,Won,2017-04-25,2017-05-11,6039.0,telecommunications,1988-01-01,5266.09,8595.0,United States,GTX,5482.0,Melvin Marxen,Central
OBE9NAIO,Reed Clapper,GTX Basic,Massive Dynamic,Won,2017-04-25,2017-06-04,538.0,entertainment,1989-01-01,665.06,1095.0,United States,GTX,550.0,Rocco Neubert,East
7CTCDP9S,Versie Hillebrand,MG Advanced,Globex Corporation,Lost,2017-04-25,2017-04-27,0.0,technolgy,2000-01-01,1223.72,2497.0,Norway,MG,3393.0,Dustin Brinkmann,Central
QRW4NKCY,Zane Levy,GTX Basic,Labdrill,Lost,2017-04-25,2017-08-07,0.0,medical,1985-01-01,2741.37,9226.0,United States,GTX,550.0,Summer Sewald,West
RD0L0NJG,Zane Levy,GTX Basic,Rantouch,Won,2017-04-25,2017-04-27,464.0,telecommunications,1994-01-01,1188.42,3015.0,United States,GTX,550.0,Summer Sewald,West
PEPOKEFV,Anna Snelling,GTX Plus Basic,Cancity,Lost,2017-04-26,2017-08-01,0.0,retail,2001-01-01,718.62,2448.0,United States,GTX,1096.0,Dustin Brinkmann,Central
M16WB7N8,Anna Snelling,GTX Plus Pro,Warephase,Lost,2017-04-26,2017-08-01,0.0,services,1997-01-01,2041.73,5276.0,United States,GTX,5482.0,Dustin Brinkmann,Central
JHVY8I1M,Anna Snelling,GTX Plus Basic,Hottechi,Won,2017-04-26,2017-06-30,1073.0,technolgy,1997-01-01,8170.38,16499.0,Korea,GTX,1096.0,Dustin Brinkmann,Central
E59MLGMH,Boris Faz,GTX Basic,Umbrella Corporation,Lost,2017-04-26,2017-04-28,0.0,finance,1998-01-01,2022.14,5113.0,United States,GTX,550.0,Rocco Neubert,East
VGIIK8MS,Boris Faz,GTX Plus Basic,Donware,Lost,2017-04-26,2017-05-01,0.0,marketing,1999-01-01,1197.44,2570.0,United States,GTX,1096.0,Rocco Neubert,East
HVVED5ZC,Corliss Cosme,MG Special,Donware,Lost,2017-04-26,2017-08-04,0.0,marketing,1999-01-01,1197.44,2570.0,United States,MG,55.0,Cara Losch,East
HE5988NI,Darcel Schlecht,GTX Plus Basic,Globex Corporation,Lost,2017-04-26,2017-08-09,0.0,technolgy,2000-01-01,1223.72,2497.0,Norway,GTX,1096.0,Melvin Marxen,Central
N5QER189,Darcel Schlecht,GTX Plus Basic,Rundofase,Won,2017-04-26,2017-05-11,1055.0,technolgy,1983-01-01,1008.06,1238.0,United States,GTX,1096.0,Melvin Marxen,Central
AEMTQ0GH,Elease Gluck,MG Special,Faxquote,Won,2017-04-26,2017-04-28,43.0,telecommunications,1995-01-01,1825.82,5595.0,United States,MG,55.0,Celia Rouche,West
3KSHTB4P,James Ascencio,GTX Basic,Hottechi,Lost,2017-04-26,2017-05-04,0.0,technolgy,1997-01-01,8170.38,16499.0,Korea,GTX,550.0,Summer Sewald,West
XPJQBSLV,James Ascencio,MG Special,Golddex,Won,2017-04-26,2017-04-28,49.0,finance,2008-01-01,52.5,165.0,United States,MG,55.0,Summer Sewald,West
ZZI8GUEM,Kami Bicknell,GTX Plus Basic,Nam-zim,Lost,2017-04-26,2017-04-28,0.0,services,1987-01-01,405.59,1179.0,Brazil,GTX,1096.0,Summer Sewald,West
SICU0A7Z,Lajuana Vencill,GTX Basic,Stanredtax,Won,2017-04-26,2017-04-27,517.0,finance,1987-01-01,1698.2,3798.0,United States,GTX,550.0,Dustin Brinkmann,Central
H7GBGRSO,Marty Freudenburg,GTX Plus Basic,Funholding,Won,2017-04-26,2017-06-13,1105.0,finance,1991-01-01,2819.5,7227.0,United States,GTX,1096.0,Melvin Marxen,Central
RLAGB32O,Maureen Marcano,GTX Basic,Nam-zim,Won,2017-04-26,2017-05-10,556.0,services,1987-01-01,405.59,1179.0,Brazil,GTX,550.0,Summer Sewald,West
NYLCZ28K,Moses Frase,MG Advanced,Treequote,Won,2017-04-26,2017-08-16,3025.0,telecommunications,1988-01-01,5266.09,8595.0,United States,MG,3393.0,Dustin Brinkmann,Central
3LO8XJBY,Niesha Huffines,MG Special,Condax,Won,2017-04-26,2017-06-05,54.0,medical,2017-01-01,4.54,9.0,United States,MG,55.0,Melvin Marxen,Central
YMMQA65I,Rosalina Dieter,MG Special,Condax,Won,2017-04-26,2017-04-28,53.0,medical,2017-01-01,4.54,9.0,United States,MG,55.0,Celia Rouche,West
DJF1XMC4,Boris Faz,GTX Basic,Konex,Won,2017-04-27,2017-04-29,584.0,technolgy,1980-01-01,7708.38,13756.0,United States,GTX,550.0,Rocco Neubert,East
XWW6KUG0,Darcel Schlecht,GTX Basic,Konmatfix,Lost,2017-04-27,2017-04-29,0.0,marketing,1985-01-01,375.43,1190.0,United States,GTX,550.0,Melvin Marxen,Central
MUYUSTKF,Garret Kinder,GTX Plus Pro,Gekko & Co,Lost,2017-04-27,2017-08-11,0.0,retail,1990-01-01,2520.83,3502.0,United States,GTX,5482.0,Cara Losch,East
7QIU2BCK,Gladys Colclough,GTX Plus Basic,dambase,Won,2017-04-27,2017-08-01,821.0,marketing,1995-01-01,2173.98,2928.0,United States,GTX,1096.0,Melvin Marxen,Central
F749HRQ5,James Ascencio,GTX Plus Basic,Golddex,Lost,2017-04-27,2017-05-17,0.0,finance,2008-01-01,52.5,165.0,United States,GTX,1096.0,Summer Sewald,West
5ICV1IBY,Lajuana Vencill,GTX Plus Basic,Dontechi,Won,2017-04-27,2017-08-07,999.0,software,1982-01-01,4618.0,10083.0,United States,GTX,1096.0,Dustin Brinkmann,Central
H1O491SG,Lajuana Vencill,MG Special,dambase,Won,2017-04-27,2017-08-05,54.0,marketing,1995-01-01,2173.98,2928.0,United States,MG,55.0,Dustin Brinkmann,Central
ODIX25WY,Marty Freudenburg,GTX Basic,Conecom,Lost,2017-04-27,2017-08-06,0.0,technolgy,2005-01-01,1520.66,1806.0,United States,GTX,550.0,Melvin Marxen,Central
IRBQH4FY,Niesha Huffines,MG Advanced,Gogozoom,Won,2017-04-27,2017-05-10,3397.0,telecommunications,2007-01-01,86.68,187.0,United States,MG,3393.0,Melvin Marxen,Central
ZKVVWZ8T,Rosie Papadopoulos,GTX Basic,Silis,Won,2017-04-27,2017-05-15,574.0,medical,1994-01-01,2818.38,6290.0,United States,GTX,550.0,Cara Losch,East
ZTT02VDQ,Versie Hillebrand,MG Special,Inity,Lost,2017-04-27,2017-05-09,0.0,marketing,1986-01-01,2403.58,8801.0,United States,MG,55.0,Dustin Brinkmann,Central
SAGXC5PF,Versie Hillebrand,MG Special,Gogozoom,Won,2017-04-27,2017-08-15,59.0,telecommunications,2007-01-01,86.68,187.0,United States,MG,55.0,Dustin Brinkmann,Central
J5QLUH5O,Versie Hillebrand,MG Special,Treequote,Won,2017-04-27,2017-04-29,60.0,telecommunications,1988-01-01,5266.09,8595.0,United States,MG,55.0,Dustin Brinkmann,Central
GIIKA5B9,Vicki Laflamme,GTX Basic,Lexiqvolax,Lost,2017-04-27,2017-04-29,0.0,medical,2004-01-01,1618.89,3889.0,United States,GTX,550.0,Celia Rouche,West
WX8KQPCM,Vicki Laflamme,GTX Basic,Zoomit,Won,2017-04-27,2017-05-15,573.0,entertainment,1992-01-01,324.19,978.0,United States,GTX,550.0,Celia Rouche,West
0WRMY7IX,Violet Mclelland,GTX Plus Basic,Plussunin,Won,2017-04-27,2017-04-28,1146.0,retail,2003-01-01,1419.98,4018.0,United States,GTX,1096.0,Cara Losch,East
N6185PK0,Wilburn Farren,GTX Basic,Kinnamplus,Won,2017-04-27,2017-05-13,525.0,retail,2004-01-01,702.72,1831.0,United States,GTX,550.0,Cara Losch,East
FQ4QOS8U,Anna Snelling,GTX Basic,Dontechi,Lost,2017-04-28,2017-04-29,0.0,software,1982-01-01,4618.0,10083.0,United States,GTX,550.0,Dustin Brinkmann,Central
XW9U35NQ,Anna Snelling,GTX Plus Basic,Scottech,Lost,2017-04-28,2017-09-06,0.0,marketing,2012-01-01,45.39,100.0,United States,GTX,1096.0,Dustin Brinkmann,Central
066V2ZGP,Anna Snelling,MG Advanced,Rangreen,Won,2017-04-28,2017-08-14,3334.0,technolgy,1987-01-01,2938.67,8775.0,Panama,MG,3393.0,Dustin Brinkmann,Central
YUH42UOF,Cassey Cress,GTX Basic,Initech,Lost,2017-04-28,2017-05-12,0.0,telecommunications,1994-01-01,6395.05,20275.0,United States,GTX,550.0,Rocco Neubert,East
XZF4GG94,Daniell Hammack,GTX Plus Basic,Donquadtech,Lost,2017-04-28,2017-04-30,0.0,technolgy,1992-01-01,1712.68,3194.0,United States,GTX,1096.0,Rocco Neubert,East
731TOWDY,Elease Gluck,GTK 500,Labdrill,Won,2017-04-28,2017-06-18,27385.0,medical,1985-01-01,2741.37,9226.0,United States,GTK,26768.0,Celia Rouche,West
KOI7M0RU,Jonathan Berthelot,GTX Basic,Konmatfix,Lost,2017-04-28,2017-08-15,0.0,marketing,1985-01-01,375.43,1190.0,United States,GTX,550.0,Melvin Marxen,Central
HHDQ9EW4,Kami Bicknell,GTX Basic,Inity,Engaging,2017-04-28,,,marketing,1986-01-01,2403.58,8801.0,United States,GTX,550.0,Summer Sewald,West
KXY0TY2K,Markita Hansen,GTX Plus Basic,Lexiqvolax,Lost,2017-04-28,2017-04-29,0.0,medical,2004-01-01,1618.89,3889.0,United States,GTX,1096.0,Celia Rouche,West
UNSJJUY4,Moses Frase,GTX Basic,Warephase,Won,2017-04-28,2017-08-14,599.0,services,1997-01-01,2041.73,5276.0,United States,GTX,550.0,Dustin Brinkmann,Central
XNO6DQPU,Rosie Papadopoulos,MG Special,Mathtouch,Won,2017-04-28,2017-05-03,64.0,marketing,1984-01-01,3027.46,9516.0,Jordan,MG,55.0,Cara Losch,East
VMIAO42Z,Vicki Laflamme,GTX Plus Pro,Donquadtech,Engaging,2017-04-28,,,technolgy,1992-01-01,1712.68,3194.0,United States,GTX,5482.0,Celia Rouche,West
NENHRB3K,Vicki Laflamme,MG Advanced,Lexiqvolax,Lost,2017-04-28,2017-05-14,0.0,medical,2004-01-01,1618.89,3889.0,United States,MG,3393.0,Celia Rouche,West
PE3CL3ME,Violet Mclelland,MG Special,Kinnamplus,Lost,2017-04-28,2017-06-10,0.0,retail,2004-01-01,702.72,1831.0,United States,MG,55.0,Cara Losch,East
IE6TPFU9,Anna Snelling,GTX Plus Basic,Scottech,Won,2017-04-29,2017-05-15,918.0,marketing,2012-01-01,45.39,100.0,United States,GTX,1096.0,Dustin Brinkmann,Central
WWTJ5PNC,Daniell Hammack,MG Special,Bubba Gump,Won,2017-04-29,2017-05-04,60.0,software,2002-01-01,987.39,2253.0,United States,MG,55.0,Rocco Neubert,East
S2ZN5NLA,Donn Cantrell,GTX Basic,Gekko & Co,Won,2017-04-29,2017-05-06,519.0,retail,1990-01-01,2520.83,3502.0,United States,GTX,550.0,Rocco Neubert,East
R9U1QNHQ,Hayden Neloms,MG Special,Betasoloin,Engaging,2017-04-29,,,medical,1999-01-01,251.41,495.0,United States,MG,55.0,Celia Rouche,West
NEM0GXXH,James Ascencio,GTX Plus Pro,Scotfind,Won,2017-04-29,2017-05-04,4956.0,software,1996-01-01,6354.87,16780.0,United States,GTX,5482.0,Summer Sewald,West
5CZBHSRI,Kary Hendrixson,MG Advanced,Toughzap,Engaging,2017-04-29,,,retail,1995-01-01,332.43,799.0,United States,MG,3393.0,Summer Sewald,West
E8LO9APO,Lajuana Vencill,GTX Basic,Treequote,Lost,2017-04-29,2017-05-17,0.0,telecommunications,1988-01-01,5266.09,8595.0,United States,GTX,550.0,Dustin Brinkmann,Central
EQZGV36H,Lajuana Vencill,GTX Plus Pro,Rangreen,Won,2017-04-29,2017-08-08,5913.0,technolgy,1987-01-01,2938.67,8775.0,Panama,GTX,5482.0,Dustin Brinkmann,Central
FZ1TTF0X,Moses Frase,GTX Basic,Bioholding,Lost,2017-04-29,2017-05-31,0.0,medical,2012-01-01,587.34,1356.0,Philipines,GTX,550.0,Dustin Brinkmann,Central
DG6RIZ6R,Rosalina Dieter,GTX Plus Basic,Groovestreet,Won,2017-04-29,2017-08-21,1210.0,retail,2003-01-01,223.8,299.0,United States,GTX,1096.0,Celia Rouche,West
DH6L7VA6,Vicki Laflamme,MG Advanced,Labdrill,Lost,2017-04-29,2017-04-30,0.0,medical,1985-01-01,2741.37,9226.0,United States,MG,3393.0,Celia Rouche,West
9SBO74M5,Cecily Lampkin,MG Advanced,Genco Pura Olive Oil Company,Won,2017-04-30,2017-08-10,3139.0,retail,2007-01-01,894.33,1635.0,Italy,MG,3393.0,Dustin Brinkmann,Central
WHHVN372,Corliss Cosme,GTX Basic,Initech,Won,2017-04-30,2017-08-11,527.0,telecommunications,1994-01-01,6395.05,20275.0,United States,GTX,550.0,Cara Losch,East
PJKAJVUG,Darcel Schlecht,GTX Basic,Dontechi,Lost,2017-04-30,2017-05-04,0.0,software,1982-01-01,4618.0,10083.0,United States,GTX,550.0,Melvin Marxen,Central
FWTNRN0L,Hayden Neloms,GTX Plus Pro,Labdrill,Won,2017-04-30,2017-08-12,5408.0,medical,1985-01-01,2741.37,9226.0,United States,GTX,5482.0,Celia Rouche,West
TTNORNQI,Hayden Neloms,MG Special,Groovestreet,Won,2017-04-30,2017-08-12,62.0,retail,2003-01-01,223.8,299.0,United States,MG,55.0,Celia Rouche,West
BGQ2F0HA,Jonathan Berthelot,GTX Basic,Domzoom,Won,2017-04-30,2017-05-13,586.0,entertainment,1998-01-01,217.87,551.0,United States,GTX,550.0,Melvin Marxen,Central
JGXLR3H3,Kary Hendrixson,GTX Basic,Lexiqvolax,Won,2017-04-30,2017-08-06,532.0,medical,2004-01-01,1618.89,3889.0,United States,GTX,550.0,Summer Sewald,West
ZNFFFJ1T,Kary Hendrixson,GTX Basic,Newex,Won,2017-04-30,2017-08-13,585.0,services,1991-01-01,1012.72,3492.0,Germany,GTX,550.0,Summer Sewald,West
T5JO33V3,Lajuana Vencill,GTX Basic,Ron-tech,Won,2017-04-30,2017-08-11,583.0,medical,1992-01-01,3922.42,6837.0,United States,GTX,550.0,Dustin Brinkmann,Central
V7Y78MPU,Marty Freudenburg,GTX Basic,Rangreen,Won,2017-04-30,2017-09-02,433.0,technolgy,1987-01-01,2938.67,8775.0,Panama,GTX,550.0,Melvin Marxen,Central
CNO8JPLA,Niesha Huffines,GTX Basic,Condax,Won,2017-04-30,2017-05-06,557.0,medical,2017-01-01,4.54,9.0,United States,GTX,550.0,Melvin Marxen,Central
AZZEZKBN,Anna Snelling,GTX Plus Pro,Condax,Lost,2017-05-01,2017-05-18,0.0,medical,2017-01-01,4.54,9.0,United States,GTX,5482.0,Dustin Brinkmann,Central
443ATESI,Anna Snelling,MG Special,Globex Corporation,Won,2017-05-01,2017-08-28,64.0,technolgy,2000-01-01,1223.72,2497.0,Norway,MG,55.0,Dustin Brinkmann,Central
7DT8UKKY,Corliss Cosme,GTX Basic,Zencorporation,Engaging,2017-05-01,,,technolgy,2011-01-01,40.79,142.0,China,GTX,550.0,Cara Losch,East
4UN65HWV,Darcel Schlecht,GTX Plus Basic,Warephase,Won,2017-05-01,2017-08-23,878.0,services,1997-01-01,2041.73,5276.0,United States,GTX,1096.0,Melvin Marxen,Central
E5NRH4BP,Darcel Schlecht,MG Special,Genco Pura Olive Oil Company,Won,2017-05-01,2017-05-02,59.0,retail,2007-01-01,894.33,1635.0,Italy,MG,55.0,Melvin Marxen,Central
NK438B9U,Donn Cantrell,GTX Basic,Zotware,Lost,2017-05-01,2017-05-20,0.0,software,1979-01-01,4478.47,13809.0,United States,GTX,550.0,Rocco Neubert,East
OLGT0VHP,James Ascencio,GTX Plus Pro,Statholdings,Engaging,2017-05-01,,,employment,1997-01-01,291.27,586.0,United States,GTX,5482.0,Summer Sewald,West
RCNTHN0E,James Ascencio,MG Special,Singletechno,Won,2017-05-01,2017-08-20,65.0,retail,1996-01-01,2214.94,5374.0,United States,MG,55.0,Summer Sewald,West
ZIFDD41D,Jonathan Berthelot,GTX Basic,Hottechi,Won,2017-05-01,2017-08-11,543.0,technolgy,1997-01-01,8170.38,16499.0,Korea,GTX,550.0,Melvin Marxen,Central
I92EJ805,Kami Bicknell,GTX Basic,Bluth Company,Engaging,2017-05-01,,,technolgy,1993-01-01,1242.32,3027.0,United States,GTX,550.0,Summer Sewald,West
A5BVV5P8,Kary Hendrixson,GTX Basic,Scotfind,Lost,2017-05-01,2017-06-12,0.0,software,1996-01-01,6354.87,16780.0,United States,GTX,550.0,Summer Sewald,West
QP006VDE,Markita Hansen,MG Advanced,Domzoom,Engaging,2017-05-01,,,entertainment,1998-01-01,217.87,551.0,United States,MG,3393.0,Celia Rouche,West
JQNSK78U,Moses Frase,GTX Plus Pro,Condax,Lost,2017-05-01,2017-05-10,0.0,medical,2017-01-01,4.54,9.0,United States,GTX,5482.0,Dustin Brinkmann,Central
C3OOZUTI,Moses Frase,GTX Plus Pro,Warephase,Lost,2017-05-01,2017-05-07,0.0,services,1997-01-01,2041.73,5276.0,United States,GTX,5482.0,Dustin Brinkmann,Central
FI0I7E73,Moses Frase,MG Advanced,Ron-tech,Won,2017-05-01,2017-05-08,3971.0,medical,1992-01-01,3922.42,6837.0,United States,MG,3393.0,Dustin Brinkmann,Central
523458T9,Niesha Huffines,GTX Basic,Scottech,Won,2017-05-01,2017-05-16,554.0,marketing,2012-01-01,45.39,100.0,United States,GTX,550.0,Melvin Marxen,Central
7FY0HBH7,Vicki Laflamme,MG Advanced,Cheers,Lost,2017-05-01,2017-06-26,0.0,entertainment,1993-01-01,4269.9,6472.0,United States,MG,3393.0,Celia Rouche,West
GAIFPSU2,Vicki Laflamme,GTX Plus Basic,Fasehatice,Won,2017-05-01,2017-06-16,1273.0,retail,1990-01-01,4968.91,7523.0,United States,GTX,1096.0,Celia Rouche,West
UIX6X6R3,Zane Levy,MG Advanced,Umbrella Corporation,Engaging,2017-05-01,,,finance,1998-01-01,2022.14,5113.0,United States,MG,3393.0,Summer Sewald,West
GBSK2HX8,Anna Snelling,GTX Plus Basic,Conecom,Won,2017-05-02,2017-05-11,1300.0,technolgy,2005-01-01,1520.66,1806.0,United States,GTX,1096.0,Dustin Brinkmann,Central
59FN87JP,Boris Faz,GTX Plus Pro,Mathtouch,Lost,2017-05-02,2017-05-21,0.0,marketing,1984-01-01,3027.46,9516.0,Jordan,GTX,5482.0,Rocco Neubert,East
OJ92D9QU,Elease Gluck,MG Special,Condax,Lost,2017-05-02,2017-08-14,0.0,medical,2017-01-01,4.54,9.0,United States,MG,55.0,Celia Rouche,West
GYKFAK7W,Hayden Neloms,MG Advanced,Sonron,Won,2017-05-02,2017-05-10,3527.0,telecommunications,1999-01-01,1699.85,5108.0,United States,MG,3393.0,Celia Rouche,West
GXBV5VYA,Jonathan Berthelot,GTX Basic,Rundofase,Won,2017-05-02,2017-05-06,526.0,technolgy,1983-01-01,1008.06,1238.0,United States,GTX,550.0,Melvin Marxen,Central
VXWUALY5,Kami Bicknell,MG Special,Condax,Lost,2017-05-02,2017-06-10,0.0,medical,2017-01-01,4.54,9.0,United States,MG,55.0,Summer Sewald,West
IUDG3PF0,Lajuana Vencill,GTX Basic,Isdom,Lost,2017-05-02,2017-08-07,0.0,medical,2002-01-01,3178.24,4540.0,United States,GTX,550.0,Dustin Brinkmann,Central
DNUTJO70,Markita Hansen,GTX Basic,Hottechi,Won,2017-05-02,2017-06-22,569.0,technolgy,1997-01-01,8170.38,16499.0,Korea,GTX,550.0,Celia Rouche,West
I631R5DT,Maureen Marcano,GTX Plus Pro,Scotfind,Won,2017-05-02,2017-05-14,6310.0,software,1996-01-01,6354.87,16780.0,United States,GTX,5482.0,Summer Sewald,West
V9XJAZPC,Moses Frase,MG Advanced,Globex Corporation,Lost,2017-05-02,2017-05-10,0.0,technolgy,2000-01-01,1223.72,2497.0,Norway,MG,3393.0,Dustin Brinkmann,Central
OJPTGB57,Reed Clapper,GTX Plus Basic,Konex,Won,2017-05-02,2017-05-17,1135.0,technolgy,1980-01-01,7708.38,13756.0,United States,GTX,1096.0,Rocco Neubert,East
QYTGB5LA,Versie Hillebrand,GTX Plus Pro,dambase,Won,2017-05-02,2017-08-19,5145.0,marketing,1995-01-01,2173.98,2928.0,United States,GTX,5482.0,Dustin Brinkmann,Central
UCNEMT8P,Versie Hillebrand,MG Special,Cancity,Won,2017-05-02,2017-08-09,54.0,retail,2001-01-01,718.62,2448.0,United States,MG,55.0,Dustin Brinkmann,Central
KOFE244J,Anna Snelling,MG Special,Codehow,Won,2017-05-03,2017-08-01,53.0,software,1998-01-01,2714.9,2641.0,United States,MG,55.0,Dustin Brinkmann,Central
D3JR6WFQ,Boris Faz,GTX Basic,Umbrella Corporation,Won,2017-05-03,2017-05-13,511.0,finance,1998-01-01,2022.14,5113.0,United States,GTX,550.0,Rocco Neubert,East
OJMME9V9,Boris Faz,GTX Plus Pro,Konex,Won,2017-05-03,2017-08-25,5747.0,technolgy,1980-01-01,7708.38,13756.0,United States,GTX,5482.0,Rocco Neubert,East
79IN4OVP,Cassey Cress,GTX Basic,Acme Corporation,Lost,2017-05-03,2017-08-01,0.0,technolgy,1996-01-01,1100.04,2822.0,United States,GTX,550.0,Rocco Neubert,East
NLKPA1KP,Darcel Schlecht,GTX Basic,Inity,Won,2017-05-03,2017-08-11,596.0,marketing,1986-01-01,2403.58,8801.0,United States,GTX,550.0,Melvin Marxen,Central
38EYB40T,Jonathan Berthelot,MG Special,Conecom,Won,2017-05-03,2017-05-14,60.0,technolgy,2005-01-01,1520.66,1806.0,United States,MG,55.0,Melvin Marxen,Central
SHGSBZU8,Markita Hansen,MG Advanced,Goodsilron,Lost,2017-05-03,2017-05-13,0.0,marketing,2000-01-01,2952.73,5107.0,United States,MG,3393.0,Celia Rouche,West
A7F5O29R,Vicki Laflamme,MG Advanced,Zoomit,Won,2017-05-03,2017-08-03,3718.0,entertainment,1992-01-01,324.19,978.0,United States,MG,3393.0,Celia Rouche,West
LR45YFE4,Violet Mclelland,MG Special,Groovestreet,Engaging,2017-05-03,,,retail,2003-01-01,223.8,299.0,United States,MG,55.0,Cara Losch,East
MIYAP26S,Violet Mclelland,MG Advanced,Sumace,Lost,2017-05-03,2017-05-19,0.0,retail,2000-01-01,167.89,493.0,Romania,MG,3393.0,Cara Losch,East
IEZCZAKT,Zane Levy,GTX Basic,Hottechi,Won,2017-05-03,2017-05-30,493.0,technolgy,1997-01-01,8170.38,16499.0,Korea,GTX,550.0,Summer Sewald,West
PDMWTS8O,Anna Snelling,MG Special,Domzoom,Won,2017-05-04,2017-06-04,54.0,entertainment,1998-01-01,217.87,551.0,United States,MG,55.0,Dustin Brinkmann,Central
OPEICJES,Anna Snelling,MG Special,Konmatfix,Won,2017-05-04,2017-06-09,52.0,marketing,1985-01-01,375.43,1190.0,United States,MG,55.0,Dustin Brinkmann,Central
10UN7LA8,Anna Snelling,MG Advanced,Rangreen,Won,2017-05-04,2017-06-23,3813.0,technolgy,1987-01-01,2938.67,8775.0,Panama,MG,3393.0,Dustin Brinkmann,Central
I8WTUMTA,Darcel Schlecht,MG Advanced,Codehow,Won,2017-05-04,2017-08-17,3560.0,software,1998-01-01,2714.9,2641.0,United States,MG,3393.0,Melvin Marxen,Central
58SGEGN8,Lajuana Vencill,GTX Basic,Ron-tech,Lost,2017-05-04,2017-05-10,0.0,medical,1992-01-01,3922.42,6837.0,United States,GTX,550.0,Dustin Brinkmann,Central
LZLXBQ0I,Lajuana Vencill,GTX Plus Basic,Betatech,Lost,2017-05-04,2017-08-20,0.0,medical,1986-01-01,647.18,1185.0,Kenya,GTX,1096.0,Dustin Brinkmann,Central
1L2S3CMT,Lajuana Vencill,MG Advanced,Zumgoity,Lost,2017-05-04,2017-08-27,0.0,medical,1984-01-01,441.08,1210.0,United States,MG,3393.0,Dustin Brinkmann,Central
CE852VBF,Niesha Huffines,GTX Plus Basic,Stanredtax,Lost,2017-05-04,2017-08-25,0.0,finance,1987-01-01,1698.2,3798.0,United States,GTX,1096.0,Melvin Marxen,Central
KTX7ETCE,Niesha Huffines,GTX Basic,Genco Pura Olive Oil Company,Won,2017-05-04,2017-08-05,528.0,retail,2007-01-01,894.33,1635.0,Italy,GTX,550.0,Melvin Marxen,Central
JEPAVEO7,Niesha Huffines,GTX Plus Basic,Stanredtax,Won,2017-05-04,2017-06-20,1188.0,finance,1987-01-01,1698.2,3798.0,United States,GTX,1096.0,Melvin Marxen,Central
4T9CQH5J,Reed Clapper,GTX Plus Pro,Xx-zobam,Lost,2017-05-04,2017-09-15,0.0,entertainment,1989-01-01,3838.39,8274.0,United States,GTX,5482.0,Rocco Neubert,East
51T70SQX,Versie Hillebrand,MG Advanced,Dontechi,Lost,2017-05-04,2017-05-10,0.0,software,1982-01-01,4618.0,10083.0,United States,MG,3393.0,Dustin Brinkmann,Central
SUYF0EN7,Versie Hillebrand,GTX Basic,Betatech,Won,2017-05-04,2017-08-09,590.0,medical,1986-01-01,647.18,1185.0,Kenya,GTX,550.0,Dustin Brinkmann,Central
S2D060YF,Vicki Laflamme,GTX Basic,Y-corporation,Won,2017-05-04,2017-08-14,578.0,employment,1983-01-01,2871.35,9561.0,United States,GTX,550.0,Celia Rouche,West
N6CXTO48,Zane Levy,GTX Basic,Lexiqvolax,Lost,2017-05-04,2017-05-09,0.0,medical,2004-01-01,1618.89,3889.0,United States,GTX,550.0,Summer Sewald,West
4Z7B0OQB,Anna Snelling,MG Advanced,Bioholding,Lost,2017-05-05,2017-08-15,0.0,medical,2012-01-01,587.34,1356.0,Philipines,MG,3393.0,Dustin Brinkmann,Central
LCQ934W7,Cassey Cress,GTX Plus Basic,Xx-holding,Engaging,2017-05-05,,,finance,1993-01-01,7537.24,20293.0,United States,GTX,1096.0,Rocco Neubert,East
SOE904XE,Donn Cantrell,GTX Plus Basic,Kinnamplus,Won,2017-05-05,2017-08-26,1161.0,retail,2004-01-01,702.72,1831.0,United States,GTX,1096.0,Rocco Neubert,East
C64JTLGO,Donn Cantrell,GTX Plus Basic,Vehement Capital Partners,Won,2017-05-05,2017-05-06,1101.0,finance,1993-01-01,646.1,883.0,United States,GTX,1096.0,Rocco Neubert,East
F9XJYM9F,Jonathan Berthelot,GTX Basic,Inity,Won,2017-05-05,2017-08-12,511.0,marketing,1986-01-01,2403.58,8801.0,United States,GTX,550.0,Melvin Marxen,Central
XWN6WWOD,Jonathan Berthelot,MG Special,Condax,Won,2017-05-05,2017-08-01,57.0,medical,2017-01-01,4.54,9.0,United States,MG,55.0,Melvin Marxen,Central
17MPPMM0,Kami Bicknell,MG Special,Xx-holding,Lost,2017-05-05,2017-05-12,0.0,finance,1993-01-01,7537.24,20293.0,United States,MG,55.0,Summer Sewald,West
FV6PHMQW,Kami Bicknell,GTX Basic,Singletechno,Won,2017-05-05,2017-05-21,635.0,retail,1996-01-01,2214.94,5374.0,United States,GTX,550.0,Summer Sewald,West
Z236WCM1,Kary Hendrixson,GTX Plus Basic,Vehement Capital Partners,Engaging,2017-05-05,,,finance,1993-01-01,646.1,883.0,United States,GTX,1096.0,Summer Sewald,West
T5GZDRDE,Kary Hendrixson,MG Special,Y-corporation,Lost,2017-05-05,2017-05-16,0.0,employment,1983-01-01,2871.35,9561.0,United States,MG,55.0,Summer Sewald,West
91G2ZW58,Lajuana Vencill,GTX Plus Pro,Rangreen,Lost,2017-05-05,2017-05-10,0.0,technolgy,1987-01-01,2938.67,8775.0,Panama,GTX,5482.0,Dustin Brinkmann,Central
H2PEIFZH,Lajuana Vencill,MG Advanced,Domzoom,Won,2017-05-05,2017-05-08,3952.0,entertainment,1998-01-01,217.87,551.0,United States,MG,3393.0,Dustin Brinkmann,Central
RG893DYQ,Markita Hansen,GTX Basic,The New York Inquirer,Engaging,2017-05-05,,,medical,1996-01-01,439.21,792.0,United States,GTX,550.0,Celia Rouche,West
V8M89S4W,Markita Hansen,GTX Basic,Kan-code,Won,2017-05-05,2017-05-06,560.0,software,1982-01-01,11698.03,34288.0,United States,GTX,550.0,Celia Rouche,West
5QR02PQI,Marty Freudenburg,GTX Plus Basic,Bioholding,Lost,2017-05-05,2017-05-08,0.0,medical,2012-01-01,587.34,1356.0,Philipines,GTX,1096.0,Melvin Marxen,Central
WB974HS4,Niesha Huffines,GTX Plus Basic,Funholding,Won,2017-05-05,2017-09-18,984.0,finance,1991-01-01,2819.5,7227.0,United States,GTX,1096.0,Melvin Marxen,Central
L6VDDXFV,Reed Clapper,MG Advanced,Vehement Capital Partners,Lost,2017-05-05,2017-05-11,0.0,finance,1993-01-01,646.1,883.0,United States,MG,3393.0,Rocco Neubert,East
B0MOQZVN,Vicki Laflamme,GTX Basic,Sonron,Won,2017-05-05,2017-05-14,579.0,telecommunications,1999-01-01,1699.85,5108.0,United States,GTX,550.0,Celia Rouche,West
09C4GR2W,Vicki Laflamme,GTX Plus Basic,Groovestreet,Won,2017-05-05,2017-08-10,1151.0,retail,2003-01-01,223.8,299.0,United States,GTX,1096.0,Celia Rouche,West
6YN4FZHL,Violet Mclelland,GTX Plus Basic,Donware,Won,2017-05-05,2017-08-25,881.0,marketing,1999-01-01,1197.44,2570.0,United States,GTX,1096.0,Cara Losch,East
45CION64,Violet Mclelland,MG Special,Umbrella Corporation,Won,2017-05-05,2017-08-17,59.0,finance,1998-01-01,2022.14,5113.0,United States,MG,55.0,Cara Losch,East
BSQRXW4X,Zane Levy,GTX Basic,Plexzap,Won,2017-05-05,2017-05-12,608.0,retail,2001-01-01,2437.85,4874.0,United States,GTX,550.0,Summer Sewald,West
PYEQPW42,Anna Snelling,GTX Plus Pro,Dontechi,Won,2017-05-06,2017-05-09,4784.0,software,1982-01-01,4618.0,10083.0,United States,GTX,5482.0,Dustin Brinkmann,Central
5NW73ZRY,Boris Faz,MG Advanced,Acme Corporation,Won,2017-05-06,2017-05-22,3370.0,technolgy,1996-01-01,1100.04,2822.0,United States,MG,3393.0,Rocco Neubert,East
0P8NFYML,Cassey Cress,MG Special,Betasoloin,Lost,2017-05-06,2017-05-24,0.0,medical,1999-01-01,251.41,495.0,United States,MG,55.0,Rocco Neubert,East
HF74MC9F,Corliss Cosme,GTX Plus Pro,Ganjaflex,Engaging,2017-05-06,,,retail,1995-01-01,5158.71,17479.0,Japan,GTX,5482.0,Cara Losch,East
1Y9KPBXY,Darcel Schlecht,GTX Plus Basic,Funholding,Lost,2017-05-06,2017-09-10,0.0,finance,1991-01-01,2819.5,7227.0,United States,GTX,1096.0,Melvin Marxen,Central
0AR9HD16,Darcel Schlecht,GTX Basic,Funholding,Won,2017-05-06,2017-08-17,526.0,finance,1991-01-01,2819.5,7227.0,United States,GTX,550.0,Melvin Marxen,Central
Q72BVH8T,Donn Cantrell,GTX Plus Basic,Mathtouch,Lost,2017-05-06,2017-05-12,0.0,marketing,1984-01-01,3027.46,9516.0,Jordan,GTX,1096.0,Rocco Neubert,East
4DPSFUEC,Jonathan Berthelot,GTX Basic,Condax,Lost,2017-05-06,2017-05-23,0.0,medical,2017-01-01,4.54,9.0,United States,GTX,550.0,Melvin Marxen,Central
FWTTJ2G8,Kary Hendrixson,GTX Basic,Initech,Engaging,2017-05-06,,,telecommunications,1994-01-01,6395.05,20275.0,United States,GTX,550.0,Summer Sewald,West
FLJCJ7IE,Lajuana Vencill,GTX Basic,Codehow,Lost,2017-05-06,2017-05-18,0.0,software,1998-01-01,2714.9,2641.0,United States,GTX,550.0,Dustin Brinkmann,Central
7T109BBY,Lajuana Vencill,GTX Basic,dambase,Lost,2017-05-06,2017-05-20,0.0,marketing,1995-01-01,2173.98,2928.0,United States,GTX,550.0,Dustin Brinkmann,Central
4JVY843T,Lajuana Vencill,MG Advanced,Streethex,Lost,2017-05-06,2017-05-23,0.0,retail,1988-01-01,1376.8,1165.0,Belgium,MG,3393.0,Dustin Brinkmann,Central
INI33ALF,Moses Frase,GTX Basic,Genco Pura Olive Oil Company,Won,2017-05-06,2017-05-22,569.0,retail,2007-01-01,894.33,1635.0,Italy,GTX,550.0,Dustin Brinkmann,Central
D3M1KUQ2,Niesha Huffines,MG Special,Codehow,Lost,2017-05-06,2017-05-26,0.0,software,1998-01-01,2714.9,2641.0,United States,MG,55.0,Melvin Marxen,Central
NOO83M87,Rosie Papadopoulos,GTX Plus Pro,Gekko & Co,Lost,2017-05-06,2017-08-02,0.0,retail,1990-01-01,2520.83,3502.0,United States,GTX,5482.0,Cara Losch,East
8G9Q7NXD,Rosie Papadopoulos,MG Special,Kan-code,Won,2017-05-06,2017-08-09,51.0,software,1982-01-01,11698.03,34288.0,United States,MG,55.0,Cara Losch,East
IGHYUSN8,Vicki Laflamme,GTX Plus Pro,Golddex,Engaging,2017-05-06,,,finance,2008-01-01,52.5,165.0,United States,GTX,5482.0,Celia Rouche,West
IRCBYH9Z,Anna Snelling,GTX Plus Basic,dambase,Lost,2017-05-07,2017-08-30,0.0,marketing,1995-01-01,2173.98,2928.0,United States,GTX,1096.0,Dustin Brinkmann,Central
559PYA0L,Cassey Cress,MG Advanced,Bubba Gump,Won,2017-05-07,2017-05-21,4287.0,software,2002-01-01,987.39,2253.0,United States,MG,3393.0,Rocco Neubert,East
RIC5ZHK4,Corliss Cosme,GTX Plus Basic,Plussunin,Engaging,2017-05-07,,,retail,2003-01-01,1419.98,4018.0,United States,GTX,1096.0,Cara Losch,East
INAEAAI9,Jonathan Berthelot,GTX Plus Basic,Codehow,Won,2017-05-07,2017-09-02,1093.0,software,1998-01-01,2714.9,2641.0,United States,GTX,1096.0,Melvin Marxen,Central
1XNXJUQM,Jonathan Berthelot,GTX Plus Basic,Warephase,Won,2017-05-07,2017-08-10,1194.0,services,1997-01-01,2041.73,5276.0,United States,GTX,1096.0,Melvin Marxen,Central
BM0QXHMH,Kami Bicknell,GTX Plus Basic,Blackzim,Lost,2017-05-07,2017-08-04,0.0,retail,2009-01-01,497.11,1588.0,United States,GTX,1096.0,Summer Sewald,West
ARY1F1KN,Kary Hendrixson,GTX Plus Basic,Fasehatice,Lost,2017-05-07,2017-05-20,0.0,retail,1990-01-01,4968.91,7523.0,United States,GTX,1096.0,Summer Sewald,West
XPCDFUDY,Lajuana Vencill,GTX Basic,Hottechi,Lost,2017-05-07,2017-08-03,0.0,technolgy,1997-01-01,8170.38,16499.0,Korea,GTX,550.0,Dustin Brinkmann,Central
VDOUNMRC,Maureen Marcano,GTX Plus Basic,Golddex,Won,2017-05-07,2017-08-08,1222.0,finance,2008-01-01,52.5,165.0,United States,GTX,1096.0,Summer Sewald,West
TEKCKT3V,Moses Frase,GTX Plus Basic,Inity,Won,2017-05-07,2017-08-05,901.0,marketing,1986-01-01,2403.58,8801.0,United States,GTX,1096.0,Dustin Brinkmann,Central
1WJT7CM8,Reed Clapper,MG Advanced,Ontomedia,Lost,2017-05-07,2017-08-26,0.0,employment,1997-01-01,882.12,2769.0,United States,MG,3393.0,Rocco Neubert,East
96A1GDXO,Reed Clapper,GTX Plus Pro,Kan-code,Won,2017-05-07,2017-08-01,5601.0,software,1982-01-01,11698.03,34288.0,United States,GTX,5482.0,Rocco Neubert,East
AAU2IQFW,Wilburn Farren,GTX Plus Basic,Donquadtech,Won,2017-05-07,2017-08-05,995.0,technolgy,1992-01-01,1712.68,3194.0,United States,GTX,1096.0,Cara Losch,East
PRHL94PK,Wilburn Farren,MG Advanced,Xx-zobam,Won,2017-05-07,2017-08-05,3666.0,entertainment,1989-01-01,3838.39,8274.0,United States,MG,3393.0,Cara Losch,East
3WC1FUFP,Anna Snelling,GTX Plus Basic,Zumgoity,Lost,2017-05-08,2017-05-18,0.0,medical,1984-01-01,441.08,1210.0,United States,GTX,1096.0,Dustin Brinkmann,Central
SHG8Y43V,Anna Snelling,MG Special,Scottech,Won,2017-05-08,2017-05-19,56.0,marketing,2012-01-01,45.39,100.0,United States,MG,55.0,Dustin Brinkmann,Central
1O2ZN81M,Cassey Cress,GTX Plus Basic,Initech,Won,2017-05-08,2017-05-17,1372.0,telecommunications,1994-01-01,6395.05,20275.0,United States,GTX,1096.0,Rocco Neubert,East
J6T6BTJI,Daniell Hammack,MG Advanced,Bluth Company,Won,2017-05-08,2017-08-01,3282.0,technolgy,1993-01-01,1242.32,3027.0,United States,MG,3393.0,Rocco Neubert,East
JTTLDM4E,Elease Gluck,MG Special,Dalttechnology,Won,2017-05-08,2017-08-18,43.0,software,2013-01-01,98.79,96.0,United States,MG,55.0,Celia Rouche,West
8KQH5XI1,Elease Gluck,MG Special,Newex,Won,2017-05-08,2017-09-05,54.0,services,1991-01-01,1012.72,3492.0,Germany,MG,55.0,Celia Rouche,West
1Q5XFO8D,Jonathan Berthelot,GTX Basic,Stanredtax,Lost,2017-05-08,2017-08-21,0.0,finance,1987-01-01,1698.2,3798.0,United States,GTX,550.0,Melvin Marxen,Central
A3PNPLTG,Kami Bicknell,GTX Basic,Cheers,Won,2017-05-08,2017-05-16,575.0,entertainment,1993-01-01,4269.9,6472.0,United States,GTX,550.0,Summer Sewald,West
03CWYGC9,Kami Bicknell,GTX Plus Basic,Hottechi,Won,2017-05-08,2017-08-10,768.0,technolgy,1997-01-01,8170.38,16499.0,Korea,GTX,1096.0,Summer Sewald,West
N23C5EKK,Lajuana Vencill,GTX Basic,Betatech,Lost,2017-05-08,2017-05-10,0.0,medical,1986-01-01,647.18,1185.0,Kenya,GTX,550.0,Dustin Brinkmann,Central
S9K81CWS,Lajuana Vencill,GTX Basic,Konmatfix,Won,2017-05-08,2017-08-20,553.0,marketing,1985-01-01,375.43,1190.0,United States,GTX,550.0,Dustin Brinkmann,Central
PJ00PLEU,Marty Freudenburg,GTX Plus Pro,Codehow,Lost,2017-05-08,2017-05-20,0.0,software,1998-01-01,2714.9,2641.0,United States,GTX,5482.0,Melvin Marxen,Central
3F8AA8RT,Maureen Marcano,GTX Plus Basic,Green-Plus,Lost,2017-05-08,2017-08-05,0.0,services,2003-01-01,692.19,1922.0,United States,GTX,1096.0,Summer Sewald,West
4NAHJMYM,Maureen Marcano,GTX Plus Pro,Zoomit,Won,2017-05-08,2017-09-18,4786.0,entertainment,1992-01-01,324.19,978.0,United States,GTX,5482.0,Summer Sewald,West
6KVOMBDJ,Moses Frase,MG Advanced,Rundofase,Lost,2017-05-08,2017-05-23,0.0,technolgy,1983-01-01,1008.06,1238.0,United States,MG,3393.0,Dustin Brinkmann,Central
N7KJ821I,Versie Hillebrand,GTX Plus Pro,Inity,Lost,2017-05-08,2017-08-02,0.0,marketing,1986-01-01,2403.58,8801.0,United States,GTX,5482.0,Dustin Brinkmann,Central
YCKKT5ME,Versie Hillebrand,MG Special,Ron-tech,Lost,2017-05-08,2017-08-19,0.0,medical,1992-01-01,3922.42,6837.0,United States,MG,55.0,Dustin Brinkmann,Central
HI2E8TBI,Versie Hillebrand,GTX Plus Pro,dambase,Won,2017-05-08,2017-05-16,5338.0,marketing,1995-01-01,2173.98,2928.0,United States,GTX,5482.0,Dustin Brinkmann,Central
Q54L8P6I,Zane Levy,GTX Basic,Scotfind,Lost,2017-05-08,2017-05-15,0.0,software,1996-01-01,6354.87,16780.0,United States,GTX,550.0,Summer Sewald,West
XSB7IN6X,Anna Snelling,GTX Plus Basic,Statholdings,Won,2017-05-09,2017-08-31,996.0,employment,1997-01-01,291.27,586.0,United States,GTX,1096.0,Dustin Brinkmann,Central
FQW15KC4,Cassey Cress,MG Advanced,Gekko & Co,Lost,2017-05-09,2017-05-20,0.0,retail,1990-01-01,2520.83,3502.0,United States,MG,3393.0,Rocco Neubert,East
G17H7YXA,Cecily Lampkin,MG Special,Dontechi,Won,2017-05-09,2017-08-09,63.0,software,1982-01-01,4618.0,10083.0,United States,MG,55.0,Dustin Brinkmann,Central
XOE5EU8U,Daniell Hammack,GTX Plus Basic,Opentech,Lost,2017-05-09,2017-08-17,0.0,finance,1994-01-01,355.23,853.0,United States,GTX,1096.0,Rocco Neubert,East
WEB7LYK0,Darcel Schlecht,GTX Plus Basic,Inity,Won,2017-05-09,2017-05-19,1075.0,marketing,1986-01-01,2403.58,8801.0,United States,GTX,1096.0,Melvin Marxen,Central
JECCHO49,Darcel Schlecht,MG Advanced,Rundofase,Won,2017-05-09,2017-06-26,3249.0,technolgy,1983-01-01,1008.06,1238.0,United States,MG,3393.0,Melvin Marxen,Central
QUOU67L5,Gladys Colclough,GTX Plus Basic,Globex Corporation,Won,2017-05-09,2017-08-14,1015.0,technolgy,2000-01-01,1223.72,2497.0,Norway,GTX,1096.0,Melvin Marxen,Central
SSZHMEE3,Jonathan Berthelot,GTX Basic,Stanredtax,Lost,2017-05-09,2017-06-27,0.0,finance,1987-01-01,1698.2,3798.0,United States,GTX,550.0,Melvin Marxen,Central
WUE92JFJ,Jonathan Berthelot,GTX Plus Basic,Gogozoom,Won,2017-05-09,2017-05-16,1100.0,telecommunications,2007-01-01,86.68,187.0,United States,GTX,1096.0,Melvin Marxen,Central
EYNZMBI0,Kami Bicknell,GTX Plus Pro,Blackzim,Won,2017-05-09,2017-09-13,4755.0,retail,2009-01-01,497.11,1588.0,United States,GTX,5482.0,Summer Sewald,West
LPOOKZCQ,Kary Hendrixson,GTX Basic,Kan-code,Lost,2017-05-09,2017-08-08,0.0,software,1982-01-01,11698.03,34288.0,United States,GTX,550.0,Summer Sewald,West
HFUZQFQQ,Markita Hansen,GTX Basic,Groovestreet,Engaging,2017-05-09,,,retail,2003-01-01,223.8,299.0,United States,GTX,550.0,Celia Rouche,West
OCHUEK3V,Markita Hansen,GTX Plus Basic,Konex,Lost,2017-05-09,2017-05-19,0.0,technolgy,1980-01-01,7708.38,13756.0,United States,GTX,1096.0,Celia Rouche,West
3C5KXGO6,Markita Hansen,GTX Basic,J-Texon,Won,2017-05-09,2017-05-10,541.0,retail,1989-01-01,1388.67,3583.0,United States,GTX,550.0,Celia Rouche,West
8SVMGDPA,Maureen Marcano,GTX Plus Basic,Donquadtech,Engaging,2017-05-09,,,technolgy,1992-01-01,1712.68,3194.0,United States,GTX,1096.0,Summer Sewald,West
Q0MRZHN7,Maureen Marcano,MG Special,Konex,Won,2017-05-09,2017-05-12,57.0,technolgy,1980-01-01,7708.38,13756.0,United States,MG,55.0,Summer Sewald,West
WAN7I53E,Niesha Huffines,GTX Plus Basic,Ron-tech,Lost,2017-05-09,2017-05-20,0.0,medical,1992-01-01,3922.42,6837.0,United States,GTX,1096.0,Melvin Marxen,Central
6C1DLYBH,Niesha Huffines,MG Special,Ron-tech,Lost,2017-05-09,2017-08-22,0.0,medical,1992-01-01,3922.42,6837.0,United States,MG,55.0,Melvin Marxen,Central
ZC3UEHXG,Reed Clapper,GTX Plus Pro,Opentech,Won,2017-05-09,2017-05-17,5406.0,finance,1994-01-01,355.23,853.0,United States,GTX,5482.0,Rocco Neubert,East
HJBVO8T4,Vicki Laflamme,GTX Basic,Fasehatice,Lost,2017-05-09,2017-06-21,0.0,retail,1990-01-01,4968.91,7523.0,United States,GTX,550.0,Celia Rouche,West
5CJQB25J,Vicki Laflamme,MG Advanced,Xx-holding,Lost,2017-05-09,2017-08-04,0.0,finance,1993-01-01,7537.24,20293.0,United States,MG,3393.0,Celia Rouche,West
246MLWZ7,Zane Levy,GTX Basic,Rangreen,Engaging,2017-05-09,,,technolgy,1987-01-01,2938.67,8775.0,Panama,GTX,550.0,Summer Sewald,West
O22S564Y,Zane Levy,GTX Plus Pro,Goodsilron,Won,2017-05-09,2017-05-20,5042.0,marketing,2000-01-01,2952.73,5107.0,United States,GTX,5482.0,Summer Sewald,West
KLZ95C62,Anna Snelling,MG Special,dambase,Lost,2017-05-10,2017-08-21,0.0,marketing,1995-01-01,2173.98,2928.0,United States,MG,55.0,Dustin Brinkmann,Central
ROBBKT4T,Anna Snelling,MG Special,Isdom,Won,2017-05-10,2017-08-04,59.0,medical,2002-01-01,3178.24,4540.0,United States,MG,55.0,Dustin Brinkmann,Central
FPTY1B79,Cassey Cress,GTX Basic,Sumace,Won,2017-05-10,2017-05-16,629.0,retail,2000-01-01,167.89,493.0,Romania,GTX,550.0,Rocco Neubert,East
AP3405RD,Cecily Lampkin,MG Special,Dontechi,Won,2017-05-10,2017-05-16,57.0,software,1982-01-01,4618.0,10083.0,United States,MG,55.0,Dustin Brinkmann,Central
AVZ1BG3K,Corliss Cosme,MG Advanced,Konex,Lost,2017-05-10,2017-05-14,0.0,technolgy,1980-01-01,7708.38,13756.0,United States,MG,3393.0,Cara Losch,East
Q9GJ1LJT,Daniell Hammack,MG Advanced,Plussunin,Lost,2017-05-10,2017-09-03,0.0,retail,2003-01-01,1419.98,4018.0,United States,MG,3393.0,Rocco Neubert,East
WQ5WIP35,Darcel Schlecht,GTX Plus Basic,Zumgoity,Won,2017-05-10,2017-05-30,980.0,medical,1984-01-01,441.08,1210.0,United States,GTX,1096.0,Melvin Marxen,Central
X5YVW7O5,Donn Cantrell,GTX Plus Pro,Umbrella Corporation,Lost,2017-05-10,2017-05-17,0.0,finance,1998-01-01,2022.14,5113.0,United States,GTX,5482.0,Rocco Neubert,East
DWCDI7Q2,Donn Cantrell,MG Advanced,Zotware,Lost,2017-05-10,2017-05-22,0.0,software,1979-01-01,4478.47,13809.0,United States,MG,3393.0,Rocco Neubert,East
QO0MQUOY,James Ascencio,MG Advanced,Labdrill,Lost,2017-05-10,2017-08-11,0.0,medical,1985-01-01,2741.37,9226.0,United States,MG,3393.0,Summer Sewald,West
UMMMBBS6,Kami Bicknell,GTX Basic,Goodsilron,Lost,2017-05-10,2017-08-25,0.0,marketing,2000-01-01,2952.73,5107.0,United States,GTX,550.0,Summer Sewald,West
53ZXALR1,Kary Hendrixson,GTX Plus Basic,Faxquote,Won,2017-05-10,2017-09-14,1220.0,telecommunications,1995-01-01,1825.82,5595.0,United States,GTX,1096.0,Summer Sewald,West
VQUCVSOL,Markita Hansen,MG Special,Doncon,Lost,2017-05-10,2017-05-22,0.0,technolgy,2010-01-01,587.72,1501.0,United States,MG,55.0,Celia Rouche,West
2NN7T8LG,Markita Hansen,MG Advanced,Singletechno,Lost,2017-05-10,2017-05-16,0.0,retail,1996-01-01,2214.94,5374.0,United States,MG,3393.0,Celia Rouche,West
SLCWM9BH,Markita Hansen,GTX Basic,Scotfind,Won,2017-05-10,2017-09-04,464.0,software,1996-01-01,6354.87,16780.0,United States,GTX,550.0,Celia Rouche,West
974QGNBZ,Marty Freudenburg,MG Advanced,Genco Pura Olive Oil Company,Won,2017-05-10,2017-05-24,3604.0,retail,2007-01-01,894.33,1635.0,Italy,MG,3393.0,Melvin Marxen,Central
T8E8EDZS,Moses Frase,GTX Basic,Finhigh,Won,2017-05-10,2017-08-21,529.0,finance,2006-01-01,1102.43,1759.0,United States,GTX,550.0,Dustin Brinkmann,Central
9C2RRH1Q,Niesha Huffines,GTX Plus Basic,Toughzap,Lost,2017-05-10,2017-09-19,0.0,retail,1995-01-01,332.43,799.0,United States,GTX,1096.0,Melvin Marxen,Central
H26RG9KC,Rosalina Dieter,MG Advanced,Green-Plus,Lost,2017-05-10,2017-05-18,0.0,services,2003-01-01,692.19,1922.0,United States,MG,3393.0,Celia Rouche,West
R034IT17,Rosie Papadopoulos,MG Special,Bubba Gump,Won,2017-05-10,2017-05-12,54.0,software,2002-01-01,987.39,2253.0,United States,MG,55.0,Cara Losch,East
T5SX9Z3T,Vicki Laflamme,GTX Basic,Conecom,Engaging,2017-05-10,,,technolgy,2005-01-01,1520.66,1806.0,United States,GTX,550.0,Celia Rouche,West
H6CG7TPM,Violet Mclelland,GTX Plus Basic,Acme Corporation,Won,2017-05-10,2017-05-28,1022.0,technolgy,1996-01-01,1100.04,2822.0,United States,GTX,1096.0,Cara Losch,East
KV1EXWQG,Anna Snelling,GTX Plus Basic,Ron-tech,Lost,2017-05-11,2017-08-03,0.0,medical,1992-01-01,3922.42,6837.0,United States,GTX,1096.0,Dustin Brinkmann,Central
P4GX3HZH,Anna Snelling,MG Special,Dontechi,Won,2017-05-11,2017-05-26,52.0,software,1982-01-01,4618.0,10083.0,United States,MG,55.0,Dustin Brinkmann,Central
VPG5E490,Boris Faz,GTX Basic,Bubba Gump,Engaging,2017-05-11,,,software,2002-01-01,987.39,2253.0,United States,GTX,550.0,Rocco Neubert,East
8I84MV5A,Cassey Cress,GTX Basic,Zencorporation,Engaging,2017-05-11,,,technolgy,2011-01-01,40.79,142.0,China,GTX,550.0,Rocco Neubert,East
XBYJ3NUR,Darcel Schlecht,MG Special,Treequote,Won,2017-05-11,2017-05-20,60.0,telecommunications,1988-01-01,5266.09,8595.0,United States,MG,55.0,Melvin Marxen,Central
4Q2GV039,Darcel Schlecht,MG Advanced,Stanredtax,Won,2017-05-11,2017-08-24,3766.0,finance,1987-01-01,1698.2,3798.0,United States,MG,3393.0,Melvin Marxen,Central
ZA1YVJQC,Garret Kinder,MG Advanced,Donquadtech,Won,2017-05-11,2017-08-11,3552.0,technolgy,1992-01-01,1712.68,3194.0,United States,MG,3393.0,Cara Losch,East
59XUUWAQ,Kami Bicknell,MG Special,Blackzim,Lost,2017-05-11,2017-09-02,0.0,retail,2009-01-01,497.11,1588.0,United States,MG,55.0,Summer Sewald,West
GGXEKX47,Kami Bicknell,MG Advanced,Groovestreet,Lost,2017-05-11,2017-08-03,0.0,retail,2003-01-01,223.8,299.0,United States,MG,3393.0,Summer Sewald,West
LTVGILHP,Kary Hendrixson,GTX Basic,Bioholding,Engaging,2017-05-11,,,medical,2012-01-01,587.34,1356.0,Philipines,GTX,550.0,Summer Sewald,West
8JP05QQR,Markita Hansen,MG Advanced,Fasehatice,Lost,2017-05-11,2017-08-03,0.0,retail,1990-01-01,4968.91,7523.0,United States,MG,3393.0,Celia Rouche,West
MV227O65,Maureen Marcano,GTX Plus Pro,Sonron,Engaging,2017-05-11,,,telecommunications,1999-01-01,1699.85,5108.0,United States,GTX,5482.0,Summer Sewald,West
0BG8WJSX,Maureen Marcano,GTX Basic,Finjob,Lost,2017-05-11,2017-05-22,0.0,employment,1988-01-01,2059.9,3644.0,United States,GTX,550.0,Summer Sewald,West
ZQVUQ5CJ,Moses Frase,GTX Basic,Treequote,Won,2017-05-11,2017-05-25,472.0,telecommunications,1988-01-01,5266.09,8595.0,United States,GTX,550.0,Dustin Brinkmann,Central
ZFVG8LP2,Vicki Laflamme,MG Special,Cheers,Won,2017-05-11,2017-05-20,56.0,entertainment,1993-01-01,4269.9,6472.0,United States,MG,55.0,Celia Rouche,West
P2ST849C,Violet Mclelland,MG Special,Opentech,Won,2017-05-11,2017-06-16,57.0,finance,1994-01-01,355.23,853.0,United States,MG,55.0,Cara Losch,East
6CPBVF9F,Wilburn Farren,MG Advanced,Mathtouch,Lost,2017-05-11,2017-08-04,0.0,marketing,1984-01-01,3027.46,9516.0,Jordan,MG,3393.0,Cara Losch,East
6ID18IJX,Zane Levy,GTX Plus Basic,Newex,Won,2017-05-11,2017-08-17,776.0,services,1991-01-01,1012.72,3492.0,Germany,GTX,1096.0,Summer Sewald,West
WSPM5X5V,Anna Snelling,MG Special,Gogozoom,Lost,2017-05-12,2017-05-23,0.0,telecommunications,2007-01-01,86.68,187.0,United States,MG,55.0,Dustin Brinkmann,Central
7SF3PMMY,Cecily Lampkin,MG Special,Codehow,Won,2017-05-12,2017-06-10,61.0,software,1998-01-01,2714.9,2641.0,United States,MG,55.0,Dustin Brinkmann,Central
CZF82O5B,Cecily Lampkin,MG Advanced,Hottechi,Won,2017-05-12,2017-05-27,3831.0,technolgy,1997-01-01,8170.38,16499.0,Korea,MG,3393.0,Dustin Brinkmann,Central
BLLYPR3S,Corliss Cosme,MG Advanced,Sumace,Lost,2017-05-12,2017-08-24,0.0,retail,2000-01-01,167.89,493.0,Romania,MG,3393.0,Cara Losch,East
6VLA3FDQ,Gladys Colclough,MG Special,Rangreen,Won,2017-05-12,2017-08-09,52.0,technolgy,1987-01-01,2938.67,8775.0,Panama,MG,55.0,Melvin Marxen,Central
G43QQLLF,Jonathan Berthelot,MG Advanced,dambase,Lost,2017-05-12,2017-05-20,0.0,marketing,1995-01-01,2173.98,2928.0,United States,MG,3393.0,Melvin Marxen,Central
Z3FOWY9N,Kary Hendrixson,GTX Plus Pro,Scotfind,Won,2017-05-12,2017-06-22,5698.0,software,1996-01-01,6354.87,16780.0,United States,GTX,5482.0,Summer Sewald,West
S4OLFL40,Lajuana Vencill,GTX Basic,Ron-tech,Won,2017-05-12,2017-05-22,595.0,medical,1992-01-01,3922.42,6837.0,United States,GTX,550.0,Dustin Brinkmann,Central
LPY6VIZV,Marty Freudenburg,GTX Plus Pro,Codehow,Lost,2017-05-12,2017-08-12,0.0,software,1998-01-01,2714.9,2641.0,United States,GTX,5482.0,Melvin Marxen,Central
QQ96SPTU,Maureen Marcano,GTX Plus Basic,Newex,Won,2017-05-12,2017-08-23,1144.0,services,1991-01-01,1012.72,3492.0,Germany,GTX,1096.0,Summer Sewald,West
5YLCW6L5,Moses Frase,MG Special,Finhigh,Won,2017-05-12,2017-09-15,61.0,finance,2006-01-01,1102.43,1759.0,United States,MG,55.0,Dustin Brinkmann,Central
AZX4XC81,Reed Clapper,MG Advanced,Konex,Lost,2017-05-12,2017-08-13,0.0,technolgy,1980-01-01,7708.38,13756.0,United States,MG,3393.0,Rocco Neubert,East
GO4G2L4X,Reed Clapper,MG Advanced,Plussunin,Won,2017-05-12,2017-05-15,3510.0,retail,2003-01-01,1419.98,4018.0,United States,MG,3393.0,Rocco Neubert,East
9HKP3RBS,Rosie Papadopoulos,GTX Basic,Konex,Won,2017-05-12,2017-08-04,513.0,technolgy,1980-01-01,7708.38,13756.0,United States,GTX,550.0,Cara Losch,East
ER3G544S,Versie Hillebrand,MG Advanced,Toughzap,Lost,2017-05-12,2017-08-14,0.0,retail,1995-01-01,332.43,799.0,United States,MG,3393.0,Dustin Brinkmann,Central
YQFF7GFK,Versie Hillebrand,GTX Plus Basic,Inity,Won,2017-05-12,2017-08-11,1083.0,marketing,1986-01-01,2403.58,8801.0,United States,GTX,1096.0,Dustin Brinkmann,Central
1D1EJE8U,Vicki Laflamme,GTX Basic,Scotfind,Lost,2017-05-12,2017-05-26,0.0,software,1996-01-01,6354.87,16780.0,United States,GTX,550.0,Celia Rouche,West
5BAGWGAG,Vicki Laflamme,GTX Plus Pro,Condax,Won,2017-05-12,2017-08-23,5987.0,medical,2017-01-01,4.54,9.0,United States,GTX,5482.0,Celia Rouche,West
V1ROZMCX,Anna Snelling,GTX Plus Basic,dambase,Won,2017-05-13,2017-06-28,1041.0,marketing,1995-01-01,2173.98,2928.0,United States,GTX,1096.0,Dustin Brinkmann,Central
CEQ3J96G,Anna Snelling,MG Special,Funholding,Won,2017-05-13,2017-08-04,54.0,finance,1991-01-01,2819.5,7227.0,United States,MG,55.0,Dustin Brinkmann,Central
P96S0ATV,Boris Faz,MG Advanced,Massive Dynamic,Won,2017-05-13,2017-06-01,2677.0,entertainment,1989-01-01,665.06,1095.0,United States,MG,3393.0,Rocco Neubert,East
GXKR6EG9,Cecily Lampkin,MG Advanced,Rundofase,Won,2017-05-13,2017-05-27,3558.0,technolgy,1983-01-01,1008.06,1238.0,United States,MG,3393.0,Dustin Brinkmann,Central
XA4PGIHG,Corliss Cosme,GTX Basic,Sumace,Lost,2017-05-13,2017-08-08,0.0,retail,2000-01-01,167.89,493.0,Romania,GTX,550.0,Cara Losch,East
INBSL1I4,Corliss Cosme,GTX Plus Basic,Plussunin,Won,2017-05-13,2017-08-20,866.0,retail,2003-01-01,1419.98,4018.0,United States,GTX,1096.0,Cara Losch,East
4N2KE2ER,Darcel Schlecht,GTX Plus Basic,Condax,Won,2017-05-13,2017-08-24,987.0,medical,2017-01-01,4.54,9.0,United States,GTX,1096.0,Melvin Marxen,Central
UJSFG18F,Darcel Schlecht,MG Advanced,Dontechi,Won,2017-05-13,2017-08-15,3290.0,software,1982-01-01,4618.0,10083.0,United States,MG,3393.0,Melvin Marxen,Central
R9TWUEAT,Donn Cantrell,GTX Plus Pro,Xx-zobam,Lost,2017-05-13,2017-08-09,0.0,entertainment,1989-01-01,3838.39,8274.0,United States,GTX,5482.0,Rocco Neubert,East
3K97S8L9,Donn Cantrell,MG Advanced,Donquadtech,Lost,2017-05-13,2017-05-19,0.0,technolgy,1992-01-01,1712.68,3194.0,United States,MG,3393.0,Rocco Neubert,East
QWR1O5R9,Donn Cantrell,MG Advanced,Mathtouch,Lost,2017-05-13,2017-05-17,0.0,marketing,1984-01-01,3027.46,9516.0,Jordan,MG,3393.0,Rocco Neubert,East
0MZIJDPM,Elease Gluck,MG Special,Faxquote,Won,2017-05-13,2017-09-13,54.0,telecommunications,1995-01-01,1825.82,5595.0,United States,MG,55.0,Celia Rouche,West
3N46WQVI,Hayden Neloms,MG Advanced,Faxquote,Engaging,2017-05-13,,,telecommunications,1995-01-01,1825.82,5595.0,United States,MG,3393.0,Celia Rouche,West
FNQYVW3T,Hayden Neloms,GTX Plus Pro,Singletechno,Won,2017-05-13,2017-05-17,4627.0,retail,1996-01-01,2214.94,5374.0,United States,GTX,5482.0,Celia Rouche,West
CO6JN5NH,James Ascencio,GTX Basic,Green-Plus,Lost,2017-05-13,2017-08-22,0.0,services,2003-01-01,692.19,1922.0,United States,GTX,550.0,Summer Sewald,West
CQXYCHKN,Lajuana Vencill,GTX Basic,Genco Pura Olive Oil Company,Lost,2017-05-13,2017-05-15,0.0,retail,2007-01-01,894.33,1635.0,Italy,GTX,550.0,Dustin Brinkmann,Central
TWXUDY78,Markita Hansen,MG Special,Singletechno,Won,2017-05-13,2017-08-23,57.0,retail,1996-01-01,2214.94,5374.0,United States,MG,55.0,Celia Rouche,West
OPL7DH0Q,Niesha Huffines,GTX Plus Basic,Dontechi,Lost,2017-05-13,2017-08-24,0.0,software,1982-01-01,4618.0,10083.0,United States,GTX,1096.0,Melvin Marxen,Central
5VKRCTJE,Rosalina Dieter,GTX Plus Basic,Singletechno,Won,2017-05-13,2017-08-01,1032.0,retail,1996-01-01,2214.94,5374.0,United States,GTX,1096.0,Celia Rouche,West
7DDD3NZ2,Rosie Papadopoulos,GTX Basic,Opentech,Won,2017-05-13,2017-05-17,567.0,finance,1994-01-01,355.23,853.0,United States,GTX,550.0,Cara Losch,East
QL97HH1Y,Versie Hillebrand,MG Special,Dontechi,Won,2017-05-13,2017-05-19,58.0,software,1982-01-01,4618.0,10083.0,United States,MG,55.0,Dustin Brinkmann,Central
9KN4MG14,Anna Snelling,GTX Plus Pro,Gogozoom,Lost,2017-05-14,2017-08-25,0.0,telecommunications,2007-01-01,86.68,187.0,United States,GTX,5482.0,Dustin Brinkmann,Central
4V3TLIGG,Anna Snelling,MG Special,Rundofase,Won,2017-05-14,2017-05-22,50.0,technolgy,1983-01-01,1008.06,1238.0,United States,MG,55.0,Dustin Brinkmann,Central
ALZNZ666,Boris Faz,MG Advanced,Toughzap,Engaging,2017-05-14,,,retail,1995-01-01,332.43,799.0,United States,MG,3393.0,Rocco Neubert,East
BWRNVTNR,Cassey Cress,GTX Basic,Mathtouch,Lost,2017-05-14,2017-08-02,0.0,marketing,1984-01-01,3027.46,9516.0,Jordan,GTX,550.0,Rocco Neubert,East
0H4AHJRI,Daniell Hammack,GTX Basic,Bubba Gump,Lost,2017-05-14,2017-06-01,0.0,software,2002-01-01,987.39,2253.0,United States,GTX,550.0,Rocco Neubert,East
S9WJ9NAS,Darcel Schlecht,MG Special,Gogozoom,Won,2017-05-14,2017-06-24,59.0,telecommunications,2007-01-01,86.68,187.0,United States,MG,55.0,Melvin Marxen,Central
BCA3ICIO,Donn Cantrell,GTX Plus Pro,Umbrella Corporation,Lost,2017-05-14,2017-08-14,0.0,finance,1998-01-01,2022.14,5113.0,United States,GTX,5482.0,Rocco Neubert,East
F914VHA3,Donn Cantrell,GTX Basic,Bluth Company,Won,2017-05-14,2017-08-06,525.0,technolgy,1993-01-01,1242.32,3027.0,United States,GTX,550.0,Rocco Neubert,East
EF24VTVA,James Ascencio,GTX Plus Pro,Kinnamplus,Engaging,2017-05-14,,,retail,2004-01-01,702.72,1831.0,United States,GTX,5482.0,Summer Sewald,West
1CZU97OX,James Ascencio,GTX Plus Pro,Singletechno,Won,2017-05-14,2017-08-02,5525.0,retail,1996-01-01,2214.94,5374.0,United States,GTX,5482.0,Summer Sewald,West
T4FQOS6J,Maureen Marcano,GTX Plus Basic,Opentech,Engaging,2017-05-14,,,finance,1994-01-01,355.23,853.0,United States,GTX,1096.0,Summer Sewald,West
4BPA17HF,Maureen Marcano,GTX Basic,Zoomit,Won,2017-05-14,2017-05-28,628.0,entertainment,1992-01-01,324.19,978.0,United States,GTX,550.0,Summer Sewald,West
LAOGNZOU,Maureen Marcano,GTX Plus Basic,Hottechi,Won,2017-05-14,2017-05-22,902.0,technolgy,1997-01-01,8170.38,16499.0,Korea,GTX,1096.0,Summer Sewald,West
V3KGPHH9,Niesha Huffines,GTX Plus Basic,Stanredtax,Won,2017-05-14,2017-06-07,1064.0,finance,1987-01-01,1698.2,3798.0,United States,GTX,1096.0,Melvin Marxen,Central
RNH95U0V,Reed Clapper,GTX Plus Pro,Zotware,Won,2017-05-14,2017-08-20,6346.0,software,1979-01-01,4478.47,13809.0,United States,GTX,5482.0,Rocco Neubert,East
ZJ1BOSNL,Reed Clapper,MG Advanced,Xx-zobam,Won,2017-05-14,2017-05-24,3089.0,entertainment,1989-01-01,3838.39,8274.0,United States,MG,3393.0,Rocco Neubert,East
0X1AY1FM,Rosalina Dieter,MG Advanced,Sonron,Won,2017-05-14,2017-05-18,3484.0,telecommunications,1999-01-01,1699.85,5108.0,United States,MG,3393.0,Celia Rouche,West
D821LEQV,Versie Hillebrand,MG Special,Isdom,Lost,2017-05-14,2017-08-24,0.0,medical,2002-01-01,3178.24,4540.0,United States,MG,55.0,Dustin Brinkmann,Central
B1O27MFD,Versie Hillebrand,MG Special,Rundofase,Lost,2017-05-14,2017-08-06,0.0,technolgy,1983-01-01,1008.06,1238.0,United States,MG,55.0,Dustin Brinkmann,Central
UOUG01WG,Versie Hillebrand,MG Special,Betatech,Won,2017-05-14,2017-05-16,68.0,medical,1986-01-01,647.18,1185.0,Kenya,MG,55.0,Dustin Brinkmann,Central
3X2HOUYU,Vicki Laflamme,GTX Basic,Fasehatice,Won,2017-05-14,2017-08-16,575.0,retail,1990-01-01,4968.91,7523.0,United States,GTX,550.0,Celia Rouche,West
V135X5B7,Violet Mclelland,MG Advanced,Xx-zobam,Won,2017-05-14,2017-05-17,3720.0,entertainment,1989-01-01,3838.39,8274.0,United States,MG,3393.0,Cara Losch,East
WUXGF870,Zane Levy,GTX Plus Pro,Hottechi,Lost,2017-05-14,2017-05-27,0.0,technolgy,1997-01-01,8170.38,16499.0,Korea,GTX,5482.0,Summer Sewald,West
3372JYYQ,Cassey Cress,MG Advanced,Condax,Engaging,2017-05-15,,,medical,2017-01-01,4.54,9.0,United States,MG,3393.0,Rocco Neubert,East
ENE1HNL3,Cassey Cress,GTX Plus Basic,Bluth Company,Won,2017-05-15,2017-06-27,1078.0,technolgy,1993-01-01,1242.32,3027.0,United States,GTX,1096.0,Rocco Neubert,East
EXMA7FRC,Cecily Lampkin,GTX Plus Basic,Hottechi,Won,2017-05-15,2017-05-30,1129.0,technolgy,1997-01-01,8170.38,16499.0,Korea,GTX,1096.0,Dustin Brinkmann,Central
KJHM27ZM,Daniell Hammack,GTX Plus Pro,Labdrill,Engaging,2017-05-15,,,medical,1985-01-01,2741.37,9226.0,United States,GTX,5482.0,Rocco Neubert,East
8H1VRXAK,Daniell Hammack,GTX Basic,Umbrella Corporation,Won,2017-05-15,2017-09-15,536.0,finance,1998-01-01,2022.14,5113.0,United States,GTX,550.0,Rocco Neubert,East
5BRZKG6Y,Hayden Neloms,MG Special,Blackzim,Lost,2017-05-15,2017-09-08,0.0,retail,2009-01-01,497.11,1588.0,United States,MG,55.0,Celia Rouche,West
BHV4K3VV,Kary Hendrixson,GTX Basic,Y-corporation,Won,2017-05-15,2017-05-25,549.0,employment,1983-01-01,2871.35,9561.0,United States,GTX,550.0,Summer Sewald,West
BOHWQ1B3,Lajuana Vencill,MG Special,Streethex,Won,2017-05-15,2017-09-07,61.0,retail,1988-01-01,1376.8,1165.0,Belgium,MG,55.0,Dustin Brinkmann,Central
K4KNZQY6,Markita Hansen,GTX Plus Pro,Scotfind,Lost,2017-05-15,2017-08-07,0.0,software,1996-01-01,6354.87,16780.0,United States,GTX,5482.0,Celia Rouche,West
9WUD1Q5D,Marty Freudenburg,MG Special,Toughzap,Lost,2017-05-15,2017-08-10,0.0,retail,1995-01-01,332.43,799.0,United States,MG,55.0,Melvin Marxen,Central
KAPP0SBT,Marty Freudenburg,MG Advanced,Cancity,Lost,2017-05-15,2017-08-21,0.0,retail,2001-01-01,718.62,2448.0,United States,MG,3393.0,Melvin Marxen,Central
XSWTUMGY,Maureen Marcano,GTX Basic,Fasehatice,Lost,2017-05-15,2017-08-13,0.0,retail,1990-01-01,4968.91,7523.0,United States,GTX,550.0,Summer Sewald,West
KS9B13NQ,Maureen Marcano,GTX Plus Basic,Blackzim,Won,2017-05-15,2017-09-10,1101.0,retail,2009-01-01,497.11,1588.0,United States,GTX,1096.0,Summer Sewald,West
S983P5KR,Niesha Huffines,GTX Basic,Inity,Lost,2017-05-15,2017-08-11,0.0,marketing,1986-01-01,2403.58,8801.0,United States,GTX,550.0,Melvin Marxen,Central
K0ZYCW3U,Niesha Huffines,GTX Basic,Dontechi,Won,2017-05-15,2017-06-27,603.0,software,1982-01-01,4618.0,10083.0,United States,GTX,550.0,Melvin Marxen,Central
SFCT64YG,Niesha Huffines,GTX Basic,Inity,Won,2017-05-15,2017-09-05,545.0,marketing,1986-01-01,2403.58,8801.0,United States,GTX,550.0,Melvin Marxen,Central
DUM5AP8P,Reed Clapper,MG Advanced,Vehement Capital Partners,Lost,2017-05-15,2017-05-30,0.0,finance,1993-01-01,646.1,883.0,United States,MG,3393.0,Rocco Neubert,East
RNV54AZ7,Rosie Papadopoulos,GTX Plus Pro,Yearin,Lost,2017-05-15,2017-05-26,0.0,retail,2005-01-01,2261.05,3851.0,United States,GTX,5482.0,Cara Losch,East
AVNVFAIR,Vicki Laflamme,GTX Plus Basic,Fasehatice,Won,2017-05-15,2017-08-25,959.0,retail,1990-01-01,4968.91,7523.0,United States,GTX,1096.0,Celia Rouche,West
TEJBT5CP,Vicki Laflamme,GTX Plus Basic,Konex,Won,2017-05-15,2017-06-03,1208.0,technolgy,1980-01-01,7708.38,13756.0,United States,GTX,1096.0,Celia Rouche,West
NHA6MNJF,Violet Mclelland,MG Advanced,Zotware,Won,2017-05-15,2017-09-26,3061.0,software,1979-01-01,4478.47,13809.0,United States,MG,3393.0,Cara Losch,East
K44WX2BT,Donn Cantrell,MG Advanced,Massive Dynamic,Won,2017-05-16,2017-08-13,3351.0,entertainment,1989-01-01,665.06,1095.0,United States,MG,3393.0,Rocco Neubert,East
XD6R8R5B,Hayden Neloms,MG Advanced,Hottechi,Won,2017-05-16,2017-05-30,3153.0,technolgy,1997-01-01,8170.38,16499.0,Korea,MG,3393.0,Celia Rouche,West
CEGQ4V9F,James Ascencio,GTX Plus Basic,Konex,Lost,2017-05-16,2017-05-20,0.0,technolgy,1980-01-01,7708.38,13756.0,United States,GTX,1096.0,Summer Sewald,West
58DMWXXI,James Ascencio,GTX Plus Pro,J-Texon,Lost,2017-05-16,2017-05-27,0.0,retail,1989-01-01,1388.67,3583.0,United States,GTX,5482.0,Summer Sewald,West
8GYJOE85,Kami Bicknell,GTX Basic,Hottechi,Lost,2017-05-16,2017-08-22,0.0,technolgy,1997-01-01,8170.38,16499.0,Korea,GTX,550.0,Summer Sewald,West
KJP1JFKX,Kami Bicknell,GTX Basic,Hottechi,Won,2017-05-16,2017-06-06,533.0,technolgy,1997-01-01,8170.38,16499.0,Korea,GTX,550.0,Summer Sewald,West
LGK00C12,Lajuana Vencill,GTX Basic,Bioholding,Lost,2017-05-16,2017-08-24,0.0,medical,2012-01-01,587.34,1356.0,Philipines,GTX,550.0,Dustin Brinkmann,Central
1F950BGI,Lajuana Vencill,MG Special,Genco Pura Olive Oil Company,Won,2017-05-16,2017-06-01,56.0,retail,2007-01-01,894.33,1635.0,Italy,MG,55.0,Dustin Brinkmann,Central
1KV8WY84,Marty Freudenburg,GTX Plus Basic,Statholdings,Lost,2017-05-16,2017-05-24,0.0,employment,1997-01-01,291.27,586.0,United States,GTX,1096.0,Melvin Marxen,Central
FN080GSV,Maureen Marcano,GTX Basic,Finjob,Won,2017-05-16,2017-08-04,522.0,employment,1988-01-01,2059.9,3644.0,United States,GTX,550.0,Summer Sewald,West
XR3BL1JL,Rosalina Dieter,MG Special,Goodsilron,Won,2017-05-16,2017-08-20,54.0,marketing,2000-01-01,2952.73,5107.0,United States,MG,55.0,Celia Rouche,West
YD38G676,Vicki Laflamme,MG Advanced,Hatfan,Lost,2017-05-16,2017-05-27,0.0,services,1982-01-01,792.46,1299.0,United States,MG,3393.0,Celia Rouche,West
UW6FSSDK,Violet Mclelland,MG Special,Acme Corporation,Lost,2017-05-16,2017-08-16,0.0,technolgy,1996-01-01,1100.04,2822.0,United States,MG,55.0,Cara Losch,East
GYC77KNM,Wilburn Farren,MG Advanced,Gekko & Co,Won,2017-05-16,2017-09-16,3483.0,retail,1990-01-01,2520.83,3502.0,United States,MG,3393.0,Cara Losch,East
HS58SPS7,Cassey Cress,MG Special,Bubba Gump,Lost,2017-05-17,2017-05-25,0.0,software,2002-01-01,987.39,2253.0,United States,MG,55.0,Rocco Neubert,East
5BGYQS4R,Darcel Schlecht,GTX Plus Basic,Finhigh,Won,2017-05-17,2017-08-11,1110.0,finance,2006-01-01,1102.43,1759.0,United States,GTX,1096.0,Melvin Marxen,Central
YMS8IG4L,Donn Cantrell,GTX Basic,Umbrella Corporation,Won,2017-05-17,2017-05-27,441.0,finance,1998-01-01,2022.14,5113.0,United States,GTX,550.0,Rocco Neubert,East
NISR8D1V,Elease Gluck,GTX Basic,Hottechi,Won,2017-05-17,2017-08-08,553.0,technolgy,1997-01-01,8170.38,16499.0,Korea,GTX,550.0,Celia Rouche,West
T4MF2SMF,Hayden Neloms,MG Advanced,Scotfind,Won,2017-05-17,2017-06-04,3624.0,software,1996-01-01,6354.87,16780.0,United States,MG,3393.0,Celia Rouche,West
G6PDDHMN,Jonathan Berthelot,GTX Basic,Genco Pura Olive Oil Company,Lost,2017-05-17,2017-05-31,0.0,retail,2007-01-01,894.33,1635.0,Italy,GTX,550.0,Melvin Marxen,Central
8GV0BQTU,Kary Hendrixson,MG Advanced,Xx-holding,Engaging,2017-05-17,,,finance,1993-01-01,7537.24,20293.0,United States,MG,3393.0,Summer Sewald,West
I99AI8C5,Lajuana Vencill,MG Special,dambase,Lost,2017-05-17,2017-08-08,0.0,marketing,1995-01-01,2173.98,2928.0,United States,MG,55.0,Dustin Brinkmann,Central
RQM0PS59,Markita Hansen,MG Special,J-Texon,Lost,2017-05-17,2017-08-18,0.0,retail,1989-01-01,1388.67,3583.0,United States,MG,55.0,Celia Rouche,West
G6QI40AT,Rosie Papadopoulos,MG Special,Umbrella Corporation,Lost,2017-05-17,2017-05-29,0.0,finance,1998-01-01,2022.14,5113.0,United States,MG,55.0,Cara Losch,East
UQY5TEE8,Versie Hillebrand,MG Special,Codehow,Won,2017-05-17,2017-09-20,51.0,software,1998-01-01,2714.9,2641.0,United States,MG,55.0,Dustin Brinkmann,Central
N2KXGJO3,Violet Mclelland,MG Advanced,Silis,Won,2017-05-17,2017-08-01,3033.0,medical,1994-01-01,2818.38,6290.0,United States,MG,3393.0,Cara Losch,East
DDP76LIP,Zane Levy,MG Special,Hatfan,Lost,2017-05-17,2017-05-26,0.0,services,1982-01-01,792.46,1299.0,United States,MG,55.0,Summer Sewald,West
43AH1M09,Anna Snelling,MG Special,Warephase,Lost,2017-05-18,2017-05-24,0.0,services,1997-01-01,2041.73,5276.0,United States,MG,55.0,Dustin Brinkmann,Central
852ZZB90,Anna Snelling,MG Special,Ron-tech,Won,2017-05-18,2017-06-02,58.0,medical,1992-01-01,3922.42,6837.0,United States,MG,55.0,Dustin Brinkmann,Central
V2GGEAOC,Anna Snelling,MG Special,Streethex,Won,2017-05-18,2017-09-15,51.0,retail,1988-01-01,1376.8,1165.0,Belgium,MG,55.0,Dustin Brinkmann,Central
0K59ZLQC,Corliss Cosme,GTX Basic,Donquadtech,Engaging,2017-05-18,,,technolgy,1992-01-01,1712.68,3194.0,United States,GTX,550.0,Cara Losch,East
DPT11UGS,Donn Cantrell,GTX Plus Basic,Iselectrics,Won,2017-05-18,2017-09-05,995.0,technolgy,2011-01-01,527.11,1428.0,United States,GTX,1096.0,Rocco Neubert,East
2BXYT4PD,Hayden Neloms,GTX Plus Pro,Funholding,Engaging,2017-05-18,,,finance,1991-01-01,2819.5,7227.0,United States,GTX,5482.0,Celia Rouche,West
HU970PDK,James Ascencio,GTX Plus Pro,Donquadtech,Engaging,2017-05-18,,,technolgy,1992-01-01,1712.68,3194.0,United States,GTX,5482.0,Summer Sewald,West
7D75QXBD,Kary Hendrixson,GTX Plus Basic,Groovestreet,Engaging,2017-05-18,,,retail,2003-01-01,223.8,299.0,United States,GTX,1096.0,Summer Sewald,West
L71FBIF7,Marty Freudenburg,MG Special,Bioholding,Lost,2017-05-18,2017-09-10,0.0,medical,2012-01-01,587.34,1356.0,Philipines,MG,55.0,Melvin Marxen,Central
HU6IS6Q2,Marty Freudenburg,GTX Plus Pro,Domzoom,Won,2017-05-18,2017-06-11,5241.0,entertainment,1998-01-01,217.87,551.0,United States,GTX,5482.0,Melvin Marxen,Central
UXFEJC9Q,Maureen Marcano,GTX Plus Basic,Nam-zim,Won,2017-05-18,2017-05-22,1082.0,services,1987-01-01,405.59,1179.0,Brazil,GTX,1096.0,Summer Sewald,West
D4Z6IL8W,Niesha Huffines,GTX Basic,Rundofase,Won,2017-05-18,2017-06-05,616.0,technolgy,1983-01-01,1008.06,1238.0,United States,GTX,550.0,Melvin Marxen,Central
5FG7S674,Rosie Papadopoulos,MG Special,Zencorporation,Lost,2017-05-18,2017-08-14,0.0,technolgy,2011-01-01,40.79,142.0,China,MG,55.0,Cara Losch,East
KJXB9Q7O,Versie Hillebrand,MG Special,Finhigh,Lost,2017-05-18,2017-05-24,0.0,finance,2006-01-01,1102.43,1759.0,United States,MG,55.0,Dustin Brinkmann,Central
KN3H2R4V,Zane Levy,GTX Basic,Y-corporation,Lost,2017-05-18,2017-06-25,0.0,employment,1983-01-01,2871.35,9561.0,United States,GTX,550.0,Summer Sewald,West
20QTAZ1L,Zane Levy,MG Special,Lexiqvolax,Lost,2017-05-18,2017-05-23,0.0,medical,2004-01-01,1618.89,3889.0,United States,MG,55.0,Summer Sewald,West
OATOYNX2,Anna Snelling,MG Special,Bioholding,Won,2017-05-19,2017-06-27,63.0,medical,2012-01-01,587.34,1356.0,Philipines,MG,55.0,Dustin Brinkmann,Central
GAH11YHT,Boris Faz,MG Advanced,Konex,Lost,2017-05-19,2017-05-20,0.0,technolgy,1980-01-01,7708.38,13756.0,United States,MG,3393.0,Rocco Neubert,East
FT8227WB,Cassey Cress,GTX Plus Basic,Zencorporation,Lost,2017-05-19,2017-06-01,0.0,technolgy,2011-01-01,40.79,142.0,China,GTX,1096.0,Rocco Neubert,East
0XHTFQE8,Cassey Cress,GTX Plus Basic,Betasoloin,Won,2017-05-19,2017-08-19,1131.0,medical,1999-01-01,251.41,495.0,United States,GTX,1096.0,Rocco Neubert,East
6I76NXTK,Corliss Cosme,GTX Basic,Ganjaflex,Won,2017-05-19,2017-09-04,503.0,retail,1995-01-01,5158.71,17479.0,Japan,GTX,550.0,Cara Losch,East
0FLFT1R4,Corliss Cosme,GTX Basic,Massive Dynamic,Won,2017-05-19,2017-08-03,516.0,entertainment,1989-01-01,665.06,1095.0,United States,GTX,550.0,Cara Losch,East
QX4VN0WB,Daniell Hammack,GTX Basic,Mathtouch,Won,2017-05-19,2017-09-01,592.0,marketing,1984-01-01,3027.46,9516.0,Jordan,GTX,550.0,Rocco Neubert,East
00KY25OA,Donn Cantrell,GTX Basic,Condax,Won,2017-05-19,2017-06-01,564.0,medical,2017-01-01,4.54,9.0,United States,GTX,550.0,Rocco Neubert,East
QDDD0L2Y,Elease Gluck,MG Special,Kan-code,Lost,2017-05-19,2017-05-27,0.0,software,1982-01-01,11698.03,34288.0,United States,MG,55.0,Celia Rouche,West
6TN4T6HN,Hayden Neloms,GTX Plus Basic,Golddex,Won,2017-05-19,2017-06-01,964.0,finance,2008-01-01,52.5,165.0,United States,GTX,1096.0,Celia Rouche,West
MQY3YOQS,Jonathan Berthelot,GTX Basic,Funholding,Won,2017-05-19,2017-06-02,583.0,finance,1991-01-01,2819.5,7227.0,United States,GTX,550.0,Melvin Marxen,Central
MGD7DZAU,Kami Bicknell,GTX Basic,Globex Corporation,Engaging,2017-05-19,,,technolgy,2000-01-01,1223.72,2497.0,Norway,GTX,550.0,Summer Sewald,West
3YWITFR5,Lajuana Vencill,GTX Basic,Ron-tech,Won,2017-05-19,2017-08-15,440.0,medical,1992-01-01,3922.42,6837.0,United States,GTX,550.0,Dustin Brinkmann,Central
BEKQZ411,Moses Frase,MG Special,Inity,Won,2017-05-19,2017-08-31,58.0,marketing,1986-01-01,2403.58,8801.0,United States,MG,55.0,Dustin Brinkmann,Central
PK0T5N02,Reed Clapper,GTX Plus Basic,Initech,Won,2017-05-19,2017-05-26,1093.0,telecommunications,1994-01-01,6395.05,20275.0,United States,GTX,1096.0,Rocco Neubert,East
DTSCBNCX,Violet Mclelland,GTX Plus Basic,Donquadtech,Lost,2017-05-19,2017-08-12,0.0,technolgy,1992-01-01,1712.68,3194.0,United States,GTX,1096.0,Cara Losch,East
TUDKP25E,Anna Snelling,MG Advanced,Rangreen,Lost,2017-05-20,2017-08-01,0.0,technolgy,1987-01-01,2938.67,8775.0,Panama,MG,3393.0,Dustin Brinkmann,Central
E1OBRLYZ,Boris Faz,GTX Basic,Zencorporation,Won,2017-05-20,2017-05-27,529.0,technolgy,2011-01-01,40.79,142.0,China,GTX,550.0,Rocco Neubert,East
X66G66ZA,Darcel Schlecht,MG Special,Toughzap,Won,2017-05-20,2017-08-18,56.0,retail,1995-01-01,332.43,799.0,United States,MG,55.0,Melvin Marxen,Central
PI2PHSBE,Donn Cantrell,GTX Basic,Zencorporation,Lost,2017-05-20,2017-08-05,0.0,technolgy,2011-01-01,40.79,142.0,China,GTX,550.0,Rocco Neubert,East
WXRWSVTT,Garret Kinder,GTX Basic,Kan-code,Won,2017-05-20,2017-08-18,492.0,software,1982-01-01,11698.03,34288.0,United States,GTX,550.0,Cara Losch,East
81NOKKSW,Gladys Colclough,MG Special,Statholdings,Won,2017-05-20,2017-08-31,68.0,employment,1997-01-01,291.27,586.0,United States,MG,55.0,Melvin Marxen,Central
CP3JY4PE,Hayden Neloms,MG Advanced,Groovestreet,Won,2017-05-20,2017-09-14,3728.0,retail,2003-01-01,223.8,299.0,United States,MG,3393.0,Celia Rouche,West
K2683261,Kami Bicknell,GTX Plus Basic,Plusstrip,Won,2017-05-20,2017-09-13,1082.0,entertainment,2002-01-01,349.81,315.0,United States,GTX,1096.0,Summer Sewald,West
MPCJV2LA,Kary Hendrixson,GTX Plus Basic,Hatfan,Lost,2017-05-20,2017-08-21,0.0,services,1982-01-01,792.46,1299.0,United States,GTX,1096.0,Summer Sewald,West
0DDBDPJU,Lajuana Vencill,GTX Basic,Funholding,Won,2017-05-20,2017-08-05,557.0,finance,1991-01-01,2819.5,7227.0,United States,GTX,550.0,Dustin Brinkmann,Central
RXIQFV8D,Niesha Huffines,MG Special,Dontechi,Won,2017-05-20,2017-08-09,60.0,software,1982-01-01,4618.0,10083.0,United States,MG,55.0,Melvin Marxen,Central
5RGYU88R,Versie Hillebrand,GTX Plus Pro,Scottech,Won,2017-05-20,2017-05-25,5046.0,marketing,2012-01-01,45.39,100.0,United States,GTX,5482.0,Dustin Brinkmann,Central
F3P73EG4,Versie Hillebrand,MG Special,Gogozoom,Won,2017-05-20,2017-08-04,53.0,telecommunications,2007-01-01,86.68,187.0,United States,MG,55.0,Dustin Brinkmann,Central
CRLWCEMY,Versie Hillebrand,MG Advanced,Stanredtax,Won,2017-05-20,2017-06-10,2807.0,finance,1987-01-01,1698.2,3798.0,United States,MG,3393.0,Dustin Brinkmann,Central
IQ5ASHI1,Anna Snelling,GTX Basic,Bioholding,Won,2017-05-21,2017-08-11,475.0,medical,2012-01-01,587.34,1356.0,Philipines,GTX,550.0,Dustin Brinkmann,Central
G378ZBNC,Anna Snelling,MG Advanced,Ron-tech,Won,2017-05-21,2017-08-03,3031.0,medical,1992-01-01,3922.42,6837.0,United States,MG,3393.0,Dustin Brinkmann,Central
6ZVC87CV,Boris Faz,MG Special,Ontomedia,Won,2017-05-21,2017-08-09,53.0,employment,1997-01-01,882.12,2769.0,United States,MG,55.0,Rocco Neubert,East
4Y1DYANE,Cassey Cress,GTX Plus Basic,Xx-zobam,Won,2017-05-21,2017-06-04,1112.0,entertainment,1989-01-01,3838.39,8274.0,United States,GTX,1096.0,Rocco Neubert,East
CX0SXNCN,Corliss Cosme,GTX Basic,Treequote,Engaging,2017-05-21,,,telecommunications,1988-01-01,5266.09,8595.0,United States,GTX,550.0,Cara Losch,East
GQPQ6XBD,Elease Gluck,GTX Basic,Blackzim,Won,2017-05-21,2017-06-06,562.0,retail,2009-01-01,497.11,1588.0,United States,GTX,550.0,Celia Rouche,West
G4KL8QWY,James Ascencio,GTX Basic,Rantouch,Won,2017-05-21,2017-06-04,593.0,telecommunications,1994-01-01,1188.42,3015.0,United States,GTX,550.0,Summer Sewald,West
JF178AXO,Kami Bicknell,GTX Plus Basic,Faxquote,Won,2017-05-21,2017-08-11,1100.0,telecommunications,1995-01-01,1825.82,5595.0,United States,GTX,1096.0,Summer Sewald,West
43NBMRFY,Kami Bicknell,GTX Plus Basic,Scotfind,Won,2017-05-21,2017-08-18,1198.0,software,1996-01-01,6354.87,16780.0,United States,GTX,1096.0,Summer Sewald,West
UQ67214Z,Lajuana Vencill,MG Advanced,Dontechi,Won,2017-05-21,2017-08-20,3250.0,software,1982-01-01,4618.0,10083.0,United States,MG,3393.0,Dustin Brinkmann,Central
HDITQL1S,Marty Freudenburg,MG Advanced,Treequote,Won,2017-05-21,2017-09-05,2785.0,telecommunications,1988-01-01,5266.09,8595.0,United States,MG,3393.0,Melvin Marxen,Central
1WPONGOS,Maureen Marcano,MG Special,Scotfind,Won,2017-05-21,2017-08-11,49.0,software,1996-01-01,6354.87,16780.0,United States,MG,55.0,Summer Sewald,West
UF0S02A4,Moses Frase,MG Advanced,Inity,Lost,2017-05-21,2017-05-25,0.0,marketing,1986-01-01,2403.58,8801.0,United States,MG,3393.0,Dustin Brinkmann,Central
ZG1DFNPW,Moses Frase,GTX Basic,Bioholding,Won,2017-05-21,2017-09-15,547.0,medical,2012-01-01,587.34,1356.0,Philipines,GTX,550.0,Dustin Brinkmann,Central
SS9FXCS2,Niesha Huffines,MG Special,Bioholding,Won,2017-05-21,2017-08-01,57.0,medical,2012-01-01,587.34,1356.0,Philipines,MG,55.0,Melvin Marxen,Central
SHE8LB0Y,Rosalina Dieter,MG Special,Fasehatice,Lost,2017-05-21,2017-08-08,0.0,retail,1990-01-01,4968.91,7523.0,United States,MG,55.0,Celia Rouche,West
9D6NTQ16,Rosalina Dieter,MG Special,Y-corporation,Lost,2017-05-21,2017-08-06,0.0,employment,1983-01-01,2871.35,9561.0,United States,MG,55.0,Celia Rouche,West
59N6QWQM,Vicki Laflamme,MG Advanced,Sonron,Lost,2017-05-21,2017-05-23,0.0,telecommunications,1999-01-01,1699.85,5108.0,United States,MG,3393.0,Celia Rouche,West
ZHKJIJA1,Vicki Laflamme,GTX Basic,Cheers,Won,2017-05-21,2017-08-05,572.0,entertainment,1993-01-01,4269.9,6472.0,United States,GTX,550.0,Celia Rouche,West
SDL8MJ4R,Violet Mclelland,MG Special,Ontomedia,Won,2017-05-21,2017-06-10,48.0,employment,1997-01-01,882.12,2769.0,United States,MG,55.0,Cara Losch,East
G86OKJFV,Anna Snelling,GTX Plus Pro,Isdom,Lost,2017-05-22,2017-05-31,0.0,medical,2002-01-01,3178.24,4540.0,United States,GTX,5482.0,Dustin Brinkmann,Central
WM7XURV6,Corliss Cosme,GTX Plus Basic,Groovestreet,Engaging,2017-05-22,,,retail,2003-01-01,223.8,299.0,United States,GTX,1096.0,Cara Losch,East
HUCB9WIQ,Darcel Schlecht,MG Advanced,Conecom,Lost,2017-05-22,2017-09-08,0.0,technolgy,2005-01-01,1520.66,1806.0,United States,MG,3393.0,Melvin Marxen,Central
R8CMI00I,Garret Kinder,GTX Basic,Kan-code,Won,2017-05-22,2017-06-06,555.0,software,1982-01-01,11698.03,34288.0,United States,GTX,550.0,Cara Losch,East
T7HHH8HK,Garret Kinder,GTX Basic,Konex,Won,2017-05-22,2017-09-02,476.0,technolgy,1980-01-01,7708.38,13756.0,United States,GTX,550.0,Cara Losch,East
407NLHJH,James Ascencio,GTX Plus Basic,Labdrill,Won,2017-05-22,2017-06-14,1090.0,medical,1985-01-01,2741.37,9226.0,United States,GTX,1096.0,Summer Sewald,West
ZJQKUIZ4,Kary Hendrixson,MG Special,Opentech,Engaging,2017-05-22,,,finance,1994-01-01,355.23,853.0,United States,MG,55.0,Summer Sewald,West
KD63LC6D,Kary Hendrixson,GTX Basic,Condax,Won,2017-05-22,2017-09-25,584.0,medical,2017-01-01,4.54,9.0,United States,GTX,550.0,Summer Sewald,West
TB27K4GC,Markita Hansen,GTK 500,Finjob,Won,2017-05-22,2017-08-14,24745.0,employment,1988-01-01,2059.9,3644.0,United States,GTK,26768.0,Celia Rouche,West
NFFS1KSK,Reed Clapper,GTX Basic,Zotware,Won,2017-05-22,2017-05-27,512.0,software,1979-01-01,4478.47,13809.0,United States,GTX,550.0,Rocco Neubert,East
V1T47SKL,Vicki Laflamme,MG Special,Zoomit,Won,2017-05-22,2017-06-07,60.0,entertainment,1992-01-01,324.19,978.0,United States,MG,55.0,Celia Rouche,West
M6IGBW79,Zane Levy,GTX Plus Basic,Dalttechnology,Won,2017-05-22,2017-08-08,1088.0,software,2013-01-01,98.79,96.0,United States,GTX,1096.0,Summer Sewald,West
2QGI573A,Corliss Cosme,GTX Basic,The New York Inquirer,Won,2017-05-23,2017-05-26,463.0,medical,1996-01-01,439.21,792.0,United States,GTX,550.0,Cara Losch,East
QW4QPPSY,Donn Cantrell,GTX Plus Basic,Gekko & Co,Won,2017-05-23,2017-08-24,877.0,retail,1990-01-01,2520.83,3502.0,United States,GTX,1096.0,Rocco Neubert,East
99L2TNR5,Gladys Colclough,MG Advanced,Hottechi,Won,2017-05-23,2017-08-24,3339.0,technolgy,1997-01-01,8170.38,16499.0,Korea,MG,3393.0,Melvin Marxen,Central
3H3TNCP5,James Ascencio,GTX Plus Basic,Condax,Engaging,2017-05-23,,,medical,2017-01-01,4.54,9.0,United States,GTX,1096.0,Summer Sewald,West
J8Y1OGY2,Jonathan Berthelot,MG Special,Finhigh,Lost,2017-05-23,2017-05-28,0.0,finance,2006-01-01,1102.43,1759.0,United States,MG,55.0,Melvin Marxen,Central
OKNOWHS3,Kary Hendrixson,GTX Plus Basic,Labdrill,Lost,2017-05-23,2017-08-02,0.0,medical,1985-01-01,2741.37,9226.0,United States,GTX,1096.0,Summer Sewald,West
VO8WTDHE,Markita Hansen,GTX Basic,Hatfan,Lost,2017-05-23,2017-05-26,0.0,services,1982-01-01,792.46,1299.0,United States,GTX,550.0,Celia Rouche,West
5FX5TX9L,Markita Hansen,GTX Plus Pro,Hatfan,Won,2017-05-23,2017-08-14,4642.0,services,1982-01-01,792.46,1299.0,United States,GTX,5482.0,Celia Rouche,West
TLT4JJ0U,Marty Freudenburg,MG Advanced,Warephase,Lost,2017-05-23,2017-09-13,0.0,services,1997-01-01,2041.73,5276.0,United States,MG,3393.0,Melvin Marxen,Central
RA77E84P,Niesha Huffines,GTX Basic,Globex Corporation,Won,2017-05-23,2017-09-08,578.0,technolgy,2000-01-01,1223.72,2497.0,Norway,GTX,550.0,Melvin Marxen,Central
7U225819,Versie Hillebrand,MG Advanced,Gogozoom,Won,2017-05-23,2017-08-11,3285.0,telecommunications,2007-01-01,86.68,187.0,United States,MG,3393.0,Dustin Brinkmann,Central
075SHVO3,Vicki Laflamme,MG Special,Plexzap,Lost,2017-05-23,2017-08-12,0.0,retail,2001-01-01,2437.85,4874.0,United States,MG,55.0,Celia Rouche,West
HHNFD7DX,Violet Mclelland,GTX Plus Basic,Xx-zobam,Lost,2017-05-23,2017-08-29,0.0,entertainment,1989-01-01,3838.39,8274.0,United States,GTX,1096.0,Cara Losch,East
V93ZA48C,Cassey Cress,GTX Basic,Donware,Won,2017-05-24,2017-09-24,614.0,marketing,1999-01-01,1197.44,2570.0,United States,GTX,550.0,Rocco Neubert,East
TR3TXXHF,Cassey Cress,GTX Plus Pro,Bubba Gump,Won,2017-05-24,2017-09-13,5778.0,software,2002-01-01,987.39,2253.0,United States,GTX,5482.0,Rocco Neubert,East
11V16SZZ,Corliss Cosme,GTX Basic,Labdrill,Engaging,2017-05-24,,,medical,1985-01-01,2741.37,9226.0,United States,GTX,550.0,Cara Losch,East
SURL8H49,Donn Cantrell,MG Advanced,Bubba Gump,Won,2017-05-24,2017-09-10,3521.0,software,2002-01-01,987.39,2253.0,United States,MG,3393.0,Rocco Neubert,East
POXC3DA1,Garret Kinder,GTX Plus Pro,Kinnamplus,Lost,2017-05-24,2017-09-21,0.0,retail,2004-01-01,702.72,1831.0,United States,GTX,5482.0,Cara Losch,East
X5IZZ69D,James Ascencio,GTX Basic,Doncon,Lost,2017-05-24,2017-06-20,0.0,technolgy,2010-01-01,587.72,1501.0,United States,GTX,550.0,Summer Sewald,West
X58FLJ8K,James Ascencio,GTX Plus Pro,Lexiqvolax,Won,2017-05-24,2017-09-18,5190.0,medical,2004-01-01,1618.89,3889.0,United States,GTX,5482.0,Summer Sewald,West
IDBXD4OU,Kary Hendrixson,GTX Basic,Scotfind,Lost,2017-05-24,2017-08-22,0.0,software,1996-01-01,6354.87,16780.0,United States,GTX,550.0,Summer Sewald,West
KIMUGBN5,Lajuana Vencill,MG Advanced,Dontechi,Lost,2017-05-24,2017-08-14,0.0,software,1982-01-01,4618.0,10083.0,United States,MG,3393.0,Dustin Brinkmann,Central
4G0X8VHP,Markita Hansen,MG Advanced,Y-corporation,Engaging,2017-05-24,,,employment,1983-01-01,2871.35,9561.0,United States,MG,3393.0,Celia Rouche,West
7U81B9AQ,Maureen Marcano,GTX Plus Basic,Goodsilron,Won,2017-05-24,2017-09-27,940.0,marketing,2000-01-01,2952.73,5107.0,United States,GTX,1096.0,Summer Sewald,West
WC8KQJV9,Rosalina Dieter,GTX Basic,Goodsilron,Won,2017-05-24,2017-08-06,647.0,marketing,2000-01-01,2952.73,5107.0,United States,GTX,550.0,Celia Rouche,West
FENOSL5C,Vicki Laflamme,GTX Plus Pro,Condax,Won,2017-05-24,2017-08-17,6206.0,medical,2017-01-01,4.54,9.0,United States,GTX,5482.0,Celia Rouche,West
PQ3CLZ2N,Violet Mclelland,MG Advanced,Massive Dynamic,Won,2017-05-24,2017-09-10,3158.0,entertainment,1989-01-01,665.06,1095.0,United States,MG,3393.0,Cara Losch,East
N4ZJ2PJT,Wilburn Farren,MG Advanced,Donware,Won,2017-05-24,2017-08-19,2699.0,marketing,1999-01-01,1197.44,2570.0,United States,MG,3393.0,Cara Losch,East
32A5TJ6D,Anna Snelling,MG Special,Domzoom,Lost,2017-05-25,2017-08-13,0.0,entertainment,1998-01-01,217.87,551.0,United States,MG,55.0,Dustin Brinkmann,Central
HZCF65PU,Boris Faz,GTX Plus Basic,Plussunin,Won,2017-05-25,2017-08-04,1302.0,retail,2003-01-01,1419.98,4018.0,United States,GTX,1096.0,Rocco Neubert,East
TCTLOMKP,Cassey Cress,MG Advanced,Bioplex,Won,2017-05-25,2017-06-27,2993.0,medical,1991-01-01,326.82,1016.0,United States,MG,3393.0,Rocco Neubert,East
O0NCMYX9,Cecily Lampkin,GTX Basic,Betatech,Won,2017-05-25,2017-06-05,460.0,medical,1986-01-01,647.18,1185.0,Kenya,GTX,550.0,Dustin Brinkmann,Central
0STR2QEA,Corliss Cosme,GTX Plus Pro,Inity,Engaging,2017-05-25,,,marketing,1986-01-01,2403.58,8801.0,United States,GTX,5482.0,Cara Losch,East
HELQUZNO,Corliss Cosme,GTX Basic,Konex,Won,2017-05-25,2017-09-25,616.0,technolgy,1980-01-01,7708.38,13756.0,United States,GTX,550.0,Cara Losch,East
V7DHDF8V,Darcel Schlecht,MG Advanced,Scottech,Lost,2017-05-25,2017-08-07,0.0,marketing,2012-01-01,45.39,100.0,United States,MG,3393.0,Melvin Marxen,Central
SUXDAQNV,Jonathan Berthelot,GTX Basic,Statholdings,Lost,2017-05-25,2017-08-28,0.0,employment,1997-01-01,291.27,586.0,United States,GTX,550.0,Melvin Marxen,Central
ZT2NKCV5,Jonathan Berthelot,MG Special,Hottechi,Won,2017-05-25,2017-05-31,55.0,technolgy,1997-01-01,8170.38,16499.0,Korea,MG,55.0,Melvin Marxen,Central
I4YPNNTU,Jonathan Berthelot,MG Advanced,Funholding,Won,2017-05-25,2017-08-09,3808.0,finance,1991-01-01,2819.5,7227.0,United States,MG,3393.0,Melvin Marxen,Central
KOYW9WIV,Lajuana Vencill,GTX Basic,Rundofase,Won,2017-05-25,2017-09-23,483.0,technolgy,1983-01-01,1008.06,1238.0,United States,GTX,550.0,Dustin Brinkmann,Central
JRAAPD3L,Lajuana Vencill,MG Advanced,Warephase,Won,2017-05-25,2017-09-16,3727.0,services,1997-01-01,2041.73,5276.0,United States,MG,3393.0,Dustin Brinkmann,Central
EP0H3SJO,Marty Freudenburg,GTX Plus Basic,Ron-tech,Won,2017-05-25,2017-08-04,1275.0,medical,1992-01-01,3922.42,6837.0,United States,GTX,1096.0,Melvin Marxen,Central
GIP11NY3,Marty Freudenburg,MG Advanced,Treequote,Won,2017-05-25,2017-08-19,3428.0,telecommunications,1988-01-01,5266.09,8595.0,United States,MG,3393.0,Melvin Marxen,Central
7X1D49TU,Moses Frase,MG Special,Conecom,Lost,2017-05-25,2017-09-11,0.0,technolgy,2005-01-01,1520.66,1806.0,United States,MG,55.0,Dustin Brinkmann,Central
77WSI0TH,Rosalina Dieter,MG Special,Dalttechnology,Lost,2017-05-25,2017-08-28,0.0,software,2013-01-01,98.79,96.0,United States,MG,55.0,Celia Rouche,West
DJDVV89L,Versie Hillebrand,MG Special,Dontechi,Won,2017-05-25,2017-06-11,59.0,software,1982-01-01,4618.0,10083.0,United States,MG,55.0,Dustin Brinkmann,Central
ZK4S74FD,Vicki Laflamme,GTX Plus Pro,Singletechno,Engaging,2017-05-25,,,retail,1996-01-01,2214.94,5374.0,United States,GTX,5482.0,Celia Rouche,West
E5V4WT18,Vicki Laflamme,MG Special,Genco Pura Olive Oil Company,Engaging,2017-05-25,,,retail,2007-01-01,894.33,1635.0,Italy,MG,55.0,Celia Rouche,West
CYSF0YQN,Anna Snelling,GTX Plus Basic,Dontechi,Lost,2017-05-26,2017-08-15,0.0,software,1982-01-01,4618.0,10083.0,United States,GTX,1096.0,Dustin Brinkmann,Central
HEK08UMI,Anna Snelling,MG Advanced,Rangreen,Lost,2017-05-26,2017-08-19,0.0,technolgy,1987-01-01,2938.67,8775.0,Panama,MG,3393.0,Dustin Brinkmann,Central
GRRY4DQR,Boris Faz,GTX Basic,Silis,Won,2017-05-26,2017-09-15,561.0,medical,1994-01-01,2818.38,6290.0,United States,GTX,550.0,Rocco Neubert,East
S3JAC8GQ,Boris Faz,GTX Plus Basic,Zathunicon,Won,2017-05-26,2017-08-10,1354.0,retail,2010-01-01,71.12,144.0,United States,GTX,1096.0,Rocco Neubert,East
E3JP7HCX,Cassey Cress,MG Special,The New York Inquirer,Won,2017-05-26,2017-09-18,44.0,medical,1996-01-01,439.21,792.0,United States,MG,55.0,Rocco Neubert,East
FF5G00YD,Corliss Cosme,GTX Basic,Mathtouch,Won,2017-05-26,2017-09-18,560.0,marketing,1984-01-01,3027.46,9516.0,Jordan,GTX,550.0,Cara Losch,East
IBZI95HI,James Ascencio,GTX Plus Basic,Zoomit,Engaging,2017-05-26,,,entertainment,1992-01-01,324.19,978.0,United States,GTX,1096.0,Summer Sewald,West
E4KL4NGF,Kary Hendrixson,GTX Basic,Golddex,Won,2017-05-26,2017-08-07,571.0,finance,2008-01-01,52.5,165.0,United States,GTX,550.0,Summer Sewald,West
QCH2R1VO,Kary Hendrixson,MG Advanced,Konex,Won,2017-05-26,2017-08-12,4022.0,technolgy,1980-01-01,7708.38,13756.0,United States,MG,3393.0,Summer Sewald,West
SH6F6COK,Lajuana Vencill,GTX Basic,Rundofase,Lost,2017-05-26,2017-08-12,0.0,technolgy,1983-01-01,1008.06,1238.0,United States,GTX,550.0,Dustin Brinkmann,Central
KOJ4SQ1T,Maureen Marcano,MG Special,Groovestreet,Lost,2017-05-26,2017-08-22,0.0,retail,2003-01-01,223.8,299.0,United States,MG,55.0,Summer Sewald,West
DMUQAWQH,Maureen Marcano,GTX Plus Basic,Faxquote,Won,2017-05-26,2017-06-12,1030.0,telecommunications,1995-01-01,1825.82,5595.0,United States,GTX,1096.0,Summer Sewald,West
C2RL3DUQ,Moses Frase,MG Advanced,Bioholding,Lost,2017-05-26,2017-08-09,0.0,medical,2012-01-01,587.34,1356.0,Philipines,MG,3393.0,Dustin Brinkmann,Central
2LTS2CL8,Niesha Huffines,MG Special,Streethex,Lost,2017-05-26,2017-05-31,0.0,retail,1988-01-01,1376.8,1165.0,Belgium,MG,55.0,Melvin Marxen,Central
113O9JCA,Versie Hillebrand,MG Special,Codehow,Lost,2017-05-26,2017-09-09,0.0,software,1998-01-01,2714.9,2641.0,United States,MG,55.0,Dustin Brinkmann,Central
54XWHO19,Vicki Laflamme,GTX Basic,Hatfan,Lost,2017-05-26,2017-08-03,0.0,services,1982-01-01,792.46,1299.0,United States,GTX,550.0,Celia Rouche,West
EPSIB2JR,Violet Mclelland,MG Special,Zoomit,Engaging,2017-05-26,,,entertainment,1992-01-01,324.19,978.0,United States,MG,55.0,Cara Losch,East
YW14K7PE,Wilburn Farren,GTX Plus Pro,Vehement Capital Partners,Won,2017-05-26,2017-09-23,5198.0,finance,1993-01-01,646.1,883.0,United States,GTX,5482.0,Cara Losch,East
9UYUV724,Zane Levy,GTX Plus Pro,Faxquote,Lost,2017-05-26,2017-09-06,0.0,telecommunications,1995-01-01,1825.82,5595.0,United States,GTX,5482.0,Summer Sewald,West
UZI6MKVR,Anna Snelling,MG Special,Betatech,Lost,2017-05-27,2017-08-24,0.0,medical,1986-01-01,647.18,1185.0,Kenya,MG,55.0,Dustin Brinkmann,Central
N1H9ILZ9,Anna Snelling,GTX Basic,Conecom,Won,2017-05-27,2017-09-03,576.0,technolgy,2005-01-01,1520.66,1806.0,United States,GTX,550.0,Dustin Brinkmann,Central
V8RYC18P,Anna Snelling,MG Special,Stanredtax,Won,2017-05-27,2017-08-21,57.0,finance,1987-01-01,1698.2,3798.0,United States,MG,55.0,Dustin Brinkmann,Central
NCF4DT7H,Cecily Lampkin,MG Advanced,Condax,Lost,2017-05-27,2017-06-05,0.0,medical,2017-01-01,4.54,9.0,United States,MG,3393.0,Dustin Brinkmann,Central
GPC8PLM7,Donn Cantrell,GTX Basic,Kinnamplus,Won,2017-05-27,2017-09-02,481.0,retail,2004-01-01,702.72,1831.0,United States,GTX,550.0,Rocco Neubert,East
YA822MOB,James Ascencio,GTX Plus Pro,Y-corporation,Lost,2017-05-27,2017-08-22,0.0,employment,1983-01-01,2871.35,9561.0,United States,GTX,5482.0,Summer Sewald,West
PLYYX5CD,Jonathan Berthelot,GTX Plus Pro,Hottechi,Won,2017-05-27,2017-08-17,5769.0,technolgy,1997-01-01,8170.38,16499.0,Korea,GTX,5482.0,Melvin Marxen,Central
EVDMSM4N,Kami Bicknell,GTX Plus Basic,Blackzim,Lost,2017-05-27,2017-08-14,0.0,retail,2009-01-01,497.11,1588.0,United States,GTX,1096.0,Summer Sewald,West
9FH4OP4U,Kary Hendrixson,GTX Plus Pro,Faxquote,Won,2017-05-27,2017-08-04,5312.0,telecommunications,1995-01-01,1825.82,5595.0,United States,GTX,5482.0,Summer Sewald,West
N128I4H8,Kary Hendrixson,MG Special,Nam-zim,Won,2017-05-27,2017-06-07,66.0,services,1987-01-01,405.59,1179.0,Brazil,MG,55.0,Summer Sewald,West
8NKLCSES,Marty Freudenburg,GTX Plus Basic,Toughzap,Won,2017-05-27,2017-06-18,1115.0,retail,1995-01-01,332.43,799.0,United States,GTX,1096.0,Melvin Marxen,Central
1ZMWMU21,Marty Freudenburg,MG Advanced,Conecom,Won,2017-05-27,2017-08-23,3407.0,technolgy,2005-01-01,1520.66,1806.0,United States,MG,3393.0,Melvin Marxen,Central
R617R51D,Niesha Huffines,GTX Basic,Cancity,Won,2017-05-27,2017-09-03,540.0,retail,2001-01-01,718.62,2448.0,United States,GTX,550.0,Melvin Marxen,Central
W8E2YLNY,Reed Clapper,GTX Plus Basic,Acme Corporation,Won,2017-05-27,2017-09-04,1095.0,technolgy,1996-01-01,1100.04,2822.0,United States,GTX,1096.0,Rocco Neubert,East
TX9VFL4J,Reed Clapper,GTX Plus Basic,Silis,Won,2017-05-27,2017-08-23,1019.0,medical,1994-01-01,2818.38,6290.0,United States,GTX,1096.0,Rocco Neubert,East
5ELX1QYM,Vicki Laflamme,GTX Plus Basic,Green-Plus,Lost,2017-05-27,2017-05-30,0.0,services,2003-01-01,692.19,1922.0,United States,GTX,1096.0,Celia Rouche,West
1O58TWRZ,Anna Snelling,GTX Basic,Finhigh,Lost,2017-05-28,2017-08-20,0.0,finance,2006-01-01,1102.43,1759.0,United States,GTX,550.0,Dustin Brinkmann,Central
RHOZIG9P,Anna Snelling,GTX Plus Basic,Cancity,Lost,2017-05-28,2017-06-13,0.0,retail,2001-01-01,718.62,2448.0,United States,GTX,1096.0,Dustin Brinkmann,Central
52Q1PYGW,Boris Faz,GTX Plus Basic,Zotware,Won,2017-05-28,2017-06-08,940.0,software,1979-01-01,4478.47,13809.0,United States,GTX,1096.0,Rocco Neubert,East
SXV6VZVC,Darcel Schlecht,GTX Plus Basic,Bioholding,Won,2017-05-28,2017-08-25,1118.0,medical,2012-01-01,587.34,1356.0,Philipines,GTX,1096.0,Melvin Marxen,Central
BGY307FC,Donn Cantrell,GTX Plus Pro,Ganjaflex,Won,2017-05-28,2017-08-11,5695.0,retail,1995-01-01,5158.71,17479.0,Japan,GTX,5482.0,Rocco Neubert,East
Z75R686C,Hayden Neloms,MG Advanced,Singletechno,Won,2017-05-28,2017-08-28,3701.0,retail,1996-01-01,2214.94,5374.0,United States,MG,3393.0,Celia Rouche,West
BO1ZOZG2,Kary Hendrixson,GTX Plus Basic,Ontomedia,Engaging,2017-05-28,,,employment,1997-01-01,882.12,2769.0,United States,GTX,1096.0,Summer Sewald,West
12GLKKV4,Markita Hansen,GTX Plus Basic,J-Texon,Won,2017-05-28,2017-06-08,941.0,retail,1989-01-01,1388.67,3583.0,United States,GTX,1096.0,Celia Rouche,West
VDD7H92Q,Maureen Marcano,GTX Plus Basic,Hatfan,Won,2017-05-28,2017-06-05,1171.0,services,1982-01-01,792.46,1299.0,United States,GTX,1096.0,Summer Sewald,West
83JP1K4E,Rosalina Dieter,GTK 500,Rantouch,Won,2017-05-28,2017-08-28,24899.0,telecommunications,1994-01-01,1188.42,3015.0,United States,GTK,26768.0,Celia Rouche,West
ME3H0RUJ,Rosalina Dieter,MG Advanced,Rantouch,Won,2017-05-28,2017-09-21,3418.0,telecommunications,1994-01-01,1188.42,3015.0,United States,MG,3393.0,Celia Rouche,West
W8E76HJG,Vicki Laflamme,GTX Basic,Hottechi,Won,2017-05-28,2017-06-08,537.0,technolgy,1997-01-01,8170.38,16499.0,Korea,GTX,550.0,Celia Rouche,West
IMB2N710,Zane Levy,GTX Plus Basic,Rantouch,Won,2017-05-28,2017-08-04,1053.0,telecommunications,1994-01-01,1188.42,3015.0,United States,GTX,1096.0,Summer Sewald,West
OJBBZHM4,Anna Snelling,GTX Basic,Genco Pura Olive Oil Company,Won,2017-05-29,2017-06-11,497.0,retail,2007-01-01,894.33,1635.0,Italy,GTX,550.0,Dustin Brinkmann,Central
2PQORQGO,Boris Faz,GTX Plus Pro,Zencorporation,Won,2017-05-29,2017-09-13,5714.0,technolgy,2011-01-01,40.79,142.0,China,GTX,5482.0,Rocco Neubert,East
I3RW4OMF,Cecily Lampkin,GTX Basic,Bioholding,Won,2017-05-29,2017-08-29,611.0,medical,2012-01-01,587.34,1356.0,Philipines,GTX,550.0,Dustin Brinkmann,Central
RW02HG5P,Donn Cantrell,MG Advanced,Bluth Company,Won,2017-05-29,2017-06-11,3313.0,technolgy,1993-01-01,1242.32,3027.0,United States,MG,3393.0,Rocco Neubert,East
7W8CQJ2Z,Elease Gluck,MG Advanced,Plexzap,Won,2017-05-29,2017-06-11,3850.0,retail,2001-01-01,2437.85,4874.0,United States,MG,3393.0,Celia Rouche,West
M03IHS3P,Gladys Colclough,GTX Plus Basic,Scottech,Won,2017-05-29,2017-08-06,917.0,marketing,2012-01-01,45.39,100.0,United States,GTX,1096.0,Melvin Marxen,Central
GX3SHSEA,Gladys Colclough,MG Special,Streethex,Won,2017-05-29,2017-08-08,56.0,retail,1988-01-01,1376.8,1165.0,Belgium,MG,55.0,Melvin Marxen,Central
9KTHISLX,James Ascencio,MG Advanced,Lexiqvolax,Lost,2017-05-29,2017-08-18,0.0,medical,2004-01-01,1618.89,3889.0,United States,MG,3393.0,Summer Sewald,West
IWQP4M72,Jonathan Berthelot,GTX Plus Basic,Bioholding,Lost,2017-05-29,2017-08-29,0.0,medical,2012-01-01,587.34,1356.0,Philipines,GTX,1096.0,Melvin Marxen,Central
MPME6VZD,Kami Bicknell,GTX Plus Basic,Dontechi,Engaging,2017-05-29,,,software,1982-01-01,4618.0,10083.0,United States,GTX,1096.0,Summer Sewald,West
3GOXMQPF,Kary Hendrixson,GTX Plus Basic,Golddex,Won,2017-05-29,2017-08-17,1002.0,finance,2008-01-01,52.5,165.0,United States,GTX,1096.0,Summer Sewald,West
1WZ5N86Q,Kary Hendrixson,GTX Plus Pro,Hottechi,Won,2017-05-29,2017-08-17,6042.0,technolgy,1997-01-01,8170.38,16499.0,Korea,GTX,5482.0,Summer Sewald,West
C3QK8M7F,Markita Hansen,GTX Plus Pro,Sonron,Won,2017-05-29,2017-06-15,4423.0,telecommunications,1999-01-01,1699.85,5108.0,United States,GTX,5482.0,Celia Rouche,West
9BXXDYH9,Markita Hansen,MG Special,Groovestreet,Won,2017-05-29,2017-08-18,45.0,retail,2003-01-01,223.8,299.0,United States,MG,55.0,Celia Rouche,West
4X3H9YD5,Rosalina Dieter,GTK 500,Kan-code,Won,2017-05-29,2017-08-29,25791.0,software,1982-01-01,11698.03,34288.0,United States,GTK,26768.0,Celia Rouche,West
K83L4L0I,Rosie Papadopoulos,MG Advanced,Mathtouch,Won,2017-05-29,2017-06-17,2918.0,marketing,1984-01-01,3027.46,9516.0,Jordan,MG,3393.0,Cara Losch,East
E9C7WXQL,Versie Hillebrand,GTX Plus Basic,Streethex,Won,2017-05-29,2017-09-19,959.0,retail,1988-01-01,1376.8,1165.0,Belgium,GTX,1096.0,Dustin Brinkmann,Central
NEVHU7GV,Boris Faz,GTX Plus Basic,Ontomedia,Lost,2017-05-30,2017-08-07,0.0,employment,1997-01-01,882.12,2769.0,United States,GTX,1096.0,Rocco Neubert,East
ZSHK2ZXD,Darcel Schlecht,GTX Basic,dambase,Won,2017-05-30,2017-06-21,602.0,marketing,1995-01-01,2173.98,2928.0,United States,GTX,550.0,Melvin Marxen,Central
PF7GFMLQ,Donn Cantrell,GTX Basic,Condax,Won,2017-05-30,2017-08-10,595.0,medical,2017-01-01,4.54,9.0,United States,GTX,550.0,Rocco Neubert,East
3D6ZHLF0,Kami Bicknell,GTX Basic,Zoomit,Lost,2017-05-30,2017-08-05,0.0,entertainment,1992-01-01,324.19,978.0,United States,GTX,550.0,Summer Sewald,West
3R8PJCCW,Kary Hendrixson,MG Advanced,Blackzim,Won,2017-05-30,2017-09-03,2868.0,retail,2009-01-01,497.11,1588.0,United States,MG,3393.0,Summer Sewald,West
CPWTJ2WC,Marty Freudenburg,MG Advanced,Finhigh,Won,2017-05-30,2017-06-03,3236.0,finance,2006-01-01,1102.43,1759.0,United States,MG,3393.0,Melvin Marxen,Central
NDVZAHYA,Vicki Laflamme,GTX Basic,Golddex,Won,2017-05-30,2017-08-15,524.0,finance,2008-01-01,52.5,165.0,United States,GTX,550.0,Celia Rouche,West
1R8VKE8O,Vicki Laflamme,GTX Plus Pro,Golddex,Won,2017-05-30,2017-08-15,5631.0,finance,2008-01-01,52.5,165.0,United States,GTX,5482.0,Celia Rouche,West
LNX7ULEG,Zane Levy,GTX Plus Pro,Sonron,Won,2017-05-30,2017-08-22,5572.0,telecommunications,1999-01-01,1699.85,5108.0,United States,GTX,5482.0,Summer Sewald,West
N60TC14O,Cecily Lampkin,GTX Plus Pro,Zumgoity,Lost,2017-05-31,2017-08-05,0.0,medical,1984-01-01,441.08,1210.0,United States,GTX,5482.0,Dustin Brinkmann,Central
V6YYDG56,Daniell Hammack,GTX Plus Pro,Donquadtech,Lost,2017-05-31,2017-06-16,0.0,technolgy,1992-01-01,1712.68,3194.0,United States,GTX,5482.0,Rocco Neubert,East
GFXKHCEM,Elease Gluck,MG Special,Fasehatice,Lost,2017-05-31,2017-09-05,0.0,retail,1990-01-01,4968.91,7523.0,United States,MG,55.0,Celia Rouche,West
YH2NHVXC,Elease Gluck,MG Advanced,Blackzim,Lost,2017-05-31,2017-08-26,0.0,retail,2009-01-01,497.11,1588.0,United States,MG,3393.0,Celia Rouche,West
JSNPH01N,Elease Gluck,MG Special,Sonron,Won,2017-05-31,2017-06-10,56.0,telecommunications,1999-01-01,1699.85,5108.0,United States,MG,55.0,Celia Rouche,West
CQDULMXS,Garret Kinder,GTX Basic,Gekko & Co,Won,2017-05-31,2017-08-05,607.0,retail,1990-01-01,2520.83,3502.0,United States,GTX,550.0,Cara Losch,East
VKM187MX,Gladys Colclough,MG Special,Condax,Won,2017-05-31,2017-06-09,48.0,medical,2017-01-01,4.54,9.0,United States,MG,55.0,Melvin Marxen,Central
GIPPUV2F,Hayden Neloms,GTX Plus Basic,Nam-zim,Engaging,2017-05-31,,,services,1987-01-01,405.59,1179.0,Brazil,GTX,1096.0,Celia Rouche,West
4IUJNFPF,James Ascencio,GTX Basic,Singletechno,Lost,2017-05-31,2017-08-18,0.0,retail,1996-01-01,2214.94,5374.0,United States,GTX,550.0,Summer Sewald,West
ZE7PM90V,James Ascencio,GTX Basic,Blackzim,Won,2017-05-31,2017-08-23,570.0,retail,2009-01-01,497.11,1588.0,United States,GTX,550.0,Summer Sewald,West
CAAYFKK8,James Ascencio,GTX Plus Basic,Singletechno,Won,2017-05-31,2017-06-04,1056.0,retail,1996-01-01,2214.94,5374.0,United States,GTX,1096.0,Summer Sewald,West
NQZNAEYQ,Kami Bicknell,GTX Basic,Lexiqvolax,Won,2017-05-31,2017-09-03,560.0,medical,2004-01-01,1618.89,3889.0,United States,GTX,550.0,Summer Sewald,West
J47DPNB5,Kary Hendrixson,GTX Plus Pro,Plexzap,Lost,2017-05-31,2017-08-03,0.0,retail,2001-01-01,2437.85,4874.0,United States,GTX,5482.0,Summer Sewald,West
37B8ES7X,Kary Hendrixson,GTX Basic,Groovestreet,Won,2017-05-31,2017-06-21,588.0,retail,2003-01-01,223.8,299.0,United States,GTX,550.0,Summer Sewald,West
3CP9VXC1,Kary Hendrixson,MG Special,Labdrill,Won,2017-05-31,2017-08-15,69.0,medical,1985-01-01,2741.37,9226.0,United States,MG,55.0,Summer Sewald,West
9XGT3451,Lajuana Vencill,GTX Basic,Rangreen,Won,2017-05-31,2017-08-02,505.0,technolgy,1987-01-01,2938.67,8775.0,Panama,GTX,550.0,Dustin Brinkmann,Central
AG0H8IAZ,Markita Hansen,GTX Basic,Sonron,Won,2017-05-31,2017-09-23,510.0,telecommunications,1999-01-01,1699.85,5108.0,United States,GTX,550.0,Celia Rouche,West
28FTXKAB,Markita Hansen,MG Advanced,Zoomit,Won,2017-05-31,2017-09-23,3722.0,entertainment,1992-01-01,324.19,978.0,United States,MG,3393.0,Celia Rouche,West
ROUOR5L0,Maureen Marcano,GTX Plus Basic,Finjob,Won,2017-05-31,2017-08-02,1145.0,employment,1988-01-01,2059.9,3644.0,United States,GTX,1096.0,Summer Sewald,West
QPMZ5RG0,Moses Frase,MG Special,Streethex,Won,2017-05-31,2017-08-27,53.0,retail,1988-01-01,1376.8,1165.0,Belgium,MG,55.0,Dustin Brinkmann,Central
2PMIYAFN,Reed Clapper,GTX Plus Basic,Kan-code,Won,2017-05-31,2017-06-15,1120.0,software,1982-01-01,11698.03,34288.0,United States,GTX,1096.0,Rocco Neubert,East
CRWE8FRT,Reed Clapper,MG Advanced,Initech,Won,2017-05-31,2017-09-22,3404.0,telecommunications,1994-01-01,6395.05,20275.0,United States,MG,3393.0,Rocco Neubert,East
FC1LS6PY,Versie Hillebrand,MG Advanced,Zumgoity,Lost,2017-05-31,2017-06-08,0.0,medical,1984-01-01,441.08,1210.0,United States,MG,3393.0,Dustin Brinkmann,Central
6FI9HAX7,Versie Hillebrand,MG Special,Ron-tech,Won,2017-05-31,2017-06-13,46.0,medical,1992-01-01,3922.42,6837.0,United States,MG,55.0,Dustin Brinkmann,Central
JL86Q0B4,Wilburn Farren,MG Special,The New York Inquirer,Won,2017-05-31,2017-06-14,53.0,medical,1996-01-01,439.21,792.0,United States,MG,55.0,Cara Losch,East
Y2A8EUBM,Zane Levy,GTX Basic,Singletechno,Lost,2017-05-31,2017-08-20,0.0,retail,1996-01-01,2214.94,5374.0,United States,GTX,550.0,Summer Sewald,West
IJ4Y77D9,Zane Levy,MG Special,Rantouch,Won,2017-05-31,2017-08-12,53.0,telecommunications,1994-01-01,1188.42,3015.0,United States,MG,55.0,Summer Sewald,West
CGCPVYNI,Anna Snelling,GTX Basic,Isdom,Won,2017-06-01,2017-06-08,523.0,medical,2002-01-01,3178.24,4540.0,United States,GTX,550.0,Dustin Brinkmann,Central
ST8ZOXKI,Anna Snelling,MG Special,Hottechi,Won,2017-06-01,2017-06-11,63.0,technolgy,1997-01-01,8170.38,16499.0,Korea,MG,55.0,Dustin Brinkmann,Central
P07OGZ3F,Anna Snelling,MG Special,Stanredtax,Won,2017-06-01,2017-08-28,54.0,finance,1987-01-01,1698.2,3798.0,United States,MG,55.0,Dustin Brinkmann,Central
0DLEXLEV,Boris Faz,GTX Plus Pro,Yearin,Won,2017-06-01,2017-09-07,6117.0,retail,2005-01-01,2261.05,3851.0,United States,GTX,5482.0,Rocco Neubert,East
27UN3UX8,Cassey Cress,GTX Plus Pro,Ontomedia,Won,2017-06-01,2017-06-09,5112.0,employment,1997-01-01,882.12,2769.0,United States,GTX,5482.0,Rocco Neubert,East
NR5D7201,Corliss Cosme,MG Advanced,Kan-code,Won,2017-06-01,2017-09-03,3527.0,software,1982-01-01,11698.03,34288.0,United States,MG,3393.0,Cara Losch,East
LKBS2IJC,Darcel Schlecht,GTX Plus Pro,Konmatfix,Lost,2017-06-01,2017-06-11,0.0,marketing,1985-01-01,375.43,1190.0,United States,GTX,5482.0,Melvin Marxen,Central
MFO940S8,Darcel Schlecht,MG Special,Finhigh,Lost,2017-06-01,2017-08-24,0.0,finance,2006-01-01,1102.43,1759.0,United States,MG,55.0,Melvin Marxen,Central
5O0597PP,Darcel Schlecht,MG Advanced,Warephase,Lost,2017-06-01,2017-08-07,0.0,services,1997-01-01,2041.73,5276.0,United States,MG,3393.0,Melvin Marxen,Central
C4FEG98K,Darcel Schlecht,GTX Basic,Inity,Won,2017-06-01,2017-06-14,565.0,marketing,1986-01-01,2403.58,8801.0,United States,GTX,550.0,Melvin Marxen,Central
EKH5O1HH,Darcel Schlecht,MG Advanced,Ron-tech,Won,2017-06-01,2017-06-09,3771.0,medical,1992-01-01,3922.42,6837.0,United States,MG,3393.0,Melvin Marxen,Central
BZ9C1LQT,Elease Gluck,MG Advanced,Fasehatice,Lost,2017-06-01,2017-08-09,0.0,retail,1990-01-01,4968.91,7523.0,United States,MG,3393.0,Celia Rouche,West
ZT6D57ED,Gladys Colclough,GTX Plus Pro,Scottech,Won,2017-06-01,2017-09-02,6274.0,marketing,2012-01-01,45.39,100.0,United States,GTX,5482.0,Melvin Marxen,Central
NKERMTB8,Hayden Neloms,MG Advanced,Plexzap,Lost,2017-06-01,2017-08-03,0.0,retail,2001-01-01,2437.85,4874.0,United States,MG,3393.0,Celia Rouche,West
Q67320CY,Hayden Neloms,MG Advanced,Sunnamplex,Won,2017-06-01,2017-08-17,3480.0,marketing,2008-01-01,894.37,1593.0,Poland,MG,3393.0,Celia Rouche,West
K5NFTQRI,James Ascencio,GTX Plus Pro,Fasehatice,Won,2017-06-01,2017-08-16,5770.0,retail,1990-01-01,4968.91,7523.0,United States,GTX,5482.0,Summer Sewald,West
IJ7B896N,Kary Hendrixson,MG Advanced,Hottechi,Lost,2017-06-01,2017-09-12,0.0,technolgy,1997-01-01,8170.38,16499.0,Korea,MG,3393.0,Summer Sewald,West
8KBVRQHD,Lajuana Vencill,GTX Plus Pro,Statholdings,Lost,2017-06-01,2017-08-29,0.0,employment,1997-01-01,291.27,586.0,United States,GTX,5482.0,Dustin Brinkmann,Central
AGZ87JFX,Moses Frase,GTX Basic,Rangreen,Lost,2017-06-01,2017-08-01,0.0,technolgy,1987-01-01,2938.67,8775.0,Panama,GTX,550.0,Dustin Brinkmann,Central
OBGCQ1BK,Niesha Huffines,GTX Basic,Domzoom,Lost,2017-06-01,2017-09-21,0.0,entertainment,1998-01-01,217.87,551.0,United States,GTX,550.0,Melvin Marxen,Central
K05LLUU4,Niesha Huffines,GTX Basic,Ron-tech,Lost,2017-06-01,2017-09-25,0.0,medical,1992-01-01,3922.42,6837.0,United States,GTX,550.0,Melvin Marxen,Central
9WISPXZW,Reed Clapper,GTX Basic,Konex,Won,2017-06-01,2017-06-12,562.0,technolgy,1980-01-01,7708.38,13756.0,United States,GTX,550.0,Rocco Neubert,East
6ONKN1IM,Vicki Laflamme,MG Advanced,Newex,Lost,2017-06-01,2017-08-22,0.0,services,1991-01-01,1012.72,3492.0,Germany,MG,3393.0,Celia Rouche,West
JVIIWJDL,Violet Mclelland,MG Special,Opentech,Won,2017-06-01,2017-09-02,38.0,finance,1994-01-01,355.23,853.0,United States,MG,55.0,Cara Losch,East
W8M8XI8Y,Zane Levy,MG Advanced,Finjob,Won,2017-06-01,2017-08-05,3184.0,employment,1988-01-01,2059.9,3644.0,United States,MG,3393.0,Summer Sewald,West
MELHF0ZP,Anna Snelling,GTX Plus Pro,Rundofase,Won,2017-06-02,2017-09-17,5373.0,technolgy,1983-01-01,1008.06,1238.0,United States,GTX,5482.0,Dustin Brinkmann,Central
6SV2WYK4,Boris Faz,GTX Plus Basic,Bluth Company,Won,2017-06-02,2017-09-05,1239.0,technolgy,1993-01-01,1242.32,3027.0,United States,GTX,1096.0,Rocco Neubert,East
6JEAYHOE,Cecily Lampkin,MG Advanced,Isdom,Lost,2017-06-02,2017-06-18,0.0,medical,2002-01-01,3178.24,4540.0,United States,MG,3393.0,Dustin Brinkmann,Central
IKQSEYPT,Cecily Lampkin,MG Special,Streethex,Won,2017-06-02,2017-06-12,52.0,retail,1988-01-01,1376.8,1165.0,Belgium,MG,55.0,Dustin Brinkmann,Central
ZN0FWO0L,Corliss Cosme,GTX Basic,Ganjaflex,Won,2017-06-02,2017-09-19,651.0,retail,1995-01-01,5158.71,17479.0,Japan,GTX,550.0,Cara Losch,East
CPL37MZC,Darcel Schlecht,GTX Plus Pro,dambase,Won,2017-06-02,2017-08-02,6026.0,marketing,1995-01-01,2173.98,2928.0,United States,GTX,5482.0,Melvin Marxen,Central
GM68OLDH,James Ascencio,GTX Plus Pro,Green-Plus,Won,2017-06-02,2017-09-05,5569.0,services,2003-01-01,692.19,1922.0,United States,GTX,5482.0,Summer Sewald,West
W604BPPE,Jonathan Berthelot,GTX Basic,Dontechi,Lost,2017-06-02,2017-08-25,0.0,software,1982-01-01,4618.0,10083.0,United States,GTX,550.0,Melvin Marxen,Central
GIJ14130,Jonathan Berthelot,GTX Basic,Hottechi,Won,2017-06-02,2017-09-04,519.0,technolgy,1997-01-01,8170.38,16499.0,Korea,GTX,550.0,Melvin Marxen,Central
CUA83384,Kami Bicknell,GTX Basic,Scotfind,Won,2017-06-02,2017-09-05,558.0,software,1996-01-01,6354.87,16780.0,United States,GTX,550.0,Summer Sewald,West
ZGQI86AQ,Kary Hendrixson,GTX Basic,Sonron,Won,2017-06-02,2017-09-05,523.0,telecommunications,1999-01-01,1699.85,5108.0,United States,GTX,550.0,Summer Sewald,West
UPHLXZ3M,Lajuana Vencill,MG Special,Funholding,Lost,2017-06-02,2017-08-02,0.0,finance,1991-01-01,2819.5,7227.0,United States,MG,55.0,Dustin Brinkmann,Central
JDFQYP5L,Lajuana Vencill,GTX Basic,Stanredtax,Won,2017-06-02,2017-08-09,588.0,finance,1987-01-01,1698.2,3798.0,United States,GTX,550.0,Dustin Brinkmann,Central
06AIY3IS,Marty Freudenburg,GTX Plus Pro,Condax,Won,2017-06-02,2017-08-21,5712.0,medical,2017-01-01,4.54,9.0,United States,GTX,5482.0,Melvin Marxen,Central
4LQAN2JX,Maureen Marcano,GTX Plus Basic,Golddex,Won,2017-06-02,2017-08-29,1046.0,finance,2008-01-01,52.5,165.0,United States,GTX,1096.0,Summer Sewald,West
84QGC91P,Maureen Marcano,MG Special,Singletechno,Won,2017-06-02,2017-08-17,54.0,retail,1996-01-01,2214.94,5374.0,United States,MG,55.0,Summer Sewald,West
QFBBRJL5,Reed Clapper,MG Special,Umbrella Corporation,Won,2017-06-02,2017-09-26,60.0,finance,1998-01-01,2022.14,5113.0,United States,MG,55.0,Rocco Neubert,East
XCGW5K0N,Violet Mclelland,GTX Basic,Silis,Won,2017-06-02,2017-09-12,572.0,medical,1994-01-01,2818.38,6290.0,United States,GTX,550.0,Cara Losch,East
UUF8Z53N,Violet Mclelland,MG Special,Condax,Won,2017-06-02,2017-08-30,55.0,medical,2017-01-01,4.54,9.0,United States,MG,55.0,Cara Losch,East
J6MIKNYJ,Violet Mclelland,MG Special,Xx-zobam,Won,2017-06-02,2017-08-22,51.0,entertainment,1989-01-01,3838.39,8274.0,United States,MG,55.0,Cara Losch,East
3W4AWYSK,Cassey Cress,GTX Plus Pro,Vehement Capital Partners,Lost,2017-06-03,2017-08-24,0.0,finance,1993-01-01,646.1,883.0,United States,GTX,5482.0,Rocco Neubert,East
VBN5T6F8,Cassey Cress,MG Special,Opentech,Won,2017-06-03,2017-08-31,59.0,finance,1994-01-01,355.23,853.0,United States,MG,55.0,Rocco Neubert,East
45CMXP2K,Darcel Schlecht,GTX Basic,Treequote,Lost,2017-06-03,2017-08-03,0.0,telecommunications,1988-01-01,5266.09,8595.0,United States,GTX,550.0,Melvin Marxen,Central
K94WM7M4,Donn Cantrell,MG Advanced,Zathunicon,Lost,2017-06-03,2017-08-27,0.0,retail,2010-01-01,71.12,144.0,United States,MG,3393.0,Rocco Neubert,East
31KRB7R2,James Ascencio,GTX Basic,Plexzap,Lost,2017-06-03,2017-08-12,0.0,retail,2001-01-01,2437.85,4874.0,United States,GTX,550.0,Summer Sewald,West
LDAXEBR0,Jonathan Berthelot,GTX Basic,Treequote,Won,2017-06-03,2017-06-22,639.0,telecommunications,1988-01-01,5266.09,8595.0,United States,GTX,550.0,Melvin Marxen,Central
NGTMVX1C,Jonathan Berthelot,GTX Plus Basic,Globex Corporation,Won,2017-06-03,2017-06-21,1040.0,technolgy,2000-01-01,1223.72,2497.0,Norway,GTX,1096.0,Melvin Marxen,Central
13PPMGNM,Kami Bicknell,GTX Plus Basic,Plexzap,Lost,2017-06-03,2017-08-07,0.0,retail,2001-01-01,2437.85,4874.0,United States,GTX,1096.0,Summer Sewald,West
6GY8Q8F0,Lajuana Vencill,MG Special,Funholding,Won,2017-06-03,2017-09-23,54.0,finance,1991-01-01,2819.5,7227.0,United States,MG,55.0,Dustin Brinkmann,Central
5JIXFMFY,Lajuana Vencill,MG Advanced,Inity,Won,2017-06-03,2017-09-14,3438.0,marketing,1986-01-01,2403.58,8801.0,United States,MG,3393.0,Dustin Brinkmann,Central
69XL3JMB,Marty Freudenburg,GTX Plus Basic,Isdom,Won,2017-06-03,2017-08-05,1017.0,medical,2002-01-01,3178.24,4540.0,United States,GTX,1096.0,Melvin Marxen,Central
YTGQKC7A,Rosalina Dieter,MG Special,Dalttechnology,Engaging,2017-06-03,,,software,2013-01-01,98.79,96.0,United States,MG,55.0,Celia Rouche,West
DYWMK8OF,Rosalina Dieter,MG Advanced,Singletechno,Won,2017-06-03,2017-09-19,3314.0,retail,1996-01-01,2214.94,5374.0,United States,MG,3393.0,Celia Rouche,West
GG8XQD8Z,Versie Hillebrand,MG Special,Cancity,Lost,2017-06-03,2017-08-12,0.0,retail,2001-01-01,718.62,2448.0,United States,MG,55.0,Dustin Brinkmann,Central
URT8A7OQ,Versie Hillebrand,MG Special,Rangreen,Won,2017-06-03,2017-08-24,51.0,technolgy,1987-01-01,2938.67,8775.0,Panama,MG,55.0,Dustin Brinkmann,Central
LGO0XF4X,Vicki Laflamme,MG Special,Kan-code,Won,2017-06-03,2017-09-10,50.0,software,1982-01-01,11698.03,34288.0,United States,MG,55.0,Celia Rouche,West
Y46OEBEH,Violet Mclelland,MG Special,Zathunicon,Won,2017-06-03,2017-06-09,54.0,retail,2010-01-01,71.12,144.0,United States,MG,55.0,Cara Losch,East
G54JJCMX,Anna Snelling,GTX Plus Pro,Scottech,Lost,2017-06-04,2017-08-18,0.0,marketing,2012-01-01,45.39,100.0,United States,GTX,5482.0,Dustin Brinkmann,Central
BPQ0358T,Anna Snelling,MG Advanced,Rangreen,Lost,2017-06-04,2017-09-16,0.0,technolgy,1987-01-01,2938.67,8775.0,Panama,MG,3393.0,Dustin Brinkmann,Central
SMU4542Q,Cecily Lampkin,GTX Plus Basic,Hottechi,Lost,2017-06-04,2017-08-16,0.0,technolgy,1997-01-01,8170.38,16499.0,Korea,GTX,1096.0,Dustin Brinkmann,Central
4K8N65EM,Donn Cantrell,MG Special,Initech,Lost,2017-06-04,2017-08-06,0.0,telecommunications,1994-01-01,6395.05,20275.0,United States,MG,55.0,Rocco Neubert,East
Y6YZXVTF,Donn Cantrell,MG Advanced,Massive Dynamic,Won,2017-06-04,2017-09-04,2876.0,entertainment,1989-01-01,665.06,1095.0,United States,MG,3393.0,Rocco Neubert,East
SHETLR3T,Gladys Colclough,GTX Plus Pro,Warephase,Won,2017-06-04,2017-08-30,4990.0,services,1997-01-01,2041.73,5276.0,United States,GTX,5482.0,Melvin Marxen,Central
EL03YRD0,Hayden Neloms,GTX Plus Basic,Scotfind,Lost,2017-06-04,2017-09-29,0.0,software,1996-01-01,6354.87,16780.0,United States,GTX,1096.0,Celia Rouche,West
3KZUBSRU,Hayden Neloms,GTX Plus Basic,Sonron,Won,2017-06-04,2017-09-09,1024.0,telecommunications,1999-01-01,1699.85,5108.0,United States,GTX,1096.0,Celia Rouche,West
FA6JQ4V2,Kami Bicknell,MG Special,Lexiqvolax,Won,2017-06-04,2017-09-16,53.0,medical,2004-01-01,1618.89,3889.0,United States,MG,55.0,Summer Sewald,West
XTE9XJTS,Kary Hendrixson,MG Special,Zencorporation,Engaging,2017-06-04,,,technolgy,2011-01-01,40.79,142.0,China,MG,55.0,Summer Sewald,West
N7WUBQR0,Kary Hendrixson,GTX Plus Basic,Singletechno,Lost,2017-06-04,2017-09-17,0.0,retail,1996-01-01,2214.94,5374.0,United States,GTX,1096.0,Summer Sewald,West
9KJ89VHI,Kary Hendrixson,GTX Basic,J-Texon,Won,2017-06-04,2017-09-01,525.0,retail,1989-01-01,1388.67,3583.0,United States,GTX,550.0,Summer Sewald,West
N3CN7GCZ,Kary Hendrixson,MG Special,Nam-zim,Won,2017-06-04,2017-08-27,60.0,services,1987-01-01,405.59,1179.0,Brazil,MG,55.0,Summer Sewald,West
KAHKF9H1,Markita Hansen,GTX Plus Basic,Scotfind,Won,2017-06-04,2017-06-08,967.0,software,1996-01-01,6354.87,16780.0,United States,GTX,1096.0,Celia Rouche,West
P4UJ64QM,Maureen Marcano,GTX Basic,Rantouch,Lost,2017-06-04,2017-08-14,0.0,telecommunications,1994-01-01,1188.42,3015.0,United States,GTX,550.0,Summer Sewald,West
IHF5GR01,Reed Clapper,GTX Basic,Initech,Won,2017-06-04,2017-06-14,524.0,telecommunications,1994-01-01,6395.05,20275.0,United States,GTX,550.0,Rocco Neubert,East
81DUFIPO,Rosalina Dieter,MG Special,J-Texon,Won,2017-06-04,2017-09-10,57.0,retail,1989-01-01,1388.67,3583.0,United States,MG,55.0,Celia Rouche,West
58K44TMD,Rosie Papadopoulos,MG Advanced,Bubba Gump,Lost,2017-06-04,2017-06-20,0.0,software,2002-01-01,987.39,2253.0,United States,MG,3393.0,Cara Losch,East
EEBOSTAA,Versie Hillebrand,GTX Plus Pro,Warephase,Won,2017-06-04,2017-06-13,5056.0,services,1997-01-01,2041.73,5276.0,United States,GTX,5482.0,Dustin Brinkmann,Central
9DDHZUZB,Vicki Laflamme,GTX Basic,Konex,Won,2017-06-04,2017-06-08,600.0,technolgy,1980-01-01,7708.38,13756.0,United States,GTX,550.0,Celia Rouche,West
IWLEND3K,Cassey Cress,GTX Basic,Donware,Won,2017-06-05,2017-09-26,633.0,marketing,1999-01-01,1197.44,2570.0,United States,GTX,550.0,Rocco Neubert,East
H35AXY3M,Corliss Cosme,GTX Plus Basic,Kan-code,Won,2017-06-05,2017-06-10,899.0,software,1982-01-01,11698.03,34288.0,United States,GTX,1096.0,Cara Losch,East
VF7DWQIH,Darcel Schlecht,GTX Plus Pro,dambase,Won,2017-06-05,2017-08-25,5421.0,marketing,1995-01-01,2173.98,2928.0,United States,GTX,5482.0,Melvin Marxen,Central
OEBJXZN6,Darcel Schlecht,MG Advanced,Dontechi,Won,2017-06-05,2017-08-13,3625.0,software,1982-01-01,4618.0,10083.0,United States,MG,3393.0,Melvin Marxen,Central
QMUBRAT2,Gladys Colclough,GTX Basic,Globex Corporation,Lost,2017-06-05,2017-08-28,0.0,technolgy,2000-01-01,1223.72,2497.0,Norway,GTX,550.0,Melvin Marxen,Central
W5P1OLUL,Jonathan Berthelot,GTX Basic,Rundofase,Won,2017-06-05,2017-08-03,554.0,technolgy,1983-01-01,1008.06,1238.0,United States,GTX,550.0,Melvin Marxen,Central
JP4H1WG4,Kami Bicknell,GTX Basic,Singletechno,Lost,2017-06-05,2017-09-03,0.0,retail,1996-01-01,2214.94,5374.0,United States,GTX,550.0,Summer Sewald,West
580XZTEO,Kami Bicknell,GTX Basic,Sunnamplex,Lost,2017-06-05,2017-06-11,0.0,marketing,2008-01-01,894.37,1593.0,Poland,GTX,550.0,Summer Sewald,West
XNC9UMYH,Markita Hansen,GTX Plus Basic,Faxquote,Won,2017-06-05,2017-08-30,1169.0,telecommunications,1995-01-01,1825.82,5595.0,United States,GTX,1096.0,Celia Rouche,West
08Q8A6M9,Marty Freudenburg,MG Special,Scottech,Won,2017-06-05,2017-06-22,60.0,marketing,2012-01-01,45.39,100.0,United States,MG,55.0,Melvin Marxen,Central
6F8IL0XV,Maureen Marcano,GTX Plus Basic,Condax,Lost,2017-06-05,2017-08-27,0.0,medical,2017-01-01,4.54,9.0,United States,GTX,1096.0,Summer Sewald,West
NTHLG5DT,Maureen Marcano,GTX Basic,Golddex,Won,2017-06-05,2017-09-08,595.0,finance,2008-01-01,52.5,165.0,United States,GTX,550.0,Summer Sewald,West
Y5OZ7VOF,Maureen Marcano,MG Advanced,Plexzap,Won,2017-06-05,2017-06-21,3227.0,retail,2001-01-01,2437.85,4874.0,United States,MG,3393.0,Summer Sewald,West
9HLQVY37,Moses Frase,GTX Plus Basic,Konmatfix,Lost,2017-06-05,2017-06-11,0.0,marketing,1985-01-01,375.43,1190.0,United States,GTX,1096.0,Dustin Brinkmann,Central
8C3LOLPY,Moses Frase,GTX Plus Basic,Ron-tech,Lost,2017-06-05,2017-08-14,0.0,medical,1992-01-01,3922.42,6837.0,United States,GTX,1096.0,Dustin Brinkmann,Central
QMJHLT1V,Moses Frase,MG Special,Hottechi,Won,2017-06-05,2017-09-20,59.0,technolgy,1997-01-01,8170.38,16499.0,Korea,MG,55.0,Dustin Brinkmann,Central
Q5JU0LZJ,Niesha Huffines,GTX Basic,Inity,Won,2017-06-05,2017-09-26,479.0,marketing,1986-01-01,2403.58,8801.0,United States,GTX,550.0,Melvin Marxen,Central
IRODLEGG,Niesha Huffines,MG Advanced,Globex Corporation,Won,2017-06-05,2017-09-14,3449.0,technolgy,2000-01-01,1223.72,2497.0,Norway,MG,3393.0,Melvin Marxen,Central
HTA6XLY3,Reed Clapper,MG Special,Massive Dynamic,Won,2017-06-05,2017-09-24,54.0,entertainment,1989-01-01,665.06,1095.0,United States,MG,55.0,Rocco Neubert,East
XW7J3TI2,Vicki Laflamme,MG Advanced,Hatfan,Lost,2017-06-05,2017-08-14,0.0,services,1982-01-01,792.46,1299.0,United States,MG,3393.0,Celia Rouche,West
1BV5JLZV,Vicki Laflamme,MG Special,Doncon,Won,2017-06-05,2017-09-01,59.0,technolgy,2010-01-01,587.72,1501.0,United States,MG,55.0,Celia Rouche,West
84D18IA1,Violet Mclelland,MG Special,Acme Corporation,Lost,2017-06-05,2017-08-01,0.0,technolgy,1996-01-01,1100.04,2822.0,United States,MG,55.0,Cara Losch,East
41IM8V9E,Zane Levy,GTX Basic,Finjob,Lost,2017-06-05,2017-09-27,0.0,employment,1988-01-01,2059.9,3644.0,United States,GTX,550.0,Summer Sewald,West
NXFAXN16,Anna Snelling,MG Special,Streethex,Won,2017-06-06,2017-09-27,55.0,retail,1988-01-01,1376.8,1165.0,Belgium,MG,55.0,Dustin Brinkmann,Central
FXXEZ5U2,Cassey Cress,MG Advanced,Initech,Won,2017-06-06,2017-08-09,3042.0,telecommunications,1994-01-01,6395.05,20275.0,United States,MG,3393.0,Rocco Neubert,East
ID4LC9V5,Daniell Hammack,GTX Plus Basic,Initech,Won,2017-06-06,2017-08-15,979.0,telecommunications,1994-01-01,6395.05,20275.0,United States,GTX,1096.0,Rocco Neubert,East
IPQFYK0E,Daniell Hammack,GTX Plus Basic,Zotware,Won,2017-06-06,2017-06-17,1064.0,software,1979-01-01,4478.47,13809.0,United States,GTX,1096.0,Rocco Neubert,East
7SBDZJF4,Donn Cantrell,GTX Plus Basic,Bioplex,Won,2017-06-06,2017-08-23,1036.0,medical,1991-01-01,326.82,1016.0,United States,GTX,1096.0,Rocco Neubert,East
BNYWSG6W,Gladys Colclough,MG Advanced,Hottechi,Won,2017-06-06,2017-09-13,3598.0,technolgy,1997-01-01,8170.38,16499.0,Korea,MG,3393.0,Melvin Marxen,Central
RC1YCAEP,James Ascencio,GTX Basic,Goodsilron,Won,2017-06-06,2017-08-16,431.0,marketing,2000-01-01,2952.73,5107.0,United States,GTX,550.0,Summer Sewald,West
H6TY7RBJ,Jonathan Berthelot,GTX Plus Basic,Funholding,Lost,2017-06-06,2017-08-28,0.0,finance,1991-01-01,2819.5,7227.0,United States,GTX,1096.0,Melvin Marxen,Central
MU6NOSH1,Jonathan Berthelot,GTX Basic,Funholding,Won,2017-06-06,2017-06-17,624.0,finance,1991-01-01,2819.5,7227.0,United States,GTX,550.0,Melvin Marxen,Central
OFIORN0G,Jonathan Berthelot,GTX Plus Basic,Finhigh,Won,2017-06-06,2017-06-11,1140.0,finance,2006-01-01,1102.43,1759.0,United States,GTX,1096.0,Melvin Marxen,Central
PMHOZRJN,Kami Bicknell,MG Special,Condax,Won,2017-06-06,2017-09-17,62.0,medical,2017-01-01,4.54,9.0,United States,MG,55.0,Summer Sewald,West
7Z3Q8UYS,Kary Hendrixson,GTX Basic,Fasehatice,Lost,2017-06-06,2017-08-01,0.0,retail,1990-01-01,4968.91,7523.0,United States,GTX,550.0,Summer Sewald,West
YT9PLSVL,Lajuana Vencill,GTX Basic,Streethex,Won,2017-06-06,2017-09-15,584.0,retail,1988-01-01,1376.8,1165.0,Belgium,GTX,550.0,Dustin Brinkmann,Central
BQINW2LB,Markita Hansen,MG Special,Lexiqvolax,Lost,2017-06-06,2017-09-09,0.0,medical,2004-01-01,1618.89,3889.0,United States,MG,55.0,Celia Rouche,West
BLFMYCVF,Markita Hansen,MG Special,Goodsilron,Won,2017-06-06,2017-08-19,57.0,marketing,2000-01-01,2952.73,5107.0,United States,MG,55.0,Celia Rouche,West
379SDV6Y,Niesha Huffines,GTX Plus Basic,Statholdings,Won,2017-06-06,2017-08-05,1267.0,employment,1997-01-01,291.27,586.0,United States,GTX,1096.0,Melvin Marxen,Central
2756CEOQ,Vicki Laflamme,MG Special,Plusstrip,Won,2017-06-06,2017-09-16,55.0,entertainment,2002-01-01,349.81,315.0,United States,MG,55.0,Celia Rouche,West
Z4CFFZAW,Violet Mclelland,MG Special,Opentech,Won,2017-06-06,2017-09-10,63.0,finance,1994-01-01,355.23,853.0,United States,MG,55.0,Cara Losch,East
IE18U4NO,Wilburn Farren,MG Special,Zathunicon,Won,2017-06-06,2017-08-26,45.0,retail,2010-01-01,71.12,144.0,United States,MG,55.0,Cara Losch,East
JNIMHE7Y,Anna Snelling,MG Special,Warephase,Won,2017-06-07,2017-08-20,61.0,services,1997-01-01,2041.73,5276.0,United States,MG,55.0,Dustin Brinkmann,Central
KUKJQX9Y,Cassey Cress,MG Advanced,Bubba Gump,Lost,2017-06-07,2017-09-08,0.0,software,2002-01-01,987.39,2253.0,United States,MG,3393.0,Rocco Neubert,East
QCIG6H19,Darcel Schlecht,GTX Plus Basic,Isdom,Won,2017-06-07,2017-08-31,1114.0,medical,2002-01-01,3178.24,4540.0,United States,GTX,1096.0,Melvin Marxen,Central
DW29KM30,Elease Gluck,MG Advanced,Zathunicon,Engaging,2017-06-07,,,retail,2010-01-01,71.12,144.0,United States,MG,3393.0,Celia Rouche,West
R7IIOFBH,Garret Kinder,GTX Basic,Kan-code,Won,2017-06-07,2017-08-05,566.0,software,1982-01-01,11698.03,34288.0,United States,GTX,550.0,Cara Losch,East
Q7ST5E1W,Gladys Colclough,MG Advanced,dambase,Lost,2017-06-07,2017-08-20,0.0,marketing,1995-01-01,2173.98,2928.0,United States,MG,3393.0,Melvin Marxen,Central
6MTURF7Q,Hayden Neloms,MG Special,Green-Plus,Won,2017-06-07,2017-06-21,56.0,services,2003-01-01,692.19,1922.0,United States,MG,55.0,Celia Rouche,West
MWT1ZV0Y,Jonathan Berthelot,GTX Basic,Ron-tech,Won,2017-06-07,2017-06-18,627.0,medical,1992-01-01,3922.42,6837.0,United States,GTX,550.0,Melvin Marxen,Central
B7Q6Q7S2,Markita Hansen,GTX Plus Basic,Dalttechnology,Won,2017-06-07,2017-08-16,1101.0,software,2013-01-01,98.79,96.0,United States,GTX,1096.0,Celia Rouche,West
3DYZN86H,Markita Hansen,MG Advanced,Hottechi,Won,2017-06-07,2017-09-17,2979.0,technolgy,1997-01-01,8170.38,16499.0,Korea,MG,3393.0,Celia Rouche,West
QYKTG5QA,Marty Freudenburg,MG Advanced,Isdom,Lost,2017-06-07,2017-09-04,0.0,medical,2002-01-01,3178.24,4540.0,United States,MG,3393.0,Melvin Marxen,Central
2O1IK8VR,Versie Hillebrand,MG Advanced,Warephase,Won,2017-06-07,2017-06-17,3662.0,services,1997-01-01,2041.73,5276.0,United States,MG,3393.0,Dustin Brinkmann,Central
R9AVNYCO,Zane Levy,GTX Plus Basic,Conecom,Engaging,2017-06-07,,,technolgy,2005-01-01,1520.66,1806.0,United States,GTX,1096.0,Summer Sewald,West
5QNUZYIL,Boris Faz,MG Advanced,Umbrella Corporation,Won,2017-06-08,2017-06-24,3681.0,finance,1998-01-01,2022.14,5113.0,United States,MG,3393.0,Rocco Neubert,East
WX63AIMZ,Cecily Lampkin,MG Special,Dontechi,Won,2017-06-08,2017-06-18,59.0,software,1982-01-01,4618.0,10083.0,United States,MG,55.0,Dustin Brinkmann,Central
09P7O0LQ,Cecily Lampkin,MG Special,Finhigh,Won,2017-06-08,2017-09-13,60.0,finance,2006-01-01,1102.43,1759.0,United States,MG,55.0,Dustin Brinkmann,Central
GYS3APR7,Corliss Cosme,GTX Basic,Bluth Company,Won,2017-06-08,2017-08-05,602.0,technolgy,1993-01-01,1242.32,3027.0,United States,GTX,550.0,Cara Losch,East
9VF00HWL,Corliss Cosme,GTX Basic,Xx-zobam,Won,2017-06-08,2017-08-12,515.0,entertainment,1989-01-01,3838.39,8274.0,United States,GTX,550.0,Cara Losch,East
MD0SRXG4,Darcel Schlecht,GTX Plus Pro,Ron-tech,Won,2017-06-08,2017-06-21,5175.0,medical,1992-01-01,3922.42,6837.0,United States,GTX,5482.0,Melvin Marxen,Central
AY3KTIXX,James Ascencio,GTX Plus Pro,Cheers,Engaging,2017-06-08,,,entertainment,1993-01-01,4269.9,6472.0,United States,GTX,5482.0,Summer Sewald,West
X46ZXX2S,Jonathan Berthelot,GTX Plus Basic,Globex Corporation,Lost,2017-06-08,2017-08-11,0.0,technolgy,2000-01-01,1223.72,2497.0,Norway,GTX,1096.0,Melvin Marxen,Central
4QP55BTO,Jonathan Berthelot,GTX Basic,Globex Corporation,Won,2017-06-08,2017-06-16,614.0,technolgy,2000-01-01,1223.72,2497.0,Norway,GTX,550.0,Melvin Marxen,Central
G6X1B2K5,Jonathan Berthelot,GTX Basic,Rangreen,Won,2017-06-08,2017-09-13,532.0,technolgy,1987-01-01,2938.67,8775.0,Panama,GTX,550.0,Melvin Marxen,Central
0YCAS0B9,Jonathan Berthelot,GTX Plus Pro,Finhigh,Won,2017-06-08,2017-08-27,6096.0,finance,2006-01-01,1102.43,1759.0,United States,GTX,5482.0,Melvin Marxen,Central
6UZVABQR,Kary Hendrixson,GTX Basic,Hottechi,Won,2017-06-08,2017-08-17,486.0,technolgy,1997-01-01,8170.38,16499.0,Korea,GTX,550.0,Summer Sewald,West
9NTDQ8ZC,Lajuana Vencill,GTX Basic,Funholding,Won,2017-06-08,2017-08-17,566.0,finance,1991-01-01,2819.5,7227.0,United States,GTX,550.0,Dustin Brinkmann,Central
FCCI80H2,Markita Hansen,MG Special,Singletechno,Lost,2017-06-08,2017-06-22,0.0,retail,1996-01-01,2214.94,5374.0,United States,MG,55.0,Celia Rouche,West
ALQRAPZR,Markita Hansen,GTX Plus Basic,Green-Plus,Won,2017-06-08,2017-06-16,923.0,services,2003-01-01,692.19,1922.0,United States,GTX,1096.0,Celia Rouche,West
JEMEGXUG,Marty Freudenburg,GTX Basic,Warephase,Won,2017-06-08,2017-08-19,517.0,services,1997-01-01,2041.73,5276.0,United States,GTX,550.0,Melvin Marxen,Central
GVHIFUN1,Marty Freudenburg,GTX Plus Basic,Zumgoity,Won,2017-06-08,2017-06-14,881.0,medical,1984-01-01,441.08,1210.0,United States,GTX,1096.0,Melvin Marxen,Central
8I4915WD,Maureen Marcano,GTX Plus Basic,Lexiqvolax,Won,2017-06-08,2017-09-02,805.0,medical,2004-01-01,1618.89,3889.0,United States,GTX,1096.0,Summer Sewald,West
L831D7DF,Versie Hillebrand,MG Special,Funholding,Lost,2017-06-08,2017-08-18,0.0,finance,1991-01-01,2819.5,7227.0,United States,MG,55.0,Dustin Brinkmann,Central
839DCVT2,Versie Hillebrand,MG Special,Codehow,Won,2017-06-08,2017-09-13,55.0,software,1998-01-01,2714.9,2641.0,United States,MG,55.0,Dustin Brinkmann,Central
EJ0EF8S1,Vicki Laflamme,GTX Basic,Sunnamplex,Won,2017-06-08,2017-06-15,507.0,marketing,2008-01-01,894.37,1593.0,Poland,GTX,550.0,Celia Rouche,West
0ORRC53X,Zane Levy,GTX Basic,Finjob,Won,2017-06-08,2017-09-08,520.0,employment,1988-01-01,2059.9,3644.0,United States,GTX,550.0,Summer Sewald,West
3QTN3F5T,Anna Snelling,MG Advanced,Isdom,Won,2017-06-09,2017-08-15,3470.0,medical,2002-01-01,3178.24,4540.0,United States,MG,3393.0,Dustin Brinkmann,Central
JW5SYMNS,Cassey Cress,GTX Plus Basic,Zotware,Won,2017-06-09,2017-08-22,1176.0,software,1979-01-01,4478.47,13809.0,United States,GTX,1096.0,Rocco Neubert,East
REO3FMSB,Corliss Cosme,MG Advanced,Massive Dynamic,Engaging,2017-06-09,,,entertainment,1989-01-01,665.06,1095.0,United States,MG,3393.0,Cara Losch,East
BJJQSJD8,Daniell Hammack,GTX Plus Basic,Zotware,Engaging,2017-06-09,,,software,1979-01-01,4478.47,13809.0,United States,GTX,1096.0,Rocco Neubert,East
VP2CW520,Darcel Schlecht,GTX Plus Basic,Treequote,Lost,2017-06-09,2017-08-26,0.0,telecommunications,1988-01-01,5266.09,8595.0,United States,GTX,1096.0,Melvin Marxen,Central
XUP62FUM,James Ascencio,GTX Plus Pro,Rantouch,Won,2017-06-09,2017-08-16,5125.0,telecommunications,1994-01-01,1188.42,3015.0,United States,GTX,5482.0,Summer Sewald,West
T56J7ES7,Kami Bicknell,GTX Plus Basic,Nam-zim,Engaging,2017-06-09,,,services,1987-01-01,405.59,1179.0,Brazil,GTX,1096.0,Summer Sewald,West
ORG6MXKF,Markita Hansen,GTX Plus Basic,Condax,Won,2017-06-09,2017-06-26,1135.0,medical,2017-01-01,4.54,9.0,United States,GTX,1096.0,Celia Rouche,West
VS4UFFLH,Maureen Marcano,MG Special,Kan-code,Won,2017-06-09,2017-09-05,52.0,software,1982-01-01,11698.03,34288.0,United States,MG,55.0,Summer Sewald,West
VUYQCXTY,Moses Frase,GTX Plus Basic,Bioholding,Won,2017-06-09,2017-08-04,1017.0,medical,2012-01-01,587.34,1356.0,Philipines,GTX,1096.0,Dustin Brinkmann,Central
YFJKP42F,Moses Frase,MG Advanced,Codehow,Won,2017-06-09,2017-06-27,3681.0,software,1998-01-01,2714.9,2641.0,United States,MG,3393.0,Dustin Brinkmann,Central
OES8ZX7B,Niesha Huffines,GTX Plus Basic,Rundofase,Lost,2017-06-09,2017-08-04,0.0,technolgy,1983-01-01,1008.06,1238.0,United States,GTX,1096.0,Melvin Marxen,Central
3C9CWV6J,Cassey Cress,MG Advanced,Iselectrics,Won,2017-06-10,2017-06-14,3772.0,technolgy,2011-01-01,527.11,1428.0,United States,MG,3393.0,Rocco Neubert,East
NDGQ0H91,Cassey Cress,MG Advanced,Sumace,Won,2017-06-10,2017-06-28,2871.0,retail,2000-01-01,167.89,493.0,Romania,MG,3393.0,Rocco Neubert,East
OU9O62Y7,Cecily Lampkin,GTX Plus Pro,Cancity,Won,2017-06-10,2017-08-04,4749.0,retail,2001-01-01,718.62,2448.0,United States,GTX,5482.0,Dustin Brinkmann,Central
LFQCLMMG,Corliss Cosme,MG Special,Ganjaflex,Lost,2017-06-10,2017-08-27,0.0,retail,1995-01-01,5158.71,17479.0,Japan,MG,55.0,Cara Losch,East
3ZG0719M,Darcel Schlecht,GTX Plus Basic,Ron-tech,Won,2017-06-10,2017-08-26,1075.0,medical,1992-01-01,3922.42,6837.0,United States,GTX,1096.0,Melvin Marxen,Central
EMIAKHPF,Donn Cantrell,GTX Plus Pro,Kinnamplus,Won,2017-06-10,2017-09-21,5051.0,retail,2004-01-01,702.72,1831.0,United States,GTX,5482.0,Rocco Neubert,East
GG85QBTM,Elease Gluck,GTK 500,Lexiqvolax,Engaging,2017-06-10,,,medical,2004-01-01,1618.89,3889.0,United States,GTK,26768.0,Celia Rouche,West
MKEVYIDI,Jonathan Berthelot,GTX Plus Basic,Isdom,Won,2017-06-10,2017-06-17,834.0,medical,2002-01-01,3178.24,4540.0,United States,GTX,1096.0,Melvin Marxen,Central
IFNT8NLL,Kami Bicknell,MG Special,Green-Plus,Lost,2017-06-10,2017-08-07,0.0,services,2003-01-01,692.19,1922.0,United States,MG,55.0,Summer Sewald,West
EWRVDN3U,Marty Freudenburg,MG Advanced,Toughzap,Lost,2017-06-10,2017-09-19,0.0,retail,1995-01-01,332.43,799.0,United States,MG,3393.0,Melvin Marxen,Central
WEGC0W05,Marty Freudenburg,MG Special,Rangreen,Won,2017-06-10,2017-06-19,54.0,technolgy,1987-01-01,2938.67,8775.0,Panama,MG,55.0,Melvin Marxen,Central
HZ283240,Niesha Huffines,GTX Basic,Streethex,Lost,2017-06-10,2017-09-07,0.0,retail,1988-01-01,1376.8,1165.0,Belgium,GTX,550.0,Melvin Marxen,Central
3J1W4LM0,Niesha Huffines,GTX Basic,Domzoom,Won,2017-06-10,2017-06-21,527.0,entertainment,1998-01-01,217.87,551.0,United States,GTX,550.0,Melvin Marxen,Central
1RIY3IBH,Niesha Huffines,MG Advanced,Globex Corporation,Won,2017-06-10,2017-06-12,2724.0,technolgy,2000-01-01,1223.72,2497.0,Norway,MG,3393.0,Melvin Marxen,Central
6NZH6X7G,Reed Clapper,GTX Plus Pro,Betasoloin,Lost,2017-06-10,2017-06-21,0.0,medical,1999-01-01,251.41,495.0,United States,GTX,5482.0,Rocco Neubert,East
DJ2GWNGZ,Reed Clapper,GTX Basic,Kinnamplus,Won,2017-06-10,2017-09-05,551.0,retail,2004-01-01,702.72,1831.0,United States,GTX,550.0,Rocco Neubert,East
S02S3TVE,Vicki Laflamme,GTX Plus Basic,Plusstrip,Won,2017-06-10,2017-06-21,1118.0,entertainment,2002-01-01,349.81,315.0,United States,GTX,1096.0,Celia Rouche,West
34YT99YN,Vicki Laflamme,GTX Plus Pro,Dalttechnology,Won,2017-06-10,2017-08-23,6094.0,software,2013-01-01,98.79,96.0,United States,GTX,5482.0,Celia Rouche,West
N33B6LND,Wilburn Farren,MG Special,Gekko & Co,Lost,2017-06-10,2017-08-22,0.0,retail,1990-01-01,2520.83,3502.0,United States,MG,55.0,Cara Losch,East
C7NBDKVV,Zane Levy,GTX Basic,Nam-zim,Won,2017-06-10,2017-08-06,556.0,services,1987-01-01,405.59,1179.0,Brazil,GTX,550.0,Summer Sewald,West
9YVSYSE8,Anna Snelling,GTX Basic,Globex Corporation,Lost,2017-06-11,2017-09-16,0.0,technolgy,2000-01-01,1223.72,2497.0,Norway,GTX,550.0,Dustin Brinkmann,Central
VUF34IPC,Anna Snelling,MG Special,Rangreen,Won,2017-06-11,2017-09-13,49.0,technolgy,1987-01-01,2938.67,8775.0,Panama,MG,55.0,Dustin Brinkmann,Central
ONUWPAJM,Cassey Cress,GTX Plus Basic,Silis,Lost,2017-06-11,2017-09-11,0.0,medical,1994-01-01,2818.38,6290.0,United States,GTX,1096.0,Rocco Neubert,East
A50JWKFS,Cecily Lampkin,GTX Plus Basic,Streethex,Won,2017-06-11,2017-09-25,1001.0,retail,1988-01-01,1376.8,1165.0,Belgium,GTX,1096.0,Dustin Brinkmann,Central
JP72AC6I,Corliss Cosme,MG Advanced,The New York Inquirer,Won,2017-06-11,2017-09-16,3777.0,medical,1996-01-01,439.21,792.0,United States,MG,3393.0,Cara Losch,East
9SZTURAF,Daniell Hammack,GTX Plus Basic,Initech,Won,2017-06-11,2017-08-17,892.0,telecommunications,1994-01-01,6395.05,20275.0,United States,GTX,1096.0,Rocco Neubert,East
LB8UE159,Daniell Hammack,GTX Plus Pro,Iselectrics,Won,2017-06-11,2017-06-19,5353.0,technolgy,2011-01-01,527.11,1428.0,United States,GTX,5482.0,Rocco Neubert,East
IJNOVBGU,Darcel Schlecht,MG Advanced,Konmatfix,Won,2017-06-11,2017-09-03,3768.0,marketing,1985-01-01,375.43,1190.0,United States,MG,3393.0,Melvin Marxen,Central
KYL4UFG5,Donn Cantrell,GTX Basic,Bluth Company,Lost,2017-06-11,2017-08-29,0.0,technolgy,1993-01-01,1242.32,3027.0,United States,GTX,550.0,Rocco Neubert,East
QFBITAKR,James Ascencio,GTX Basic,J-Texon,Won,2017-06-11,2017-08-10,507.0,retail,1989-01-01,1388.67,3583.0,United States,GTX,550.0,Summer Sewald,West
VSZ4UVVN,Jonathan Berthelot,GTX Plus Basic,Zumgoity,Won,2017-06-11,2017-09-20,1144.0,medical,1984-01-01,441.08,1210.0,United States,GTX,1096.0,Melvin Marxen,Central
31C5DVJT,Kary Hendrixson,MG Special,Cheers,Won,2017-06-11,2017-09-22,44.0,entertainment,1993-01-01,4269.9,6472.0,United States,MG,55.0,Summer Sewald,West
EG3KHGPL,Lajuana Vencill,MG Advanced,Treequote,Won,2017-06-11,2017-06-27,3470.0,telecommunications,1988-01-01,5266.09,8595.0,United States,MG,3393.0,Dustin Brinkmann,Central
ZI89S9HC,Markita Hansen,MG Advanced,Dalttechnology,Engaging,2017-06-11,,,software,2013-01-01,98.79,96.0,United States,MG,3393.0,Celia Rouche,West
LSJ2A8ZX,Markita Hansen,GTK 500,Cheers,Won,2017-06-11,2017-09-26,29166.0,entertainment,1993-01-01,4269.9,6472.0,United States,GTK,26768.0,Celia Rouche,West
9D06AK8T,Markita Hansen,GTX Plus Basic,Kan-code,Won,2017-06-11,2017-08-10,1045.0,software,1982-01-01,11698.03,34288.0,United States,GTX,1096.0,Celia Rouche,West
PPXIWYMT,Maureen Marcano,GTX Plus Basic,Fasehatice,Won,2017-06-11,2017-09-12,951.0,retail,1990-01-01,4968.91,7523.0,United States,GTX,1096.0,Summer Sewald,West
5653N8BM,Rosie Papadopoulos,GTX Plus Basic,Zoomit,Engaging,2017-06-11,,,entertainment,1992-01-01,324.19,978.0,United States,GTX,1096.0,Cara Losch,East
YWKJW726,Versie Hillebrand,MG Special,Stanredtax,Won,2017-06-11,2017-08-20,43.0,finance,1987-01-01,1698.2,3798.0,United States,MG,55.0,Dustin Brinkmann,Central
ZVT9J7V1,Versie Hillebrand,MG Special,Zumgoity,Won,2017-06-11,2017-06-15,55.0,medical,1984-01-01,441.08,1210.0,United States,MG,55.0,Dustin Brinkmann,Central
UKECBJV5,Cecily Lampkin,GTX Plus Pro,Streethex,Won,2017-06-12,2017-08-29,4961.0,retail,1988-01-01,1376.8,1165.0,Belgium,GTX,5482.0,Dustin Brinkmann,Central
UWVT8M2Y,Corliss Cosme,GTX Basic,Iselectrics,Lost,2017-06-12,2017-08-18,0.0,technolgy,2011-01-01,527.11,1428.0,United States,GTX,550.0,Cara Losch,East
AOZKTGZG,Elease Gluck,GTX Basic,Singletechno,Won,2017-06-12,2017-08-22,608.0,retail,1996-01-01,2214.94,5374.0,United States,GTX,550.0,Celia Rouche,West
TKN1L8EX,Garret Kinder,GTX Plus Basic,Zathunicon,Won,2017-06-12,2017-09-20,851.0,retail,2010-01-01,71.12,144.0,United States,GTX,1096.0,Cara Losch,East
9GQ6HQLK,Gladys Colclough,GTX Plus Basic,Inity,Won,2017-06-12,2017-09-20,1143.0,marketing,1986-01-01,2403.58,8801.0,United States,GTX,1096.0,Melvin Marxen,Central
0RL4RHQJ,Gladys Colclough,GTX Plus Pro,Globex Corporation,Won,2017-06-12,2017-06-25,6365.0,technolgy,2000-01-01,1223.72,2497.0,Norway,GTX,5482.0,Melvin Marxen,Central
ZE9WX1Q9,Hayden Neloms,MG Special,Fasehatice,Won,2017-06-12,2017-08-21,54.0,retail,1990-01-01,4968.91,7523.0,United States,MG,55.0,Celia Rouche,West
QY6MB3QJ,Kary Hendrixson,GTX Basic,Sunnamplex,Lost,2017-06-12,2017-08-14,0.0,marketing,2008-01-01,894.37,1593.0,Poland,GTX,550.0,Summer Sewald,West
BOVKZHAZ,Markita Hansen,MG Special,Doncon,Lost,2017-06-12,2017-08-29,0.0,technolgy,2010-01-01,587.72,1501.0,United States,MG,55.0,Celia Rouche,West
YT8YYRTU,Maureen Marcano,GTX Plus Basic,Cheers,Won,2017-06-12,2017-08-29,1250.0,entertainment,1993-01-01,4269.9,6472.0,United States,GTX,1096.0,Summer Sewald,West
6V7OMXY5,Maureen Marcano,GTX Plus Pro,Faxquote,Won,2017-06-12,2017-09-01,5966.0,telecommunications,1995-01-01,1825.82,5595.0,United States,GTX,5482.0,Summer Sewald,West
0TR3RU8A,Niesha Huffines,MG Special,Domzoom,Won,2017-06-12,2017-09-10,61.0,entertainment,1998-01-01,217.87,551.0,United States,MG,55.0,Melvin Marxen,Central
GTOKTXRA,Vicki Laflamme,MG Special,Scotfind,Won,2017-06-12,2017-09-20,48.0,software,1996-01-01,6354.87,16780.0,United States,MG,55.0,Celia Rouche,West
SE6OIGYN,Violet Mclelland,GTX Plus Basic,Isdom,Engaging,2017-06-12,,,medical,2002-01-01,3178.24,4540.0,United States,GTX,1096.0,Cara Losch,East
PBJ01MRE,Violet Mclelland,MG Special,Zathunicon,Won,2017-06-12,2017-09-21,53.0,retail,2010-01-01,71.12,144.0,United States,MG,55.0,Cara Losch,East
L2NXQFPN,Zane Levy,MG Special,Cheers,Lost,2017-06-12,2017-06-20,0.0,entertainment,1993-01-01,4269.9,6472.0,United States,MG,55.0,Summer Sewald,West
0XWCTQL2,Zane Levy,MG Special,Doncon,Won,2017-06-12,2017-08-18,51.0,technolgy,2010-01-01,587.72,1501.0,United States,MG,55.0,Summer Sewald,West
SY72RAK2,Zane Levy,MG Advanced,Cheers,Won,2017-06-12,2017-09-04,3314.0,entertainment,1993-01-01,4269.9,6472.0,United States,MG,3393.0,Summer Sewald,West
38YQ4771,Anna Snelling,MG Advanced,Treequote,Lost,2017-06-13,2017-08-20,0.0,telecommunications,1988-01-01,5266.09,8595.0,United States,MG,3393.0,Dustin Brinkmann,Central
K7FBRQCA,Anna Snelling,MG Special,Genco Pura Olive Oil Company,Won,2017-06-13,2017-09-25,64.0,retail,2007-01-01,894.33,1635.0,Italy,MG,55.0,Dustin Brinkmann,Central
F4V2FXK0,Anna Snelling,MG Special,Isdom,Won,2017-06-13,2017-06-24,58.0,medical,2002-01-01,3178.24,4540.0,United States,MG,55.0,Dustin Brinkmann,Central
FZNEISTX,Cassey Cress,GTX Plus Basic,Mathtouch,Lost,2017-06-13,2017-08-22,0.0,marketing,1984-01-01,3027.46,9516.0,Jordan,GTX,1096.0,Rocco Neubert,East
S34T8KPW,Cassey Cress,GTX Plus Pro,Massive Dynamic,Won,2017-06-13,2017-08-04,4598.0,entertainment,1989-01-01,665.06,1095.0,United States,GTX,5482.0,Rocco Neubert,East
5F40OSXS,Cassey Cress,MG Advanced,Mathtouch,Won,2017-06-13,2017-06-19,3424.0,marketing,1984-01-01,3027.46,9516.0,Jordan,MG,3393.0,Rocco Neubert,East
AILF7GOP,Cassey Cress,MG Advanced,Umbrella Corporation,Won,2017-06-13,2017-09-30,3399.0,finance,1998-01-01,2022.14,5113.0,United States,MG,3393.0,Rocco Neubert,East
LMJINVRQ,Daniell Hammack,GTX Plus Basic,Betasoloin,Lost,2017-06-13,2017-09-07,0.0,medical,1999-01-01,251.41,495.0,United States,GTX,1096.0,Rocco Neubert,East
MHPI0ZW1,Darcel Schlecht,GTX Basic,Konmatfix,Lost,2017-06-13,2017-09-04,0.0,marketing,1985-01-01,375.43,1190.0,United States,GTX,550.0,Melvin Marxen,Central
WJ81WITC,Darcel Schlecht,GTX Plus Pro,Betatech,Lost,2017-06-13,2017-08-16,0.0,medical,1986-01-01,647.18,1185.0,Kenya,GTX,5482.0,Melvin Marxen,Central
DFSRHCXU,Donn Cantrell,GTX Basic,Donquadtech,Won,2017-06-13,2017-08-28,496.0,technolgy,1992-01-01,1712.68,3194.0,United States,GTX,550.0,Rocco Neubert,East
1VFUCUWA,Garret Kinder,MG Advanced,Bubba Gump,Won,2017-06-13,2017-08-27,3279.0,software,2002-01-01,987.39,2253.0,United States,MG,3393.0,Cara Losch,East
3IIDRUGI,Gladys Colclough,MG Special,Scottech,Lost,2017-06-13,2017-09-28,0.0,marketing,2012-01-01,45.39,100.0,United States,MG,55.0,Melvin Marxen,Central
3VLKZISJ,James Ascencio,MG Special,Scotfind,Won,2017-06-13,2017-06-27,68.0,software,1996-01-01,6354.87,16780.0,United States,MG,55.0,Summer Sewald,West
2GN2TRVV,Jonathan Berthelot,GTX Basic,Treequote,Lost,2017-06-13,2017-08-23,0.0,telecommunications,1988-01-01,5266.09,8595.0,United States,GTX,550.0,Melvin Marxen,Central
WA4TPQ5U,Maureen Marcano,GTX Plus Basic,Zoomit,Engaging,2017-06-13,,,entertainment,1992-01-01,324.19,978.0,United States,GTX,1096.0,Summer Sewald,West
9C9GO9XO,Niesha Huffines,GTX Plus Basic,Funholding,Lost,2017-06-13,2017-08-21,0.0,finance,1991-01-01,2819.5,7227.0,United States,GTX,1096.0,Melvin Marxen,Central
ULES5Z21,Versie Hillebrand,MG Special,Bioholding,Won,2017-06-13,2017-06-15,59.0,medical,2012-01-01,587.34,1356.0,Philipines,MG,55.0,Dustin Brinkmann,Central
IITSDWWL,Vicki Laflamme,MG Advanced,Fasehatice,Won,2017-06-13,2017-06-26,3205.0,retail,1990-01-01,4968.91,7523.0,United States,MG,3393.0,Celia Rouche,West
8GYH6R9J,Wilburn Farren,GTX Basic,Mathtouch,Lost,2017-06-13,2017-06-27,0.0,marketing,1984-01-01,3027.46,9516.0,Jordan,GTX,550.0,Cara Losch,East
8X890G2T,Anna Snelling,MG Special,Globex Corporation,Won,2017-06-14,2017-06-23,55.0,technolgy,2000-01-01,1223.72,2497.0,Norway,MG,55.0,Dustin Brinkmann,Central
74YVUL52,Cassey Cress,GTX Basic,Bubba Gump,Lost,2017-06-14,2017-09-17,0.0,software,2002-01-01,987.39,2253.0,United States,GTX,550.0,Rocco Neubert,East
HH4I6PAY,Corliss Cosme,GTX Basic,Ganjaflex,Won,2017-06-14,2017-09-02,525.0,retail,1995-01-01,5158.71,17479.0,Japan,GTX,550.0,Cara Losch,East
TAGD6XU9,Darcel Schlecht,MG Advanced,Isdom,Won,2017-06-14,2017-08-25,3455.0,medical,2002-01-01,3178.24,4540.0,United States,MG,3393.0,Melvin Marxen,Central
IIREXAQX,Elease Gluck,MG Advanced,Faxquote,Won,2017-06-14,2017-06-25,3110.0,telecommunications,1995-01-01,1825.82,5595.0,United States,MG,3393.0,Celia Rouche,West
8GISH3I9,Garret Kinder,MG Special,Kinnamplus,Lost,2017-06-14,2017-06-27,0.0,retail,2004-01-01,702.72,1831.0,United States,MG,55.0,Cara Losch,East
6M89XBL0,Hayden Neloms,GTX Plus Pro,Scotfind,Won,2017-06-14,2017-09-11,5053.0,software,1996-01-01,6354.87,16780.0,United States,GTX,5482.0,Celia Rouche,West
YT2QLCVS,Hayden Neloms,MG Advanced,Groovestreet,Won,2017-06-14,2017-06-28,3539.0,retail,2003-01-01,223.8,299.0,United States,MG,3393.0,Celia Rouche,West
4ICL09BD,Jonathan Berthelot,GTX Basic,Rundofase,Won,2017-06-14,2017-08-23,580.0,technolgy,1983-01-01,1008.06,1238.0,United States,GTX,550.0,Melvin Marxen,Central
YWWVWOO4,Kami Bicknell,MG Advanced,Rantouch,Lost,2017-06-14,2017-06-20,0.0,telecommunications,1994-01-01,1188.42,3015.0,United States,MG,3393.0,Summer Sewald,West
8TTFFCIK,Lajuana Vencill,MG Advanced,Warephase,Won,2017-06-14,2017-06-17,3468.0,services,1997-01-01,2041.73,5276.0,United States,MG,3393.0,Dustin Brinkmann,Central
5URQT67R,Markita Hansen,GTK 500,Treequote,Engaging,2017-06-14,,,telecommunications,1988-01-01,5266.09,8595.0,United States,GTK,26768.0,Celia Rouche,West
OG13XT4P,Niesha Huffines,MG Special,Ron-tech,Won,2017-06-14,2017-09-19,54.0,medical,1992-01-01,3922.42,6837.0,United States,MG,55.0,Melvin Marxen,Central
ZYRRGSQK,Reed Clapper,MG Advanced,Bluth Company,Lost,2017-06-14,2017-06-27,0.0,technolgy,1993-01-01,1242.32,3027.0,United States,MG,3393.0,Rocco Neubert,East
0LDX9VLO,Versie Hillebrand,MG Special,Scottech,Lost,2017-06-14,2017-08-11,0.0,marketing,2012-01-01,45.39,100.0,United States,MG,55.0,Dustin Brinkmann,Central
XFFFWJQH,Violet Mclelland,MG Special,Gekko & Co,Lost,2017-06-14,2017-08-20,0.0,retail,1990-01-01,2520.83,3502.0,United States,MG,55.0,Cara Losch,East
KRSNQKC6,Boris Faz,GTX Plus Pro,Zotware,Won,2017-06-15,2017-06-28,6040.0,software,1979-01-01,4478.47,13809.0,United States,GTX,5482.0,Rocco Neubert,East
YHVY1LHH,Cecily Lampkin,MG Advanced,dambase,Won,2017-06-15,2017-06-25,3785.0,marketing,1995-01-01,2173.98,2928.0,United States,MG,3393.0,Dustin Brinkmann,Central
2BG4ZR42,Corliss Cosme,GTX Plus Basic,Zathunicon,Lost,2017-06-15,2017-09-19,0.0,retail,2010-01-01,71.12,144.0,United States,GTX,1096.0,Cara Losch,East
QQCIN1M4,Daniell Hammack,GTX Basic,Initech,Won,2017-06-15,2017-06-26,420.0,telecommunications,1994-01-01,6395.05,20275.0,United States,GTX,550.0,Rocco Neubert,East
D5LEL3HF,Darcel Schlecht,MG Advanced,Rangreen,Won,2017-06-15,2017-09-09,2683.0,technolgy,1987-01-01,2938.67,8775.0,Panama,MG,3393.0,Melvin Marxen,Central
6X4EEUGA,Elease Gluck,GTK 500,Cheers,Won,2017-06-15,2017-06-30,25464.0,entertainment,1993-01-01,4269.9,6472.0,United States,GTK,26768.0,Celia Rouche,West
KTSB1KYT,Jonathan Berthelot,GTX Basic,Hottechi,Won,2017-06-15,2017-09-09,460.0,technolgy,1997-01-01,8170.38,16499.0,Korea,GTX,550.0,Melvin Marxen,Central
RB7IA4JX,Jonathan Berthelot,GTX Basic,Rundofase,Won,2017-06-15,2017-06-28,546.0,technolgy,1983-01-01,1008.06,1238.0,United States,GTX,550.0,Melvin Marxen,Central
M4HY664H,Jonathan Berthelot,GTX Plus Basic,Conecom,Won,2017-06-15,2017-09-25,918.0,technolgy,2005-01-01,1520.66,1806.0,United States,GTX,1096.0,Melvin Marxen,Central
D2C191IK,Lajuana Vencill,MG Advanced,Domzoom,Lost,2017-06-15,2017-06-29,0.0,entertainment,1998-01-01,217.87,551.0,United States,MG,3393.0,Dustin Brinkmann,Central
I2V3EPW7,Lajuana Vencill,MG Advanced,Toughzap,Won,2017-06-15,2017-08-02,3018.0,retail,1995-01-01,332.43,799.0,United States,MG,3393.0,Dustin Brinkmann,Central
RB8LSFVK,Markita Hansen,MG Special,Sonron,Won,2017-06-15,2017-08-24,52.0,telecommunications,1999-01-01,1699.85,5108.0,United States,MG,55.0,Celia Rouche,West
7SYJDW4L,Reed Clapper,MG Special,Bioplex,Won,2017-06-15,2017-08-04,50.0,medical,1991-01-01,326.82,1016.0,United States,MG,55.0,Rocco Neubert,East
O7E0302B,Rosie Papadopoulos,GTX Basic,Xx-zobam,Won,2017-06-15,2017-09-13,524.0,entertainment,1989-01-01,3838.39,8274.0,United States,GTX,550.0,Cara Losch,East
U11XXNCF,Rosie Papadopoulos,MG Advanced,Xx-zobam,Won,2017-06-15,2017-06-29,3306.0,entertainment,1989-01-01,3838.39,8274.0,United States,MG,3393.0,Cara Losch,East
73FYEJQV,Vicki Laflamme,MG Special,Hatfan,Won,2017-06-15,2017-06-22,54.0,services,1982-01-01,792.46,1299.0,United States,MG,55.0,Celia Rouche,West
C4CQ8FZL,Vicki Laflamme,MG Special,Hottechi,Won,2017-06-15,2017-06-28,53.0,technolgy,1997-01-01,8170.38,16499.0,Korea,MG,55.0,Celia Rouche,West
OJ1WKIVY,Wilburn Farren,GTX Basic,Zencorporation,Won,2017-06-15,2017-08-29,514.0,technolgy,2011-01-01,40.79,142.0,China,GTX,550.0,Cara Losch,East
L1YN7LDL,Cassey Cress,MG Special,Bluth Company,Engaging,2017-06-16,,,technolgy,1993-01-01,1242.32,3027.0,United States,MG,55.0,Rocco Neubert,East
N9ZXCBTU,Daniell Hammack,GTX Plus Basic,Konex,Won,2017-06-16,2017-06-25,985.0,technolgy,1980-01-01,7708.38,13756.0,United States,GTX,1096.0,Rocco Neubert,East
GL8PN4LQ,Darcel Schlecht,MG Advanced,Isdom,Won,2017-06-16,2017-06-24,3323.0,medical,2002-01-01,3178.24,4540.0,United States,MG,3393.0,Melvin Marxen,Central
TTVQT1YD,Donn Cantrell,MG Advanced,Betasoloin,Lost,2017-06-16,2017-08-31,0.0,medical,1999-01-01,251.41,495.0,United States,MG,3393.0,Rocco Neubert,East
NOHEK8PU,Donn Cantrell,GTX Basic,Ontomedia,Won,2017-06-16,2017-09-17,483.0,employment,1997-01-01,882.12,2769.0,United States,GTX,550.0,Rocco Neubert,East
56AN1DXW,Garret Kinder,GTX Basic,Initech,Lost,2017-06-16,2017-08-22,0.0,telecommunications,1994-01-01,6395.05,20275.0,United States,GTX,550.0,Cara Losch,East
DJ60T39C,Gladys Colclough,MG Advanced,Finhigh,Won,2017-06-16,2017-09-04,3621.0,finance,2006-01-01,1102.43,1759.0,United States,MG,3393.0,Melvin Marxen,Central
PVDGIYSB,Lajuana Vencill,GTX Plus Basic,Isdom,Lost,2017-06-16,2017-08-29,0.0,medical,2002-01-01,3178.24,4540.0,United States,GTX,1096.0,Dustin Brinkmann,Central
F57Z7KJF,Lajuana Vencill,MG Advanced,Stanredtax,Won,2017-06-16,2017-06-24,3228.0,finance,1987-01-01,1698.2,3798.0,United States,MG,3393.0,Dustin Brinkmann,Central
NEFPSWOJ,Markita Hansen,GTX Plus Basic,Toughzap,Engaging,2017-06-16,,,retail,1995-01-01,332.43,799.0,United States,GTX,1096.0,Celia Rouche,West
ZGSQMEQ9,Niesha Huffines,GTX Plus Basic,Bioholding,Won,2017-06-16,2017-09-17,1063.0,medical,2012-01-01,587.34,1356.0,Philipines,GTX,1096.0,Melvin Marxen,Central
FM1RH52B,Reed Clapper,GTX Plus Basic,Yearin,Lost,2017-06-16,2017-08-19,0.0,retail,2005-01-01,2261.05,3851.0,United States,GTX,1096.0,Rocco Neubert,East
3NM7A8SX,Zane Levy,MG Advanced,Newex,Won,2017-06-16,2017-06-27,4234.0,services,1991-01-01,1012.72,3492.0,Germany,MG,3393.0,Summer Sewald,West
1XWQZ1F8,Cassey Cress,GTX Plus Basic,Plussunin,Won,2017-06-17,2017-09-16,1198.0,retail,2003-01-01,1419.98,4018.0,United States,GTX,1096.0,Rocco Neubert,East
YQK2K6U5,Darcel Schlecht,GTX Basic,Betatech,Won,2017-06-17,2017-08-22,576.0,medical,1986-01-01,647.18,1185.0,Kenya,GTX,550.0,Melvin Marxen,Central
FROU0UKW,Darcel Schlecht,GTX Plus Pro,Globex Corporation,Won,2017-06-17,2017-08-25,5614.0,technolgy,2000-01-01,1223.72,2497.0,Norway,GTX,5482.0,Melvin Marxen,Central
SD8JJSKT,Darcel Schlecht,MG Advanced,Streethex,Won,2017-06-17,2017-08-30,3422.0,retail,1988-01-01,1376.8,1165.0,Belgium,MG,3393.0,Melvin Marxen,Central
HABN7JBG,Elease Gluck,GTX Basic,Rantouch,Engaging,2017-06-17,,,telecommunications,1994-01-01,1188.42,3015.0,United States,GTX,550.0,Celia Rouche,West
LCWP23CI,James Ascencio,GTX Plus Pro,Finjob,Won,2017-06-17,2017-06-24,5306.0,employment,1988-01-01,2059.9,3644.0,United States,GTX,5482.0,Summer Sewald,West
9BTSKY01,Lajuana Vencill,MG Special,Inity,Won,2017-06-17,2017-09-19,60.0,marketing,1986-01-01,2403.58,8801.0,United States,MG,55.0,Dustin Brinkmann,Central
CQZSFN7C,Markita Hansen,GTK 500,Konex,Lost,2017-06-17,2017-08-15,0.0,technolgy,1980-01-01,7708.38,13756.0,United States,GTK,26768.0,Celia Rouche,West
81LMZHD1,Moses Frase,GTX Plus Pro,Bioholding,Won,2017-06-17,2017-08-16,5018.0,medical,2012-01-01,587.34,1356.0,Philipines,GTX,5482.0,Dustin Brinkmann,Central
1J5Y9X1H,Vicki Laflamme,MG Advanced,Groovestreet,Won,2017-06-17,2017-09-17,3295.0,retail,2003-01-01,223.8,299.0,United States,MG,3393.0,Celia Rouche,West
6LC0XB2D,Anna Snelling,MG Special,Rundofase,Won,2017-06-18,2017-08-29,61.0,technolgy,1983-01-01,1008.06,1238.0,United States,MG,55.0,Dustin Brinkmann,Central
YKC8JUSY,Boris Faz,GTX Plus Pro,Mathtouch,Lost,2017-06-18,2017-07-01,0.0,marketing,1984-01-01,3027.46,9516.0,Jordan,GTX,5482.0,Rocco Neubert,East
H3DYTZIQ,Cassey Cress,GTX Plus Basic,Scottech,Engaging,2017-06-18,,,marketing,2012-01-01,45.39,100.0,United States,GTX,1096.0,Rocco Neubert,East
PAQTBHVA,Cassey Cress,MG Special,Zathunicon,Won,2017-06-18,2017-09-23,59.0,retail,2010-01-01,71.12,144.0,United States,MG,55.0,Rocco Neubert,East
EFIR7HGR,Daniell Hammack,MG Advanced,Groovestreet,Engaging,2017-06-18,,,retail,2003-01-01,223.8,299.0,United States,MG,3393.0,Rocco Neubert,East
DXF00KY4,Darcel Schlecht,MG Advanced,Isdom,Lost,2017-06-18,2017-08-15,0.0,medical,2002-01-01,3178.24,4540.0,United States,MG,3393.0,Melvin Marxen,Central
GKL9QV5B,Elease Gluck,GTX Plus Pro,Scotfind,Won,2017-06-18,2017-06-28,6666.0,software,1996-01-01,6354.87,16780.0,United States,GTX,5482.0,Celia Rouche,West
1V3IQVOF,Gladys Colclough,GTX Plus Basic,Ron-tech,Lost,2017-06-18,2017-08-02,0.0,medical,1992-01-01,3922.42,6837.0,United States,GTX,1096.0,Melvin Marxen,Central
H176AX96,James Ascencio,MG Advanced,Gekko & Co,Engaging,2017-06-18,,,retail,1990-01-01,2520.83,3502.0,United States,MG,3393.0,Summer Sewald,West
K0HLZM4Q,Jonathan Berthelot,GTX Basic,Stanredtax,Lost,2017-06-18,2017-08-21,0.0,finance,1987-01-01,1698.2,3798.0,United States,GTX,550.0,Melvin Marxen,Central
BTNSR87A,Jonathan Berthelot,GTX Plus Basic,Isdom,Won,2017-06-18,2017-07-01,1149.0,medical,2002-01-01,3178.24,4540.0,United States,GTX,1096.0,Melvin Marxen,Central
SWV0JUQJ,Jonathan Berthelot,MG Special,Stanredtax,Won,2017-06-18,2017-06-22,60.0,finance,1987-01-01,1698.2,3798.0,United States,MG,55.0,Melvin Marxen,Central
910IXBKP,Kami Bicknell,GTX Basic,Lexiqvolax,Won,2017-06-18,2017-06-22,551.0,medical,2004-01-01,1618.89,3889.0,United States,GTX,550.0,Summer Sewald,West
NTNYA5PE,Markita Hansen,GTX Basic,Cheers,Won,2017-06-18,2017-09-28,505.0,entertainment,1993-01-01,4269.9,6472.0,United States,GTX,550.0,Celia Rouche,West
AHRCT8IP,Marty Freudenburg,GTX Basic,Warephase,Lost,2017-06-18,2017-09-03,0.0,services,1997-01-01,2041.73,5276.0,United States,GTX,550.0,Melvin Marxen,Central
ESH4HX52,Marty Freudenburg,GTX Plus Pro,Globex Corporation,Won,2017-06-18,2017-08-21,5472.0,technolgy,2000-01-01,1223.72,2497.0,Norway,GTX,5482.0,Melvin Marxen,Central
VT1LZKEY,Vicki Laflamme,GTX Basic,Fasehatice,Lost,2017-06-18,2017-08-29,0.0,retail,1990-01-01,4968.91,7523.0,United States,GTX,550.0,Celia Rouche,West
0WC2J3UP,Anna Snelling,GTX Basic,Funholding,Lost,2017-06-19,2017-08-28,0.0,finance,1991-01-01,2819.5,7227.0,United States,GTX,550.0,Dustin Brinkmann,Central
VWSFZUNS,Anna Snelling,GTX Plus Pro,Hottechi,Won,2017-06-19,2017-08-24,5271.0,technolgy,1997-01-01,8170.38,16499.0,Korea,GTX,5482.0,Dustin Brinkmann,Central
F3UB81V7,Boris Faz,MG Special,Bioplex,Won,2017-06-19,2017-08-23,49.0,medical,1991-01-01,326.82,1016.0,United States,MG,55.0,Rocco Neubert,East
SEX08VFB,Cassey Cress,MG Advanced,Opentech,Lost,2017-06-19,2017-06-30,0.0,finance,1994-01-01,355.23,853.0,United States,MG,3393.0,Rocco Neubert,East
FLANUQCV,Corliss Cosme,GTX Plus Basic,Initech,Won,2017-06-19,2017-09-21,1236.0,telecommunications,1994-01-01,6395.05,20275.0,United States,GTX,1096.0,Cara Losch,East
VMTPCY5G,Hayden Neloms,MG Special,Condax,Won,2017-06-19,2017-06-25,55.0,medical,2017-01-01,4.54,9.0,United States,MG,55.0,Celia Rouche,West
CV0BDYMP,Hayden Neloms,MG Special,Fasehatice,Won,2017-06-19,2017-09-29,62.0,retail,1990-01-01,4968.91,7523.0,United States,MG,55.0,Celia Rouche,West
7DI7A7G7,James Ascencio,GTX Basic,Sunnamplex,Won,2017-06-19,2017-08-19,459.0,marketing,2008-01-01,894.37,1593.0,Poland,GTX,550.0,Summer Sewald,West
WE7YS7HD,Kami Bicknell,GTX Basic,Y-corporation,Lost,2017-06-19,2017-08-25,0.0,employment,1983-01-01,2871.35,9561.0,United States,GTX,550.0,Summer Sewald,West
4DLOXD13,Kami Bicknell,GTX Plus Basic,Y-corporation,Won,2017-06-19,2017-08-07,1097.0,employment,1983-01-01,2871.35,9561.0,United States,GTX,1096.0,Summer Sewald,West
XN63KZRZ,Kami Bicknell,GTX Plus Pro,Plexzap,Won,2017-06-19,2017-09-29,5033.0,retail,2001-01-01,2437.85,4874.0,United States,GTX,5482.0,Summer Sewald,West
6GL2LRUH,Kary Hendrixson,MG Special,Finjob,Won,2017-06-19,2017-06-24,52.0,employment,1988-01-01,2059.9,3644.0,United States,MG,55.0,Summer Sewald,West
K0G1IB3Q,Markita Hansen,MG Special,Doncon,Won,2017-06-19,2017-06-27,54.0,technolgy,2010-01-01,587.72,1501.0,United States,MG,55.0,Celia Rouche,West
UYJDOT4Q,Maureen Marcano,GTX Plus Pro,Sonron,Won,2017-06-19,2017-09-12,5816.0,telecommunications,1999-01-01,1699.85,5108.0,United States,GTX,5482.0,Summer Sewald,West
VOSSIXSY,Maureen Marcano,MG Special,Condax,Won,2017-06-19,2017-09-03,53.0,medical,2017-01-01,4.54,9.0,United States,MG,55.0,Summer Sewald,West
ILUMUKG8,Maureen Marcano,MG Advanced,Plexzap,Won,2017-06-19,2017-08-15,3994.0,retail,2001-01-01,2437.85,4874.0,United States,MG,3393.0,Summer Sewald,West
DYUWF61W,Moses Frase,GTX Plus Pro,Warephase,Lost,2017-06-19,2017-06-28,0.0,services,1997-01-01,2041.73,5276.0,United States,GTX,5482.0,Dustin Brinkmann,Central
NUNQGOUW,Moses Frase,MG Special,Statholdings,Won,2017-06-19,2017-09-04,57.0,employment,1997-01-01,291.27,586.0,United States,MG,55.0,Dustin Brinkmann,Central
CKT1GTY2,Reed Clapper,MG Special,Condax,Lost,2017-06-19,2017-07-02,0.0,medical,2017-01-01,4.54,9.0,United States,MG,55.0,Rocco Neubert,East
FUHP1IXR,Rosalina Dieter,MG Advanced,Scotfind,Won,2017-06-19,2017-08-05,3752.0,software,1996-01-01,6354.87,16780.0,United States,MG,3393.0,Celia Rouche,West
ABRQIWS9,Versie Hillebrand,GTX Basic,Statholdings,Won,2017-06-19,2017-08-24,555.0,employment,1997-01-01,291.27,586.0,United States,GTX,550.0,Dustin Brinkmann,Central
B3K4Z5L0,Violet Mclelland,GTX Basic,Umbrella Corporation,Lost,2017-06-19,2017-06-24,0.0,finance,1998-01-01,2022.14,5113.0,United States,GTX,550.0,Cara Losch,East
IVCON5CU,Zane Levy,GTX Plus Basic,Konex,Won,2017-06-19,2017-09-20,1213.0,technolgy,1980-01-01,7708.38,13756.0,United States,GTX,1096.0,Summer Sewald,West
LUP7FYS5,Boris Faz,GTX Plus Pro,Xx-zobam,Lost,2017-06-20,2017-07-02,0.0,entertainment,1989-01-01,3838.39,8274.0,United States,GTX,5482.0,Rocco Neubert,East
WEKW3XIN,Cassey Cress,GTX Plus Pro,Condax,Engaging,2017-06-20,,,medical,2017-01-01,4.54,9.0,United States,GTX,5482.0,Rocco Neubert,East
YSNODM63,Cecily Lampkin,GTX Plus Pro,Streethex,Lost,2017-06-20,2017-06-27,0.0,retail,1988-01-01,1376.8,1165.0,Belgium,GTX,5482.0,Dustin Brinkmann,Central
PN3T4FUG,Corliss Cosme,GTX Basic,Xx-zobam,Lost,2017-06-20,2017-09-21,0.0,entertainment,1989-01-01,3838.39,8274.0,United States,GTX,550.0,Cara Losch,East
VE4LZ8F5,Daniell Hammack,MG Special,Kan-code,Won,2017-06-20,2017-08-25,62.0,software,1982-01-01,11698.03,34288.0,United States,MG,55.0,Rocco Neubert,East
5AOWZ6AG,Donn Cantrell,MG Advanced,Silis,Won,2017-06-20,2017-08-09,3546.0,medical,1994-01-01,2818.38,6290.0,United States,MG,3393.0,Rocco Neubert,East
E29GOFUV,Elease Gluck,MG Special,Sumace,Engaging,2017-06-20,,,retail,2000-01-01,167.89,493.0,Romania,MG,55.0,Celia Rouche,West
2MKG6ZDD,James Ascencio,GTX Basic,Domzoom,Engaging,2017-06-20,,,entertainment,1998-01-01,217.87,551.0,United States,GTX,550.0,Summer Sewald,West
3AIA6RL3,Jonathan Berthelot,GTX Plus Basic,Hottechi,Won,2017-06-20,2017-08-20,1132.0,technolgy,1997-01-01,8170.38,16499.0,Korea,GTX,1096.0,Melvin Marxen,Central
OXPNURPT,Kami Bicknell,GTX Basic,Cheers,Lost,2017-06-20,2017-08-13,0.0,entertainment,1993-01-01,4269.9,6472.0,United States,GTX,550.0,Summer Sewald,West
9TRVSW35,Maureen Marcano,MG Special,Condax,Won,2017-06-20,2017-08-19,57.0,medical,2017-01-01,4.54,9.0,United States,MG,55.0,Summer Sewald,West
GTH3VIDW,Maureen Marcano,MG Special,Fasehatice,Won,2017-06-20,2017-06-23,61.0,retail,1990-01-01,4968.91,7523.0,United States,MG,55.0,Summer Sewald,West
WFNKJ2LT,Maureen Marcano,MG Special,Plusstrip,Won,2017-06-20,2017-07-01,57.0,entertainment,2002-01-01,349.81,315.0,United States,MG,55.0,Summer Sewald,West
P7GCDFU8,Reed Clapper,GTX Basic,Massive Dynamic,Won,2017-06-20,2017-09-14,649.0,entertainment,1989-01-01,665.06,1095.0,United States,GTX,550.0,Rocco Neubert,East
ACOJBA02,Versie Hillebrand,GTX Plus Pro,Finhigh,Won,2017-06-20,2017-07-01,4813.0,finance,2006-01-01,1102.43,1759.0,United States,GTX,5482.0,Dustin Brinkmann,Central
2FGEGLVU,Vicki Laflamme,MG Special,Doncon,Lost,2017-06-20,2017-06-23,0.0,technolgy,2010-01-01,587.72,1501.0,United States,MG,55.0,Celia Rouche,West
FQB53DQH,Vicki Laflamme,MG Special,Blackzim,Won,2017-06-20,2017-07-01,51.0,retail,2009-01-01,497.11,1588.0,United States,MG,55.0,Celia Rouche,West
1C2V9RAO,Vicki Laflamme,MG Advanced,Goodsilron,Won,2017-06-20,2017-09-13,3241.0,marketing,2000-01-01,2952.73,5107.0,United States,MG,3393.0,Celia Rouche,West
MNTTYFR6,Violet Mclelland,MG Special,Initech,Lost,2017-06-20,2017-08-04,0.0,telecommunications,1994-01-01,6395.05,20275.0,United States,MG,55.0,Cara Losch,East
7FN6LV2E,Violet Mclelland,GTX Basic,Sumace,Won,2017-06-20,2017-09-12,592.0,retail,2000-01-01,167.89,493.0,Romania,GTX,550.0,Cara Losch,East
V8I2CE9V,Wilburn Farren,GTX Basic,Zotware,Won,2017-06-20,2017-09-20,506.0,software,1979-01-01,4478.47,13809.0,United States,GTX,550.0,Cara Losch,East
1FXXXLJY,Zane Levy,GTX Basic,Labdrill,Lost,2017-06-20,2017-09-25,0.0,medical,1985-01-01,2741.37,9226.0,United States,GTX,550.0,Summer Sewald,West
NYI5VMXK,Anna Snelling,MG Advanced,Codehow,Won,2017-06-21,2017-09-06,3571.0,software,1998-01-01,2714.9,2641.0,United States,MG,3393.0,Dustin Brinkmann,Central
OJ1NQRDS,Cassey Cress,GTX Basic,The New York Inquirer,Lost,2017-06-21,2017-08-30,0.0,medical,1996-01-01,439.21,792.0,United States,GTX,550.0,Rocco Neubert,East
Z9W748SJ,Cassey Cress,MG Special,Iselectrics,Won,2017-06-21,2017-07-03,60.0,technolgy,2011-01-01,527.11,1428.0,United States,MG,55.0,Rocco Neubert,East
LWX9V7HI,Cassey Cress,MG Special,Konex,Won,2017-06-21,2017-09-15,59.0,technolgy,1980-01-01,7708.38,13756.0,United States,MG,55.0,Rocco Neubert,East
PAQOPSR0,Corliss Cosme,GTX Basic,Silis,Won,2017-06-21,2017-06-25,551.0,medical,1994-01-01,2818.38,6290.0,United States,GTX,550.0,Cara Losch,East
NTGU3NYS,Elease Gluck,MG Special,Green-Plus,Won,2017-06-21,2017-09-30,58.0,services,2003-01-01,692.19,1922.0,United States,MG,55.0,Celia Rouche,West
RJH0CL3Z,Gladys Colclough,MG Special,Hottechi,Lost,2017-06-21,2017-07-02,0.0,technolgy,1997-01-01,8170.38,16499.0,Korea,MG,55.0,Melvin Marxen,Central
EK0KWGQX,Gladys Colclough,MG Advanced,Dontechi,Won,2017-06-21,2017-08-27,3177.0,software,1982-01-01,4618.0,10083.0,United States,MG,3393.0,Melvin Marxen,Central
K33NPCAY,Kami Bicknell,MG Special,Fasehatice,Won,2017-06-21,2017-08-11,56.0,retail,1990-01-01,4968.91,7523.0,United States,MG,55.0,Summer Sewald,West
1LLRNE8G,Maureen Marcano,GTX Plus Basic,Kan-code,Won,2017-06-21,2017-09-22,990.0,software,1982-01-01,11698.03,34288.0,United States,GTX,1096.0,Summer Sewald,West
EFWND7VS,Niesha Huffines,GTX Basic,Warephase,Won,2017-06-21,2017-09-30,587.0,services,1997-01-01,2041.73,5276.0,United States,GTX,550.0,Melvin Marxen,Central
IR2D4ZG5,Rosie Papadopoulos,GTX Plus Pro,Bioplex,Won,2017-06-21,2017-06-27,6229.0,medical,1991-01-01,326.82,1016.0,United States,GTX,5482.0,Cara Losch,East
BYBZJBC9,Versie Hillebrand,MG Special,Warephase,Lost,2017-06-21,2017-08-02,0.0,services,1997-01-01,2041.73,5276.0,United States,MG,55.0,Dustin Brinkmann,Central
BO8DSRV7,Vicki Laflamme,GTX Plus Basic,Xx-holding,Won,2017-06-21,2017-09-23,1027.0,finance,1993-01-01,7537.24,20293.0,United States,GTX,1096.0,Celia Rouche,West
LD1HNIUL,Vicki Laflamme,MG Advanced,Scotfind,Won,2017-06-21,2017-06-23,3559.0,software,1996-01-01,6354.87,16780.0,United States,MG,3393.0,Celia Rouche,West
RX39Z0P1,Zane Levy,GTX Basic,Green-Plus,Won,2017-06-21,2017-08-28,506.0,services,2003-01-01,692.19,1922.0,United States,GTX,550.0,Summer Sewald,West
PFHUAJ47,Anna Snelling,MG Special,Gogozoom,Lost,2017-06-22,2017-07-03,0.0,telecommunications,2007-01-01,86.68,187.0,United States,MG,55.0,Dustin Brinkmann,Central
CKJZ86N6,Anna Snelling,MG Advanced,Genco Pura Olive Oil Company,Lost,2017-06-22,2017-08-11,0.0,retail,2007-01-01,894.33,1635.0,Italy,MG,3393.0,Dustin Brinkmann,Central
ASC1OWNE,Anna Snelling,GTX Plus Pro,Stanredtax,Won,2017-06-22,2017-09-12,6250.0,finance,1987-01-01,1698.2,3798.0,United States,GTX,5482.0,Dustin Brinkmann,Central
WCEPUBH5,Cecily Lampkin,MG Advanced,Hottechi,Won,2017-06-22,2017-09-12,3510.0,technolgy,1997-01-01,8170.38,16499.0,Korea,MG,3393.0,Dustin Brinkmann,Central
VMIMPP6H,Daniell Hammack,GTX Plus Basic,Umbrella Corporation,Won,2017-06-22,2017-09-11,1078.0,finance,1998-01-01,2022.14,5113.0,United States,GTX,1096.0,Rocco Neubert,East
B0XO4WY7,Donn Cantrell,GTX Basic,Massive Dynamic,Won,2017-06-22,2017-07-02,553.0,entertainment,1989-01-01,665.06,1095.0,United States,GTX,550.0,Rocco Neubert,East
VYPIKMKO,Jonathan Berthelot,GTX Basic,Toughzap,Won,2017-06-22,2017-08-27,612.0,retail,1995-01-01,332.43,799.0,United States,GTX,550.0,Melvin Marxen,Central
VCD47XNB,Jonathan Berthelot,GTX Plus Basic,Funholding,Won,2017-06-22,2017-06-26,1033.0,finance,1991-01-01,2819.5,7227.0,United States,GTX,1096.0,Melvin Marxen,Central
8QH99OEZ,Jonathan Berthelot,GTX Plus Basic,Inity,Won,2017-06-22,2017-09-13,1051.0,marketing,1986-01-01,2403.58,8801.0,United States,GTX,1096.0,Melvin Marxen,Central
1DMERFNB,Kary Hendrixson,GTX Basic,Y-corporation,Won,2017-06-22,2017-09-22,628.0,employment,1983-01-01,2871.35,9561.0,United States,GTX,550.0,Summer Sewald,West
FR8FT0ZX,Markita Hansen,GTX Plus Pro,Green-Plus,Won,2017-06-22,2017-09-04,4916.0,services,2003-01-01,692.19,1922.0,United States,GTX,5482.0,Celia Rouche,West
DG7LABPD,Marty Freudenburg,MG Advanced,Stanredtax,Won,2017-06-22,2017-09-28,3590.0,finance,1987-01-01,1698.2,3798.0,United States,MG,3393.0,Melvin Marxen,Central
ZMYUFTS9,Moses Frase,MG Advanced,Domzoom,Won,2017-06-22,2017-08-16,3207.0,entertainment,1998-01-01,217.87,551.0,United States,MG,3393.0,Dustin Brinkmann,Central
P60EK5NN,Moses Frase,MG Advanced,Zumgoity,Won,2017-06-22,2017-09-21,2739.0,medical,1984-01-01,441.08,1210.0,United States,MG,3393.0,Dustin Brinkmann,Central
YRYMSUE3,Niesha Huffines,GTX Basic,Gogozoom,Won,2017-06-22,2017-07-03,557.0,telecommunications,2007-01-01,86.68,187.0,United States,GTX,550.0,Melvin Marxen,Central
5AAN00N1,Versie Hillebrand,MG Special,Domzoom,Lost,2017-06-22,2017-08-26,0.0,entertainment,1998-01-01,217.87,551.0,United States,MG,55.0,Dustin Brinkmann,Central
JFHKBG40,Versie Hillebrand,MG Advanced,Zumgoity,Won,2017-06-22,2017-07-01,3465.0,medical,1984-01-01,441.08,1210.0,United States,MG,3393.0,Dustin Brinkmann,Central
HPBCTTV3,Cecily Lampkin,MG Advanced,Rangreen,Lost,2017-06-23,2017-07-04,0.0,technolgy,1987-01-01,2938.67,8775.0,Panama,MG,3393.0,Dustin Brinkmann,Central
48FB5MD2,Cecily Lampkin,MG Special,Treequote,Won,2017-06-23,2017-07-05,66.0,telecommunications,1988-01-01,5266.09,8595.0,United States,MG,55.0,Dustin Brinkmann,Central
EJZM1INM,Corliss Cosme,GTX Basic,Vehement Capital Partners,Lost,2017-06-23,2017-07-03,0.0,finance,1993-01-01,646.1,883.0,United States,GTX,550.0,Cara Losch,East
BLY5FD3N,Corliss Cosme,GTX Plus Pro,Iselectrics,Won,2017-06-23,2017-07-01,5640.0,technolgy,2011-01-01,527.11,1428.0,United States,GTX,5482.0,Cara Losch,East
LXLU6LFC,Daniell Hammack,MG Advanced,Kinnamplus,Lost,2017-06-23,2017-08-30,0.0,retail,2004-01-01,702.72,1831.0,United States,MG,3393.0,Rocco Neubert,East
A60QAIT3,Daniell Hammack,GTX Plus Basic,Kan-code,Won,2017-06-23,2017-09-28,1291.0,software,1982-01-01,11698.03,34288.0,United States,GTX,1096.0,Rocco Neubert,East
0W6S0ODT,Gladys Colclough,MG Special,Conecom,Won,2017-06-23,2017-07-03,49.0,technolgy,2005-01-01,1520.66,1806.0,United States,MG,55.0,Melvin Marxen,Central
408AHOYL,Hayden Neloms,MG Advanced,Singletechno,Lost,2017-06-23,2017-07-03,0.0,retail,1996-01-01,2214.94,5374.0,United States,MG,3393.0,Celia Rouche,West
557JX4BM,Hayden Neloms,GTX Plus Basic,Plusstrip,Won,2017-06-23,2017-09-12,1099.0,entertainment,2002-01-01,349.81,315.0,United States,GTX,1096.0,Celia Rouche,West
L5T284M7,Lajuana Vencill,MG Advanced,Condax,Lost,2017-06-23,2017-07-03,0.0,medical,2017-01-01,4.54,9.0,United States,MG,3393.0,Dustin Brinkmann,Central
G17TENJ4,Marty Freudenburg,MG Advanced,Konmatfix,Lost,2017-06-23,2017-09-22,0.0,marketing,1985-01-01,375.43,1190.0,United States,MG,3393.0,Melvin Marxen,Central
VRSTX620,Niesha Huffines,GTX Plus Basic,Condax,Won,2017-06-23,2017-07-02,932.0,medical,2017-01-01,4.54,9.0,United States,GTX,1096.0,Melvin Marxen,Central
Y9VWZ93C,Reed Clapper,GTX Basic,Silis,Lost,2017-06-23,2017-07-01,0.0,medical,1994-01-01,2818.38,6290.0,United States,GTX,550.0,Rocco Neubert,East
Y6IIUECA,Reed Clapper,GTX Plus Basic,Donquadtech,Won,2017-06-23,2017-07-04,880.0,technolgy,1992-01-01,1712.68,3194.0,United States,GTX,1096.0,Rocco Neubert,East
P1E4KWF7,Rosie Papadopoulos,MG Special,Konex,Won,2017-06-23,2017-07-01,59.0,technolgy,1980-01-01,7708.38,13756.0,United States,MG,55.0,Cara Losch,East
BN84DD6H,Versie Hillebrand,MG Special,Finhigh,Lost,2017-06-23,2017-07-05,0.0,finance,2006-01-01,1102.43,1759.0,United States,MG,55.0,Dustin Brinkmann,Central
R8MZ10BW,Versie Hillebrand,MG Special,Ron-tech,Won,2017-06-23,2017-09-29,52.0,medical,1992-01-01,3922.42,6837.0,United States,MG,55.0,Dustin Brinkmann,Central
PI8RROK0,Versie Hillebrand,MG Advanced,Stanredtax,Won,2017-06-23,2017-09-21,2949.0,finance,1987-01-01,1698.2,3798.0,United States,MG,3393.0,Dustin Brinkmann,Central
BJOY31DL,Violet Mclelland,MG Special,Betasoloin,Engaging,2017-06-23,,,medical,1999-01-01,251.41,495.0,United States,MG,55.0,Cara Losch,East
KDRIBXNQ,Violet Mclelland,MG Special,Konex,Won,2017-06-23,2017-08-15,50.0,technolgy,1980-01-01,7708.38,13756.0,United States,MG,55.0,Cara Losch,East
TCK6V290,Violet Mclelland,MG Advanced,Plussunin,Won,2017-06-23,2017-06-30,3863.0,retail,2003-01-01,1419.98,4018.0,United States,MG,3393.0,Cara Losch,East
VFZ5GB3W,Zane Levy,GTX Basic,Golddex,Lost,2017-06-23,2017-07-04,0.0,finance,2008-01-01,52.5,165.0,United States,GTX,550.0,Summer Sewald,West
UKSS5YPE,Anna Snelling,MG Special,Stanredtax,Won,2017-06-24,2017-07-02,64.0,finance,1987-01-01,1698.2,3798.0,United States,MG,55.0,Dustin Brinkmann,Central
RDDUG8VD,Corliss Cosme,GTX Plus Basic,Umbrella Corporation,Lost,2017-06-24,2017-07-03,0.0,finance,1998-01-01,2022.14,5113.0,United States,GTX,1096.0,Cara Losch,East
Z3QJESWJ,Corliss Cosme,GTX Plus Pro,Kinnamplus,Won,2017-06-24,2017-08-22,5038.0,retail,2004-01-01,702.72,1831.0,United States,GTX,5482.0,Cara Losch,East
RGRUF328,Gladys Colclough,MG Special,Statholdings,Won,2017-06-24,2017-08-14,48.0,employment,1997-01-01,291.27,586.0,United States,MG,55.0,Melvin Marxen,Central
TLSSOOVB,Hayden Neloms,GTX Plus Basic,Dalttechnology,Lost,2017-06-24,2017-07-04,0.0,software,2013-01-01,98.79,96.0,United States,GTX,1096.0,Celia Rouche,West
2YBEN3MV,Kary Hendrixson,GTX Plus Basic,Green-Plus,Lost,2017-06-24,2017-09-08,0.0,services,2003-01-01,692.19,1922.0,United States,GTX,1096.0,Summer Sewald,West
EFA9E6WV,Kary Hendrixson,GTX Plus Pro,Lexiqvolax,Won,2017-06-24,2017-09-30,5056.0,medical,2004-01-01,1618.89,3889.0,United States,GTX,5482.0,Summer Sewald,West
YTSX7IW3,Markita Hansen,MG Special,Blackzim,Won,2017-06-24,2017-07-02,59.0,retail,2009-01-01,497.11,1588.0,United States,MG,55.0,Celia Rouche,West
86DMJ7GA,Maureen Marcano,GTX Plus Basic,Cheers,Lost,2017-06-24,2017-08-20,0.0,entertainment,1993-01-01,4269.9,6472.0,United States,GTX,1096.0,Summer Sewald,West
CMD0758L,Maureen Marcano,GTX Basic,Faxquote,Won,2017-06-24,2017-08-21,562.0,telecommunications,1995-01-01,1825.82,5595.0,United States,GTX,550.0,Summer Sewald,West
CM5MFWCO,Moses Frase,MG Special,Codehow,Won,2017-06-24,2017-09-10,63.0,software,1998-01-01,2714.9,2641.0,United States,MG,55.0,Dustin Brinkmann,Central
0MNAGD91,Moses Frase,MG Advanced,Betatech,Won,2017-06-24,2017-07-05,3355.0,medical,1986-01-01,647.18,1185.0,Kenya,MG,3393.0,Dustin Brinkmann,Central
9S749GJD,Violet Mclelland,MG Advanced,Bluth Company,Lost,2017-06-24,2017-07-05,0.0,technolgy,1993-01-01,1242.32,3027.0,United States,MG,3393.0,Cara Losch,East
LBZY9VUG,Violet Mclelland,MG Special,Massive Dynamic,Won,2017-06-24,2017-09-17,55.0,entertainment,1989-01-01,665.06,1095.0,United States,MG,55.0,Cara Losch,East
6UUTR15S,Zane Levy,GTX Plus Pro,Newex,Won,2017-06-24,2017-09-23,4059.0,services,1991-01-01,1012.72,3492.0,Germany,GTX,5482.0,Summer Sewald,West
DVPYKS4A,Cassey Cress,MG Advanced,Bubba Gump,Lost,2017-06-25,2017-07-04,0.0,software,2002-01-01,987.39,2253.0,United States,MG,3393.0,Rocco Neubert,East
9SRU5CI6,Cecily Lampkin,GTX Plus Basic,Codehow,Won,2017-06-25,2017-08-09,1128.0,software,1998-01-01,2714.9,2641.0,United States,GTX,1096.0,Dustin Brinkmann,Central
GZ5M7MIQ,Darcel Schlecht,GTX Plus Basic,Conecom,Lost,2017-06-25,2017-07-01,0.0,technolgy,2005-01-01,1520.66,1806.0,United States,GTX,1096.0,Melvin Marxen,Central
CM2GVLV6,Darcel Schlecht,GTX Plus Pro,Ron-tech,Won,2017-06-25,2017-07-08,5536.0,medical,1992-01-01,3922.42,6837.0,United States,GTX,5482.0,Melvin Marxen,Central
T2J83GFD,Darcel Schlecht,MG Special,Domzoom,Won,2017-06-25,2017-07-03,54.0,entertainment,1998-01-01,217.87,551.0,United States,MG,55.0,Melvin Marxen,Central
28S2Z15A,Darcel Schlecht,MG Special,Ron-tech,Won,2017-06-25,2017-08-02,56.0,medical,1992-01-01,3922.42,6837.0,United States,MG,55.0,Melvin Marxen,Central
WOJBLO4B,Donn Cantrell,GTX Plus Pro,Vehement Capital Partners,Lost,2017-06-25,2017-07-02,0.0,finance,1993-01-01,646.1,883.0,United States,GTX,5482.0,Rocco Neubert,East
EUOA0E47,Donn Cantrell,MG Advanced,Zotware,Won,2017-06-25,2017-07-05,3423.0,software,1979-01-01,4478.47,13809.0,United States,MG,3393.0,Rocco Neubert,East
S9ZUMLSY,Elease Gluck,MG Special,J-Texon,Lost,2017-06-25,2017-09-13,0.0,retail,1989-01-01,1388.67,3583.0,United States,MG,55.0,Celia Rouche,West
0UCQUW6U,Garret Kinder,MG Advanced,Umbrella Corporation,Lost,2017-06-25,2017-07-07,0.0,finance,1998-01-01,2022.14,5113.0,United States,MG,3393.0,Cara Losch,East
07FRJ44N,Gladys Colclough,GTX Plus Pro,Cancity,Lost,2017-06-25,2017-07-03,0.0,retail,2001-01-01,718.62,2448.0,United States,GTX,5482.0,Melvin Marxen,Central
NMN9DVEV,Gladys Colclough,GTX Plus Basic,Rangreen,Won,2017-06-25,2017-09-14,1102.0,technolgy,1987-01-01,2938.67,8775.0,Panama,GTX,1096.0,Melvin Marxen,Central
95V8BLR2,Kami Bicknell,GTX Basic,Goodsilron,Won,2017-06-25,2017-09-22,519.0,marketing,2000-01-01,2952.73,5107.0,United States,GTX,550.0,Summer Sewald,West
BDGB4NS0,Kary Hendrixson,GTX Plus Pro,Hatfan,Lost,2017-06-25,2017-07-02,0.0,services,1982-01-01,792.46,1299.0,United States,GTX,5482.0,Summer Sewald,West
SPHS260Y,Kary Hendrixson,MG Special,Hatfan,Lost,2017-06-25,2017-08-27,0.0,services,1982-01-01,792.46,1299.0,United States,MG,55.0,Summer Sewald,West
O9L7KMPU,Lajuana Vencill,GTX Plus Basic,Isdom,Lost,2017-06-25,2017-08-27,0.0,medical,2002-01-01,3178.24,4540.0,United States,GTX,1096.0,Dustin Brinkmann,Central
FGES2PQ2,Lajuana Vencill,MG Advanced,Bioholding,Lost,2017-06-25,2017-07-04,0.0,medical,2012-01-01,587.34,1356.0,Philipines,MG,3393.0,Dustin Brinkmann,Central
81DXTTI5,Lajuana Vencill,GTX Plus Pro,Isdom,Won,2017-06-25,2017-07-03,5536.0,medical,2002-01-01,3178.24,4540.0,United States,GTX,5482.0,Dustin Brinkmann,Central
JGG9CO2Y,Marty Freudenburg,GTX Plus Pro,Betatech,Lost,2017-06-25,2017-08-14,0.0,medical,1986-01-01,647.18,1185.0,Kenya,GTX,5482.0,Melvin Marxen,Central
95B6AKI1,Marty Freudenburg,GTX Plus Basic,Warephase,Won,2017-06-25,2017-07-02,839.0,services,1997-01-01,2041.73,5276.0,United States,GTX,1096.0,Melvin Marxen,Central
N1G2CFCB,Maureen Marcano,GTX Basic,Dalttechnology,Won,2017-06-25,2017-09-06,500.0,software,2013-01-01,98.79,96.0,United States,GTX,550.0,Summer Sewald,West
40VSPND6,Moses Frase,MG Advanced,Rangreen,Won,2017-06-25,2017-09-24,3679.0,technolgy,1987-01-01,2938.67,8775.0,Panama,MG,3393.0,Dustin Brinkmann,Central
QWYRCDA8,Niesha Huffines,GTX Plus Basic,Treequote,Lost,2017-06-25,2017-07-05,0.0,telecommunications,1988-01-01,5266.09,8595.0,United States,GTX,1096.0,Melvin Marxen,Central
AW4PSTWR,Rosie Papadopoulos,GTX Basic,Ron-tech,Engaging,2017-06-25,,,medical,1992-01-01,3922.42,6837.0,United States,GTX,550.0,Cara Losch,East
CJZFFC91,Versie Hillebrand,MG Special,Codehow,Lost,2017-06-25,2017-08-07,0.0,software,1998-01-01,2714.9,2641.0,United States,MG,55.0,Dustin Brinkmann,Central
3PD8YBPK,Vicki Laflamme,GTX Basic,Scotfind,Lost,2017-06-25,2017-07-04,0.0,software,1996-01-01,6354.87,16780.0,United States,GTX,550.0,Celia Rouche,West
KBG5R0WH,Vicki Laflamme,GTX Plus Pro,Blackzim,Lost,2017-06-25,2017-07-02,0.0,retail,2009-01-01,497.11,1588.0,United States,GTX,5482.0,Celia Rouche,West
7RPM84Y4,Vicki Laflamme,MG Advanced,Goodsilron,Won,2017-06-25,2017-06-30,3815.0,marketing,2000-01-01,2952.73,5107.0,United States,MG,3393.0,Celia Rouche,West
LFN6XPK7,Vicki Laflamme,MG Advanced,Sunnamplex,Won,2017-06-25,2017-06-27,2753.0,marketing,2008-01-01,894.37,1593.0,Poland,MG,3393.0,Celia Rouche,West
18LZY55R,Violet Mclelland,MG Special,Xx-zobam,Won,2017-06-25,2017-07-02,60.0,entertainment,1989-01-01,3838.39,8274.0,United States,MG,55.0,Cara Losch,East
E88W1Z0H,Zane Levy,GTX Basic,Kan-code,Lost,2017-06-25,2017-07-02,0.0,software,1982-01-01,11698.03,34288.0,United States,GTX,550.0,Summer Sewald,West
UQALCAIV,Zane Levy,GTX Plus Basic,Rantouch,Won,2017-06-25,2017-07-03,1137.0,telecommunications,1994-01-01,1188.42,3015.0,United States,GTX,1096.0,Summer Sewald,West
6E2Y3HKI,Boris Faz,GTX Plus Pro,Yearin,Won,2017-06-26,2017-07-04,5201.0,retail,2005-01-01,2261.05,3851.0,United States,GTX,5482.0,Rocco Neubert,East
YWKFH7VT,Cassey Cress,GTX Basic,Mathtouch,Lost,2017-06-26,2017-09-27,0.0,marketing,1984-01-01,3027.46,9516.0,Jordan,GTX,550.0,Rocco Neubert,East
MF4299DQ,Cassey Cress,MG Advanced,Bluth Company,Lost,2017-06-26,2017-07-03,0.0,technolgy,1993-01-01,1242.32,3027.0,United States,MG,3393.0,Rocco Neubert,East
ZRZI054E,Cecily Lampkin,GTX Basic,Toughzap,Won,2017-06-26,2017-07-06,612.0,retail,1995-01-01,332.43,799.0,United States,GTX,550.0,Dustin Brinkmann,Central
CN69EYQ1,Corliss Cosme,GTX Plus Pro,Donquadtech,Won,2017-06-26,2017-09-11,4905.0,technolgy,1992-01-01,1712.68,3194.0,United States,GTX,5482.0,Cara Losch,East
KX80WC22,Daniell Hammack,MG Special,The New York Inquirer,Lost,2017-06-26,2017-07-07,0.0,medical,1996-01-01,439.21,792.0,United States,MG,55.0,Rocco Neubert,East
NX4ODZY2,Darcel Schlecht,GTX Plus Basic,Streethex,Won,2017-06-26,2017-08-31,1028.0,retail,1988-01-01,1376.8,1165.0,Belgium,GTX,1096.0,Melvin Marxen,Central
L2QMWU4H,Darcel Schlecht,GTX Plus Pro,Codehow,Won,2017-06-26,2017-09-12,4430.0,software,1998-01-01,2714.9,2641.0,United States,GTX,5482.0,Melvin Marxen,Central
0MPEK4ZA,Donn Cantrell,GTX Plus Basic,Donquadtech,Lost,2017-06-26,2017-09-18,0.0,technolgy,1992-01-01,1712.68,3194.0,United States,GTX,1096.0,Rocco Neubert,East
TP0SU68U,Donn Cantrell,GTX Plus Basic,Opentech,Lost,2017-06-26,2017-07-09,0.0,finance,1994-01-01,355.23,853.0,United States,GTX,1096.0,Rocco Neubert,East
XVYL67FL,Donn Cantrell,GTX Basic,Bioplex,Won,2017-06-26,2017-07-06,541.0,medical,1991-01-01,326.82,1016.0,United States,GTX,550.0,Rocco Neubert,East
HVDQ4EEA,Gladys Colclough,MG Advanced,Rangreen,Won,2017-06-26,2017-06-28,3478.0,technolgy,1987-01-01,2938.67,8775.0,Panama,MG,3393.0,Melvin Marxen,Central
AUS25SFH,Jonathan Berthelot,GTX Basic,Cancity,Won,2017-06-26,2017-07-03,504.0,retail,2001-01-01,718.62,2448.0,United States,GTX,550.0,Melvin Marxen,Central
O6DSGX6P,Lajuana Vencill,GTX Basic,Bioholding,Lost,2017-06-26,2017-08-10,0.0,medical,2012-01-01,587.34,1356.0,Philipines,GTX,550.0,Dustin Brinkmann,Central
2MBFRRGW,Lajuana Vencill,GTX Basic,Dontechi,Lost,2017-06-26,2017-07-03,0.0,software,1982-01-01,4618.0,10083.0,United States,GTX,550.0,Dustin Brinkmann,Central
Q3HYAWDW,Markita Hansen,MG Advanced,Golddex,Won,2017-06-26,2017-08-24,3838.0,finance,2008-01-01,52.5,165.0,United States,MG,3393.0,Celia Rouche,West
94TA0AWF,Marty Freudenburg,GTX Plus Pro,Scottech,Won,2017-06-26,2017-08-26,5217.0,marketing,2012-01-01,45.39,100.0,United States,GTX,5482.0,Melvin Marxen,Central
G1XX0IB4,Marty Freudenburg,GTX Plus Pro,Streethex,Won,2017-06-26,2017-07-05,4181.0,retail,1988-01-01,1376.8,1165.0,Belgium,GTX,5482.0,Melvin Marxen,Central
VIMY08JH,Maureen Marcano,GTX Basic,Hatfan,Won,2017-06-26,2017-07-06,518.0,services,1982-01-01,792.46,1299.0,United States,GTX,550.0,Summer Sewald,West
WPTNE0QN,Moses Frase,GTX Basic,Streethex,Won,2017-06-26,2017-09-17,533.0,retail,1988-01-01,1376.8,1165.0,Belgium,GTX,550.0,Dustin Brinkmann,Central
DLGW8Y7B,Rosalina Dieter,MG Advanced,Singletechno,Won,2017-06-26,2017-08-03,3855.0,retail,1996-01-01,2214.94,5374.0,United States,MG,3393.0,Celia Rouche,West
YSOUU0T0,Vicki Laflamme,GTX Basic,Plusstrip,Lost,2017-06-26,2017-07-07,0.0,entertainment,2002-01-01,349.81,315.0,United States,GTX,550.0,Celia Rouche,West
HM4TKVET,Zane Levy,GTX Basic,Nam-zim,Won,2017-06-26,2017-07-04,617.0,services,1987-01-01,405.59,1179.0,Brazil,GTX,550.0,Summer Sewald,West
Q81Q0PJK,Anna Snelling,GTX Plus Basic,Warephase,Won,2017-06-27,2017-07-06,991.0,services,1997-01-01,2041.73,5276.0,United States,GTX,1096.0,Dustin Brinkmann,Central
Y5HR9J3G,Cecily Lampkin,GTX Basic,Domzoom,Won,2017-06-27,2017-08-01,513.0,entertainment,1998-01-01,217.87,551.0,United States,GTX,550.0,Dustin Brinkmann,Central
STYLQ47K,Corliss Cosme,GTX Plus Pro,Ganjaflex,Won,2017-06-27,2017-07-07,5121.0,retail,1995-01-01,5158.71,17479.0,Japan,GTX,5482.0,Cara Losch,East
W07JMUG9,Daniell Hammack,MG Advanced,Kan-code,Lost,2017-06-27,2017-07-01,0.0,software,1982-01-01,11698.03,34288.0,United States,MG,3393.0,Rocco Neubert,East
L8CG1IQO,Darcel Schlecht,GTX Basic,Condax,Lost,2017-06-27,2017-07-06,0.0,medical,2017-01-01,4.54,9.0,United States,GTX,550.0,Melvin Marxen,Central
AMGC18DS,Donn Cantrell,GTX Plus Pro,Zotware,Lost,2017-06-27,2017-09-08,0.0,software,1979-01-01,4478.47,13809.0,United States,GTX,5482.0,Rocco Neubert,East
RKT3WVBC,Garret Kinder,GTX Basic,Iselectrics,Won,2017-06-27,2017-09-20,470.0,technolgy,2011-01-01,527.11,1428.0,United States,GTX,550.0,Cara Losch,East
H5ZSM3IR,Gladys Colclough,MG Special,Isdom,Lost,2017-06-27,2017-09-01,0.0,medical,2002-01-01,3178.24,4540.0,United States,MG,55.0,Melvin Marxen,Central
07WKR17A,Gladys Colclough,GTX Plus Pro,Treequote,Won,2017-06-27,2017-09-17,6193.0,telecommunications,1988-01-01,5266.09,8595.0,United States,GTX,5482.0,Melvin Marxen,Central
QM6GJ78P,Kami Bicknell,MG Special,Blackzim,Won,2017-06-27,2017-07-07,59.0,retail,2009-01-01,497.11,1588.0,United States,MG,55.0,Summer Sewald,West
EQS3UNXX,Markita Hansen,GTX Basic,Condax,Lost,2017-06-27,2017-07-06,0.0,medical,2017-01-01,4.54,9.0,United States,GTX,550.0,Celia Rouche,West
DQ0DSK7P,Marty Freudenburg,GTX Plus Basic,Globex Corporation,Won,2017-06-27,2017-07-02,1176.0,technolgy,2000-01-01,1223.72,2497.0,Norway,GTX,1096.0,Melvin Marxen,Central
CGEXH2QO,Moses Frase,GTX Plus Pro,Finhigh,Lost,2017-06-27,2017-07-08,0.0,finance,2006-01-01,1102.43,1759.0,United States,GTX,5482.0,Dustin Brinkmann,Central
MIX6JTSN,Moses Frase,GTX Basic,Statholdings,Won,2017-06-27,2017-07-05,541.0,employment,1997-01-01,291.27,586.0,United States,GTX,550.0,Dustin Brinkmann,Central
9KYX5G9K,Niesha Huffines,GTX Plus Pro,Domzoom,Won,2017-06-27,2017-07-01,4766.0,entertainment,1998-01-01,217.87,551.0,United States,GTX,5482.0,Melvin Marxen,Central
FG29YOWT,Reed Clapper,MG Advanced,Iselectrics,Lost,2017-06-27,2017-09-06,0.0,technolgy,2011-01-01,527.11,1428.0,United States,MG,3393.0,Rocco Neubert,East
T7TDUK3T,Versie Hillebrand,MG Advanced,Rangreen,Won,2017-06-27,2017-09-12,3046.0,technolgy,1987-01-01,2938.67,8775.0,Panama,MG,3393.0,Dustin Brinkmann,Central
42YPT5L7,Versie Hillebrand,MG Advanced,Ron-tech,Won,2017-06-27,2017-07-04,3548.0,medical,1992-01-01,3922.42,6837.0,United States,MG,3393.0,Dustin Brinkmann,Central
99I4V65G,Vicki Laflamme,MG Advanced,Rantouch,Lost,2017-06-27,2017-07-06,0.0,telecommunications,1994-01-01,1188.42,3015.0,United States,MG,3393.0,Celia Rouche,West
ACZQMAR4,Vicki Laflamme,MG Advanced,Rantouch,Won,2017-06-27,2017-07-07,3615.0,telecommunications,1994-01-01,1188.42,3015.0,United States,MG,3393.0,Celia Rouche,West
TP9IE6PV,Anna Snelling,GTX Basic,Genco Pura Olive Oil Company,Won,2017-06-28,2017-09-11,631.0,retail,2007-01-01,894.33,1635.0,Italy,GTX,550.0,Dustin Brinkmann,Central
E5CD0W5M,Cassey Cress,GTX Basic,Kan-code,Lost,2017-06-28,2017-07-01,0.0,software,1982-01-01,11698.03,34288.0,United States,GTX,550.0,Rocco Neubert,East
HKH717ED,Cecily Lampkin,GTX Basic,Hottechi,Lost,2017-06-28,2017-08-11,0.0,technolgy,1997-01-01,8170.38,16499.0,Korea,GTX,550.0,Dustin Brinkmann,Central
DAW2JTP5,Cecily Lampkin,MG Special,Genco Pura Olive Oil Company,Lost,2017-06-28,2017-07-07,0.0,retail,2007-01-01,894.33,1635.0,Italy,MG,55.0,Dustin Brinkmann,Central
TPNU79C1,Darcel Schlecht,MG Special,Toughzap,Won,2017-06-28,2017-09-29,54.0,retail,1995-01-01,332.43,799.0,United States,MG,55.0,Melvin Marxen,Central
9MM27P8C,Elease Gluck,MG Advanced,Kan-code,Lost,2017-06-28,2017-07-07,0.0,software,1982-01-01,11698.03,34288.0,United States,MG,3393.0,Celia Rouche,West
MMWD47ZY,Gladys Colclough,GTX Plus Basic,Konmatfix,Lost,2017-06-28,2017-08-29,0.0,marketing,1985-01-01,375.43,1190.0,United States,GTX,1096.0,Melvin Marxen,Central
JFIBKWMQ,Gladys Colclough,MG Special,Konmatfix,Lost,2017-06-28,2017-07-09,0.0,marketing,1985-01-01,375.43,1190.0,United States,MG,55.0,Melvin Marxen,Central
6FUPOO3I,Gladys Colclough,MG Advanced,Conecom,Won,2017-06-28,2017-07-07,3865.0,technolgy,2005-01-01,1520.66,1806.0,United States,MG,3393.0,Melvin Marxen,Central
29VR6EL4,Hayden Neloms,MG Advanced,Konex,Lost,2017-06-28,2017-09-14,0.0,technolgy,1980-01-01,7708.38,13756.0,United States,MG,3393.0,Celia Rouche,West
K1OBT27J,James Ascencio,GTX Basic,Xx-holding,Won,2017-06-28,2017-08-10,553.0,finance,1993-01-01,7537.24,20293.0,United States,GTX,550.0,Summer Sewald,West
OZL7CDMQ,Jonathan Berthelot,GTX Plus Basic,Finhigh,Lost,2017-06-28,2017-07-03,0.0,finance,2006-01-01,1102.43,1759.0,United States,GTX,1096.0,Melvin Marxen,Central
LZ6PSZ4T,Jonathan Berthelot,MG Advanced,Dontechi,Lost,2017-06-28,2017-07-05,0.0,software,1982-01-01,4618.0,10083.0,United States,MG,3393.0,Melvin Marxen,Central
5CFCTZ5K,Jonathan Berthelot,GTX Basic,Ron-tech,Won,2017-06-28,2017-09-02,501.0,medical,1992-01-01,3922.42,6837.0,United States,GTX,550.0,Melvin Marxen,Central
EG5M02ZV,Kary Hendrixson,GTX Basic,J-Texon,Won,2017-06-28,2017-09-27,539.0,retail,1989-01-01,1388.67,3583.0,United States,GTX,550.0,Summer Sewald,West
5UKQ16DK,Kary Hendrixson,GTX Plus Basic,Singletechno,Won,2017-06-28,2017-07-04,1028.0,retail,1996-01-01,2214.94,5374.0,United States,GTX,1096.0,Summer Sewald,West
ZS4PKX65,Lajuana Vencill,GTX Basic,Finhigh,Won,2017-06-28,2017-08-11,560.0,finance,2006-01-01,1102.43,1759.0,United States,GTX,550.0,Dustin Brinkmann,Central
PYLS9RJH,Markita Hansen,GTX Plus Pro,Goodsilron,Lost,2017-06-28,2017-07-05,0.0,marketing,2000-01-01,2952.73,5107.0,United States,GTX,5482.0,Celia Rouche,West
X2ZONP2D,Moses Frase,GTX Plus Pro,Betatech,Lost,2017-06-28,2017-08-24,0.0,medical,1986-01-01,647.18,1185.0,Kenya,GTX,5482.0,Dustin Brinkmann,Central
Y5CP83V4,Moses Frase,GTX Basic,Isdom,Won,2017-06-28,2017-09-30,530.0,medical,2002-01-01,3178.24,4540.0,United States,GTX,550.0,Dustin Brinkmann,Central
9Y2HDGST,Versie Hillebrand,GTX Basic,Dontechi,Won,2017-06-28,2017-07-02,462.0,software,1982-01-01,4618.0,10083.0,United States,GTX,550.0,Dustin Brinkmann,Central
7R0G2LC1,Vicki Laflamme,GTX Plus Basic,Blackzim,Won,2017-06-28,2017-09-07,1211.0,retail,2009-01-01,497.11,1588.0,United States,GTX,1096.0,Celia Rouche,West
AU5Q1XCW,Vicki Laflamme,MG Advanced,Faxquote,Won,2017-06-28,2017-09-09,3104.0,telecommunications,1995-01-01,1825.82,5595.0,United States,MG,3393.0,Celia Rouche,West
SZAMHBGA,Violet Mclelland,MG Advanced,Nam-zim,Engaging,2017-06-28,,,services,1987-01-01,405.59,1179.0,Brazil,MG,3393.0,Cara Losch,East
CUMYWQYP,Violet Mclelland,MG Special,Gekko & Co,Won,2017-06-28,2017-09-30,56.0,retail,1990-01-01,2520.83,3502.0,United States,MG,55.0,Cara Losch,East
29ZDUK49,Anna Snelling,GTX Plus Basic,Betatech,Won,2017-06-29,2017-07-10,1047.0,medical,1986-01-01,647.18,1185.0,Kenya,GTX,1096.0,Dustin Brinkmann,Central
VLVP8FPJ,Cassey Cress,MG Advanced,Iselectrics,Lost,2017-06-29,2017-07-08,0.0,technolgy,2011-01-01,527.11,1428.0,United States,MG,3393.0,Rocco Neubert,East
NNKWGFDH,Darcel Schlecht,MG Special,Globex Corporation,Won,2017-06-29,2017-07-06,57.0,technolgy,2000-01-01,1223.72,2497.0,Norway,MG,55.0,Melvin Marxen,Central
YC6QEUJN,Garret Kinder,GTX Plus Basic,Kan-code,Won,2017-06-29,2017-07-08,950.0,software,1982-01-01,11698.03,34288.0,United States,GTX,1096.0,Cara Losch,East
794XWMYE,Garret Kinder,MG Special,Mathtouch,Won,2017-06-29,2017-09-07,61.0,marketing,1984-01-01,3027.46,9516.0,Jordan,MG,55.0,Cara Losch,East
FHK0BBGK,Garret Kinder,MG Special,Xx-zobam,Won,2017-06-29,2017-07-08,62.0,entertainment,1989-01-01,3838.39,8274.0,United States,MG,55.0,Cara Losch,East
461LIUS7,Gladys Colclough,GTX Plus Basic,Isdom,Won,2017-06-29,2017-07-07,1105.0,medical,2002-01-01,3178.24,4540.0,United States,GTX,1096.0,Melvin Marxen,Central
Y9SCLUH8,Jonathan Berthelot,GTX Plus Basic,Ron-tech,Won,2017-06-29,2017-09-02,835.0,medical,1992-01-01,3922.42,6837.0,United States,GTX,1096.0,Melvin Marxen,Central
J75Y9C75,Kami Bicknell,GTX Plus Basic,Rantouch,Won,2017-06-29,2017-08-28,1104.0,telecommunications,1994-01-01,1188.42,3015.0,United States,GTX,1096.0,Summer Sewald,West
PUP6JDT9,Kami Bicknell,MG Advanced,Kan-code,Won,2017-06-29,2017-09-12,3464.0,software,1982-01-01,11698.03,34288.0,United States,MG,3393.0,Summer Sewald,West
88AA2RK1,Kary Hendrixson,GTX Basic,Sonron,Lost,2017-06-29,2017-07-06,0.0,telecommunications,1999-01-01,1699.85,5108.0,United States,GTX,550.0,Summer Sewald,West
4F222JU9,Lajuana Vencill,MG Special,Scottech,Lost,2017-06-29,2017-08-31,0.0,marketing,2012-01-01,45.39,100.0,United States,MG,55.0,Dustin Brinkmann,Central
CBYRECX6,Lajuana Vencill,MG Advanced,Streethex,Lost,2017-06-29,2017-07-06,0.0,retail,1988-01-01,1376.8,1165.0,Belgium,MG,3393.0,Dustin Brinkmann,Central
QXT65QTI,Markita Hansen,GTX Basic,Hottechi,Lost,2017-06-29,2017-07-10,0.0,technolgy,1997-01-01,8170.38,16499.0,Korea,GTX,550.0,Celia Rouche,West
8RTR1VMP,Markita Hansen,MG Special,Condax,Lost,2017-06-29,2017-07-06,0.0,medical,2017-01-01,4.54,9.0,United States,MG,55.0,Celia Rouche,West
T7RA32XV,Markita Hansen,MG Special,Singletechno,Lost,2017-06-29,2017-07-06,0.0,retail,1996-01-01,2214.94,5374.0,United States,MG,55.0,Celia Rouche,West
G087QT6R,Moses Frase,MG Advanced,Rundofase,Won,2017-06-29,2017-07-06,3676.0,technolgy,1983-01-01,1008.06,1238.0,United States,MG,3393.0,Dustin Brinkmann,Central
PUTILZZG,Niesha Huffines,GTX Basic,Treequote,Won,2017-06-29,2017-08-09,568.0,telecommunications,1988-01-01,5266.09,8595.0,United States,GTX,550.0,Melvin Marxen,Central
1SKIPYI7,Rosalina Dieter,MG Special,Groovestreet,Won,2017-06-29,2017-09-03,55.0,retail,2003-01-01,223.8,299.0,United States,MG,55.0,Celia Rouche,West
66Q03Q2P,Versie Hillebrand,GTX Basic,Konmatfix,Won,2017-06-29,2017-07-10,466.0,marketing,1985-01-01,375.43,1190.0,United States,GTX,550.0,Dustin Brinkmann,Central
Z1NWKS9A,Vicki Laflamme,MG Special,Finjob,Lost,2017-06-29,2017-07-05,0.0,employment,1988-01-01,2059.9,3644.0,United States,MG,55.0,Celia Rouche,West
F3G00C56,Vicki Laflamme,MG Advanced,Plexzap,Won,2017-06-29,2017-07-08,3562.0,retail,2001-01-01,2437.85,4874.0,United States,MG,3393.0,Celia Rouche,West
B8TD9HCN,Violet Mclelland,MG Advanced,Kinnamplus,Won,2017-06-29,2017-07-11,3172.0,retail,2004-01-01,702.72,1831.0,United States,MG,3393.0,Cara Losch,East
PEFTXK4Q,Wilburn Farren,MG Advanced,Kinnamplus,Won,2017-06-29,2017-09-10,3350.0,retail,2004-01-01,702.72,1831.0,United States,MG,3393.0,Cara Losch,East
LUIEQRMQ,Zane Levy,GTX Basic,Goodsilron,Won,2017-06-29,2017-07-10,595.0,marketing,2000-01-01,2952.73,5107.0,United States,GTX,550.0,Summer Sewald,West
8QOUXQEV,Anna Snelling,GTX Basic,Betatech,Won,2017-06-30,2017-09-27,560.0,medical,1986-01-01,647.18,1185.0,Kenya,GTX,550.0,Dustin Brinkmann,Central
6SC26SGG,Boris Faz,GTX Plus Basic,Yearin,Won,2017-06-30,2017-07-02,1167.0,retail,2005-01-01,2261.05,3851.0,United States,GTX,1096.0,Rocco Neubert,East
GITEQ8VZ,Cassey Cress,GTX Plus Pro,Initech,Lost,2017-06-30,2017-07-10,0.0,telecommunications,1994-01-01,6395.05,20275.0,United States,GTX,5482.0,Rocco Neubert,East
2Y9R7T2W,Cassey Cress,MG Advanced,Betasoloin,Won,2017-06-30,2017-09-26,3280.0,medical,1999-01-01,251.41,495.0,United States,MG,3393.0,Rocco Neubert,East
8U5GBXK1,Cecily Lampkin,MG Advanced,Genco Pura Olive Oil Company,Won,2017-06-30,2017-09-15,3427.0,retail,2007-01-01,894.33,1635.0,Italy,MG,3393.0,Dustin Brinkmann,Central
THI3LNT0,Corliss Cosme,GTX Basic,Silis,Lost,2017-06-30,2017-07-12,0.0,medical,1994-01-01,2818.38,6290.0,United States,GTX,550.0,Cara Losch,East
KTLIR2ZX,Daniell Hammack,GTX Plus Basic,Plussunin,Lost,2017-06-30,2017-07-08,0.0,retail,2003-01-01,1419.98,4018.0,United States,GTX,1096.0,Rocco Neubert,East
G2EECJNG,Daniell Hammack,GTX Plus Basic,Iselectrics,Won,2017-06-30,2017-09-27,940.0,technolgy,2011-01-01,527.11,1428.0,United States,GTX,1096.0,Rocco Neubert,East
UZN5JBF3,Darcel Schlecht,GTX Basic,Warephase,Won,2017-06-30,2017-09-29,565.0,services,1997-01-01,2041.73,5276.0,United States,GTX,550.0,Melvin Marxen,Central
K5D2IP27,Elease Gluck,MG Special,Labdrill,Won,2017-06-30,2017-07-09,51.0,medical,1985-01-01,2741.37,9226.0,United States,MG,55.0,Celia Rouche,West
PTKOWYW6,Gladys Colclough,MG Special,Statholdings,Lost,2017-06-30,2017-08-28,0.0,employment,1997-01-01,291.27,586.0,United States,MG,55.0,Melvin Marxen,Central
4F8MNVNP,Jonathan Berthelot,GTX Basic,Warephase,Lost,2017-06-30,2017-07-07,0.0,services,1997-01-01,2041.73,5276.0,United States,GTX,550.0,Melvin Marxen,Central
7UL8T1BZ,Markita Hansen,MG Special,Doncon,Lost,2017-06-30,2017-07-01,0.0,technolgy,2010-01-01,587.72,1501.0,United States,MG,55.0,Celia Rouche,West
4HP16LRH,Marty Freudenburg,MG Advanced,Konmatfix,Won,2017-06-30,2017-07-09,3699.0,marketing,1985-01-01,375.43,1190.0,United States,MG,3393.0,Melvin Marxen,Central
MNTHSHH6,Maureen Marcano,GTX Plus Pro,Cheers,Won,2017-06-30,2017-07-07,5909.0,entertainment,1993-01-01,4269.9,6472.0,United States,GTX,5482.0,Summer Sewald,West
Q7C5MJ4W,Moses Frase,GTX Basic,Condax,Lost,2017-06-30,2017-11-01,0.0,medical,2017-01-01,4.54,9.0,United States,GTX,550.0,Dustin Brinkmann,Central
8M3H9UME,Reed Clapper,GTX Plus Pro,Condax,Lost,2017-06-30,2017-07-07,0.0,medical,2017-01-01,4.54,9.0,United States,GTX,5482.0,Rocco Neubert,East
5J1C46RJ,Reed Clapper,GTX Plus Pro,Massive Dynamic,Won,2017-06-30,2017-09-19,5927.0,entertainment,1989-01-01,665.06,1095.0,United States,GTX,5482.0,Rocco Neubert,East
0BSYDRMT,Reed Clapper,MG Special,Bluth Company,Won,2017-06-30,2017-09-18,60.0,technolgy,1993-01-01,1242.32,3027.0,United States,MG,55.0,Rocco Neubert,East
NKERC6IA,Reed Clapper,MG Advanced,Zencorporation,Won,2017-06-30,2017-07-11,3351.0,technolgy,2011-01-01,40.79,142.0,China,MG,3393.0,Rocco Neubert,East
H6AN87LE,Rosalina Dieter,MG Special,Nam-zim,Won,2017-06-30,2017-07-09,64.0,services,1987-01-01,405.59,1179.0,Brazil,MG,55.0,Celia Rouche,West
1SSFC7XZ,Rosie Papadopoulos,MG Advanced,Donquadtech,Lost,2017-06-30,2017-07-02,0.0,technolgy,1992-01-01,1712.68,3194.0,United States,MG,3393.0,Cara Losch,East
0XK80WX8,Versie Hillebrand,MG Special,dambase,Won,2017-06-30,2017-07-11,47.0,marketing,1995-01-01,2173.98,2928.0,United States,MG,55.0,Dustin Brinkmann,Central
X4ARE2PT,Versie Hillebrand,MG Special,Dontechi,Won,2017-06-30,2017-07-01,53.0,software,1982-01-01,4618.0,10083.0,United States,MG,55.0,Dustin Brinkmann,Central
KCIFANLK,Vicki Laflamme,GTX Basic,Y-corporation,Lost,2017-06-30,2017-07-12,0.0,employment,1983-01-01,2871.35,9561.0,United States,GTX,550.0,Celia Rouche,West
J7U29ZM5,Violet Mclelland,GTX Basic,Acme Corporation,Lost,2017-06-30,2017-09-23,0.0,technolgy,1996-01-01,1100.04,2822.0,United States,GTX,550.0,Cara Losch,East
JUHQ1POT,Boris Faz,GTX Plus Basic,Streethex,Engaging,2017-07-01,,,retail,1988-01-01,1376.8,1165.0,Belgium,GTX,1096.0,Rocco Neubert,East
3KVXBQ5V,Boris Faz,GTX Plus Basic,Acme Corporation,Lost,2017-07-01,2017-08-15,0.0,technolgy,1996-01-01,1100.04,2822.0,United States,GTX,1096.0,Rocco Neubert,East
7T9J42UX,Cecily Lampkin,GTX Plus Pro,Globex Corporation,Won,2017-07-01,2017-07-11,4391.0,technolgy,2000-01-01,1223.72,2497.0,Norway,GTX,5482.0,Dustin Brinkmann,Central
2J649YC5,Darcel Schlecht,GTX Plus Basic,Statholdings,Won,2017-07-01,2017-07-11,1308.0,employment,1997-01-01,291.27,586.0,United States,GTX,1096.0,Melvin Marxen,Central
ZWXKCHOO,Donn Cantrell,GTX Basic,Condax,Won,2017-07-01,2017-09-25,535.0,medical,2017-01-01,4.54,9.0,United States,GTX,550.0,Rocco Neubert,East
I8OUZNDS,Elease Gluck,GTX Plus Pro,Dalttechnology,Lost,2017-07-01,2017-11-03,0.0,software,2013-01-01,98.79,96.0,United States,GTX,5482.0,Celia Rouche,West
CJZLM3WA,Garret Kinder,MG Special,Betasoloin,Lost,2017-07-01,2017-09-16,0.0,medical,1999-01-01,251.41,495.0,United States,MG,55.0,Cara Losch,East
4QTD5X53,Gladys Colclough,MG Advanced,Isdom,Won,2017-07-01,2017-07-06,3252.0,medical,2002-01-01,3178.24,4540.0,United States,MG,3393.0,Melvin Marxen,Central
LQXWWZGN,Jonathan Berthelot,GTX Basic,Hottechi,Lost,2017-07-01,2017-07-03,0.0,technolgy,1997-01-01,8170.38,16499.0,Korea,GTX,550.0,Melvin Marxen,Central
NT510FGZ,Jonathan Berthelot,MG Special,Toughzap,Lost,2017-07-01,2017-08-27,0.0,retail,1995-01-01,332.43,799.0,United States,MG,55.0,Melvin Marxen,Central
2IQ0ZY9W,Jonathan Berthelot,GTX Basic,Scottech,Won,2017-07-01,2017-07-11,574.0,marketing,2012-01-01,45.39,100.0,United States,GTX,550.0,Melvin Marxen,Central
N3TUSU37,Jonathan Berthelot,GTX Plus Basic,Codehow,Won,2017-07-01,2017-08-11,1012.0,software,1998-01-01,2714.9,2641.0,United States,GTX,1096.0,Melvin Marxen,Central
O6LVMQ5R,Kary Hendrixson,GTX Basic,Dalttechnology,Won,2017-07-01,2017-07-07,576.0,software,2013-01-01,98.79,96.0,United States,GTX,550.0,Summer Sewald,West
072ELFQF,Lajuana Vencill,MG Advanced,Isdom,Lost,2017-07-01,2017-07-03,0.0,medical,2002-01-01,3178.24,4540.0,United States,MG,3393.0,Dustin Brinkmann,Central
CDFKC6E0,Markita Hansen,MG Special,Sonron,Lost,2017-07-01,2017-07-03,0.0,telecommunications,1999-01-01,1699.85,5108.0,United States,MG,55.0,Celia Rouche,West
Z005FB1N,Markita Hansen,MG Advanced,Hottechi,Lost,2017-07-01,2017-07-08,0.0,technolgy,1997-01-01,8170.38,16499.0,Korea,MG,3393.0,Celia Rouche,West
LYAFXO9B,Markita Hansen,GTX Basic,J-Texon,Won,2017-07-01,2017-07-12,592.0,retail,1989-01-01,1388.67,3583.0,United States,GTX,550.0,Celia Rouche,West
UFIAFP10,Markita Hansen,MG Special,Green-Plus,Won,2017-07-01,2017-07-02,50.0,services,2003-01-01,692.19,1922.0,United States,MG,55.0,Celia Rouche,West
MG7CZFIG,Markita Hansen,MG Advanced,Konex,Won,2017-07-01,2017-09-30,3225.0,technolgy,1980-01-01,7708.38,13756.0,United States,MG,3393.0,Celia Rouche,West
H4U50AEW,Marty Freudenburg,GTX Plus Pro,Stanredtax,Won,2017-07-01,2017-07-09,5422.0,finance,1987-01-01,1698.2,3798.0,United States,GTX,5482.0,Melvin Marxen,Central
8PU9FIQS,Marty Freudenburg,MG Advanced,Domzoom,Won,2017-07-01,2017-07-11,3657.0,entertainment,1998-01-01,217.87,551.0,United States,MG,3393.0,Melvin Marxen,Central
FBQN3UM3,Maureen Marcano,GTX Plus Basic,Fasehatice,Lost,2017-07-01,2017-07-07,0.0,retail,1990-01-01,4968.91,7523.0,United States,GTX,1096.0,Summer Sewald,West
MJ12SZ89,Maureen Marcano,GTX Plus Pro,Goodsilron,Won,2017-07-01,2017-07-10,4974.0,marketing,2000-01-01,2952.73,5107.0,United States,GTX,5482.0,Summer Sewald,West
RLDIPPFT,Niesha Huffines,GTX Plus Basic,Toughzap,Lost,2017-07-01,2017-07-10,0.0,retail,1995-01-01,332.43,799.0,United States,GTX,1096.0,Melvin Marxen,Central
TKKSOBRC,Niesha Huffines,MG Special,Warephase,Won,2017-07-01,2017-07-12,50.0,services,1997-01-01,2041.73,5276.0,United States,MG,55.0,Melvin Marxen,Central
1F8MPXZQ,Versie Hillebrand,MG Advanced,Stanredtax,Lost,2017-07-01,2017-07-13,0.0,finance,1987-01-01,1698.2,3798.0,United States,MG,3393.0,Dustin Brinkmann,Central
YY3ACGA2,Vicki Laflamme,GTX Basic,Kan-code,Won,2017-07-01,2017-07-11,571.0,software,1982-01-01,11698.03,34288.0,United States,GTX,550.0,Celia Rouche,West
6MQA3YYW,Violet Mclelland,MG Special,Umbrella Corporation,Lost,2017-07-01,2017-07-03,0.0,finance,1998-01-01,2022.14,5113.0,United States,MG,55.0,Cara Losch,East
IM5AGXLX,Wilburn Farren,GTX Plus Pro,Betasoloin,Lost,2017-07-01,2017-08-06,0.0,medical,1999-01-01,251.41,495.0,United States,GTX,5482.0,Cara Losch,East
313EIVW4,Anna Snelling,GTX Plus Basic,Bioholding,Lost,2017-07-02,2017-07-10,0.0,medical,2012-01-01,587.34,1356.0,Philipines,GTX,1096.0,Dustin Brinkmann,Central
NNAYAA7T,Anna Snelling,MG Advanced,Stanredtax,Lost,2017-07-02,2017-07-13,0.0,finance,1987-01-01,1698.2,3798.0,United States,MG,3393.0,Dustin Brinkmann,Central
019I751P,Anna Snelling,GTX Plus Basic,Statholdings,Won,2017-07-02,2017-07-09,1180.0,employment,1997-01-01,291.27,586.0,United States,GTX,1096.0,Dustin Brinkmann,Central
5TRALM9T,Boris Faz,GTX Plus Pro,Vehement Capital Partners,Lost,2017-07-02,2017-09-17,0.0,finance,1993-01-01,646.1,883.0,United States,GTX,5482.0,Rocco Neubert,East
LWC0UJWD,Cassey Cress,GTX Basic,Bioplex,Lost,2017-07-02,2017-07-03,0.0,medical,1991-01-01,326.82,1016.0,United States,GTX,550.0,Rocco Neubert,East
PI0FYKXU,Cassey Cress,GTX Plus Pro,Zathunicon,Won,2017-07-02,2017-07-04,5274.0,retail,2010-01-01,71.12,144.0,United States,GTX,5482.0,Rocco Neubert,East
I7QSO0VZ,Cecily Lampkin,GTX Basic,Rundofase,Won,2017-07-02,2017-07-04,480.0,technolgy,1983-01-01,1008.06,1238.0,United States,GTX,550.0,Dustin Brinkmann,Central
Z9S1ZX7W,Daniell Hammack,GTX Plus Basic,Condax,Engaging,2017-07-02,,,medical,2017-01-01,4.54,9.0,United States,GTX,1096.0,Rocco Neubert,East
S9N98QU9,Daniell Hammack,GTX Plus Pro,Bluth Company,Lost,2017-07-02,2017-07-03,0.0,technolgy,1993-01-01,1242.32,3027.0,United States,GTX,5482.0,Rocco Neubert,East
A9Q7ERA4,Darcel Schlecht,GTX Plus Pro,Finhigh,Won,2017-07-02,2017-07-04,5333.0,finance,2006-01-01,1102.43,1759.0,United States,GTX,5482.0,Melvin Marxen,Central
RY8Z6RH2,Elease Gluck,MG Advanced,Condax,Lost,2017-07-02,2017-07-11,0.0,medical,2017-01-01,4.54,9.0,United States,MG,3393.0,Celia Rouche,West
9J8O59QW,Gladys Colclough,GTX Plus Pro,Stanredtax,Lost,2017-07-02,2017-08-24,0.0,finance,1987-01-01,1698.2,3798.0,United States,GTX,5482.0,Melvin Marxen,Central
KWVYR0LQ,Gladys Colclough,MG Advanced,Codehow,Lost,2017-07-02,2017-07-03,0.0,software,1998-01-01,2714.9,2641.0,United States,MG,3393.0,Melvin Marxen,Central
0D95JSVW,James Ascencio,GTX Plus Pro,Hatfan,Won,2017-07-02,2017-09-16,6192.0,services,1982-01-01,792.46,1299.0,United States,GTX,5482.0,Summer Sewald,West
74JAOLQU,Kami Bicknell,GTX Basic,Rantouch,Lost,2017-07-02,2017-08-16,0.0,telecommunications,1994-01-01,1188.42,3015.0,United States,GTX,550.0,Summer Sewald,West
CMLYDJFN,Kami Bicknell,GTX Basic,Plexzap,Won,2017-07-02,2017-08-11,490.0,retail,2001-01-01,2437.85,4874.0,United States,GTX,550.0,Summer Sewald,West
HIV4W2E0,Kary Hendrixson,GTX Plus Basic,Betasoloin,Engaging,2017-07-02,,,medical,1999-01-01,251.41,495.0,United States,GTX,1096.0,Summer Sewald,West
TFQEGZ1X,Lajuana Vencill,GTX Basic,Ron-tech,Lost,2017-07-02,2017-07-04,0.0,medical,1992-01-01,3922.42,6837.0,United States,GTX,550.0,Dustin Brinkmann,Central
5COSD90U,Markita Hansen,GTX Basic,Konex,Lost,2017-07-02,2017-07-09,0.0,technolgy,1980-01-01,7708.38,13756.0,United States,GTX,550.0,Celia Rouche,West
6TBAKLMX,Niesha Huffines,GTX Plus Basic,Funholding,Won,2017-07-02,2017-09-23,1157.0,finance,1991-01-01,2819.5,7227.0,United States,GTX,1096.0,Melvin Marxen,Central
B50V1XGA,Vicki Laflamme,MG Advanced,Fasehatice,Lost,2017-07-02,2017-08-31,0.0,retail,1990-01-01,4968.91,7523.0,United States,MG,3393.0,Celia Rouche,West
SOW7H1RP,Vicki Laflamme,MG Advanced,Lexiqvolax,Lost,2017-07-02,2017-07-03,0.0,medical,2004-01-01,1618.89,3889.0,United States,MG,3393.0,Celia Rouche,West
OHJGW03I,Violet Mclelland,MG Special,Yearin,Won,2017-07-02,2017-07-13,55.0,retail,2005-01-01,2261.05,3851.0,United States,MG,55.0,Cara Losch,East
R6KPUAH7,Zane Levy,MG Advanced,Sunnamplex,Lost,2017-07-02,2017-07-06,0.0,marketing,2008-01-01,894.37,1593.0,Poland,MG,3393.0,Summer Sewald,West
9OLZU3WB,Cecily Lampkin,MG Special,Condax,Won,2017-07-03,2017-09-23,47.0,medical,2017-01-01,4.54,9.0,United States,MG,55.0,Dustin Brinkmann,Central
JDXET5H9,Cecily Lampkin,MG Special,Warephase,Won,2017-07-03,2017-08-31,51.0,services,1997-01-01,2041.73,5276.0,United States,MG,55.0,Dustin Brinkmann,Central
NGMC9NSG,Darcel Schlecht,MG Advanced,Gogozoom,Lost,2017-07-03,2017-07-12,0.0,telecommunications,2007-01-01,86.68,187.0,United States,MG,3393.0,Melvin Marxen,Central
G6FKELQV,Donn Cantrell,GTX Basic,Initech,Lost,2017-07-03,2017-09-25,0.0,telecommunications,1994-01-01,6395.05,20275.0,United States,GTX,550.0,Rocco Neubert,East
IKNMU8HM,Donn Cantrell,GTX Plus Pro,Plussunin,Lost,2017-07-03,2017-09-10,0.0,retail,2003-01-01,1419.98,4018.0,United States,GTX,5482.0,Rocco Neubert,East
AHIDE6VS,Donn Cantrell,GTX Basic,Kan-code,Won,2017-07-03,2017-07-12,540.0,software,1982-01-01,11698.03,34288.0,United States,GTX,550.0,Rocco Neubert,East
YZJLPVJG,Donn Cantrell,GTX Plus Pro,Konex,Won,2017-07-03,2017-07-04,4915.0,technolgy,1980-01-01,7708.38,13756.0,United States,GTX,5482.0,Rocco Neubert,East
GOSCKNUX,James Ascencio,GTX Plus Pro,Rantouch,Lost,2017-07-03,2017-07-04,0.0,telecommunications,1994-01-01,1188.42,3015.0,United States,GTX,5482.0,Summer Sewald,West
GC3IVG7S,James Ascencio,GTX Plus Pro,Singletechno,Lost,2017-07-03,2017-07-05,0.0,retail,1996-01-01,2214.94,5374.0,United States,GTX,5482.0,Summer Sewald,West
S81YI4QH,James Ascencio,GTX Plus Pro,Sunnamplex,Lost,2017-07-03,2017-07-10,0.0,marketing,2008-01-01,894.37,1593.0,Poland,GTX,5482.0,Summer Sewald,West
M3MJY0CK,James Ascencio,GTX Plus Pro,Lexiqvolax,Won,2017-07-03,2017-09-27,6693.0,medical,2004-01-01,1618.89,3889.0,United States,GTX,5482.0,Summer Sewald,West
H2HNTSIP,Jonathan Berthelot,MG Advanced,Hottechi,Won,2017-07-03,2017-07-05,3101.0,technolgy,1997-01-01,8170.38,16499.0,Korea,MG,3393.0,Melvin Marxen,Central
8APZZ20T,Kami Bicknell,GTX Plus Basic,Y-corporation,Lost,2017-07-03,2017-08-15,0.0,employment,1983-01-01,2871.35,9561.0,United States,GTX,1096.0,Summer Sewald,West
RABLXW5E,Kami Bicknell,MG Special,Hatfan,Won,2017-07-03,2017-09-02,56.0,services,1982-01-01,792.46,1299.0,United States,MG,55.0,Summer Sewald,West
TJTOVN5K,Kary Hendrixson,GTX Plus Basic,Cheers,Won,2017-07-03,2017-07-12,935.0,entertainment,1993-01-01,4269.9,6472.0,United States,GTX,1096.0,Summer Sewald,West
1IG94UUQ,Kary Hendrixson,GTX Plus Basic,Singletechno,Won,2017-07-03,2017-07-13,1133.0,retail,1996-01-01,2214.94,5374.0,United States,GTX,1096.0,Summer Sewald,West
D7JDQB12,Lajuana Vencill,MG Advanced,Bioholding,Won,2017-07-03,2017-09-23,2857.0,medical,2012-01-01,587.34,1356.0,Philipines,MG,3393.0,Dustin Brinkmann,Central
GWI45VGH,Lajuana Vencill,MG Advanced,Dontechi,Won,2017-07-03,2017-09-02,3118.0,software,1982-01-01,4618.0,10083.0,United States,MG,3393.0,Dustin Brinkmann,Central
G3TZD0CB,Marty Freudenburg,GTX Plus Basic,Funholding,Won,2017-07-03,2017-07-11,1204.0,finance,1991-01-01,2819.5,7227.0,United States,GTX,1096.0,Melvin Marxen,Central
1PAPS9QO,Maureen Marcano,MG Advanced,Y-corporation,Lost,2017-07-03,2017-07-09,0.0,employment,1983-01-01,2871.35,9561.0,United States,MG,3393.0,Summer Sewald,West
WXCEZ7JY,Moses Frase,GTX Basic,Conecom,Won,2017-07-03,2017-09-06,376.0,technolgy,2005-01-01,1520.66,1806.0,United States,GTX,550.0,Dustin Brinkmann,Central
WR45SVGN,Versie Hillebrand,GTX Basic,Toughzap,Won,2017-07-03,2017-11-02,511.0,retail,1995-01-01,332.43,799.0,United States,GTX,550.0,Dustin Brinkmann,Central
WAFSPTW6,Vicki Laflamme,GTX Basic,Lexiqvolax,Won,2017-07-03,2017-07-14,491.0,medical,2004-01-01,1618.89,3889.0,United States,GTX,550.0,Celia Rouche,West
5FYPINRL,Violet Mclelland,MG Special,Donware,Lost,2017-07-03,2017-07-16,0.0,marketing,1999-01-01,1197.44,2570.0,United States,MG,55.0,Cara Losch,East
VLPSQ076,Wilburn Farren,MG Advanced,Betasoloin,Lost,2017-07-03,2017-07-12,0.0,medical,1999-01-01,251.41,495.0,United States,MG,3393.0,Cara Losch,East
3AX6QBR3,Wilburn Farren,MG Advanced,Donquadtech,Won,2017-07-03,2017-09-07,3101.0,technolgy,1992-01-01,1712.68,3194.0,United States,MG,3393.0,Cara Losch,East
ZY3AVAK0,Zane Levy,MG Special,Y-corporation,Lost,2017-07-03,2017-08-22,0.0,employment,1983-01-01,2871.35,9561.0,United States,MG,55.0,Summer Sewald,West
FVCL72VU,Anna Snelling,GTX Plus Pro,Cancity,Lost,2017-07-04,2017-07-14,0.0,retail,2001-01-01,718.62,2448.0,United States,GTX,5482.0,Dustin Brinkmann,Central
24OSGLGF,Anna Snelling,MG Special,Dontechi,Won,2017-07-04,2017-07-06,56.0,software,1982-01-01,4618.0,10083.0,United States,MG,55.0,Dustin Brinkmann,Central
49T60OCI,Cassey Cress,GTX Plus Pro,Scottech,Engaging,2017-07-04,,,marketing,2012-01-01,45.39,100.0,United States,GTX,5482.0,Rocco Neubert,East
31NQQEEO,Cassey Cress,GTX Basic,Opentech,Lost,2017-07-04,2017-09-11,0.0,finance,1994-01-01,355.23,853.0,United States,GTX,550.0,Rocco Neubert,East
ADRU5BLP,Darcel Schlecht,GTX Plus Basic,Inity,Lost,2017-07-04,2017-07-12,0.0,marketing,1986-01-01,2403.58,8801.0,United States,GTX,1096.0,Melvin Marxen,Central
AUPXRV8O,Darcel Schlecht,GTX Plus Basic,Ron-tech,Won,2017-07-04,2017-09-05,1300.0,medical,1992-01-01,3922.42,6837.0,United States,GTX,1096.0,Melvin Marxen,Central
VH3C0A8F,Donn Cantrell,GTX Basic,Mathtouch,Lost,2017-07-04,2017-07-05,0.0,marketing,1984-01-01,3027.46,9516.0,Jordan,GTX,550.0,Rocco Neubert,East
1E5MFGR7,Donn Cantrell,GTX Basic,Plussunin,Lost,2017-07-04,2017-09-26,0.0,retail,2003-01-01,1419.98,4018.0,United States,GTX,550.0,Rocco Neubert,East
TS2JEK3E,Donn Cantrell,GTX Basic,Betasoloin,Won,2017-07-04,2017-09-23,531.0,medical,1999-01-01,251.41,495.0,United States,GTX,550.0,Rocco Neubert,East
5OJ3QR1W,Gladys Colclough,MG Special,Inity,Lost,2017-07-04,2017-11-03,0.0,marketing,1986-01-01,2403.58,8801.0,United States,MG,55.0,Melvin Marxen,Central
X7J3O7TC,Kary Hendrixson,GTX Basic,Dalttechnology,Lost,2017-07-04,2017-07-11,0.0,software,2013-01-01,98.79,96.0,United States,GTX,550.0,Summer Sewald,West
Q7RV0YW6,Kary Hendrixson,GTX Plus Basic,Green-Plus,Lost,2017-07-04,2017-07-10,0.0,services,2003-01-01,692.19,1922.0,United States,GTX,1096.0,Summer Sewald,West
S5E8MBO3,Markita Hansen,GTX Basic,Plexzap,Lost,2017-07-04,2017-09-19,0.0,retail,2001-01-01,2437.85,4874.0,United States,GTX,550.0,Celia Rouche,West
QE6A49LE,Moses Frase,MG Special,Hottechi,Lost,2017-07-04,2017-07-11,0.0,technolgy,1997-01-01,8170.38,16499.0,Korea,MG,55.0,Dustin Brinkmann,Central
XGMMHWZC,Moses Frase,GTX Basic,Domzoom,Won,2017-07-04,2017-09-25,475.0,entertainment,1998-01-01,217.87,551.0,United States,GTX,550.0,Dustin Brinkmann,Central
7MK55ULJ,Moses Frase,GTX Plus Basic,Ron-tech,Won,2017-07-04,2017-07-05,1102.0,medical,1992-01-01,3922.42,6837.0,United States,GTX,1096.0,Dustin Brinkmann,Central
0VZIDVCC,Moses Frase,MG Special,Zumgoity,Won,2017-07-04,2017-07-09,55.0,medical,1984-01-01,441.08,1210.0,United States,MG,55.0,Dustin Brinkmann,Central
D1XYQH35,Niesha Huffines,GTX Basic,Treequote,Lost,2017-07-04,2017-07-15,0.0,telecommunications,1988-01-01,5266.09,8595.0,United States,GTX,550.0,Melvin Marxen,Central
XAR2VX09,Versie Hillebrand,MG Special,Scottech,Lost,2017-07-04,2017-07-06,0.0,marketing,2012-01-01,45.39,100.0,United States,MG,55.0,Dustin Brinkmann,Central
YTQH4YM9,Versie Hillebrand,MG Special,Cancity,Won,2017-07-04,2017-07-05,63.0,retail,2001-01-01,718.62,2448.0,United States,MG,55.0,Dustin Brinkmann,Central
KMLW6GXY,Vicki Laflamme,MG Advanced,Kan-code,Lost,2017-07-04,2017-07-12,0.0,software,1982-01-01,11698.03,34288.0,United States,MG,3393.0,Celia Rouche,West
IG734VZK,Vicki Laflamme,GTX Plus Pro,Plusstrip,Won,2017-07-04,2017-07-14,5971.0,entertainment,2002-01-01,349.81,315.0,United States,GTX,5482.0,Celia Rouche,West
W3C2KLXD,Wilburn Farren,GTX Plus Pro,Ganjaflex,Won,2017-07-04,2017-08-27,5710.0,retail,1995-01-01,5158.71,17479.0,Japan,GTX,5482.0,Cara Losch,East
IZJR1WDM,Zane Levy,MG Special,Plexzap,Won,2017-07-04,2017-09-21,52.0,retail,2001-01-01,2437.85,4874.0,United States,MG,55.0,Summer Sewald,West
5MRPZ44K,Anna Snelling,GTX Basic,Domzoom,Won,2017-07-05,2017-08-28,522.0,entertainment,1998-01-01,217.87,551.0,United States,GTX,550.0,Dustin Brinkmann,Central
W0LFL18P,Cassey Cress,GTX Plus Basic,Iselectrics,Lost,2017-07-05,2017-07-12,0.0,technolgy,2011-01-01,527.11,1428.0,United States,GTX,1096.0,Rocco Neubert,East
5H9ELV2H,Cassey Cress,GTX Plus Pro,Zathunicon,Lost,2017-07-05,2017-07-13,0.0,retail,2010-01-01,71.12,144.0,United States,GTX,5482.0,Rocco Neubert,East
KDDN1E4O,Cassey Cress,GTX Plus Basic,Betasoloin,Won,2017-07-05,2017-07-14,1109.0,medical,1999-01-01,251.41,495.0,United States,GTX,1096.0,Rocco Neubert,East
S8JALB62,Cassey Cress,MG Advanced,The New York Inquirer,Won,2017-07-05,2017-07-06,3508.0,medical,1996-01-01,439.21,792.0,United States,MG,3393.0,Rocco Neubert,East
2HPCHBIL,Corliss Cosme,GTX Plus Pro,Bluth Company,Lost,2017-07-05,2017-07-14,0.0,technolgy,1993-01-01,1242.32,3027.0,United States,GTX,5482.0,Cara Losch,East
Q9JV7YXX,Daniell Hammack,GTX Plus Basic,Plussunin,Lost,2017-07-05,2017-07-16,0.0,retail,2003-01-01,1419.98,4018.0,United States,GTX,1096.0,Rocco Neubert,East
STG85Q0N,Donn Cantrell,GTX Basic,Kinnamplus,Lost,2017-07-05,2017-07-06,0.0,retail,2004-01-01,702.72,1831.0,United States,GTX,550.0,Rocco Neubert,East
VXOZC2CN,Garret Kinder,GTX Plus Basic,Vehement Capital Partners,Won,2017-07-05,2017-09-29,1319.0,finance,1993-01-01,646.1,883.0,United States,GTX,1096.0,Cara Losch,East
WCKKFSVL,Jonathan Berthelot,MG Advanced,Dontechi,Lost,2017-07-05,2017-07-06,0.0,software,1982-01-01,4618.0,10083.0,United States,MG,3393.0,Melvin Marxen,Central
UEXJN3Y6,Kami Bicknell,GTX Plus Basic,Konex,Won,2017-07-05,2017-07-12,1230.0,technolgy,1980-01-01,7708.38,13756.0,United States,GTX,1096.0,Summer Sewald,West
QP0QCP8Y,Kary Hendrixson,GTX Plus Pro,Dalttechnology,Engaging,2017-07-05,,,software,2013-01-01,98.79,96.0,United States,GTX,5482.0,Summer Sewald,West
MCQGU5EA,Kary Hendrixson,GTX Basic,Sunnamplex,Won,2017-07-05,2017-07-15,443.0,marketing,2008-01-01,894.37,1593.0,Poland,GTX,550.0,Summer Sewald,West
M0IN22XH,Kary Hendrixson,GTX Plus Basic,Zoomit,Won,2017-07-05,2017-09-26,1043.0,entertainment,1992-01-01,324.19,978.0,United States,GTX,1096.0,Summer Sewald,West
8HWWW76K,Lajuana Vencill,GTX Basic,dambase,Lost,2017-07-05,2017-07-07,0.0,marketing,1995-01-01,2173.98,2928.0,United States,GTX,550.0,Dustin Brinkmann,Central
707CQDQK,Markita Hansen,MG Special,Groovestreet,Lost,2017-07-05,2017-08-23,0.0,retail,2003-01-01,223.8,299.0,United States,MG,55.0,Celia Rouche,West
4PTCB3CS,Marty Freudenburg,MG Advanced,Globex Corporation,Lost,2017-07-05,2017-07-13,0.0,technolgy,2000-01-01,1223.72,2497.0,Norway,MG,3393.0,Melvin Marxen,Central
IEB855X8,Marty Freudenburg,MG Advanced,Codehow,Won,2017-07-05,2017-08-08,3458.0,software,1998-01-01,2714.9,2641.0,United States,MG,3393.0,Melvin Marxen,Central
IDA8D96H,Maureen Marcano,GTX Plus Pro,Zoomit,Lost,2017-07-05,2017-07-13,0.0,entertainment,1992-01-01,324.19,978.0,United States,GTX,5482.0,Summer Sewald,West
DLQNAOWB,Rosalina Dieter,MG Special,Plusstrip,Lost,2017-07-05,2017-07-07,0.0,entertainment,2002-01-01,349.81,315.0,United States,MG,55.0,Celia Rouche,West
K7056XS7,Rosie Papadopoulos,MG Advanced,Kinnamplus,Engaging,2017-07-05,,,retail,2004-01-01,702.72,1831.0,United States,MG,3393.0,Cara Losch,East
R9V8QAPK,Rosie Papadopoulos,MG Special,Kan-code,Won,2017-07-05,2017-07-14,58.0,software,1982-01-01,11698.03,34288.0,United States,MG,55.0,Cara Losch,East
P6KXSJPD,Versie Hillebrand,MG Special,Codehow,Lost,2017-07-05,2017-07-10,0.0,software,1998-01-01,2714.9,2641.0,United States,MG,55.0,Dustin Brinkmann,Central
KM0RKC4Q,Vicki Laflamme,GTX Basic,Hottechi,Lost,2017-07-05,2017-07-06,0.0,technolgy,1997-01-01,8170.38,16499.0,Korea,GTX,550.0,Celia Rouche,West
BXOIQHTS,Zane Levy,GTX Basic,Y-corporation,Won,2017-07-05,2017-09-20,658.0,employment,1983-01-01,2871.35,9561.0,United States,GTX,550.0,Summer Sewald,West
CC3B5DSU,Anna Snelling,GTX Plus Pro,Treequote,Lost,2017-07-06,2017-07-16,0.0,telecommunications,1988-01-01,5266.09,8595.0,United States,GTX,5482.0,Dustin Brinkmann,Central
GLM4XZLI,Cassey Cress,GTX Plus Pro,Donware,Lost,2017-07-06,2017-07-07,0.0,marketing,1999-01-01,1197.44,2570.0,United States,GTX,5482.0,Rocco Neubert,East
K8VBNOW9,Cassey Cress,GTX Plus Pro,Plussunin,Won,2017-07-06,2017-09-01,4791.0,retail,2003-01-01,1419.98,4018.0,United States,GTX,5482.0,Rocco Neubert,East
3GEDSDVN,Cecily Lampkin,GTX Basic,Inity,Won,2017-07-06,2017-07-08,590.0,marketing,1986-01-01,2403.58,8801.0,United States,GTX,550.0,Dustin Brinkmann,Central
R0ZYAJFM,Cecily Lampkin,GTX Plus Pro,Isdom,Won,2017-07-06,2017-07-14,5629.0,medical,2002-01-01,3178.24,4540.0,United States,GTX,5482.0,Dustin Brinkmann,Central
DFG6OP8T,Daniell Hammack,GTX Plus Pro,Massive Dynamic,Lost,2017-07-06,2017-07-18,0.0,entertainment,1989-01-01,665.06,1095.0,United States,GTX,5482.0,Rocco Neubert,East
JMTKEPXF,Donn Cantrell,MG Advanced,Zotware,Won,2017-07-06,2017-07-17,2996.0,software,1979-01-01,4478.47,13809.0,United States,MG,3393.0,Rocco Neubert,East
EQ399D3M,Hayden Neloms,MG Advanced,Sonron,Won,2017-07-06,2017-07-14,3250.0,telecommunications,1999-01-01,1699.85,5108.0,United States,MG,3393.0,Celia Rouche,West
DOVNGYN4,Kami Bicknell,GTX Basic,Green-Plus,Lost,2017-07-06,2017-07-12,0.0,services,2003-01-01,692.19,1922.0,United States,GTX,550.0,Summer Sewald,West
TIFPUXSQ,Marty Freudenburg,GTX Basic,Condax,Lost,2017-07-06,2017-07-07,0.0,medical,2017-01-01,4.54,9.0,United States,GTX,550.0,Melvin Marxen,Central
LXDCC260,Marty Freudenburg,GTX Plus Pro,Funholding,Won,2017-07-06,2017-07-07,5966.0,finance,1991-01-01,2819.5,7227.0,United States,GTX,5482.0,Melvin Marxen,Central
1Z72JRDI,Maureen Marcano,MG Advanced,Labdrill,Won,2017-07-06,2017-07-16,3452.0,medical,1985-01-01,2741.37,9226.0,United States,MG,3393.0,Summer Sewald,West
XTBADYHW,Moses Frase,MG Special,Toughzap,Lost,2017-07-06,2017-07-17,0.0,retail,1995-01-01,332.43,799.0,United States,MG,55.0,Dustin Brinkmann,Central
PPDU7OWD,Moses Frase,MG Advanced,Stanredtax,Lost,2017-07-06,2017-07-13,0.0,finance,1987-01-01,1698.2,3798.0,United States,MG,3393.0,Dustin Brinkmann,Central
CJ05Q2G5,Rosalina Dieter,GTX Basic,Labdrill,Lost,2017-07-06,2017-07-11,0.0,medical,1985-01-01,2741.37,9226.0,United States,GTX,550.0,Celia Rouche,West
MON3JWUF,Vicki Laflamme,GTX Basic,Faxquote,Won,2017-07-06,2017-07-13,583.0,telecommunications,1995-01-01,1825.82,5595.0,United States,GTX,550.0,Celia Rouche,West
SFMKU2FV,Violet Mclelland,MG Special,Ontomedia,Lost,2017-07-06,2017-07-16,0.0,employment,1997-01-01,882.12,2769.0,United States,MG,55.0,Cara Losch,East
9FH2VYQQ,Zane Levy,GTX Plus Basic,Goodsilron,Lost,2017-07-06,2017-07-13,0.0,marketing,2000-01-01,2952.73,5107.0,United States,GTX,1096.0,Summer Sewald,West
PMVKMS6A,Zane Levy,GTX Basic,J-Texon,Won,2017-07-06,2017-09-27,507.0,retail,1989-01-01,1388.67,3583.0,United States,GTX,550.0,Summer Sewald,West
E62A05BH,Anna Snelling,GTX Basic,Inity,Lost,2017-07-07,2017-07-15,0.0,marketing,1986-01-01,2403.58,8801.0,United States,GTX,550.0,Dustin Brinkmann,Central
U3GCADFV,Anna Snelling,MG Special,Rangreen,Lost,2017-07-07,2017-07-13,0.0,technolgy,1987-01-01,2938.67,8775.0,Panama,MG,55.0,Dustin Brinkmann,Central
611J0LEK,Boris Faz,GTX Basic,Betasoloin,Won,2017-07-07,2017-07-09,574.0,medical,1999-01-01,251.41,495.0,United States,GTX,550.0,Rocco Neubert,East
5M5TW9RC,Cassey Cress,GTX Plus Basic,Umbrella Corporation,Engaging,2017-07-07,,,finance,1998-01-01,2022.14,5113.0,United States,GTX,1096.0,Rocco Neubert,East
ZWA2ES4F,Cassey Cress,MG Special,Opentech,Won,2017-07-07,2017-09-07,48.0,finance,1994-01-01,355.23,853.0,United States,MG,55.0,Rocco Neubert,East
LNT5B9XY,Cecily Lampkin,MG Special,Statholdings,Lost,2017-07-07,2017-07-17,0.0,employment,1997-01-01,291.27,586.0,United States,MG,55.0,Dustin Brinkmann,Central
CPQ348W9,Cecily Lampkin,GTX Basic,Isdom,Won,2017-07-07,2017-07-15,458.0,medical,2002-01-01,3178.24,4540.0,United States,GTX,550.0,Dustin Brinkmann,Central
UZ0MRAFU,Cecily Lampkin,GTX Plus Pro,Codehow,Won,2017-07-07,2017-09-18,5455.0,software,1998-01-01,2714.9,2641.0,United States,GTX,5482.0,Dustin Brinkmann,Central
VFO5EK6R,Corliss Cosme,GTX Basic,Silis,Lost,2017-07-07,2017-07-14,0.0,medical,1994-01-01,2818.38,6290.0,United States,GTX,550.0,Cara Losch,East
GE5SORJX,Corliss Cosme,GTX Plus Pro,Kan-code,Won,2017-07-07,2017-09-17,5666.0,software,1982-01-01,11698.03,34288.0,United States,GTX,5482.0,Cara Losch,East
03O9FNTZ,Daniell Hammack,GTX Plus Basic,Bluth Company,Won,2017-07-07,2017-07-09,1107.0,technolgy,1993-01-01,1242.32,3027.0,United States,GTX,1096.0,Rocco Neubert,East
M6J6VNVQ,Donn Cantrell,GTX Basic,Ontomedia,Won,2017-07-07,2017-09-08,498.0,employment,1997-01-01,882.12,2769.0,United States,GTX,550.0,Rocco Neubert,East
S767XDO3,Elease Gluck,MG Advanced,Hatfan,Lost,2017-07-07,2017-09-07,0.0,services,1982-01-01,792.46,1299.0,United States,MG,3393.0,Celia Rouche,West
ZPKCSV3R,Jonathan Berthelot,MG Special,Dontechi,Won,2017-07-07,2017-07-11,64.0,software,1982-01-01,4618.0,10083.0,United States,MG,55.0,Melvin Marxen,Central
CLA3RTMS,Kami Bicknell,MG Advanced,Xx-holding,Lost,2017-07-07,2017-07-09,0.0,finance,1993-01-01,7537.24,20293.0,United States,MG,3393.0,Summer Sewald,West
K1K48OTP,Kary Hendrixson,GTX Plus Pro,Conecom,Engaging,2017-07-07,,,technolgy,2005-01-01,1520.66,1806.0,United States,GTX,5482.0,Summer Sewald,West
OJWV4RT2,Kary Hendrixson,GTX Basic,Konex,Lost,2017-07-07,2017-07-09,0.0,technolgy,1980-01-01,7708.38,13756.0,United States,GTX,550.0,Summer Sewald,West
PMQCN4PR,Kary Hendrixson,GTX Basic,Finjob,Won,2017-07-07,2017-07-09,565.0,employment,1988-01-01,2059.9,3644.0,United States,GTX,550.0,Summer Sewald,West
CBIFB5BB,Kary Hendrixson,GTX Basic,Kan-code,Won,2017-07-07,2017-07-17,579.0,software,1982-01-01,11698.03,34288.0,United States,GTX,550.0,Summer Sewald,West
BSVZWUXR,Lajuana Vencill,MG Special,Hottechi,Won,2017-07-07,2017-09-11,56.0,technolgy,1997-01-01,8170.38,16499.0,Korea,MG,55.0,Dustin Brinkmann,Central
LN9NU0A8,Marty Freudenburg,GTX Plus Basic,Inity,Won,2017-07-07,2017-07-17,1193.0,marketing,1986-01-01,2403.58,8801.0,United States,GTX,1096.0,Melvin Marxen,Central
KD27RNU9,Moses Frase,GTX Basic,Scottech,Lost,2017-07-07,2017-07-15,0.0,marketing,2012-01-01,45.39,100.0,United States,GTX,550.0,Dustin Brinkmann,Central
FN50OJHN,Niesha Huffines,GTX Plus Basic,Betatech,Won,2017-07-07,2017-07-11,1088.0,medical,1986-01-01,647.18,1185.0,Kenya,GTX,1096.0,Melvin Marxen,Central
YA68AAQK,Reed Clapper,GTX Plus Basic,Xx-zobam,Lost,2017-07-07,2017-09-17,0.0,entertainment,1989-01-01,3838.39,8274.0,United States,GTX,1096.0,Rocco Neubert,East
90K2ZTKB,Rosalina Dieter,MG Special,Xx-holding,Won,2017-07-07,2017-09-11,58.0,finance,1993-01-01,7537.24,20293.0,United States,MG,55.0,Celia Rouche,West
1M0THQSZ,Vicki Laflamme,MG Advanced,Golddex,Lost,2017-07-07,2017-07-09,0.0,finance,2008-01-01,52.5,165.0,United States,MG,3393.0,Celia Rouche,West
Y1GEH2EG,Vicki Laflamme,GTX Plus Pro,Green-Plus,Won,2017-07-07,2017-07-13,4466.0,services,2003-01-01,692.19,1922.0,United States,GTX,5482.0,Celia Rouche,West
593L4BNI,Violet Mclelland,GTX Basic,Kinnamplus,Lost,2017-07-07,2017-07-14,0.0,retail,2004-01-01,702.72,1831.0,United States,GTX,550.0,Cara Losch,East
83EZC8YK,Violet Mclelland,MG Advanced,Xx-zobam,Lost,2017-07-07,2017-07-15,0.0,entertainment,1989-01-01,3838.39,8274.0,United States,MG,3393.0,Cara Losch,East
4MTCQ31T,Anna Snelling,MG Special,Gogozoom,Won,2017-07-08,2017-11-06,55.0,telecommunications,2007-01-01,86.68,187.0,United States,MG,55.0,Dustin Brinkmann,Central
QU220OFI,Boris Faz,GTX Basic,Finhigh,Engaging,2017-07-08,,,finance,2006-01-01,1102.43,1759.0,United States,GTX,550.0,Rocco Neubert,East
TJYNW3C7,Cassey Cress,GTX Plus Basic,Donware,Lost,2017-07-08,2017-07-15,0.0,marketing,1999-01-01,1197.44,2570.0,United States,GTX,1096.0,Rocco Neubert,East
COGZW25D,Cassey Cress,GTX Plus Basic,Konex,Won,2017-07-08,2017-07-16,861.0,technolgy,1980-01-01,7708.38,13756.0,United States,GTX,1096.0,Rocco Neubert,East
B3A6VXVQ,Corliss Cosme,GTX Basic,Acme Corporation,Engaging,2017-07-08,,,technolgy,1996-01-01,1100.04,2822.0,United States,GTX,550.0,Cara Losch,East
O83AR1CC,Corliss Cosme,MG Advanced,Plussunin,Lost,2017-07-08,2017-07-09,0.0,retail,2003-01-01,1419.98,4018.0,United States,MG,3393.0,Cara Losch,East
J03H7OQF,Darcel Schlecht,MG Special,Betatech,Won,2017-07-08,2017-07-16,54.0,medical,1986-01-01,647.18,1185.0,Kenya,MG,55.0,Melvin Marxen,Central
DJXM9LIW,Donn Cantrell,GTX Plus Basic,Kinnamplus,Won,2017-07-08,2017-07-14,1020.0,retail,2004-01-01,702.72,1831.0,United States,GTX,1096.0,Rocco Neubert,East
6XH71PH8,Donn Cantrell,GTX Plus Basic,Yearin,Won,2017-07-08,2017-09-28,1136.0,retail,2005-01-01,2261.05,3851.0,United States,GTX,1096.0,Rocco Neubert,East
AW1U6QKR,Donn Cantrell,MG Special,Konex,Won,2017-07-08,2017-07-14,55.0,technolgy,1980-01-01,7708.38,13756.0,United States,MG,55.0,Rocco Neubert,East
GUJNYTXN,Garret Kinder,GTX Basic,Kinnamplus,Won,2017-07-08,2017-07-09,483.0,retail,2004-01-01,702.72,1831.0,United States,GTX,550.0,Cara Losch,East
ELLLRB7A,James Ascencio,GTX Basic,Zoomit,Won,2017-07-08,2017-08-29,587.0,entertainment,1992-01-01,324.19,978.0,United States,GTX,550.0,Summer Sewald,West
F4EHCQIC,James Ascencio,GTX Plus Pro,Kan-code,Won,2017-07-08,2017-07-16,5284.0,software,1982-01-01,11698.03,34288.0,United States,GTX,5482.0,Summer Sewald,West
EHC9KQDN,Jonathan Berthelot,GTX Basic,Scottech,Lost,2017-07-08,2017-07-09,0.0,marketing,2012-01-01,45.39,100.0,United States,GTX,550.0,Melvin Marxen,Central
MBLFZPU2,Jonathan Berthelot,GTX Basic,Warephase,Lost,2017-07-08,2017-09-12,0.0,services,1997-01-01,2041.73,5276.0,United States,GTX,550.0,Melvin Marxen,Central
L0SOZL9A,Kary Hendrixson,MG Advanced,Y-corporation,Lost,2017-07-08,2017-09-28,0.0,employment,1983-01-01,2871.35,9561.0,United States,MG,3393.0,Summer Sewald,West
00XBYXIB,Kary Hendrixson,GTX Plus Basic,Green-Plus,Won,2017-07-08,2017-07-09,993.0,services,2003-01-01,692.19,1922.0,United States,GTX,1096.0,Summer Sewald,West
ASN7OCWQ,Markita Hansen,GTX Basic,Groovestreet,Lost,2017-07-08,2017-07-15,0.0,retail,2003-01-01,223.8,299.0,United States,GTX,550.0,Celia Rouche,West
0YPN92QB,Rosalina Dieter,MG Special,Y-corporation,Lost,2017-07-08,2017-07-10,0.0,employment,1983-01-01,2871.35,9561.0,United States,MG,55.0,Celia Rouche,West
UIA0FO51,Rosie Papadopoulos,MG Advanced,Xx-zobam,Won,2017-07-08,2017-07-09,3569.0,entertainment,1989-01-01,3838.39,8274.0,United States,MG,3393.0,Cara Losch,East
48J7F1A2,Vicki Laflamme,MG Advanced,Hottechi,Won,2017-07-08,2017-08-31,3276.0,technolgy,1997-01-01,8170.38,16499.0,Korea,MG,3393.0,Celia Rouche,West
D193SPY4,Violet Mclelland,MG Special,Plussunin,Engaging,2017-07-08,,,retail,2003-01-01,1419.98,4018.0,United States,MG,55.0,Cara Losch,East
SFIMNCPZ,Violet Mclelland,MG Advanced,Mathtouch,Lost,2017-07-08,2017-07-10,0.0,marketing,1984-01-01,3027.46,9516.0,Jordan,MG,3393.0,Cara Losch,East
57NT8T8S,Zane Levy,GTX Basic,Finjob,Lost,2017-07-08,2017-07-16,0.0,employment,1988-01-01,2059.9,3644.0,United States,GTX,550.0,Summer Sewald,West
7GLF1GBJ,Zane Levy,GTX Plus Basic,Green-Plus,Lost,2017-07-08,2017-07-16,0.0,services,2003-01-01,692.19,1922.0,United States,GTX,1096.0,Summer Sewald,West
YST07PM6,Zane Levy,GTX Plus Pro,Doncon,Lost,2017-07-08,2017-07-17,0.0,technolgy,2010-01-01,587.72,1501.0,United States,GTX,5482.0,Summer Sewald,West
HPU7RQG6,Zane Levy,GTX Plus Pro,Rantouch,Lost,2017-07-08,2017-07-15,0.0,telecommunications,1994-01-01,1188.42,3015.0,United States,GTX,5482.0,Summer Sewald,West
045D5MZO,Zane Levy,GTX Plus Pro,Kan-code,Won,2017-07-08,2017-07-17,5576.0,software,1982-01-01,11698.03,34288.0,United States,GTX,5482.0,Summer Sewald,West
K1UREXI5,Anna Snelling,GTX Basic,Genco Pura Olive Oil Company,Won,2017-07-09,2017-09-16,460.0,retail,2007-01-01,894.33,1635.0,Italy,GTX,550.0,Dustin Brinkmann,Central
M7Y1LHHA,Boris Faz,GTX Basic,Zathunicon,Won,2017-07-09,2017-07-16,457.0,retail,2010-01-01,71.12,144.0,United States,GTX,550.0,Rocco Neubert,East
WP6SUIMC,Cassey Cress,MG Advanced,Silis,Lost,2017-07-09,2017-07-15,0.0,medical,1994-01-01,2818.38,6290.0,United States,MG,3393.0,Rocco Neubert,East
SGI5I4X1,Corliss Cosme,GTX Basic,Gekko & Co,Won,2017-07-09,2017-07-10,665.0,retail,1990-01-01,2520.83,3502.0,United States,GTX,550.0,Cara Losch,East
U07VUUGP,Corliss Cosme,GTX Plus Basic,Zathunicon,Won,2017-07-09,2017-07-15,1122.0,retail,2010-01-01,71.12,144.0,United States,GTX,1096.0,Cara Losch,East
SEC6K7X2,Corliss Cosme,GTX Plus Pro,Umbrella Corporation,Won,2017-07-09,2017-07-18,5578.0,finance,1998-01-01,2022.14,5113.0,United States,GTX,5482.0,Cara Losch,East
MXVBWIE5,Darcel Schlecht,GTX Basic,Rundofase,Won,2017-07-09,2017-09-08,460.0,technolgy,1983-01-01,1008.06,1238.0,United States,GTX,550.0,Melvin Marxen,Central
794F5VJB,Donn Cantrell,GTX Plus Basic,Donware,Won,2017-07-09,2017-08-31,1133.0,marketing,1999-01-01,1197.44,2570.0,United States,GTX,1096.0,Rocco Neubert,East
TNEB1XNK,Donn Cantrell,GTX Plus Basic,Gekko & Co,Won,2017-07-09,2017-09-18,1194.0,retail,1990-01-01,2520.83,3502.0,United States,GTX,1096.0,Rocco Neubert,East
P60PIE95,Donn Cantrell,GTX Plus Pro,Yearin,Won,2017-07-09,2017-09-16,5861.0,retail,2005-01-01,2261.05,3851.0,United States,GTX,5482.0,Rocco Neubert,East
QKOAWRXD,Gladys Colclough,GTX Basic,Dontechi,Lost,2017-07-09,2017-07-17,0.0,software,1982-01-01,4618.0,10083.0,United States,GTX,550.0,Melvin Marxen,Central
NC7V5K1T,Gladys Colclough,GTX Plus Basic,Stanredtax,Won,2017-07-09,2017-08-28,1194.0,finance,1987-01-01,1698.2,3798.0,United States,GTX,1096.0,Melvin Marxen,Central
0CTHPQGT,Jonathan Berthelot,MG Special,Cancity,Won,2017-07-09,2017-07-19,53.0,retail,2001-01-01,718.62,2448.0,United States,MG,55.0,Melvin Marxen,Central
N9KFOKLS,Kami Bicknell,GTX Basic,Sonron,Lost,2017-07-09,2017-07-14,0.0,telecommunications,1999-01-01,1699.85,5108.0,United States,GTX,550.0,Summer Sewald,West
02SSRMSA,Lajuana Vencill,GTX Plus Basic,Inity,Won,2017-07-09,2017-07-13,1192.0,marketing,1986-01-01,2403.58,8801.0,United States,GTX,1096.0,Dustin Brinkmann,Central
HBJPBF3P,Marty Freudenburg,MG Special,Conecom,Won,2017-07-09,2017-09-01,54.0,technolgy,2005-01-01,1520.66,1806.0,United States,MG,55.0,Melvin Marxen,Central
E6D2DBXF,Moses Frase,MG Advanced,Ron-tech,Lost,2017-07-09,2017-07-13,0.0,medical,1992-01-01,3922.42,6837.0,United States,MG,3393.0,Dustin Brinkmann,Central
OUMM04QV,Moses Frase,GTX Plus Pro,Warephase,Won,2017-07-09,2017-07-18,4651.0,services,1997-01-01,2041.73,5276.0,United States,GTX,5482.0,Dustin Brinkmann,Central
TZQWGMG7,Niesha Huffines,GTX Plus Pro,Rangreen,Lost,2017-07-09,2017-07-19,0.0,technolgy,1987-01-01,2938.67,8775.0,Panama,GTX,5482.0,Melvin Marxen,Central
66KFPHBT,Niesha Huffines,GTX Plus Pro,Betatech,Won,2017-07-09,2017-09-24,5944.0,medical,1986-01-01,647.18,1185.0,Kenya,GTX,5482.0,Melvin Marxen,Central
WL4TLMUC,Reed Clapper,MG Advanced,Gekko & Co,Lost,2017-07-09,2017-07-17,0.0,retail,1990-01-01,2520.83,3502.0,United States,MG,3393.0,Rocco Neubert,East
HXMJ5048,Vicki Laflamme,MG Advanced,Green-Plus,Lost,2017-07-09,2017-07-17,0.0,services,2003-01-01,692.19,1922.0,United States,MG,3393.0,Celia Rouche,West
6178B4JM,Anna Snelling,GTX Plus Basic,Domzoom,Won,2017-07-10,2017-07-17,962.0,entertainment,1998-01-01,217.87,551.0,United States,GTX,1096.0,Dustin Brinkmann,Central
WC7KCJ2N,Boris Faz,GTX Plus Basic,Silis,Won,2017-07-10,2017-07-21,1063.0,medical,1994-01-01,2818.38,6290.0,United States,GTX,1096.0,Rocco Neubert,East
5GBVA3ZZ,Cassey Cress,MG Advanced,Zencorporation,Lost,2017-07-10,2017-07-23,0.0,technolgy,2011-01-01,40.79,142.0,China,MG,3393.0,Rocco Neubert,East
B7WWPCO6,Cecily Lampkin,GTX Basic,Gogozoom,Lost,2017-07-10,2017-07-23,0.0,telecommunications,2007-01-01,86.68,187.0,United States,GTX,550.0,Dustin Brinkmann,Central
152DN1FE,Darcel Schlecht,GTX Plus Basic,Cancity,Lost,2017-07-10,2017-07-12,0.0,retail,2001-01-01,718.62,2448.0,United States,GTX,1096.0,Melvin Marxen,Central
3NJHQZT6,Darcel Schlecht,MG Special,Streethex,Lost,2017-07-10,2017-07-17,0.0,retail,1988-01-01,1376.8,1165.0,Belgium,MG,55.0,Melvin Marxen,Central
9GOWJ93R,Darcel Schlecht,MG Advanced,Domzoom,Won,2017-07-10,2017-09-03,2572.0,entertainment,1998-01-01,217.87,551.0,United States,MG,3393.0,Melvin Marxen,Central
L9F6QP4P,Gladys Colclough,MG Advanced,Isdom,Won,2017-07-10,2017-07-19,3230.0,medical,2002-01-01,3178.24,4540.0,United States,MG,3393.0,Melvin Marxen,Central
1D5AYQO6,Hayden Neloms,MG Special,Condax,Won,2017-07-10,2017-07-19,59.0,medical,2017-01-01,4.54,9.0,United States,MG,55.0,Celia Rouche,West
6WR7JQ3C,James Ascencio,MG Advanced,Labdrill,Won,2017-07-10,2017-11-03,3624.0,medical,1985-01-01,2741.37,9226.0,United States,MG,3393.0,Summer Sewald,West
Y2XXRYMX,Kami Bicknell,GTX Plus Basic,Labdrill,Lost,2017-07-10,2017-11-11,0.0,medical,1985-01-01,2741.37,9226.0,United States,GTX,1096.0,Summer Sewald,West
MN34I4DD,Kami Bicknell,GTX Plus Pro,Hatfan,Won,2017-07-10,2017-09-22,5848.0,services,1982-01-01,792.46,1299.0,United States,GTX,5482.0,Summer Sewald,West
9CQ6TMET,Kami Bicknell,MG Special,Dalttechnology,Won,2017-07-10,2017-07-11,42.0,software,2013-01-01,98.79,96.0,United States,MG,55.0,Summer Sewald,West
N54HHLC4,Kary Hendrixson,GTX Plus Pro,Sunnamplex,Lost,2017-07-10,2017-07-12,0.0,marketing,2008-01-01,894.37,1593.0,Poland,GTX,5482.0,Summer Sewald,West
9USDNUBL,Markita Hansen,GTX Plus Pro,Hatfan,Lost,2017-07-10,2017-08-29,0.0,services,1982-01-01,792.46,1299.0,United States,GTX,5482.0,Celia Rouche,West
Q82O5QTN,Marty Freudenburg,MG Advanced,Rangreen,Lost,2017-07-10,2017-07-12,0.0,technolgy,1987-01-01,2938.67,8775.0,Panama,MG,3393.0,Melvin Marxen,Central
2HVDAY4L,Moses Frase,MG Special,Cancity,Lost,2017-07-10,2017-07-21,0.0,retail,2001-01-01,718.62,2448.0,United States,MG,55.0,Dustin Brinkmann,Central
0FGWN6O0,Moses Frase,GTX Basic,Isdom,Won,2017-07-10,2017-07-19,588.0,medical,2002-01-01,3178.24,4540.0,United States,GTX,550.0,Dustin Brinkmann,Central
FQXZBTEG,Reed Clapper,GTX Plus Basic,Zencorporation,Lost,2017-07-10,2017-07-18,0.0,technolgy,2011-01-01,40.79,142.0,China,GTX,1096.0,Rocco Neubert,East
8IGYTN3H,Reed Clapper,MG Special,Yearin,Won,2017-07-10,2017-07-17,54.0,retail,2005-01-01,2261.05,3851.0,United States,MG,55.0,Rocco Neubert,East
7O2ISWVB,Zane Levy,GTX Plus Pro,Plexzap,Lost,2017-07-10,2017-07-15,0.0,retail,2001-01-01,2437.85,4874.0,United States,GTX,5482.0,Summer Sewald,West
QUAD5082,Boris Faz,MG Advanced,Konex,Lost,2017-07-11,2017-07-21,0.0,technolgy,1980-01-01,7708.38,13756.0,United States,MG,3393.0,Rocco Neubert,East
P6H45Y25,Cecily Lampkin,GTX Basic,Scottech,Lost,2017-07-11,2017-09-16,0.0,marketing,2012-01-01,45.39,100.0,United States,GTX,550.0,Dustin Brinkmann,Central
28EVFB8G,Cecily Lampkin,GTX Plus Basic,Treequote,Lost,2017-07-11,2017-07-13,0.0,telecommunications,1988-01-01,5266.09,8595.0,United States,GTX,1096.0,Dustin Brinkmann,Central
VV5LDD24,Corliss Cosme,MG Advanced,Silis,Lost,2017-07-11,2017-07-13,0.0,medical,1994-01-01,2818.38,6290.0,United States,MG,3393.0,Cara Losch,East
DKUVKTIT,Daniell Hammack,GTX Plus Pro,Initech,Won,2017-07-11,2017-07-19,4881.0,telecommunications,1994-01-01,6395.05,20275.0,United States,GTX,5482.0,Rocco Neubert,East
OYUUU6B9,Darcel Schlecht,GTX Basic,Bioholding,Lost,2017-07-11,2017-11-09,0.0,medical,2012-01-01,587.34,1356.0,Philipines,GTX,550.0,Melvin Marxen,Central
X2EH33CU,Gladys Colclough,MG Advanced,Genco Pura Olive Oil Company,Won,2017-07-11,2017-07-12,2878.0,retail,2007-01-01,894.33,1635.0,Italy,MG,3393.0,Melvin Marxen,Central
GNT6EM5M,Hayden Neloms,MG Special,Xx-holding,Lost,2017-07-11,2017-07-12,0.0,finance,1993-01-01,7537.24,20293.0,United States,MG,55.0,Celia Rouche,West
U3ZMURXR,Hayden Neloms,MG Advanced,Finjob,Won,2017-07-11,2017-09-08,3121.0,employment,1988-01-01,2059.9,3644.0,United States,MG,3393.0,Celia Rouche,West
4UTOXXV4,James Ascencio,GTX Plus Pro,Golddex,Lost,2017-07-11,2017-07-12,0.0,finance,2008-01-01,52.5,165.0,United States,GTX,5482.0,Summer Sewald,West
KHWG1W75,James Ascencio,MG Special,Goodsilron,Won,2017-07-11,2017-07-18,57.0,marketing,2000-01-01,2952.73,5107.0,United States,MG,55.0,Summer Sewald,West
MWAW08I7,Jonathan Berthelot,GTX Basic,Treequote,Won,2017-07-11,2017-07-12,576.0,telecommunications,1988-01-01,5266.09,8595.0,United States,GTX,550.0,Melvin Marxen,Central
0QV1LRME,Jonathan Berthelot,GTX Plus Basic,Konmatfix,Won,2017-07-11,2017-07-18,1258.0,marketing,1985-01-01,375.43,1190.0,United States,GTX,1096.0,Melvin Marxen,Central
63GAY8GB,Kami Bicknell,GTX Plus Basic,Singletechno,Lost,2017-07-11,2017-08-22,0.0,retail,1996-01-01,2214.94,5374.0,United States,GTX,1096.0,Summer Sewald,West
GXHAIS33,Kary Hendrixson,GTX Basic,Doncon,Lost,2017-07-11,2017-09-29,0.0,technolgy,2010-01-01,587.72,1501.0,United States,GTX,550.0,Summer Sewald,West
VBRZZAP8,Kary Hendrixson,GTX Basic,Hottechi,Won,2017-07-11,2017-07-20,491.0,technolgy,1997-01-01,8170.38,16499.0,Korea,GTX,550.0,Summer Sewald,West
JR76K5YA,Markita Hansen,GTX Basic,Sunnamplex,Won,2017-07-11,2017-08-23,494.0,marketing,2008-01-01,894.37,1593.0,Poland,GTX,550.0,Celia Rouche,West
RGUC0V54,Maureen Marcano,GTX Plus Basic,Zoomit,Won,2017-07-11,2017-09-19,882.0,entertainment,1992-01-01,324.19,978.0,United States,GTX,1096.0,Summer Sewald,West
M93A8LTF,Reed Clapper,GTX Plus Basic,Konex,Won,2017-07-11,2017-07-20,1076.0,technolgy,1980-01-01,7708.38,13756.0,United States,GTX,1096.0,Rocco Neubert,East
CQW6TYOX,Rosalina Dieter,GTK 500,Cheers,Lost,2017-07-11,2017-07-18,0.0,entertainment,1993-01-01,4269.9,6472.0,United States,GTK,26768.0,Celia Rouche,West
P7H8UY1P,Rosalina Dieter,MG Special,Dalttechnology,Lost,2017-07-11,2017-09-21,0.0,software,2013-01-01,98.79,96.0,United States,MG,55.0,Celia Rouche,West
6XLFG3VK,Rosalina Dieter,MG Special,Zoomit,Won,2017-07-11,2017-07-19,57.0,entertainment,1992-01-01,324.19,978.0,United States,MG,55.0,Celia Rouche,West
9ZPY98PB,Vicki Laflamme,GTX Basic,Nam-zim,Lost,2017-07-11,2017-07-13,0.0,services,1987-01-01,405.59,1179.0,Brazil,GTX,550.0,Celia Rouche,West
YRXDI9E8,Vicki Laflamme,MG Advanced,Cheers,Lost,2017-07-11,2017-11-05,0.0,entertainment,1993-01-01,4269.9,6472.0,United States,MG,3393.0,Celia Rouche,West
1JB82QZ0,Vicki Laflamme,MG Advanced,Sonron,Lost,2017-07-11,2017-07-12,0.0,telecommunications,1999-01-01,1699.85,5108.0,United States,MG,3393.0,Celia Rouche,West
G5GPTVMU,Anna Snelling,GTX Plus Basic,Bioholding,Lost,2017-07-12,2017-08-31,0.0,medical,2012-01-01,587.34,1356.0,Philipines,GTX,1096.0,Dustin Brinkmann,Central
856VG3CS,Boris Faz,GTX Plus Basic,Plussunin,Won,2017-07-12,2017-09-28,1100.0,retail,2003-01-01,1419.98,4018.0,United States,GTX,1096.0,Rocco Neubert,East
J80ZEYYM,Cassey Cress,MG Advanced,Donquadtech,Won,2017-07-12,2017-09-18,3630.0,technolgy,1992-01-01,1712.68,3194.0,United States,MG,3393.0,Rocco Neubert,East
X9HFP474,Daniell Hammack,GTX Basic,Dontechi,Engaging,2017-07-12,,,software,1982-01-01,4618.0,10083.0,United States,GTX,550.0,Rocco Neubert,East
3S73ZUQH,Darcel Schlecht,MG Advanced,Betatech,Lost,2017-07-12,2017-07-21,0.0,medical,1986-01-01,647.18,1185.0,Kenya,MG,3393.0,Melvin Marxen,Central
JUU6C7NO,Donn Cantrell,GTX Plus Basic,Ontomedia,Lost,2017-07-12,2017-09-27,0.0,employment,1997-01-01,882.12,2769.0,United States,GTX,1096.0,Rocco Neubert,East
8SNDBWPP,Donn Cantrell,GTX Plus Pro,Massive Dynamic,Lost,2017-07-12,2017-09-28,0.0,entertainment,1989-01-01,665.06,1095.0,United States,GTX,5482.0,Rocco Neubert,East
YNYZNOWR,Hayden Neloms,MG Advanced,Cheers,Lost,2017-07-12,2017-07-25,0.0,entertainment,1993-01-01,4269.9,6472.0,United States,MG,3393.0,Celia Rouche,West
HUNM56HY,Hayden Neloms,MG Advanced,Sunnamplex,Won,2017-07-12,2017-07-23,3741.0,marketing,2008-01-01,894.37,1593.0,Poland,MG,3393.0,Celia Rouche,West
SIONXEMH,Hayden Neloms,MG Advanced,Y-corporation,Won,2017-07-12,2017-07-14,2905.0,employment,1983-01-01,2871.35,9561.0,United States,MG,3393.0,Celia Rouche,West
JX08Z5L5,James Ascencio,GTX Plus Basic,Singletechno,Lost,2017-07-12,2017-07-25,0.0,retail,1996-01-01,2214.94,5374.0,United States,GTX,1096.0,Summer Sewald,West
BUJ1TX7Y,Maureen Marcano,GTX Plus Basic,Finjob,Won,2017-07-12,2017-09-14,1023.0,employment,1988-01-01,2059.9,3644.0,United States,GTX,1096.0,Summer Sewald,West
6C70OX62,Maureen Marcano,MG Advanced,Y-corporation,Won,2017-07-12,2017-09-24,3257.0,employment,1983-01-01,2871.35,9561.0,United States,MG,3393.0,Summer Sewald,West
V9WVYEE9,Moses Frase,GTX Plus Pro,Codehow,Lost,2017-07-12,2017-07-20,0.0,software,1998-01-01,2714.9,2641.0,United States,GTX,5482.0,Dustin Brinkmann,Central
3N6BHLN6,Niesha Huffines,GTX Plus Basic,Streethex,Won,2017-07-12,2017-08-20,960.0,retail,1988-01-01,1376.8,1165.0,Belgium,GTX,1096.0,Melvin Marxen,Central
32K5LEDV,Reed Clapper,GTX Plus Pro,Silis,Won,2017-07-12,2017-07-18,5538.0,medical,1994-01-01,2818.38,6290.0,United States,GTX,5482.0,Rocco Neubert,East
XW1ONOVO,Boris Faz,MG Advanced,Kan-code,Won,2017-07-13,2017-07-23,3420.0,software,1982-01-01,11698.03,34288.0,United States,MG,3393.0,Rocco Neubert,East
P7AX4B3N,Elease Gluck,MG Special,Sonron,Lost,2017-07-13,2017-07-24,0.0,telecommunications,1999-01-01,1699.85,5108.0,United States,MG,55.0,Celia Rouche,West
QF1I965E,Garret Kinder,MG Advanced,Mathtouch,Won,2017-07-13,2017-09-30,3340.0,marketing,1984-01-01,3027.46,9516.0,Jordan,MG,3393.0,Cara Losch,East
P93UCMW8,Hayden Neloms,MG Advanced,Hottechi,Lost,2017-07-13,2017-07-15,0.0,technolgy,1997-01-01,8170.38,16499.0,Korea,MG,3393.0,Celia Rouche,West
YKBRF0NG,Kary Hendrixson,GTX Plus Basic,Nam-zim,Won,2017-07-13,2017-08-09,1014.0,services,1987-01-01,405.59,1179.0,Brazil,GTX,1096.0,Summer Sewald,West
OP2DIRC2,Lajuana Vencill,GTX Basic,Inity,Won,2017-07-13,2017-07-19,536.0,marketing,1986-01-01,2403.58,8801.0,United States,GTX,550.0,Dustin Brinkmann,Central
VIHXI2JA,Markita Hansen,GTX Plus Basic,Konex,Lost,2017-07-13,2017-07-14,0.0,technolgy,1980-01-01,7708.38,13756.0,United States,GTX,1096.0,Celia Rouche,West
IC4J0BIZ,Niesha Huffines,GTX Basic,Codehow,Won,2017-07-13,2017-07-24,550.0,software,1998-01-01,2714.9,2641.0,United States,GTX,550.0,Melvin Marxen,Central
BNMJAOF4,Niesha Huffines,GTX Basic,Gogozoom,Won,2017-07-13,2017-09-28,469.0,telecommunications,2007-01-01,86.68,187.0,United States,GTX,550.0,Melvin Marxen,Central
VSWHUBD0,Niesha Huffines,GTX Basic,Ron-tech,Won,2017-07-13,2017-07-14,585.0,medical,1992-01-01,3922.42,6837.0,United States,GTX,550.0,Melvin Marxen,Central
7ZWN0JO9,Niesha Huffines,GTX Plus Basic,Scottech,Won,2017-07-13,2017-08-29,943.0,marketing,2012-01-01,45.39,100.0,United States,GTX,1096.0,Melvin Marxen,Central
KLPVD6LR,Reed Clapper,GTX Basic,Bioplex,Lost,2017-07-13,2017-07-21,0.0,medical,1991-01-01,326.82,1016.0,United States,GTX,550.0,Rocco Neubert,East
U3M8XTMY,Reed Clapper,GTX Plus Basic,Plussunin,Won,2017-07-13,2017-08-01,1319.0,retail,2003-01-01,1419.98,4018.0,United States,GTX,1096.0,Rocco Neubert,East
SPUXDRGN,Vicki Laflamme,MG Advanced,Kan-code,Lost,2017-07-13,2017-08-28,0.0,software,1982-01-01,11698.03,34288.0,United States,MG,3393.0,Celia Rouche,West
PDIYRBQJ,Zane Levy,GTX Plus Basic,Lexiqvolax,Lost,2017-07-13,2017-07-15,0.0,medical,2004-01-01,1618.89,3889.0,United States,GTX,1096.0,Summer Sewald,West
185PGG0J,Anna Snelling,MG Special,Treequote,Won,2017-07-14,2017-07-17,44.0,telecommunications,1988-01-01,5266.09,8595.0,United States,MG,55.0,Dustin Brinkmann,Central
QQ5LW9HV,Boris Faz,MG Advanced,Plussunin,Lost,2017-07-14,2017-07-26,0.0,retail,2003-01-01,1419.98,4018.0,United States,MG,3393.0,Rocco Neubert,East
GFMLCHB0,Cassey Cress,GTX Plus Basic,Zathunicon,Lost,2017-07-14,2017-07-21,0.0,retail,2010-01-01,71.12,144.0,United States,GTX,1096.0,Rocco Neubert,East
TFS537LA,Cassey Cress,GTX Plus Pro,Iselectrics,Lost,2017-07-14,2017-07-15,0.0,technolgy,2011-01-01,527.11,1428.0,United States,GTX,5482.0,Rocco Neubert,East
2X86737Q,Cecily Lampkin,GTX Plus Pro,Inity,Won,2017-07-14,2017-07-16,5537.0,marketing,1986-01-01,2403.58,8801.0,United States,GTX,5482.0,Dustin Brinkmann,Central
HSZOPWWT,Corliss Cosme,GTX Basic,Donware,Won,2017-07-14,2017-09-15,530.0,marketing,1999-01-01,1197.44,2570.0,United States,GTX,550.0,Cara Losch,East
1KVGSF08,Corliss Cosme,GTX Plus Pro,Konex,Won,2017-07-14,2017-09-23,4989.0,technolgy,1980-01-01,7708.38,13756.0,United States,GTX,5482.0,Cara Losch,East
UDFMSH1S,Darcel Schlecht,GTX Plus Pro,Streethex,Lost,2017-07-14,2017-07-25,0.0,retail,1988-01-01,1376.8,1165.0,Belgium,GTX,5482.0,Melvin Marxen,Central
516C0X9F,Darcel Schlecht,GTX Plus Basic,Statholdings,Won,2017-07-14,2017-07-26,1144.0,employment,1997-01-01,291.27,586.0,United States,GTX,1096.0,Melvin Marxen,Central
DPAEMTHC,Donn Cantrell,GTX Basic,Konex,Lost,2017-07-14,2017-07-15,0.0,technolgy,1980-01-01,7708.38,13756.0,United States,GTX,550.0,Rocco Neubert,East
A6T69X6T,Elease Gluck,MG Advanced,Xx-holding,Lost,2017-07-14,2017-09-08,0.0,finance,1993-01-01,7537.24,20293.0,United States,MG,3393.0,Celia Rouche,West
DDD515FB,Hayden Neloms,MG Advanced,Xx-holding,Won,2017-07-14,2017-07-15,3362.0,finance,1993-01-01,7537.24,20293.0,United States,MG,3393.0,Celia Rouche,West
8M6TB2ZX,James Ascencio,GTX Plus Pro,Goodsilron,Won,2017-07-14,2017-07-21,5013.0,marketing,2000-01-01,2952.73,5107.0,United States,GTX,5482.0,Summer Sewald,West
BABQISCH,Kami Bicknell,GTX Basic,Hatfan,Lost,2017-07-14,2017-07-15,0.0,services,1982-01-01,792.46,1299.0,United States,GTX,550.0,Summer Sewald,West
T46KPPNB,Kary Hendrixson,GTX Plus Basic,Blackzim,Lost,2017-07-14,2017-07-16,0.0,retail,2009-01-01,497.11,1588.0,United States,GTX,1096.0,Summer Sewald,West
9CE6F4NZ,Kary Hendrixson,GTX Basic,Plusstrip,Won,2017-07-14,2017-08-27,431.0,entertainment,2002-01-01,349.81,315.0,United States,GTX,550.0,Summer Sewald,West
7JBR36G8,Lajuana Vencill,GTX Basic,Genco Pura Olive Oil Company,Won,2017-07-14,2017-07-16,579.0,retail,2007-01-01,894.33,1635.0,Italy,GTX,550.0,Dustin Brinkmann,Central
EYTBRK2B,Lajuana Vencill,MG Advanced,Warephase,Won,2017-07-14,2017-07-24,3411.0,services,1997-01-01,2041.73,5276.0,United States,MG,3393.0,Dustin Brinkmann,Central
KFXZNC4N,Markita Hansen,MG Special,Xx-holding,Lost,2017-07-14,2017-09-11,0.0,finance,1993-01-01,7537.24,20293.0,United States,MG,55.0,Celia Rouche,West
SJ62BMK5,Markita Hansen,MG Advanced,Plusstrip,Won,2017-07-14,2017-07-15,3973.0,entertainment,2002-01-01,349.81,315.0,United States,MG,3393.0,Celia Rouche,West
YDJV1DFE,Niesha Huffines,MG Advanced,Ron-tech,Lost,2017-07-14,2017-11-09,0.0,medical,1992-01-01,3922.42,6837.0,United States,MG,3393.0,Melvin Marxen,Central
GHDAXC7T,Reed Clapper,GTX Plus Basic,Zathunicon,Won,2017-07-14,2017-07-15,1029.0,retail,2010-01-01,71.12,144.0,United States,GTX,1096.0,Rocco Neubert,East
FQQ2JJZ1,Rosie Papadopoulos,MG Special,Gekko & Co,Won,2017-07-14,2017-07-23,59.0,retail,1990-01-01,2520.83,3502.0,United States,MG,55.0,Cara Losch,East
NCJJBWU3,Versie Hillebrand,MG Special,Globex Corporation,Lost,2017-07-14,2017-07-22,0.0,technolgy,2000-01-01,1223.72,2497.0,Norway,MG,55.0,Dustin Brinkmann,Central
8SGMUWET,Vicki Laflamme,GTX Basic,Goodsilron,Won,2017-07-14,2017-09-29,534.0,marketing,2000-01-01,2952.73,5107.0,United States,GTX,550.0,Celia Rouche,West
3KVS08NL,Violet Mclelland,MG Special,Iselectrics,Won,2017-07-14,2017-07-15,48.0,technolgy,2011-01-01,527.11,1428.0,United States,MG,55.0,Cara Losch,East
CLIIR1T0,Zane Levy,MG Special,Finjob,Won,2017-07-14,2017-07-25,57.0,employment,1988-01-01,2059.9,3644.0,United States,MG,55.0,Summer Sewald,West
PHXX81YF,Daniell Hammack,GTX Plus Pro,Donware,Lost,2017-07-15,2017-07-17,0.0,marketing,1999-01-01,1197.44,2570.0,United States,GTX,5482.0,Rocco Neubert,East
6K7LDRKR,Darcel Schlecht,GTX Plus Pro,Stanredtax,Won,2017-07-15,2017-11-11,4009.0,finance,1987-01-01,1698.2,3798.0,United States,GTX,5482.0,Melvin Marxen,Central
J6UOUH6Y,Darcel Schlecht,MG Advanced,dambase,Won,2017-07-15,2017-09-03,3255.0,marketing,1995-01-01,2173.98,2928.0,United States,MG,3393.0,Melvin Marxen,Central
2EYTB3PX,Donn Cantrell,MG Advanced,Condax,Won,2017-07-15,2017-07-25,3724.0,medical,2017-01-01,4.54,9.0,United States,MG,3393.0,Rocco Neubert,East
1U945R0D,Elease Gluck,MG Advanced,Dalttechnology,Lost,2017-07-15,2017-07-16,0.0,software,2013-01-01,98.79,96.0,United States,MG,3393.0,Celia Rouche,West
FX4D649Y,Hayden Neloms,GTX Plus Basic,Fasehatice,Lost,2017-07-15,2017-07-24,0.0,retail,1990-01-01,4968.91,7523.0,United States,GTX,1096.0,Celia Rouche,West
4QBSY3CB,James Ascencio,GTX Plus Basic,Golddex,Lost,2017-07-15,2017-08-26,0.0,finance,2008-01-01,52.5,165.0,United States,GTX,1096.0,Summer Sewald,West
ZWVRS27V,Jonathan Berthelot,MG Special,Rundofase,Lost,2017-07-15,2017-11-04,0.0,technolgy,1983-01-01,1008.06,1238.0,United States,MG,55.0,Melvin Marxen,Central
8BBXNESQ,Kary Hendrixson,GTX Plus Pro,Labdrill,Lost,2017-07-15,2017-07-22,0.0,medical,1985-01-01,2741.37,9226.0,United States,GTX,5482.0,Summer Sewald,West
3JJ7YI88,Lajuana Vencill,MG Special,Gogozoom,Lost,2017-07-15,2017-07-16,0.0,telecommunications,2007-01-01,86.68,187.0,United States,MG,55.0,Dustin Brinkmann,Central
AKMDEG3I,Markita Hansen,MG Advanced,Faxquote,Lost,2017-07-15,2017-07-17,0.0,telecommunications,1995-01-01,1825.82,5595.0,United States,MG,3393.0,Celia Rouche,West
568NS3GO,Markita Hansen,MG Advanced,Cheers,Won,2017-07-15,2017-08-27,2791.0,entertainment,1993-01-01,4269.9,6472.0,United States,MG,3393.0,Celia Rouche,West
TQLO6QP6,Niesha Huffines,MG Advanced,Cancity,Won,2017-07-15,2017-09-02,3501.0,retail,2001-01-01,718.62,2448.0,United States,MG,3393.0,Melvin Marxen,Central
DLVEVD9O,Reed Clapper,GTX Plus Pro,Yearin,Lost,2017-07-15,2017-07-27,0.0,retail,2005-01-01,2261.05,3851.0,United States,GTX,5482.0,Rocco Neubert,East
C75RV9DY,Reed Clapper,GTX Basic,Ganjaflex,Won,2017-07-15,2017-07-16,555.0,retail,1995-01-01,5158.71,17479.0,Japan,GTX,550.0,Rocco Neubert,East
EUQCW0ZA,Rosalina Dieter,GTX Basic,Lexiqvolax,Won,2017-07-15,2017-07-23,650.0,medical,2004-01-01,1618.89,3889.0,United States,GTX,550.0,Celia Rouche,West
CEOMZE9H,Vicki Laflamme,GTX Basic,Nam-zim,Lost,2017-07-15,2017-07-26,0.0,services,1987-01-01,405.59,1179.0,Brazil,GTX,550.0,Celia Rouche,West
TT5QRQTF,Vicki Laflamme,MG Special,Konex,Won,2017-07-15,2017-07-21,61.0,technolgy,1980-01-01,7708.38,13756.0,United States,MG,55.0,Celia Rouche,West
5NXD4U83,Vicki Laflamme,MG Special,Newex,Won,2017-07-15,2017-07-17,54.0,services,1991-01-01,1012.72,3492.0,Germany,MG,55.0,Celia Rouche,West
1IL51ZIW,Violet Mclelland,MG Special,Condax,Lost,2017-07-15,2017-07-22,0.0,medical,2017-01-01,4.54,9.0,United States,MG,55.0,Cara Losch,East
CM33NN0P,Wilburn Farren,MG Advanced,Silis,Lost,2017-07-15,2017-07-23,0.0,medical,1994-01-01,2818.38,6290.0,United States,MG,3393.0,Cara Losch,East
P3QQIMTA,Anna Snelling,GTX Basic,Rundofase,Lost,2017-07-16,2017-07-24,0.0,technolgy,1983-01-01,1008.06,1238.0,United States,GTX,550.0,Dustin Brinkmann,Central
WB1CQNJU,Anna Snelling,MG Advanced,Funholding,Lost,2017-07-16,2017-07-17,0.0,finance,1991-01-01,2819.5,7227.0,United States,MG,3393.0,Dustin Brinkmann,Central
OQYDQCTM,Anna Snelling,MG Special,Rangreen,Won,2017-07-16,2017-07-25,59.0,technolgy,1987-01-01,2938.67,8775.0,Panama,MG,55.0,Dustin Brinkmann,Central
ISQJD695,Boris Faz,GTX Basic,Sunnamplex,Engaging,2017-07-16,,,marketing,2008-01-01,894.37,1593.0,Poland,GTX,550.0,Rocco Neubert,East
TWO2Q99P,Cecily Lampkin,GTX Plus Pro,Conecom,Won,2017-07-16,2017-09-30,5753.0,technolgy,2005-01-01,1520.66,1806.0,United States,GTX,5482.0,Dustin Brinkmann,Central
72UVDOKU,Cecily Lampkin,MG Special,Konmatfix,Won,2017-07-16,2017-07-24,62.0,marketing,1985-01-01,375.43,1190.0,United States,MG,55.0,Dustin Brinkmann,Central
DMSQ0TSG,Cecily Lampkin,MG Advanced,Isdom,Won,2017-07-16,2017-08-12,3146.0,medical,2002-01-01,3178.24,4540.0,United States,MG,3393.0,Dustin Brinkmann,Central
FEWIDJGH,Darcel Schlecht,GTX Basic,Rundofase,Won,2017-07-16,2017-07-18,538.0,technolgy,1983-01-01,1008.06,1238.0,United States,GTX,550.0,Melvin Marxen,Central
AUZM3MLU,Darcel Schlecht,GTX Plus Basic,Betatech,Won,2017-07-16,2017-09-18,1071.0,medical,1986-01-01,647.18,1185.0,Kenya,GTX,1096.0,Melvin Marxen,Central
HYP3SXPV,Darcel Schlecht,MG Advanced,Isdom,Won,2017-07-16,2017-08-02,2837.0,medical,2002-01-01,3178.24,4540.0,United States,MG,3393.0,Melvin Marxen,Central
9G93P7SV,Donn Cantrell,MG Advanced,Kan-code,Won,2017-07-16,2017-09-30,3593.0,software,1982-01-01,11698.03,34288.0,United States,MG,3393.0,Rocco Neubert,East
7XSAHM67,Elease Gluck,GTX Basic,Hottechi,Won,2017-07-16,2017-09-28,583.0,technolgy,1997-01-01,8170.38,16499.0,Korea,GTX,550.0,Celia Rouche,West
N7MDRJ01,Jonathan Berthelot,GTX Basic,Isdom,Lost,2017-07-16,2017-07-25,0.0,medical,2002-01-01,3178.24,4540.0,United States,GTX,550.0,Melvin Marxen,Central
4ID56TXX,Jonathan Berthelot,MG Advanced,Genco Pura Olive Oil Company,Lost,2017-07-16,2017-07-28,0.0,retail,2007-01-01,894.33,1635.0,Italy,MG,3393.0,Melvin Marxen,Central
4SFRUL8J,Kami Bicknell,MG Advanced,Labdrill,Lost,2017-07-16,2017-07-22,0.0,medical,1985-01-01,2741.37,9226.0,United States,MG,3393.0,Summer Sewald,West
UB2UAI38,Kami Bicknell,GTX Plus Basic,Singletechno,Won,2017-07-16,2017-07-21,1109.0,retail,1996-01-01,2214.94,5374.0,United States,GTX,1096.0,Summer Sewald,West
B00OD1IF,Kami Bicknell,GTX Plus Basic,Zoomit,Won,2017-07-16,2017-07-23,1106.0,entertainment,1992-01-01,324.19,978.0,United States,GTX,1096.0,Summer Sewald,West
OGO6SNTQ,Kary Hendrixson,GTX Plus Pro,Plusstrip,Lost,2017-07-16,2017-07-24,0.0,entertainment,2002-01-01,349.81,315.0,United States,GTX,5482.0,Summer Sewald,West
I6ZC5V1K,Kary Hendrixson,GTX Plus Pro,Labdrill,Won,2017-07-16,2017-07-26,5008.0,medical,1985-01-01,2741.37,9226.0,United States,GTX,5482.0,Summer Sewald,West
JHNXPUNX,Lajuana Vencill,GTX Basic,Rangreen,Won,2017-07-16,2017-07-17,550.0,technolgy,1987-01-01,2938.67,8775.0,Panama,GTX,550.0,Dustin Brinkmann,Central
NPHD3ZTC,Moses Frase,GTX Basic,Rangreen,Won,2017-07-16,2017-09-03,574.0,technolgy,1987-01-01,2938.67,8775.0,Panama,GTX,550.0,Dustin Brinkmann,Central
06KTPHYC,Rosalina Dieter,MG Advanced,Hottechi,Lost,2017-07-16,2017-07-24,0.0,technolgy,1997-01-01,8170.38,16499.0,Korea,MG,3393.0,Celia Rouche,West
YCA44Q4U,Wilburn Farren,MG Special,Kinnamplus,Won,2017-07-16,2017-07-25,52.0,retail,2004-01-01,702.72,1831.0,United States,MG,55.0,Cara Losch,East
FR4GTSEQ,Zane Levy,GTX Basic,Xx-holding,Won,2017-07-16,2017-09-15,477.0,finance,1993-01-01,7537.24,20293.0,United States,GTX,550.0,Summer Sewald,West
S46ZLF3G,Anna Snelling,GTX Basic,Betatech,Lost,2017-07-17,2017-07-26,0.0,medical,1986-01-01,647.18,1185.0,Kenya,GTX,550.0,Dustin Brinkmann,Central
WHZEK68G,Anna Snelling,MG Special,Streethex,Lost,2017-07-17,2017-07-22,0.0,retail,1988-01-01,1376.8,1165.0,Belgium,MG,55.0,Dustin Brinkmann,Central
3CB3WNBM,Boris Faz,GTX Basic,Kinnamplus,Engaging,2017-07-17,,,retail,2004-01-01,702.72,1831.0,United States,GTX,550.0,Rocco Neubert,East
DAJBIHBZ,Cassey Cress,MG Advanced,Silis,Lost,2017-07-17,2017-07-28,0.0,medical,1994-01-01,2818.38,6290.0,United States,MG,3393.0,Rocco Neubert,East
P6BJ24ZP,Cassey Cress,GTX Plus Basic,Plussunin,Won,2017-07-17,2017-07-20,1202.0,retail,2003-01-01,1419.98,4018.0,United States,GTX,1096.0,Rocco Neubert,East
XORHQFNJ,Cecily Lampkin,MG Advanced,Funholding,Lost,2017-07-17,2017-08-05,0.0,finance,1991-01-01,2819.5,7227.0,United States,MG,3393.0,Dustin Brinkmann,Central
ZFRPQV2M,Cecily Lampkin,MG Special,Funholding,Won,2017-07-17,2017-11-03,51.0,finance,1991-01-01,2819.5,7227.0,United States,MG,55.0,Dustin Brinkmann,Central
RVRBCZAI,Daniell Hammack,GTX Plus Basic,Kan-code,Lost,2017-07-17,2017-07-18,0.0,software,1982-01-01,11698.03,34288.0,United States,GTX,1096.0,Rocco Neubert,East
2897DN4S,Darcel Schlecht,GTX Plus Basic,Finhigh,Lost,2017-07-17,2017-07-18,0.0,finance,2006-01-01,1102.43,1759.0,United States,GTX,1096.0,Melvin Marxen,Central
BMQEY089,Darcel Schlecht,GTX Plus Basic,Scottech,Won,2017-07-17,2017-09-16,1203.0,marketing,2012-01-01,45.39,100.0,United States,GTX,1096.0,Melvin Marxen,Central
5IOG6X00,Donn Cantrell,GTX Plus Pro,Gekko & Co,Won,2017-07-17,2017-09-08,6205.0,retail,1990-01-01,2520.83,3502.0,United States,GTX,5482.0,Rocco Neubert,East
QG6BCBXM,Elease Gluck,GTX Plus Pro,Sonron,Lost,2017-07-17,2017-08-03,0.0,telecommunications,1999-01-01,1699.85,5108.0,United States,GTX,5482.0,Celia Rouche,West
CAXTE48L,Hayden Neloms,MG Advanced,Cheers,Won,2017-07-17,2017-07-24,3363.0,entertainment,1993-01-01,4269.9,6472.0,United States,MG,3393.0,Celia Rouche,West
OO3BM7A9,Hayden Neloms,MG Advanced,Konex,Won,2017-07-17,2017-11-03,3700.0,technolgy,1980-01-01,7708.38,13756.0,United States,MG,3393.0,Celia Rouche,West
VE334W2U,Jonathan Berthelot,GTX Basic,Codehow,Won,2017-07-17,2017-09-23,546.0,software,1998-01-01,2714.9,2641.0,United States,GTX,550.0,Melvin Marxen,Central
AX7WS66G,Jonathan Berthelot,GTX Basic,Toughzap,Won,2017-07-17,2017-07-24,617.0,retail,1995-01-01,332.43,799.0,United States,GTX,550.0,Melvin Marxen,Central
OB8UCQ17,Jonathan Berthelot,GTX Basic,Warephase,Won,2017-07-17,2017-07-26,490.0,services,1997-01-01,2041.73,5276.0,United States,GTX,550.0,Melvin Marxen,Central
BV4JZ4G8,Kami Bicknell,GTX Basic,Konex,Lost,2017-07-17,2017-07-19,0.0,technolgy,1980-01-01,7708.38,13756.0,United States,GTX,550.0,Summer Sewald,West
8CV5MZWW,Kami Bicknell,GTX Basic,Nam-zim,Lost,2017-07-17,2017-07-21,0.0,services,1987-01-01,405.59,1179.0,Brazil,GTX,550.0,Summer Sewald,West
3L965RUK,Kary Hendrixson,MG Advanced,Kan-code,Won,2017-07-17,2017-07-26,3665.0,software,1982-01-01,11698.03,34288.0,United States,MG,3393.0,Summer Sewald,West
RZ8HI1Y5,Lajuana Vencill,GTX Plus Basic,Warephase,Lost,2017-07-17,2017-07-24,0.0,services,1997-01-01,2041.73,5276.0,United States,GTX,1096.0,Dustin Brinkmann,Central
IYKSBD0U,Markita Hansen,MG Advanced,Hatfan,Lost,2017-07-17,2017-07-18,0.0,services,1982-01-01,792.46,1299.0,United States,MG,3393.0,Celia Rouche,West
YVGDC8L2,Marty Freudenburg,MG Special,Rangreen,Won,2017-07-17,2017-07-26,53.0,technolgy,1987-01-01,2938.67,8775.0,Panama,MG,55.0,Melvin Marxen,Central
JZU0JH07,Maureen Marcano,GTX Plus Basic,Finjob,Lost,2017-07-17,2017-09-28,0.0,employment,1988-01-01,2059.9,3644.0,United States,GTX,1096.0,Summer Sewald,West
ZEWNPF3K,Maureen Marcano,GTX Plus Basic,Singletechno,Won,2017-07-17,2017-11-13,1075.0,retail,1996-01-01,2214.94,5374.0,United States,GTX,1096.0,Summer Sewald,West
E7RTG575,Niesha Huffines,GTX Plus Basic,Statholdings,Won,2017-07-17,2017-07-27,1114.0,employment,1997-01-01,291.27,586.0,United States,GTX,1096.0,Melvin Marxen,Central
YFNRXR7X,Rosie Papadopoulos,MG Special,Plussunin,Won,2017-07-17,2017-07-25,57.0,retail,2003-01-01,1419.98,4018.0,United States,MG,55.0,Cara Losch,East
9MZPL59I,Versie Hillebrand,MG Special,Streethex,Lost,2017-07-17,2017-08-03,0.0,retail,1988-01-01,1376.8,1165.0,Belgium,MG,55.0,Dustin Brinkmann,Central
7A3R2M9T,Vicki Laflamme,GTX Plus Pro,Sonron,Engaging,2017-07-17,,,telecommunications,1999-01-01,1699.85,5108.0,United States,GTX,5482.0,Celia Rouche,West
GAE0E4RI,Vicki Laflamme,MG Advanced,Cheers,Lost,2017-07-17,2017-07-29,0.0,entertainment,1993-01-01,4269.9,6472.0,United States,MG,3393.0,Celia Rouche,West
VBN56JMP,Vicki Laflamme,GTX Basic,Goodsilron,Won,2017-07-17,2017-07-18,496.0,marketing,2000-01-01,2952.73,5107.0,United States,GTX,550.0,Celia Rouche,West
NDLX894H,Violet Mclelland,MG Special,Bluth Company,Lost,2017-07-17,2017-07-18,0.0,technolgy,1993-01-01,1242.32,3027.0,United States,MG,55.0,Cara Losch,East
6ALH2N0I,Violet Mclelland,MG Special,Gekko & Co,Won,2017-07-17,2017-08-20,55.0,retail,1990-01-01,2520.83,3502.0,United States,MG,55.0,Cara Losch,East
G8XGVIG2,Zane Levy,GTX Plus Basic,Lexiqvolax,Lost,2017-07-17,2017-07-26,0.0,medical,2004-01-01,1618.89,3889.0,United States,GTX,1096.0,Summer Sewald,West
QABD6SAS,Zane Levy,GTX Plus Basic,Singletechno,Won,2017-07-17,2017-09-21,1064.0,retail,1996-01-01,2214.94,5374.0,United States,GTX,1096.0,Summer Sewald,West
SHKTBB71,Anna Snelling,MG Special,Condax,Won,2017-07-18,2017-07-27,54.0,medical,2017-01-01,4.54,9.0,United States,MG,55.0,Dustin Brinkmann,Central
G0L0B1QC,Cassey Cress,MG Advanced,Opentech,Won,2017-07-18,2017-07-28,3407.0,finance,1994-01-01,355.23,853.0,United States,MG,3393.0,Rocco Neubert,East
3YC624RD,Daniell Hammack,GTX Basic,Bubba Gump,Lost,2017-07-18,2017-08-05,0.0,software,2002-01-01,987.39,2253.0,United States,GTX,550.0,Rocco Neubert,East
1Q3JQFAU,Darcel Schlecht,MG Special,dambase,Lost,2017-07-18,2017-07-26,0.0,marketing,1995-01-01,2173.98,2928.0,United States,MG,55.0,Melvin Marxen,Central
O3K5RKMI,Darcel Schlecht,GTX Plus Basic,Treequote,Won,2017-07-18,2017-07-19,752.0,telecommunications,1988-01-01,5266.09,8595.0,United States,GTX,1096.0,Melvin Marxen,Central
75P6HFA0,Darcel Schlecht,MG Advanced,Statholdings,Won,2017-07-18,2017-09-03,3727.0,employment,1997-01-01,291.27,586.0,United States,MG,3393.0,Melvin Marxen,Central
NE0XCH5E,Elease Gluck,MG Special,Condax,Lost,2017-07-18,2017-07-31,0.0,medical,2017-01-01,4.54,9.0,United States,MG,55.0,Celia Rouche,West
W01768VM,Elease Gluck,GTX Basic,Zoomit,Won,2017-07-18,2017-07-28,532.0,entertainment,1992-01-01,324.19,978.0,United States,GTX,550.0,Celia Rouche,West
38CPLDAR,Garret Kinder,GTX Plus Pro,Xx-zobam,Lost,2017-07-18,2017-07-30,0.0,entertainment,1989-01-01,3838.39,8274.0,United States,GTX,5482.0,Cara Losch,East
TZRNKT72,Gladys Colclough,GTX Plus Pro,Hottechi,Lost,2017-07-18,2017-07-23,0.0,technolgy,1997-01-01,8170.38,16499.0,Korea,GTX,5482.0,Melvin Marxen,Central
4LXAW8CH,Gladys Colclough,GTX Plus Pro,Inity,Lost,2017-07-18,2017-08-07,0.0,marketing,1986-01-01,2403.58,8801.0,United States,GTX,5482.0,Melvin Marxen,Central
GOGIZWW6,Gladys Colclough,MG Advanced,Condax,Won,2017-07-18,2017-09-27,3139.0,medical,2017-01-01,4.54,9.0,United States,MG,3393.0,Melvin Marxen,Central
DOPOI0R5,Hayden Neloms,MG Advanced,Finjob,Won,2017-07-18,2017-07-28,3403.0,employment,1988-01-01,2059.9,3644.0,United States,MG,3393.0,Celia Rouche,West
69V1WQLK,James Ascencio,GTX Plus Pro,Plusstrip,Won,2017-07-18,2017-07-27,5440.0,entertainment,2002-01-01,349.81,315.0,United States,GTX,5482.0,Summer Sewald,West
FEDXQCKJ,Marty Freudenburg,GTX Plus Pro,Globex Corporation,Won,2017-07-18,2017-07-26,5698.0,technolgy,2000-01-01,1223.72,2497.0,Norway,GTX,5482.0,Melvin Marxen,Central
RSP75BOI,Moses Frase,GTX Plus Pro,Streethex,Lost,2017-07-18,2017-07-19,0.0,retail,1988-01-01,1376.8,1165.0,Belgium,GTX,5482.0,Dustin Brinkmann,Central
CKDPWHTZ,Moses Frase,GTX Basic,Genco Pura Olive Oil Company,Won,2017-07-18,2017-07-28,563.0,retail,2007-01-01,894.33,1635.0,Italy,GTX,550.0,Dustin Brinkmann,Central
ECBFFQL0,Niesha Huffines,GTX Basic,Stanredtax,Lost,2017-07-18,2017-07-28,0.0,finance,1987-01-01,1698.2,3798.0,United States,GTX,550.0,Melvin Marxen,Central
Z8HW4Z9W,Rosie Papadopoulos,GTX Basic,Kan-code,Lost,2017-07-18,2017-07-26,0.0,software,1982-01-01,11698.03,34288.0,United States,GTX,550.0,Cara Losch,East
0KVZKA5T,Vicki Laflamme,MG Special,Konex,Lost,2017-07-18,2017-07-25,0.0,technolgy,1980-01-01,7708.38,13756.0,United States,MG,55.0,Celia Rouche,West
944H7LRC,Vicki Laflamme,GTX Plus Pro,Sonron,Won,2017-07-18,2017-07-27,4673.0,telecommunications,1999-01-01,1699.85,5108.0,United States,GTX,5482.0,Celia Rouche,West
F0OWRRLN,Vicki Laflamme,MG Advanced,Konex,Won,2017-07-18,2017-07-28,3405.0,technolgy,1980-01-01,7708.38,13756.0,United States,MG,3393.0,Celia Rouche,West
P4RLJHR3,Violet Mclelland,GTX Basic,Umbrella Corporation,Won,2017-07-18,2017-11-15,566.0,finance,1998-01-01,2022.14,5113.0,United States,GTX,550.0,Cara Losch,East
M10S36W3,Wilburn Farren,GTX Plus Pro,Konex,Won,2017-07-18,2017-11-06,5559.0,technolgy,1980-01-01,7708.38,13756.0,United States,GTX,5482.0,Cara Losch,East
055Z2OAS,Anna Snelling,MG Special,Dontechi,Engaging,2017-07-19,,,software,1982-01-01,4618.0,10083.0,United States,MG,55.0,Dustin Brinkmann,Central
Q9VC6GV0,Anna Snelling,MG Special,Konmatfix,Engaging,2017-07-19,,,marketing,1985-01-01,375.43,1190.0,United States,MG,55.0,Dustin Brinkmann,Central
G11DEJSL,Anna Snelling,MG Special,Dontechi,Lost,2017-07-19,2017-07-30,0.0,software,1982-01-01,4618.0,10083.0,United States,MG,55.0,Dustin Brinkmann,Central
BP45IP77,Anna Snelling,MG Special,Betatech,Won,2017-07-19,2017-07-25,53.0,medical,1986-01-01,647.18,1185.0,Kenya,MG,55.0,Dustin Brinkmann,Central
3XJI7AD8,Cassey Cress,MG Advanced,Zotware,Lost,2017-07-19,2017-09-27,0.0,software,1979-01-01,4478.47,13809.0,United States,MG,3393.0,Rocco Neubert,East
XP7YG96H,Corliss Cosme,GTX Plus Basic,Donquadtech,Won,2017-07-19,2017-07-30,955.0,technolgy,1992-01-01,1712.68,3194.0,United States,GTX,1096.0,Cara Losch,East
GP4JNSJY,Daniell Hammack,GTX Plus Pro,Yearin,Lost,2017-07-19,2017-07-30,0.0,retail,2005-01-01,2261.05,3851.0,United States,GTX,5482.0,Rocco Neubert,East
I3KQNE9V,Darcel Schlecht,GTX Plus Pro,Isdom,Engaging,2017-07-19,,,medical,2002-01-01,3178.24,4540.0,United States,GTX,5482.0,Melvin Marxen,Central
NDHQMBA0,Darcel Schlecht,GTX Plus Basic,Globex Corporation,Won,2017-07-19,2017-08-03,1060.0,technolgy,2000-01-01,1223.72,2497.0,Norway,GTX,1096.0,Melvin Marxen,Central
FQ5A489H,Garret Kinder,GTX Plus Pro,Kan-code,Won,2017-07-19,2017-07-26,4895.0,software,1982-01-01,11698.03,34288.0,United States,GTX,5482.0,Cara Losch,East
3PZ6Y6AJ,Gladys Colclough,GTX Plus Pro,Treequote,Won,2017-07-19,2017-07-21,4907.0,telecommunications,1988-01-01,5266.09,8595.0,United States,GTX,5482.0,Melvin Marxen,Central
LDK61ORQ,Hayden Neloms,MG Special,Xx-zobam,Engaging,2017-07-19,,,entertainment,1989-01-01,3838.39,8274.0,United States,MG,55.0,Celia Rouche,West
564Y2IOV,Hayden Neloms,MG Advanced,Y-corporation,Lost,2017-07-19,2017-07-29,0.0,employment,1983-01-01,2871.35,9561.0,United States,MG,3393.0,Celia Rouche,West
W7VULS00,Hayden Neloms,GTX Plus Basic,Sunnamplex,Won,2017-07-19,2017-09-30,1170.0,marketing,2008-01-01,894.37,1593.0,Poland,GTX,1096.0,Celia Rouche,West
PLW3NMLJ,Hayden Neloms,MG Advanced,Faxquote,Won,2017-07-19,2017-07-28,2718.0,telecommunications,1995-01-01,1825.82,5595.0,United States,MG,3393.0,Celia Rouche,West
MMVGTXDB,James Ascencio,MG Special,Plusstrip,Lost,2017-07-19,2017-08-30,0.0,entertainment,2002-01-01,349.81,315.0,United States,MG,55.0,Summer Sewald,West
6UCZ36IC,Kami Bicknell,GTX Basic,Kan-code,Lost,2017-07-19,2017-11-04,0.0,software,1982-01-01,11698.03,34288.0,United States,GTX,550.0,Summer Sewald,West
4IC989F8,Kary Hendrixson,GTX Basic,Green-Plus,Lost,2017-07-19,2017-07-30,0.0,services,2003-01-01,692.19,1922.0,United States,GTX,550.0,Summer Sewald,West
Y5FM7TJT,Kary Hendrixson,MG Special,Plexzap,Lost,2017-07-19,2017-07-21,0.0,retail,2001-01-01,2437.85,4874.0,United States,MG,55.0,Summer Sewald,West
OB3K0SVW,Kary Hendrixson,GTX Basic,Goodsilron,Won,2017-07-19,2017-08-08,624.0,marketing,2000-01-01,2952.73,5107.0,United States,GTX,550.0,Summer Sewald,West
LORMJLTE,Lajuana Vencill,GTX Plus Basic,Konmatfix,Engaging,2017-07-19,,,marketing,1985-01-01,375.43,1190.0,United States,GTX,1096.0,Dustin Brinkmann,Central
WWOCI25Z,Lajuana Vencill,GTX Plus Pro,Isdom,Lost,2017-07-19,2017-07-30,0.0,medical,2002-01-01,3178.24,4540.0,United States,GTX,5482.0,Dustin Brinkmann,Central
1UFFP5T3,Lajuana Vencill,MG Advanced,Cancity,Lost,2017-07-19,2017-08-02,0.0,retail,2001-01-01,718.62,2448.0,United States,MG,3393.0,Dustin Brinkmann,Central
ALMZ6ZUI,Lajuana Vencill,GTX Basic,Genco Pura Olive Oil Company,Won,2017-07-19,2017-07-29,537.0,retail,2007-01-01,894.33,1635.0,Italy,GTX,550.0,Dustin Brinkmann,Central
B4UIGJRX,Lajuana Vencill,GTX Plus Basic,Dontechi,Won,2017-07-19,2017-07-30,1089.0,software,1982-01-01,4618.0,10083.0,United States,GTX,1096.0,Dustin Brinkmann,Central
ZCAEQT06,Lajuana Vencill,MG Advanced,Codehow,Won,2017-07-19,2017-07-27,3352.0,software,1998-01-01,2714.9,2641.0,United States,MG,3393.0,Dustin Brinkmann,Central
U1SBKB0U,Markita Hansen,GTX Basic,Singletechno,Won,2017-07-19,2017-07-23,535.0,retail,1996-01-01,2214.94,5374.0,United States,GTX,550.0,Celia Rouche,West
E3XLWCWX,Marty Freudenburg,GTX Plus Pro,Ontomedia,Engaging,2017-07-19,,,employment,1997-01-01,882.12,2769.0,United States,GTX,5482.0,Melvin Marxen,Central
8S7IAR2D,Marty Freudenburg,GTX Basic,Rangreen,Won,2017-07-19,2017-09-25,571.0,technolgy,1987-01-01,2938.67,8775.0,Panama,GTX,550.0,Melvin Marxen,Central
RWQKOD1W,Maureen Marcano,MG Advanced,Cheers,Won,2017-07-19,2017-09-29,3535.0,entertainment,1993-01-01,4269.9,6472.0,United States,MG,3393.0,Summer Sewald,West
6TOOTFQV,Moses Frase,MG Advanced,Bioholding,Won,2017-07-19,2017-07-27,3985.0,medical,2012-01-01,587.34,1356.0,Philipines,MG,3393.0,Dustin Brinkmann,Central
2WDSO6PG,Niesha Huffines,GTX Basic,Hatfan,Engaging,2017-07-19,,,services,1982-01-01,792.46,1299.0,United States,GTX,550.0,Melvin Marxen,Central
I776MNA8,Rosie Papadopoulos,MG Advanced,Massive Dynamic,Won,2017-07-19,2017-07-21,3568.0,entertainment,1989-01-01,665.06,1095.0,United States,MG,3393.0,Cara Losch,East
VG17J29L,Versie Hillebrand,MG Special,Bioholding,Lost,2017-07-19,2017-07-29,0.0,medical,2012-01-01,587.34,1356.0,Philipines,MG,55.0,Dustin Brinkmann,Central
F7R8ICT8,Versie Hillebrand,MG Special,Funholding,Won,2017-07-19,2017-07-27,65.0,finance,1991-01-01,2819.5,7227.0,United States,MG,55.0,Dustin Brinkmann,Central
KULR6FMD,Versie Hillebrand,MG Special,Funholding,Won,2017-07-19,2017-07-25,47.0,finance,1991-01-01,2819.5,7227.0,United States,MG,55.0,Dustin Brinkmann,Central
DMG5EOFC,Violet Mclelland,MG Advanced,Lexiqvolax,Engaging,2017-07-19,,,medical,2004-01-01,1618.89,3889.0,United States,MG,3393.0,Cara Losch,East
LD4F6QTP,Anna Snelling,GTX Plus Pro,Groovestreet,Engaging,2017-07-20,,,retail,2003-01-01,223.8,299.0,United States,GTX,5482.0,Dustin Brinkmann,Central
1FEHFRKX,Anna Snelling,GTX Plus Pro,Labdrill,Engaging,2017-07-20,,,medical,1985-01-01,2741.37,9226.0,United States,GTX,5482.0,Dustin Brinkmann,Central
DNBR1VHP,Anna Snelling,MG Special,Silis,Engaging,2017-07-20,,,medical,1994-01-01,2818.38,6290.0,United States,MG,55.0,Dustin Brinkmann,Central
KOG75BRP,Anna Snelling,GTX Plus Basic,Ron-tech,Lost,2017-07-20,2017-11-11,0.0,medical,1992-01-01,3922.42,6837.0,United States,GTX,1096.0,Dustin Brinkmann,Central
SV3T5L5N,Anna Snelling,GTX Plus Basic,Ron-tech,Won,2017-07-20,2017-07-21,1160.0,medical,1992-01-01,3922.42,6837.0,United States,GTX,1096.0,Dustin Brinkmann,Central
THRXY3SV,Anna Snelling,GTX Plus Pro,Stanredtax,Won,2017-07-20,2017-08-23,5847.0,finance,1987-01-01,1698.2,3798.0,United States,GTX,5482.0,Dustin Brinkmann,Central
9BFHDZOK,Boris Faz,MG Advanced,Kan-code,Lost,2017-07-20,2017-07-30,0.0,software,1982-01-01,11698.03,34288.0,United States,MG,3393.0,Rocco Neubert,East
IHOU09D6,Boris Faz,GTX Plus Basic,Yearin,Won,2017-07-20,2017-09-20,1029.0,retail,2005-01-01,2261.05,3851.0,United States,GTX,1096.0,Rocco Neubert,East
BJWS06GX,Corliss Cosme,GTX Plus Pro,Ontomedia,Lost,2017-07-20,2017-07-21,0.0,employment,1997-01-01,882.12,2769.0,United States,GTX,5482.0,Cara Losch,East
ROSYV895,Daniell Hammack,MG Advanced,Konex,Lost,2017-07-20,2017-11-09,0.0,technolgy,1980-01-01,7708.38,13756.0,United States,MG,3393.0,Rocco Neubert,East
FCBBJJIJ,Darcel Schlecht,MG Advanced,Bioholding,Lost,2017-07-20,2017-07-23,0.0,medical,2012-01-01,587.34,1356.0,Philipines,MG,3393.0,Melvin Marxen,Central
L2P99XIG,Donn Cantrell,GTX Plus Basic,Gekko & Co,Lost,2017-07-20,2017-09-21,0.0,retail,1990-01-01,2520.83,3502.0,United States,GTX,1096.0,Rocco Neubert,East
PCTOIQZA,Gladys Colclough,MG Advanced,Rangreen,Won,2017-07-20,2017-11-14,3552.0,technolgy,1987-01-01,2938.67,8775.0,Panama,MG,3393.0,Melvin Marxen,Central
OI3UIKVF,Hayden Neloms,GTX Plus Basic,Konmatfix,Engaging,2017-07-20,,,marketing,1985-01-01,375.43,1190.0,United States,GTX,1096.0,Celia Rouche,West
8AK1G9IT,Hayden Neloms,GTX Plus Pro,Kan-code,Won,2017-07-20,2017-11-08,5526.0,software,1982-01-01,11698.03,34288.0,United States,GTX,5482.0,Celia Rouche,West
GY10EROJ,Jonathan Berthelot,GTX Basic,Cheers,Engaging,2017-07-20,,,entertainment,1993-01-01,4269.9,6472.0,United States,GTX,550.0,Melvin Marxen,Central
29W6WPLA,Jonathan Berthelot,GTX Plus Basic,Gekko & Co,Engaging,2017-07-20,,,retail,1990-01-01,2520.83,3502.0,United States,GTX,1096.0,Melvin Marxen,Central
TDJ3N8EJ,Kami Bicknell,MG Advanced,Kinnamplus,Engaging,2017-07-20,,,retail,2004-01-01,702.72,1831.0,United States,MG,3393.0,Summer Sewald,West
6GLF0PU0,Maureen Marcano,GTX Basic,Singletechno,Won,2017-07-20,2017-07-27,523.0,retail,1996-01-01,2214.94,5374.0,United States,GTX,550.0,Summer Sewald,West
F3EOBN5A,Moses Frase,GTX Plus Pro,Genco Pura Olive Oil Company,Engaging,2017-07-20,,,retail,2007-01-01,894.33,1635.0,Italy,GTX,5482.0,Dustin Brinkmann,Central
BBOWBQA6,Niesha Huffines,GTX Plus Pro,Blackzim,Engaging,2017-07-20,,,retail,2009-01-01,497.11,1588.0,United States,GTX,5482.0,Melvin Marxen,Central
908W84Y6,Reed Clapper,GTX Plus Basic,Mathtouch,Lost,2017-07-20,2017-07-22,0.0,marketing,1984-01-01,3027.46,9516.0,Jordan,GTX,1096.0,Rocco Neubert,East
48CVYAIE,Reed Clapper,GTX Plus Pro,Plussunin,Lost,2017-07-20,2017-07-30,0.0,retail,2003-01-01,1419.98,4018.0,United States,GTX,5482.0,Rocco Neubert,East
IYDR200I,Vicki Laflamme,GTX Basic,Finjob,Lost,2017-07-20,2017-07-27,0.0,employment,1988-01-01,2059.9,3644.0,United States,GTX,550.0,Celia Rouche,West
2QHB4SYK,Violet Mclelland,MG Special,Zencorporation,Won,2017-07-20,2017-07-28,55.0,technolgy,2011-01-01,40.79,142.0,China,MG,55.0,Cara Losch,East
GEQ7KT9J,Wilburn Farren,GTX Plus Basic,Plussunin,Engaging,2017-07-20,,,retail,2003-01-01,1419.98,4018.0,United States,GTX,1096.0,Cara Losch,East
0KRVN3V5,Anna Snelling,MG Advanced,Hatfan,Engaging,2017-07-21,,,services,1982-01-01,792.46,1299.0,United States,MG,3393.0,Dustin Brinkmann,Central
JNDSA5B4,Anna Snelling,GTX Basic,Treequote,Lost,2017-07-21,2017-11-06,0.0,telecommunications,1988-01-01,5266.09,8595.0,United States,GTX,550.0,Dustin Brinkmann,Central
OCMCRBJR,Boris Faz,MG Advanced,Mathtouch,Won,2017-07-21,2017-09-18,3830.0,marketing,1984-01-01,3027.46,9516.0,Jordan,MG,3393.0,Rocco Neubert,East
II0SKLFO,Cassey Cress,GTX Basic,Donware,Won,2017-07-21,2017-07-30,494.0,marketing,1999-01-01,1197.44,2570.0,United States,GTX,550.0,Rocco Neubert,East
LIYJSU0E,Daniell Hammack,GTX Plus Pro,Konex,Won,2017-07-21,2017-07-22,5118.0,technolgy,1980-01-01,7708.38,13756.0,United States,GTX,5482.0,Rocco Neubert,East
T9QD8U1Y,Darcel Schlecht,MG Special,Betasoloin,Engaging,2017-07-21,,,medical,1999-01-01,251.41,495.0,United States,MG,55.0,Melvin Marxen,Central
WLDFQR7Z,Darcel Schlecht,MG Advanced,Bubba Gump,Engaging,2017-07-21,,,software,2002-01-01,987.39,2253.0,United States,MG,3393.0,Melvin Marxen,Central
PNISVWNN,Darcel Schlecht,MG Advanced,Scotfind,Engaging,2017-07-21,,,software,1996-01-01,6354.87,16780.0,United States,MG,3393.0,Melvin Marxen,Central
SEDTNUD7,Darcel Schlecht,GTX Plus Basic,Toughzap,Won,2017-07-21,2017-07-28,1000.0,retail,1995-01-01,332.43,799.0,United States,GTX,1096.0,Melvin Marxen,Central
GN16L9RW,Donn Cantrell,GTX Basic,Ganjaflex,Lost,2017-07-21,2017-07-22,0.0,retail,1995-01-01,5158.71,17479.0,Japan,GTX,550.0,Rocco Neubert,East
GVRA1VJJ,Donn Cantrell,GTX Basic,Sumace,Lost,2017-07-21,2017-07-29,0.0,retail,2000-01-01,167.89,493.0,Romania,GTX,550.0,Rocco Neubert,East
TBXMDI2Q,Donn Cantrell,GTX Plus Pro,Plussunin,Won,2017-07-21,2017-08-23,5340.0,retail,2003-01-01,1419.98,4018.0,United States,GTX,5482.0,Rocco Neubert,East
GVJFKHNL,Gladys Colclough,MG Special,Silis,Engaging,2017-07-21,,,medical,1994-01-01,2818.38,6290.0,United States,MG,55.0,Melvin Marxen,Central
L6CE1E4L,Gladys Colclough,GTX Basic,Streethex,Lost,2017-07-21,2017-11-17,0.0,retail,1988-01-01,1376.8,1165.0,Belgium,GTX,550.0,Melvin Marxen,Central
RNCYPVJO,Gladys Colclough,MG Advanced,Stanredtax,Won,2017-07-21,2017-07-31,2970.0,finance,1987-01-01,1698.2,3798.0,United States,MG,3393.0,Melvin Marxen,Central
WARBRUXU,Jonathan Berthelot,GTX Basic,Stanredtax,Engaging,2017-07-21,,,finance,1987-01-01,1698.2,3798.0,United States,GTX,550.0,Melvin Marxen,Central
PAUXUGK3,Kary Hendrixson,GTX Plus Basic,Sonron,Won,2017-07-21,2017-07-30,997.0,telecommunications,1999-01-01,1699.85,5108.0,United States,GTX,1096.0,Summer Sewald,West
HWY9HTK2,Lajuana Vencill,GTX Plus Basic,Funholding,Lost,2017-07-21,2017-07-29,0.0,finance,1991-01-01,2819.5,7227.0,United States,GTX,1096.0,Dustin Brinkmann,Central
983QHALZ,Lajuana Vencill,MG Advanced,Stanredtax,Lost,2017-07-21,2017-07-30,0.0,finance,1987-01-01,1698.2,3798.0,United States,MG,3393.0,Dustin Brinkmann,Central
MV7I9RKH,Marty Freudenburg,GTX Plus Basic,Treequote,Engaging,2017-07-21,,,telecommunications,1988-01-01,5266.09,8595.0,United States,GTX,1096.0,Melvin Marxen,Central
CBQRKYZP,Marty Freudenburg,GTX Plus Pro,Silis,Engaging,2017-07-21,,,medical,1994-01-01,2818.38,6290.0,United States,GTX,5482.0,Melvin Marxen,Central
P5B6BZWO,Moses Frase,GTX Basic,Finhigh,Won,2017-07-21,2017-07-30,526.0,finance,2006-01-01,1102.43,1759.0,United States,GTX,550.0,Dustin Brinkmann,Central
F7ZPP0C4,Niesha Huffines,GTX Plus Pro,Codehow,Lost,2017-07-21,2017-07-28,0.0,software,1998-01-01,2714.9,2641.0,United States,GTX,5482.0,Melvin Marxen,Central
N0UCNVKJ,Niesha Huffines,GTX Basic,Dontechi,Won,2017-07-21,2017-07-30,418.0,software,1982-01-01,4618.0,10083.0,United States,GTX,550.0,Melvin Marxen,Central
5OAWTEIU,Niesha Huffines,MG Special,Streethex,Won,2017-07-21,2017-07-28,54.0,retail,1988-01-01,1376.8,1165.0,Belgium,MG,55.0,Melvin Marxen,Central
55NG8O95,Rosalina Dieter,GTX Basic,Groovestreet,Won,2017-07-21,2017-09-07,622.0,retail,2003-01-01,223.8,299.0,United States,GTX,550.0,Celia Rouche,West
DL3Q5HAD,Rosie Papadopoulos,GTX Plus Pro,Umbrella Corporation,Won,2017-07-21,2017-08-23,4930.0,finance,1998-01-01,2022.14,5113.0,United States,GTX,5482.0,Cara Losch,East
EUBMHJGQ,Versie Hillebrand,MG Special,Hottechi,Engaging,2017-07-21,,,technolgy,1997-01-01,8170.38,16499.0,Korea,MG,55.0,Dustin Brinkmann,Central
0T9EBKZL,Versie Hillebrand,MG Special,Scottech,Won,2017-07-21,2017-07-28,51.0,marketing,2012-01-01,45.39,100.0,United States,MG,55.0,Dustin Brinkmann,Central
6KOHYTT4,Versie Hillebrand,MG Advanced,Betatech,Won,2017-07-21,2017-07-30,3167.0,medical,1986-01-01,647.18,1185.0,Kenya,MG,3393.0,Dustin Brinkmann,Central
3L8ECZK8,Versie Hillebrand,MG Advanced,Globex Corporation,Won,2017-07-21,2017-09-27,3038.0,technolgy,2000-01-01,1223.72,2497.0,Norway,MG,3393.0,Dustin Brinkmann,Central
JAH8NGC2,Vicki Laflamme,MG Advanced,Xx-holding,Won,2017-07-21,2017-09-24,2851.0,finance,1993-01-01,7537.24,20293.0,United States,MG,3393.0,Celia Rouche,West
I9SPENCQ,Violet Mclelland,GTX Plus Basic,Cheers,Engaging,2017-07-21,,,entertainment,1993-01-01,4269.9,6472.0,United States,GTX,1096.0,Cara Losch,East
93818DZF,Zane Levy,GTX Basic,Dalttechnology,Lost,2017-07-21,2017-11-18,0.0,software,2013-01-01,98.79,96.0,United States,GTX,550.0,Summer Sewald,West
DZAFN4I1,Zane Levy,MG Special,Doncon,Won,2017-07-21,2017-07-23,49.0,technolgy,2010-01-01,587.72,1501.0,United States,MG,55.0,Summer Sewald,West
FEFNNXH1,Anna Snelling,MG Special,Singletechno,Engaging,2017-07-22,,,retail,1996-01-01,2214.94,5374.0,United States,MG,55.0,Dustin Brinkmann,Central
RZYCBSQN,Anna Snelling,GTX Plus Basic,Condax,Lost,2017-07-22,2017-07-29,0.0,medical,2017-01-01,4.54,9.0,United States,GTX,1096.0,Dustin Brinkmann,Central
84BIAFGY,Anna Snelling,MG Advanced,Statholdings,Lost,2017-07-22,2017-11-03,0.0,employment,1997-01-01,291.27,586.0,United States,MG,3393.0,Dustin Brinkmann,Central
YQACOZV4,Cassey Cress,GTX Plus Basic,Xx-zobam,Lost,2017-07-22,2017-09-12,0.0,entertainment,1989-01-01,3838.39,8274.0,United States,GTX,1096.0,Rocco Neubert,East
DNIX6FCG,Cassey Cress,MG Special,Gekko & Co,Lost,2017-07-22,2017-07-27,0.0,retail,1990-01-01,2520.83,3502.0,United States,MG,55.0,Rocco Neubert,East
6U7RD3TG,Cassey Cress,MG Advanced,Initech,Won,2017-07-22,2017-07-23,3684.0,telecommunications,1994-01-01,6395.05,20275.0,United States,MG,3393.0,Rocco Neubert,East
610D6711,Cassey Cress,MG Advanced,Silis,Won,2017-07-22,2017-11-23,2986.0,medical,1994-01-01,2818.38,6290.0,United States,MG,3393.0,Rocco Neubert,East
OT5G3M9A,Cecily Lampkin,MG Advanced,Treequote,Engaging,2017-07-22,,,telecommunications,1988-01-01,5266.09,8595.0,United States,MG,3393.0,Dustin Brinkmann,Central
3Z5NBGAT,Cecily Lampkin,MG Special,Stanredtax,Won,2017-07-22,2017-07-23,50.0,finance,1987-01-01,1698.2,3798.0,United States,MG,55.0,Dustin Brinkmann,Central
676KO0LG,Darcel Schlecht,GTX Plus Basic,Gogozoom,Won,2017-07-22,2017-07-29,927.0,telecommunications,2007-01-01,86.68,187.0,United States,GTX,1096.0,Melvin Marxen,Central
MHMD41XY,Elease Gluck,MG Special,Blackzim,Won,2017-07-22,2017-07-23,51.0,retail,2009-01-01,497.11,1588.0,United States,MG,55.0,Celia Rouche,West
751V8OFM,Gladys Colclough,GTX Plus Basic,Funholding,Engaging,2017-07-22,,,finance,1991-01-01,2819.5,7227.0,United States,GTX,1096.0,Melvin Marxen,Central
33BMGHPN,Gladys Colclough,MG Special,Opentech,Engaging,2017-07-22,,,finance,1994-01-01,355.23,853.0,United States,MG,55.0,Melvin Marxen,Central
8TFYRWZ6,Gladys Colclough,MG Advanced,Mathtouch,Engaging,2017-07-22,,,marketing,1984-01-01,3027.46,9516.0,Jordan,MG,3393.0,Melvin Marxen,Central
LRLER1XS,Hayden Neloms,MG Special,Finjob,Won,2017-07-22,2017-09-14,64.0,employment,1988-01-01,2059.9,3644.0,United States,MG,55.0,Celia Rouche,West
4RWE00T8,Jonathan Berthelot,GTX Basic,Rundofase,Lost,2017-07-22,2017-11-05,0.0,technolgy,1983-01-01,1008.06,1238.0,United States,GTX,550.0,Melvin Marxen,Central
P3XN6SXX,Jonathan Berthelot,GTX Plus Basic,Domzoom,Lost,2017-07-22,2017-07-24,0.0,entertainment,1998-01-01,217.87,551.0,United States,GTX,1096.0,Melvin Marxen,Central
12HRYJQH,Kary Hendrixson,GTX Basic,Konex,Won,2017-07-22,2017-07-23,442.0,technolgy,1980-01-01,7708.38,13756.0,United States,GTX,550.0,Summer Sewald,West
Y7AC2LSL,Markita Hansen,MG Advanced,Blackzim,Won,2017-07-22,2017-09-30,3015.0,retail,2009-01-01,497.11,1588.0,United States,MG,3393.0,Celia Rouche,West
ME2X1TEG,Marty Freudenburg,MG Advanced,Cancity,Lost,2017-07-22,2017-07-24,0.0,retail,2001-01-01,718.62,2448.0,United States,MG,3393.0,Melvin Marxen,Central
30KP0JMN,Maureen Marcano,GTX Plus Pro,Xx-holding,Lost,2017-07-22,2017-07-23,0.0,finance,1993-01-01,7537.24,20293.0,United States,GTX,5482.0,Summer Sewald,West
AWCGYWTE,Moses Frase,MG Special,Kinnamplus,Engaging,2017-07-22,,,retail,2004-01-01,702.72,1831.0,United States,MG,55.0,Dustin Brinkmann,Central
BG156UAV,Moses Frase,MG Advanced,Condax,Lost,2017-07-22,2017-07-23,0.0,medical,2017-01-01,4.54,9.0,United States,MG,3393.0,Dustin Brinkmann,Central
S7T5AHQH,Moses Frase,GTX Plus Basic,Stanredtax,Won,2017-07-22,2017-07-23,1174.0,finance,1987-01-01,1698.2,3798.0,United States,GTX,1096.0,Dustin Brinkmann,Central
48UPZJ45,Niesha Huffines,MG Advanced,Rangreen,Won,2017-07-22,2017-09-28,3696.0,technolgy,1987-01-01,2938.67,8775.0,Panama,MG,3393.0,Melvin Marxen,Central
T0SO96YG,Reed Clapper,GTX Basic,Mathtouch,Lost,2017-07-22,2017-07-30,0.0,marketing,1984-01-01,3027.46,9516.0,Jordan,GTX,550.0,Rocco Neubert,East
YCQABCDI,Reed Clapper,MG Advanced,Betasoloin,Won,2017-07-22,2017-11-03,3252.0,medical,1999-01-01,251.41,495.0,United States,MG,3393.0,Rocco Neubert,East
8JZ4R9BW,Versie Hillebrand,MG Special,Genco Pura Olive Oil Company,Lost,2017-07-22,2017-11-04,0.0,retail,2007-01-01,894.33,1635.0,Italy,MG,55.0,Dustin Brinkmann,Central
PTFOEUO4,Versie Hillebrand,MG Special,Globex Corporation,Lost,2017-07-22,2017-07-23,0.0,technolgy,2000-01-01,1223.72,2497.0,Norway,MG,55.0,Dustin Brinkmann,Central
1TJ6WP5R,Vicki Laflamme,MG Special,Hottechi,Won,2017-07-22,2017-09-23,65.0,technolgy,1997-01-01,8170.38,16499.0,Korea,MG,55.0,Celia Rouche,West
QELHQ898,Zane Levy,GTX Plus Basic,Statholdings,Engaging,2017-07-22,,,employment,1997-01-01,291.27,586.0,United States,GTX,1096.0,Summer Sewald,West
WHF75273,Cassey Cress,GTX Plus Basic,Yearin,Won,2017-07-23,2017-09-05,904.0,retail,2005-01-01,2261.05,3851.0,United States,GTX,1096.0,Rocco Neubert,East
AH58AQ3B,Cecily Lampkin,GTX Basic,Toughzap,Won,2017-07-23,2017-07-24,541.0,retail,1995-01-01,332.43,799.0,United States,GTX,550.0,Dustin Brinkmann,Central
292W4P09,Corliss Cosme,GTX Basic,Kinnamplus,Won,2017-07-23,2017-07-25,630.0,retail,2004-01-01,702.72,1831.0,United States,GTX,550.0,Cara Losch,East
MG0LTCCE,Daniell Hammack,GTX Plus Basic,Xx-zobam,Won,2017-07-23,2017-07-30,1231.0,entertainment,1989-01-01,3838.39,8274.0,United States,GTX,1096.0,Rocco Neubert,East
ANNUH4KM,Darcel Schlecht,GTX Basic,Domzoom,Won,2017-07-23,2017-11-20,556.0,entertainment,1998-01-01,217.87,551.0,United States,GTX,550.0,Melvin Marxen,Central
L3V8UK9H,Darcel Schlecht,GTX Plus Basic,Stanredtax,Won,2017-07-23,2017-07-31,1070.0,finance,1987-01-01,1698.2,3798.0,United States,GTX,1096.0,Melvin Marxen,Central
2CRE26AC,Elease Gluck,MG Special,Newex,Won,2017-07-23,2017-07-25,57.0,services,1991-01-01,1012.72,3492.0,Germany,MG,55.0,Celia Rouche,West
3J1LNCA4,Hayden Neloms,GTX Plus Basic,Hatfan,Lost,2017-07-23,2017-07-31,0.0,services,1982-01-01,792.46,1299.0,United States,GTX,1096.0,Celia Rouche,West
4PDYHVX1,James Ascencio,GTX Plus Pro,J-Texon,Won,2017-07-23,2017-07-25,4824.0,retail,1989-01-01,1388.67,3583.0,United States,GTX,5482.0,Summer Sewald,West
BICJY3FZ,Jonathan Berthelot,GTX Plus Pro,Streethex,Won,2017-07-23,2017-11-19,6049.0,retail,1988-01-01,1376.8,1165.0,Belgium,GTX,5482.0,Melvin Marxen,Central
4P12PLQA,Kami Bicknell,MG Special,Doncon,Won,2017-07-23,2017-07-28,58.0,technolgy,2010-01-01,587.72,1501.0,United States,MG,55.0,Summer Sewald,West
4942W0E7,Kami Bicknell,MG Advanced,Konex,Won,2017-07-23,2017-08-20,3335.0,technolgy,1980-01-01,7708.38,13756.0,United States,MG,3393.0,Summer Sewald,West
TGTJ0NBT,Kary Hendrixson,GTX Plus Basic,Doncon,Lost,2017-07-23,2017-07-30,0.0,technolgy,2010-01-01,587.72,1501.0,United States,GTX,1096.0,Summer Sewald,West
021Z2J9L,Markita Hansen,GTK 500,Rundofase,Engaging,2017-07-23,,,technolgy,1983-01-01,1008.06,1238.0,United States,GTK,26768.0,Celia Rouche,West
SEF4LOIS,Marty Freudenburg,GTX Plus Basic,Dontechi,Lost,2017-07-23,2017-07-25,0.0,software,1982-01-01,4618.0,10083.0,United States,GTX,1096.0,Melvin Marxen,Central
BNIU5YZ2,Marty Freudenburg,GTX Plus Basic,Toughzap,Won,2017-07-23,2017-08-07,1006.0,retail,1995-01-01,332.43,799.0,United States,GTX,1096.0,Melvin Marxen,Central
CPK36NED,Marty Freudenburg,MG Advanced,Streethex,Won,2017-07-23,2017-08-02,3367.0,retail,1988-01-01,1376.8,1165.0,Belgium,MG,3393.0,Melvin Marxen,Central
VYWQ3U5S,Maureen Marcano,GTX Basic,Finjob,Lost,2017-07-23,2017-11-10,0.0,employment,1988-01-01,2059.9,3644.0,United States,GTX,550.0,Summer Sewald,West
HDWQM6JT,Maureen Marcano,GTX Plus Basic,Sonron,Lost,2017-07-23,2017-07-28,0.0,telecommunications,1999-01-01,1699.85,5108.0,United States,GTX,1096.0,Summer Sewald,West
T0MUE2H7,Moses Frase,MG Special,Statholdings,Lost,2017-07-23,2017-08-06,0.0,employment,1997-01-01,291.27,586.0,United States,MG,55.0,Dustin Brinkmann,Central
G1M1KVHU,Niesha Huffines,GTX Plus Basic,Xx-zobam,Engaging,2017-07-23,,,entertainment,1989-01-01,3838.39,8274.0,United States,GTX,1096.0,Melvin Marxen,Central
ZDRRL61D,Niesha Huffines,GTX Plus Basic,Cancity,Lost,2017-07-23,2017-07-25,0.0,retail,2001-01-01,718.62,2448.0,United States,GTX,1096.0,Melvin Marxen,Central
YT5I3AUS,Reed Clapper,GTX Basic,Xx-zobam,Won,2017-07-23,2017-07-31,494.0,entertainment,1989-01-01,3838.39,8274.0,United States,GTX,550.0,Rocco Neubert,East
S3LATQVJ,Versie Hillebrand,GTX Plus Basic,Kinnamplus,Engaging,2017-07-23,,,retail,2004-01-01,702.72,1831.0,United States,GTX,1096.0,Dustin Brinkmann,Central
LPR6G7AE,Versie Hillebrand,MG Special,Treequote,Lost,2017-07-23,2017-07-28,0.0,telecommunications,1988-01-01,5266.09,8595.0,United States,MG,55.0,Dustin Brinkmann,Central
CJAQVPDP,Versie Hillebrand,MG Advanced,Zumgoity,Lost,2017-07-23,2017-09-05,0.0,medical,1984-01-01,441.08,1210.0,United States,MG,3393.0,Dustin Brinkmann,Central
757V8R2Z,Violet Mclelland,MG Special,Initech,Won,2017-07-23,2017-09-01,54.0,telecommunications,1994-01-01,6395.05,20275.0,United States,MG,55.0,Cara Losch,East
7KUYF1U3,Violet Mclelland,MG Special,Kan-code,Won,2017-07-23,2017-08-06,48.0,software,1982-01-01,11698.03,34288.0,United States,MG,55.0,Cara Losch,East
7QE84GCH,Violet Mclelland,MG Advanced,Donware,Won,2017-07-23,2017-09-12,2855.0,marketing,1999-01-01,1197.44,2570.0,United States,MG,3393.0,Cara Losch,East
1WA46LC9,Wilburn Farren,GTX Basic,Kinnamplus,Won,2017-07-23,2017-07-30,538.0,retail,2004-01-01,702.72,1831.0,United States,GTX,550.0,Cara Losch,East
L9CJZZ59,Zane Levy,GTX Plus Pro,J-Texon,Lost,2017-07-23,2017-09-29,0.0,retail,1989-01-01,1388.67,3583.0,United States,GTX,5482.0,Summer Sewald,West
7FZ9CBZ3,Anna Snelling,GTX Plus Pro,Scotfind,Engaging,2017-07-24,,,software,1996-01-01,6354.87,16780.0,United States,GTX,5482.0,Dustin Brinkmann,Central
JWUWBI4D,Anna Snelling,GTX Plus Pro,Funholding,Lost,2017-07-24,2017-09-03,0.0,finance,1991-01-01,2819.5,7227.0,United States,GTX,5482.0,Dustin Brinkmann,Central
GHB3UIDV,Corliss Cosme,GTX Basic,Zotware,Won,2017-07-24,2017-07-26,458.0,software,1979-01-01,4478.47,13809.0,United States,GTX,550.0,Cara Losch,East
23R03LTJ,Darcel Schlecht,GTX Plus Basic,Warephase,Won,2017-07-24,2017-08-07,996.0,services,1997-01-01,2041.73,5276.0,United States,GTX,1096.0,Melvin Marxen,Central
J5DVK5F3,Donn Cantrell,MG Advanced,Gekko & Co,Won,2017-07-24,2017-11-02,3260.0,retail,1990-01-01,2520.83,3502.0,United States,MG,3393.0,Rocco Neubert,East
M3PCMYJ0,Elease Gluck,GTX Basic,Doncon,Won,2017-07-24,2017-08-06,584.0,technolgy,2010-01-01,587.72,1501.0,United States,GTX,550.0,Celia Rouche,West
H5RRJOD9,Elease Gluck,MG Advanced,Kan-code,Won,2017-07-24,2017-07-30,3371.0,software,1982-01-01,11698.03,34288.0,United States,MG,3393.0,Celia Rouche,West
RTWAUR7C,Gladys Colclough,GTX Plus Pro,Y-corporation,Engaging,2017-07-24,,,employment,1983-01-01,2871.35,9561.0,United States,GTX,5482.0,Melvin Marxen,Central
QDNA6HW3,Gladys Colclough,MG Advanced,Rangreen,Won,2017-07-24,2017-08-07,3271.0,technolgy,1987-01-01,2938.67,8775.0,Panama,MG,3393.0,Melvin Marxen,Central
7R0TEEHW,Lajuana Vencill,MG Special,Condax,Lost,2017-07-24,2017-08-28,0.0,medical,2017-01-01,4.54,9.0,United States,MG,55.0,Dustin Brinkmann,Central
CA3BRUJO,Marty Freudenburg,GTX Plus Basic,Konmatfix,Won,2017-07-24,2017-07-25,1171.0,marketing,1985-01-01,375.43,1190.0,United States,GTX,1096.0,Melvin Marxen,Central
7MP6KLZO,Moses Frase,GTX Basic,Goodsilron,Engaging,2017-07-24,,,marketing,2000-01-01,2952.73,5107.0,United States,GTX,550.0,Dustin Brinkmann,Central
2TYZRE2R,Moses Frase,MG Special,Massive Dynamic,Engaging,2017-07-24,,,entertainment,1989-01-01,665.06,1095.0,United States,MG,55.0,Dustin Brinkmann,Central
U5K1Y35J,Moses Frase,MG Special,Inity,Won,2017-07-24,2017-07-25,58.0,marketing,1986-01-01,2403.58,8801.0,United States,MG,55.0,Dustin Brinkmann,Central
Y7TVU9AY,Niesha Huffines,GTX Basic,Streethex,Lost,2017-07-24,2017-11-06,0.0,retail,1988-01-01,1376.8,1165.0,Belgium,GTX,550.0,Melvin Marxen,Central
IT2UBEW4,Rosie Papadopoulos,MG Special,Zotware,Won,2017-07-24,2017-07-25,59.0,software,1979-01-01,4478.47,13809.0,United States,MG,55.0,Cara Losch,East
806KPNNN,Versie Hillebrand,GTX Basic,Zathunicon,Engaging,2017-07-24,,,retail,2010-01-01,71.12,144.0,United States,GTX,550.0,Dustin Brinkmann,Central
SZS2IPM3,Versie Hillebrand,MG Advanced,Doncon,Engaging,2017-07-24,,,technolgy,2010-01-01,587.72,1501.0,United States,MG,3393.0,Dustin Brinkmann,Central
YY2DWBG5,Versie Hillebrand,MG Advanced,Ron-tech,Engaging,2017-07-24,,,medical,1992-01-01,3922.42,6837.0,United States,MG,3393.0,Dustin Brinkmann,Central
X19CKKZ1,Versie Hillebrand,MG Special,Hottechi,Won,2017-07-24,2017-07-31,50.0,technolgy,1997-01-01,8170.38,16499.0,Korea,MG,55.0,Dustin Brinkmann,Central
DZOLKFK6,Vicki Laflamme,GTX Plus Pro,Hatfan,Lost,2017-07-24,2017-11-21,0.0,services,1982-01-01,792.46,1299.0,United States,GTX,5482.0,Celia Rouche,West
H5E0GSHQ,Violet Mclelland,MG Special,Kinnamplus,Lost,2017-07-24,2017-07-30,0.0,retail,2004-01-01,702.72,1831.0,United States,MG,55.0,Cara Losch,East
P91SQBST,Anna Snelling,MG Special,Dalttechnology,Engaging,2017-07-25,,,software,2013-01-01,98.79,96.0,United States,MG,55.0,Dustin Brinkmann,Central
4DLY9ZDH,Anna Snelling,MG Advanced,Dalttechnology,Engaging,2017-07-25,,,software,2013-01-01,98.79,96.0,United States,MG,3393.0,Dustin Brinkmann,Central
ZNEQXZZK,Anna Snelling,MG Advanced,Donquadtech,Engaging,2017-07-25,,,technolgy,1992-01-01,1712.68,3194.0,United States,MG,3393.0,Dustin Brinkmann,Central
CBPVAIQ7,Boris Faz,GTX Basic,Opentech,Lost,2017-07-25,2017-08-03,0.0,finance,1994-01-01,355.23,853.0,United States,GTX,550.0,Rocco Neubert,East
JND57DH5,Boris Faz,MG Special,Iselectrics,Won,2017-07-25,2017-08-01,48.0,technolgy,2011-01-01,527.11,1428.0,United States,MG,55.0,Rocco Neubert,East
8PUH80YZ,Cassey Cress,GTX Basic,Bubba Gump,Won,2017-07-25,2017-08-21,511.0,software,2002-01-01,987.39,2253.0,United States,GTX,550.0,Rocco Neubert,East
22WVAXR2,Cassey Cress,GTX Plus Basic,Massive Dynamic,Won,2017-07-25,2017-07-29,1311.0,entertainment,1989-01-01,665.06,1095.0,United States,GTX,1096.0,Rocco Neubert,East
SXFE42KG,Cecily Lampkin,MG Advanced,Gogozoom,Engaging,2017-07-25,,,telecommunications,2007-01-01,86.68,187.0,United States,MG,3393.0,Dustin Brinkmann,Central
MA9SBSLE,Cecily Lampkin,MG Special,Dontechi,Lost,2017-07-25,2017-07-27,0.0,software,1982-01-01,4618.0,10083.0,United States,MG,55.0,Dustin Brinkmann,Central
PKRDEUWE,Corliss Cosme,GTX Basic,Kan-code,Lost,2017-07-25,2017-08-02,0.0,software,1982-01-01,11698.03,34288.0,United States,GTX,550.0,Cara Losch,East
LJ5FQGLZ,Daniell Hammack,GTX Plus Pro,Plussunin,Won,2017-07-25,2017-07-27,6100.0,retail,2003-01-01,1419.98,4018.0,United States,GTX,5482.0,Rocco Neubert,East
KMJMLQ4P,Daniell Hammack,MG Special,Silis,Won,2017-07-25,2017-08-01,61.0,medical,1994-01-01,2818.38,6290.0,United States,MG,55.0,Rocco Neubert,East
94E71JAP,Darcel Schlecht,GTX Plus Basic,Isdom,Lost,2017-07-25,2017-11-13,0.0,medical,2002-01-01,3178.24,4540.0,United States,GTX,1096.0,Melvin Marxen,Central
6UUZ4IJ5,Darcel Schlecht,GTX Basic,Ron-tech,Won,2017-07-25,2017-08-03,528.0,medical,1992-01-01,3922.42,6837.0,United States,GTX,550.0,Melvin Marxen,Central
6EXXL6M4,Darcel Schlecht,GTX Basic,Stanredtax,Won,2017-07-25,2017-07-31,581.0,finance,1987-01-01,1698.2,3798.0,United States,GTX,550.0,Melvin Marxen,Central
L9BTE2RA,Darcel Schlecht,GTX Plus Pro,Toughzap,Won,2017-07-25,2017-09-29,5947.0,retail,1995-01-01,332.43,799.0,United States,GTX,5482.0,Melvin Marxen,Central
EVU2E5ZZ,Donn Cantrell,MG Advanced,Gekko & Co,Lost,2017-07-25,2017-08-02,0.0,retail,1990-01-01,2520.83,3502.0,United States,MG,3393.0,Rocco Neubert,East
D28ANNYX,Kami Bicknell,GTX Basic,Green-Plus,Won,2017-07-25,2017-12-02,508.0,services,2003-01-01,692.19,1922.0,United States,GTX,550.0,Summer Sewald,West
GZ6SFRAT,Lajuana Vencill,MG Special,Hottechi,Engaging,2017-07-25,,,technolgy,1997-01-01,8170.38,16499.0,Korea,MG,55.0,Dustin Brinkmann,Central
JH643YRI,Lajuana Vencill,MG Advanced,Umbrella Corporation,Engaging,2017-07-25,,,finance,1998-01-01,2022.14,5113.0,United States,MG,3393.0,Dustin Brinkmann,Central
30OFYJUN,Lajuana Vencill,GTX Basic,Dontechi,Lost,2017-07-25,2017-07-31,0.0,software,1982-01-01,4618.0,10083.0,United States,GTX,550.0,Dustin Brinkmann,Central
10ICDVM2,Lajuana Vencill,GTX Basic,Konmatfix,Won,2017-07-25,2017-07-30,537.0,marketing,1985-01-01,375.43,1190.0,United States,GTX,550.0,Dustin Brinkmann,Central
KUAZF4E7,Markita Hansen,GTX Plus Basic,Blackzim,Lost,2017-07-25,2017-11-27,0.0,retail,2009-01-01,497.11,1588.0,United States,GTX,1096.0,Celia Rouche,West
Y3TOQUQI,Marty Freudenburg,GTX Basic,Zotware,Engaging,2017-07-25,,,software,1979-01-01,4478.47,13809.0,United States,GTX,550.0,Melvin Marxen,Central
HJRM13DI,Marty Freudenburg,MG Special,Treequote,Engaging,2017-07-25,,,telecommunications,1988-01-01,5266.09,8595.0,United States,MG,55.0,Melvin Marxen,Central
IVANA47K,Marty Freudenburg,GTX Plus Basic,Cancity,Won,2017-07-25,2017-07-27,1031.0,retail,2001-01-01,718.62,2448.0,United States,GTX,1096.0,Melvin Marxen,Central
MLD3WEJC,Moses Frase,MG Advanced,Xx-holding,Engaging,2017-07-25,,,finance,1993-01-01,7537.24,20293.0,United States,MG,3393.0,Dustin Brinkmann,Central
DZP0MNRM,Niesha Huffines,GTX Plus Basic,Konex,Engaging,2017-07-25,,,technolgy,1980-01-01,7708.38,13756.0,United States,GTX,1096.0,Melvin Marxen,Central
CMW6IQJI,Niesha Huffines,MG Advanced,Faxquote,Engaging,2017-07-25,,,telecommunications,1995-01-01,1825.82,5595.0,United States,MG,3393.0,Melvin Marxen,Central
4KP2GEFF,Niesha Huffines,GTX Plus Basic,dambase,Won,2017-07-25,2017-11-03,1077.0,marketing,1995-01-01,2173.98,2928.0,United States,GTX,1096.0,Melvin Marxen,Central
FHPRER2D,Versie Hillebrand,MG Special,Sonron,Engaging,2017-07-25,,,telecommunications,1999-01-01,1699.85,5108.0,United States,MG,55.0,Dustin Brinkmann,Central
WOB1ULFR,Versie Hillebrand,MG Advanced,Dontechi,Won,2017-07-25,2017-11-04,3306.0,software,1982-01-01,4618.0,10083.0,United States,MG,3393.0,Dustin Brinkmann,Central
7IKDD9UG,Violet Mclelland,GTX Basic,Bioplex,Won,2017-07-25,2017-07-26,491.0,medical,1991-01-01,326.82,1016.0,United States,GTX,550.0,Cara Losch,East
UVCHXUIG,Anna Snelling,MG Special,Konmatfix,Engaging,2017-07-26,,,marketing,1985-01-01,375.43,1190.0,United States,MG,55.0,Dustin Brinkmann,Central
59SUBXGP,Anna Snelling,MG Special,Streethex,Won,2017-07-26,2017-12-02,53.0,retail,1988-01-01,1376.8,1165.0,Belgium,MG,55.0,Dustin Brinkmann,Central
37UCYEDY,Cassey Cress,GTX Plus Basic,Bluth Company,Engaging,2017-07-26,,,technolgy,1993-01-01,1242.32,3027.0,United States,GTX,1096.0,Rocco Neubert,East
TFL3C3JS,Cassey Cress,GTX Plus Pro,Initech,Won,2017-07-26,2017-09-27,5228.0,telecommunications,1994-01-01,6395.05,20275.0,United States,GTX,5482.0,Rocco Neubert,East
EM3NYEYC,Cecily Lampkin,GTX Plus Pro,Domzoom,Lost,2017-07-26,2017-07-31,0.0,entertainment,1998-01-01,217.87,551.0,United States,GTX,5482.0,Dustin Brinkmann,Central
1976N63N,Darcel Schlecht,GTX Plus Basic,Kinnamplus,Engaging,2017-07-26,,,retail,2004-01-01,702.72,1831.0,United States,GTX,1096.0,Melvin Marxen,Central
7TFHGN6O,Darcel Schlecht,GTX Plus Pro,Inity,Engaging,2017-07-26,,,marketing,1986-01-01,2403.58,8801.0,United States,GTX,5482.0,Melvin Marxen,Central
DEVXF86R,Donn Cantrell,GTX Plus Basic,Acme Corporation,Lost,2017-07-26,2017-09-29,0.0,technolgy,1996-01-01,1100.04,2822.0,United States,GTX,1096.0,Rocco Neubert,East
0MKW8IPC,Donn Cantrell,GTX Basic,Xx-zobam,Won,2017-07-26,2017-07-28,554.0,entertainment,1989-01-01,3838.39,8274.0,United States,GTX,550.0,Rocco Neubert,East
EFKPYBI9,Gladys Colclough,MG Advanced,Xx-holding,Engaging,2017-07-26,,,finance,1993-01-01,7537.24,20293.0,United States,MG,3393.0,Melvin Marxen,Central
P8P9MKJL,Gladys Colclough,GTX Plus Pro,dambase,Won,2017-07-26,2017-09-23,5548.0,marketing,1995-01-01,2173.98,2928.0,United States,GTX,5482.0,Melvin Marxen,Central
S7PY8R2V,Gladys Colclough,MG Advanced,Funholding,Won,2017-07-26,2017-07-28,3809.0,finance,1991-01-01,2819.5,7227.0,United States,MG,3393.0,Melvin Marxen,Central
75WYC9TY,Jonathan Berthelot,GTX Basic,Globex Corporation,Lost,2017-07-26,2017-07-30,0.0,technolgy,2000-01-01,1223.72,2497.0,Norway,GTX,550.0,Melvin Marxen,Central
CEWDZ3ZD,Kary Hendrixson,MG Special,Scotfind,Won,2017-07-26,2017-08-10,53.0,software,1996-01-01,6354.87,16780.0,United States,MG,55.0,Summer Sewald,West
KPH05GU8,Lajuana Vencill,MG Advanced,The New York Inquirer,Engaging,2017-07-26,,,medical,1996-01-01,439.21,792.0,United States,MG,3393.0,Dustin Brinkmann,Central
F56MSU4B,Lajuana Vencill,MG Advanced,Betatech,Lost,2017-07-26,2017-07-30,0.0,medical,1986-01-01,647.18,1185.0,Kenya,MG,3393.0,Dustin Brinkmann,Central
BR18O9U1,Marty Freudenburg,GTX Plus Basic,Ron-tech,Won,2017-07-26,2017-07-28,1044.0,medical,1992-01-01,3922.42,6837.0,United States,GTX,1096.0,Melvin Marxen,Central
WQ5U8PPM,Niesha Huffines,GTX Plus Basic,Umbrella Corporation,Engaging,2017-07-26,,,finance,1998-01-01,2022.14,5113.0,United States,GTX,1096.0,Melvin Marxen,Central
KO7UWLAU,Wilburn Farren,MG Advanced,Xx-zobam,Won,2017-07-26,2017-07-28,3596.0,entertainment,1989-01-01,3838.39,8274.0,United States,MG,3393.0,Cara Losch,East
4SJGBWQL,Zane Levy,GTX Plus Basic,Hottechi,Lost,2017-07-26,2017-07-27,0.0,technolgy,1997-01-01,8170.38,16499.0,Korea,GTX,1096.0,Summer Sewald,West
AWFSNZ2U,Zane Levy,GTX Plus Basic,Singletechno,Won,2017-07-26,2017-12-01,1091.0,retail,1996-01-01,2214.94,5374.0,United States,GTX,1096.0,Summer Sewald,West
1XJFMYCW,Anna Snelling,MG Special,Golddex,Engaging,2017-07-27,,,finance,2008-01-01,52.5,165.0,United States,MG,55.0,Dustin Brinkmann,Central
SCR1IKLQ,Anna Snelling,GTX Plus Pro,Bioholding,Won,2017-07-27,2017-07-29,5068.0,medical,2012-01-01,587.34,1356.0,Philipines,GTX,5482.0,Dustin Brinkmann,Central
IF8PILJR,Anna Snelling,MG Special,Globex Corporation,Won,2017-07-27,2017-07-29,46.0,technolgy,2000-01-01,1223.72,2497.0,Norway,MG,55.0,Dustin Brinkmann,Central
2K52EH11,Cassey Cress,MG Advanced,Vehement Capital Partners,Lost,2017-07-27,2017-12-12,0.0,finance,1993-01-01,646.1,883.0,United States,MG,3393.0,Rocco Neubert,East
HTY5G7DI,Cecily Lampkin,MG Advanced,Scottech,Won,2017-07-27,2017-08-02,3025.0,marketing,2012-01-01,45.39,100.0,United States,MG,3393.0,Dustin Brinkmann,Central
TX88GTDE,Corliss Cosme,GTX Plus Basic,Donware,Lost,2017-07-27,2017-07-29,0.0,marketing,1999-01-01,1197.44,2570.0,United States,GTX,1096.0,Cara Losch,East
E41SDK40,Gladys Colclough,GTX Basic,Cancity,Lost,2017-07-27,2017-09-15,0.0,retail,2001-01-01,718.62,2448.0,United States,GTX,550.0,Melvin Marxen,Central
RDFUGEA2,James Ascencio,GTX Basic,Hottechi,Won,2017-07-27,2017-09-15,586.0,technolgy,1997-01-01,8170.38,16499.0,Korea,GTX,550.0,Summer Sewald,West
PU62ZGX4,Jonathan Berthelot,GTX Plus Basic,Singletechno,Engaging,2017-07-27,,,retail,1996-01-01,2214.94,5374.0,United States,GTX,1096.0,Melvin Marxen,Central
I8TEUO2C,Kami Bicknell,GTX Basic,Scotfind,Won,2017-07-27,2017-08-10,514.0,software,1996-01-01,6354.87,16780.0,United States,GTX,550.0,Summer Sewald,West
S2Y2Q1D2,Marty Freudenburg,GTX Plus Basic,Singletechno,Engaging,2017-07-27,,,retail,1996-01-01,2214.94,5374.0,United States,GTX,1096.0,Melvin Marxen,Central
PYRLUYIQ,Marty Freudenburg,GTX Plus Basic,Y-corporation,Engaging,2017-07-27,,,employment,1983-01-01,2871.35,9561.0,United States,GTX,1096.0,Melvin Marxen,Central
2AMVTZLM,Marty Freudenburg,MG Special,Genco Pura Olive Oil Company,Lost,2017-07-27,2017-08-01,0.0,retail,2007-01-01,894.33,1635.0,Italy,MG,55.0,Melvin Marxen,Central
8IOAX81S,Marty Freudenburg,GTX Plus Basic,Domzoom,Won,2017-07-27,2017-08-07,965.0,entertainment,1998-01-01,217.87,551.0,United States,GTX,1096.0,Melvin Marxen,Central
EYWL3H5G,Rosalina Dieter,GTX Plus Pro,Newex,Lost,2017-07-27,2017-07-28,0.0,services,1991-01-01,1012.72,3492.0,Germany,GTX,5482.0,Celia Rouche,West
18YA4UUP,Versie Hillebrand,GTX Plus Pro,Xx-zobam,Engaging,2017-07-27,,,entertainment,1989-01-01,3838.39,8274.0,United States,GTX,5482.0,Dustin Brinkmann,Central
YUGFGRUT,Vicki Laflamme,GTX Basic,Groovestreet,Won,2017-07-27,2017-08-06,651.0,retail,2003-01-01,223.8,299.0,United States,GTX,550.0,Celia Rouche,West
P7MSQO38,Anna Snelling,GTX Basic,Yearin,Engaging,2017-07-28,,,retail,2005-01-01,2261.05,3851.0,United States,GTX,550.0,Dustin Brinkmann,Central
O6B0YK1X,Anna Snelling,MG Advanced,Conecom,Lost,2017-07-28,2017-08-03,0.0,technolgy,2005-01-01,1520.66,1806.0,United States,MG,3393.0,Dustin Brinkmann,Central
NLWICKPS,Cassey Cress,GTX Plus Basic,Umbrella Corporation,Lost,2017-07-28,2017-11-07,0.0,finance,1998-01-01,2022.14,5113.0,United States,GTX,1096.0,Rocco Neubert,East
Z6FPHRV7,Corliss Cosme,GTX Basic,Ganjaflex,Won,2017-07-28,2017-11-11,550.0,retail,1995-01-01,5158.71,17479.0,Japan,GTX,550.0,Cara Losch,East
9Z2WTTNY,Darcel Schlecht,GTX Plus Basic,Statholdings,Engaging,2017-07-28,,,employment,1997-01-01,291.27,586.0,United States,GTX,1096.0,Melvin Marxen,Central
80S3ED8B,Darcel Schlecht,GTX Basic,Conecom,Won,2017-07-28,2017-08-23,589.0,technolgy,2005-01-01,1520.66,1806.0,United States,GTX,550.0,Melvin Marxen,Central
9T954T67,Elease Gluck,GTX Basic,Green-Plus,Won,2017-07-28,2017-07-29,514.0,services,2003-01-01,692.19,1922.0,United States,GTX,550.0,Celia Rouche,West
CEOEM2MY,Hayden Neloms,GTX Plus Basic,Nam-zim,Lost,2017-07-28,2017-07-29,0.0,services,1987-01-01,405.59,1179.0,Brazil,GTX,1096.0,Celia Rouche,West
WTG4IAG0,Kami Bicknell,MG Special,Labdrill,Lost,2017-07-28,2017-07-29,0.0,medical,1985-01-01,2741.37,9226.0,United States,MG,55.0,Summer Sewald,West
NFKUICVA,Kami Bicknell,GTX Basic,Singletechno,Won,2017-07-28,2017-11-15,518.0,retail,1996-01-01,2214.94,5374.0,United States,GTX,550.0,Summer Sewald,West
V3G1HBTZ,Lajuana Vencill,GTX Basic,Nam-zim,Engaging,2017-07-28,,,services,1987-01-01,405.59,1179.0,Brazil,GTX,550.0,Dustin Brinkmann,Central
7W9S4DCZ,Lajuana Vencill,MG Special,Dalttechnology,Engaging,2017-07-28,,,software,2013-01-01,98.79,96.0,United States,MG,55.0,Dustin Brinkmann,Central
Q8Q4R3SW,Moses Frase,GTX Plus Pro,dambase,Lost,2017-07-28,2017-08-10,0.0,marketing,1995-01-01,2173.98,2928.0,United States,GTX,5482.0,Dustin Brinkmann,Central
SJ3QA8KP,Niesha Huffines,MG Advanced,Treequote,Engaging,2017-07-28,,,telecommunications,1988-01-01,5266.09,8595.0,United States,MG,3393.0,Melvin Marxen,Central
BZNGP0DN,Reed Clapper,MG Special,Massive Dynamic,Won,2017-07-28,2017-08-10,53.0,entertainment,1989-01-01,665.06,1095.0,United States,MG,55.0,Rocco Neubert,East
Z31RDLIF,Rosie Papadopoulos,MG Advanced,Gekko & Co,Lost,2017-07-28,2017-11-27,0.0,retail,1990-01-01,2520.83,3502.0,United States,MG,3393.0,Cara Losch,East
NX2EICNQ,Versie Hillebrand,GTX Basic,Kan-code,Engaging,2017-07-28,,,software,1982-01-01,11698.03,34288.0,United States,GTX,550.0,Dustin Brinkmann,Central
E4KNZB95,Versie Hillebrand,MG Special,Bioholding,Won,2017-07-28,2017-08-19,53.0,medical,2012-01-01,587.34,1356.0,Philipines,MG,55.0,Dustin Brinkmann,Central
PJDA3RWU,Versie Hillebrand,MG Special,Condax,Won,2017-07-28,2017-08-03,60.0,medical,2017-01-01,4.54,9.0,United States,MG,55.0,Dustin Brinkmann,Central
YUORNX7C,Versie Hillebrand,MG Special,Inity,Won,2017-07-28,2017-11-01,53.0,marketing,1986-01-01,2403.58,8801.0,United States,MG,55.0,Dustin Brinkmann,Central
7XP06LUZ,Wilburn Farren,MG Special,Zathunicon,Lost,2017-07-28,2017-12-02,0.0,retail,2010-01-01,71.12,144.0,United States,MG,55.0,Cara Losch,East
5BT0Y4MB,Zane Levy,GTX Basic,Green-Plus,Lost,2017-07-28,2017-07-30,0.0,services,2003-01-01,692.19,1922.0,United States,GTX,550.0,Summer Sewald,West
WCCEBK6E,Anna Snelling,GTX Plus Pro,Isdom,Won,2017-07-29,2017-08-05,4603.0,medical,2002-01-01,3178.24,4540.0,United States,GTX,5482.0,Dustin Brinkmann,Central
5SCMRQ9N,Cecily Lampkin,GTX Basic,Finhigh,Won,2017-07-29,2017-09-05,610.0,finance,2006-01-01,1102.43,1759.0,United States,GTX,550.0,Dustin Brinkmann,Central
A3I4JHP0,Daniell Hammack,GTX Plus Basic,Konex,Won,2017-07-29,2017-08-06,1189.0,technolgy,1980-01-01,7708.38,13756.0,United States,GTX,1096.0,Rocco Neubert,East
NJNY07JZ,Darcel Schlecht,GTX Basic,Codehow,Engaging,2017-07-29,,,software,1998-01-01,2714.9,2641.0,United States,GTX,550.0,Melvin Marxen,Central
T1SITEI0,Darcel Schlecht,MG Special,Singletechno,Engaging,2017-07-29,,,retail,1996-01-01,2214.94,5374.0,United States,MG,55.0,Melvin Marxen,Central
BC53PQMQ,Donn Cantrell,GTX Plus Pro,Sumace,Won,2017-07-29,2017-07-31,5480.0,retail,2000-01-01,167.89,493.0,Romania,GTX,5482.0,Rocco Neubert,East
AU1OZUN8,Elease Gluck,MG Special,Sonron,Won,2017-07-29,2017-11-02,56.0,telecommunications,1999-01-01,1699.85,5108.0,United States,MG,55.0,Celia Rouche,West
09GK47AY,Garret Kinder,GTX Plus Basic,Ontomedia,Lost,2017-07-29,2017-08-02,0.0,employment,1997-01-01,882.12,2769.0,United States,GTX,1096.0,Cara Losch,East
D6CRJSEP,Garret Kinder,GTX Plus Basic,Zotware,Won,2017-07-29,2017-09-16,983.0,software,1979-01-01,4478.47,13809.0,United States,GTX,1096.0,Cara Losch,East
GJQFUUWI,James Ascencio,MG Advanced,Sunnamplex,Won,2017-07-29,2017-08-02,3260.0,marketing,2008-01-01,894.37,1593.0,Poland,MG,3393.0,Summer Sewald,West
9M72KPA3,Kami Bicknell,GTX Plus Basic,Bluth Company,Engaging,2017-07-29,,,technolgy,1993-01-01,1242.32,3027.0,United States,GTX,1096.0,Summer Sewald,West
7SO4NKFP,Kami Bicknell,GTX Plus Basic,Hottechi,Lost,2017-07-29,2017-08-03,0.0,technolgy,1997-01-01,8170.38,16499.0,Korea,GTX,1096.0,Summer Sewald,West
VZ1ETER5,Kami Bicknell,GTX Plus Pro,Goodsilron,Won,2017-07-29,2017-07-31,4842.0,marketing,2000-01-01,2952.73,5107.0,United States,GTX,5482.0,Summer Sewald,West
YOFRJU68,Kami Bicknell,MG Advanced,Blackzim,Won,2017-07-29,2017-09-29,3463.0,retail,2009-01-01,497.11,1588.0,United States,MG,3393.0,Summer Sewald,West
ERTQ4SN3,Lajuana Vencill,MG Special,Zumgoity,Engaging,2017-07-29,,,medical,1984-01-01,441.08,1210.0,United States,MG,55.0,Dustin Brinkmann,Central
F9V6EWDG,Lajuana Vencill,GTX Basic,Konmatfix,Lost,2017-07-29,2017-08-01,0.0,marketing,1985-01-01,375.43,1190.0,United States,GTX,550.0,Dustin Brinkmann,Central
5EFR0VAZ,Maureen Marcano,GTX Basic,Newex,Lost,2017-07-29,2017-07-30,0.0,services,1991-01-01,1012.72,3492.0,Germany,GTX,550.0,Summer Sewald,West
G40058T1,Versie Hillebrand,MG Special,Yearin,Engaging,2017-07-29,,,retail,2005-01-01,2261.05,3851.0,United States,MG,55.0,Dustin Brinkmann,Central
4U2Z53VS,Versie Hillebrand,MG Special,Inity,Lost,2017-07-29,2017-08-10,0.0,marketing,1986-01-01,2403.58,8801.0,United States,MG,55.0,Dustin Brinkmann,Central
6YMJLH2F,Anna Snelling,GTX Plus Pro,Finhigh,Lost,2017-07-30,2017-08-07,0.0,finance,2006-01-01,1102.43,1759.0,United States,GTX,5482.0,Dustin Brinkmann,Central
SP9W5IND,Boris Faz,MG Special,Acme Corporation,Engaging,2017-07-30,,,technolgy,1996-01-01,1100.04,2822.0,United States,MG,55.0,Rocco Neubert,East
D6U1NYBU,Corliss Cosme,MG Advanced,Umbrella Corporation,Won,2017-07-30,2017-11-18,3113.0,finance,1998-01-01,2022.14,5113.0,United States,MG,3393.0,Cara Losch,East
9Q2SYGPP,Daniell Hammack,GTX Plus Basic,Bluth Company,Won,2017-07-30,2017-08-10,1097.0,technolgy,1993-01-01,1242.32,3027.0,United States,GTX,1096.0,Rocco Neubert,East
R55U5QI4,Darcel Schlecht,GTX Plus Pro,Scottech,Engaging,2017-07-30,,,marketing,2012-01-01,45.39,100.0,United States,GTX,5482.0,Melvin Marxen,Central
EY73E4ZB,Darcel Schlecht,MG Advanced,Hottechi,Lost,2017-07-30,2017-08-05,0.0,technolgy,1997-01-01,8170.38,16499.0,Korea,MG,3393.0,Melvin Marxen,Central
KQLS98VW,Darcel Schlecht,GTX Plus Basic,Condax,Won,2017-07-30,2017-12-04,1245.0,medical,2017-01-01,4.54,9.0,United States,GTX,1096.0,Melvin Marxen,Central
LKQL4GRO,Darcel Schlecht,GTX Plus Basic,Scottech,Won,2017-07-30,2017-08-04,1160.0,marketing,2012-01-01,45.39,100.0,United States,GTX,1096.0,Melvin Marxen,Central
4DKUZ8JE,Darcel Schlecht,MG Special,Bioholding,Won,2017-07-30,2017-07-31,53.0,medical,2012-01-01,587.34,1356.0,Philipines,MG,55.0,Melvin Marxen,Central
LZWH2OGW,Gladys Colclough,MG Advanced,Funholding,Lost,2017-07-30,2017-08-06,0.0,finance,1991-01-01,2819.5,7227.0,United States,MG,3393.0,Melvin Marxen,Central
R7JSQI5U,Hayden Neloms,MG Advanced,Newex,Lost,2017-07-30,2017-07-31,0.0,services,1991-01-01,1012.72,3492.0,Germany,MG,3393.0,Celia Rouche,West
5SED9K1C,Kami Bicknell,GTX Plus Basic,Plusstrip,Won,2017-07-30,2017-08-09,1038.0,entertainment,2002-01-01,349.81,315.0,United States,GTX,1096.0,Summer Sewald,West
810GB47D,Kary Hendrixson,GTX Basic,Condax,Lost,2017-07-30,2017-08-05,0.0,medical,2017-01-01,4.54,9.0,United States,GTX,550.0,Summer Sewald,West
GZCWRMIR,Kary Hendrixson,GTX Basic,J-Texon,Lost,2017-07-30,2017-11-20,0.0,retail,1989-01-01,1388.67,3583.0,United States,GTX,550.0,Summer Sewald,West
5W29OCB8,Lajuana Vencill,MG Special,Bioholding,Engaging,2017-07-30,,,medical,2012-01-01,587.34,1356.0,Philipines,MG,55.0,Dustin Brinkmann,Central
PST4NDK4,Lajuana Vencill,GTX Basic,Funholding,Won,2017-07-30,2017-08-09,502.0,finance,1991-01-01,2819.5,7227.0,United States,GTX,550.0,Dustin Brinkmann,Central
DJFMG9QI,Moses Frase,MG Special,Plusstrip,Engaging,2017-07-30,,,entertainment,2002-01-01,349.81,315.0,United States,MG,55.0,Dustin Brinkmann,Central
DDWSCXZA,Moses Frase,MG Advanced,Rundofase,Won,2017-07-30,2017-09-19,3457.0,technolgy,1983-01-01,1008.06,1238.0,United States,MG,3393.0,Dustin Brinkmann,Central
GWQX8BSZ,Niesha Huffines,GTX Basic,Donquadtech,Engaging,2017-07-30,,,technolgy,1992-01-01,1712.68,3194.0,United States,GTX,550.0,Melvin Marxen,Central
TX5SADEI,Niesha Huffines,GTX Plus Basic,Dontechi,Engaging,2017-07-30,,,software,1982-01-01,4618.0,10083.0,United States,GTX,1096.0,Melvin Marxen,Central
T2UA7F7Z,Reed Clapper,GTX Plus Pro,Opentech,Won,2017-07-30,2017-08-08,5204.0,finance,1994-01-01,355.23,853.0,United States,GTX,5482.0,Rocco Neubert,East
FOGOYZ75,Rosie Papadopoulos,MG Advanced,Plussunin,Won,2017-07-30,2017-08-07,3019.0,retail,2003-01-01,1419.98,4018.0,United States,MG,3393.0,Cara Losch,East
I9IJS5BM,Rosie Papadopoulos,MG Advanced,Sumace,Won,2017-07-30,2017-08-18,3453.0,retail,2000-01-01,167.89,493.0,Romania,MG,3393.0,Cara Losch,East
2HU8CPJ3,Vicki Laflamme,MG Advanced,Labdrill,Won,2017-07-30,2017-11-13,3464.0,medical,1985-01-01,2741.37,9226.0,United States,MG,3393.0,Celia Rouche,West
M2UI5MKB,Violet Mclelland,MG Advanced,Zathunicon,Won,2017-07-30,2017-08-19,2937.0,retail,2010-01-01,71.12,144.0,United States,MG,3393.0,Cara Losch,East
HWVR6IJ7,Wilburn Farren,GTX Basic,Kan-code,Won,2017-07-30,2017-08-15,463.0,software,1982-01-01,11698.03,34288.0,United States,GTX,550.0,Cara Losch,East
QD4ONE04,Anna Snelling,MG Special,Rangreen,Engaging,2017-07-31,,,technolgy,1987-01-01,2938.67,8775.0,Panama,MG,55.0,Dustin Brinkmann,Central
ICG3THQK,Gladys Colclough,GTX Basic,Sumace,Engaging,2017-07-31,,,retail,2000-01-01,167.89,493.0,Romania,GTX,550.0,Melvin Marxen,Central
WOO9JXOQ,Gladys Colclough,MG Advanced,Sumace,Engaging,2017-07-31,,,retail,2000-01-01,167.89,493.0,Romania,MG,3393.0,Melvin Marxen,Central
EMH2I8XE,Lajuana Vencill,MG Advanced,Acme Corporation,Engaging,2017-07-31,,,technolgy,1996-01-01,1100.04,2822.0,United States,MG,3393.0,Dustin Brinkmann,Central
BBGCBEUY,Markita Hansen,GTX Plus Basic,Plexzap,Lost,2017-07-31,2017-08-04,0.0,retail,2001-01-01,2437.85,4874.0,United States,GTX,1096.0,Celia Rouche,West
XN43RX9C,Markita Hansen,MG Advanced,Sunnamplex,Won,2017-07-31,2017-08-10,3187.0,marketing,2008-01-01,894.37,1593.0,Poland,MG,3393.0,Celia Rouche,West
DOU4T9EI,Moses Frase,MG Special,Cancity,Lost,2017-07-31,2017-11-02,0.0,retail,2001-01-01,718.62,2448.0,United States,MG,55.0,Dustin Brinkmann,Central
XUU1PPTJ,Moses Frase,GTX Plus Pro,Rangreen,Won,2017-07-31,2017-11-10,5234.0,technolgy,1987-01-01,2938.67,8775.0,Panama,GTX,5482.0,Dustin Brinkmann,Central
Q65B52C5,Niesha Huffines,GTX Basic,Kan-code,Engaging,2017-07-31,,,software,1982-01-01,11698.03,34288.0,United States,GTX,550.0,Melvin Marxen,Central
KZMZH8L6,Reed Clapper,GTX Plus Pro,Zotware,Won,2017-07-31,2017-09-28,6180.0,software,1979-01-01,4478.47,13809.0,United States,GTX,5482.0,Rocco Neubert,East
7WU2BQ2P,Versie Hillebrand,MG Special,Inity,Won,2017-07-31,2017-08-10,53.0,marketing,1986-01-01,2403.58,8801.0,United States,MG,55.0,Dustin Brinkmann,Central
5B4H3E7V,Vicki Laflamme,MG Special,Konex,Lost,2017-07-31,2017-08-05,0.0,technolgy,1980-01-01,7708.38,13756.0,United States,MG,55.0,Celia Rouche,West
6YCDG16T,Vicki Laflamme,MG Advanced,Cheers,Won,2017-07-31,2017-08-12,3687.0,entertainment,1993-01-01,4269.9,6472.0,United States,MG,3393.0,Celia Rouche,West
4ZB2W6O7,Anna Snelling,MG Special,Plusstrip,Engaging,2017-08-01,,,entertainment,2002-01-01,349.81,315.0,United States,MG,55.0,Dustin Brinkmann,Central
D9VTKEEH,Anna Snelling,GTX Plus Basic,Genco Pura Olive Oil Company,Lost,2017-08-01,2017-08-11,0.0,retail,2007-01-01,894.33,1635.0,Italy,GTX,1096.0,Dustin Brinkmann,Central
7CYRCTXI,Anna Snelling,MG Advanced,Konmatfix,Won,2017-08-01,2017-08-16,3452.0,marketing,1985-01-01,375.43,1190.0,United States,MG,3393.0,Dustin Brinkmann,Central
IH4M0XTK,Cassey Cress,MG Advanced,Kinnamplus,Won,2017-08-01,2017-08-09,3156.0,retail,2004-01-01,702.72,1831.0,United States,MG,3393.0,Rocco Neubert,East
L9AZZGNK,Daniell Hammack,GTX Basic,Gekko & Co,Lost,2017-08-01,2017-08-14,0.0,retail,1990-01-01,2520.83,3502.0,United States,GTX,550.0,Rocco Neubert,East
1FLN8BTI,Darcel Schlecht,MG Special,Rundofase,Engaging,2017-08-01,,,technolgy,1983-01-01,1008.06,1238.0,United States,MG,55.0,Melvin Marxen,Central
MLPVWTC2,Darcel Schlecht,MG Advanced,Statholdings,Lost,2017-08-01,2017-11-23,0.0,employment,1997-01-01,291.27,586.0,United States,MG,3393.0,Melvin Marxen,Central
6BBYA0L3,Hayden Neloms,GTX Plus Basic,Rantouch,Won,2017-08-01,2017-08-06,1157.0,telecommunications,1994-01-01,1188.42,3015.0,United States,GTX,1096.0,Celia Rouche,West
S3J60BK0,James Ascencio,GTX Plus Basic,Plexzap,Won,2017-08-01,2017-11-22,1040.0,retail,2001-01-01,2437.85,4874.0,United States,GTX,1096.0,Summer Sewald,West
IKIJHQPN,Jonathan Berthelot,MG Special,Streethex,Won,2017-08-01,2017-12-16,49.0,retail,1988-01-01,1376.8,1165.0,Belgium,MG,55.0,Melvin Marxen,Central
OJ9KBQML,Lajuana Vencill,GTX Basic,Inity,Won,2017-08-01,2017-09-19,454.0,marketing,1986-01-01,2403.58,8801.0,United States,GTX,550.0,Dustin Brinkmann,Central
W66UPKL4,Markita Hansen,GTX Plus Basic,Zoomit,Won,2017-08-01,2017-11-18,1106.0,entertainment,1992-01-01,324.19,978.0,United States,GTX,1096.0,Celia Rouche,West
2S7CMLRJ,Maureen Marcano,GTX Plus Basic,Goodsilron,Won,2017-08-01,2017-08-08,1143.0,marketing,2000-01-01,2952.73,5107.0,United States,GTX,1096.0,Summer Sewald,West
18KMXL8N,Maureen Marcano,GTX Plus Pro,J-Texon,Won,2017-08-01,2017-11-06,4434.0,retail,1989-01-01,1388.67,3583.0,United States,GTX,5482.0,Summer Sewald,West
Y7244XW7,Moses Frase,MG Special,Plussunin,Engaging,2017-08-01,,,retail,2003-01-01,1419.98,4018.0,United States,MG,55.0,Dustin Brinkmann,Central
22HV3N2W,Niesha Huffines,GTX Plus Basic,Rangreen,Engaging,2017-08-01,,,technolgy,1987-01-01,2938.67,8775.0,Panama,GTX,1096.0,Melvin Marxen,Central
WRKPDK7O,Versie Hillebrand,GTX Plus Pro,Hatfan,Engaging,2017-08-01,,,services,1982-01-01,792.46,1299.0,United States,GTX,5482.0,Dustin Brinkmann,Central
3FWZBSW1,Versie Hillebrand,MG Special,Cancity,Engaging,2017-08-01,,,retail,2001-01-01,718.62,2448.0,United States,MG,55.0,Dustin Brinkmann,Central
VIY7P8J6,Versie Hillebrand,MG Special,Hatfan,Engaging,2017-08-01,,,services,1982-01-01,792.46,1299.0,United States,MG,55.0,Dustin Brinkmann,Central
PR1H7NHK,Versie Hillebrand,MG Special,Mathtouch,Engaging,2017-08-01,,,marketing,1984-01-01,3027.46,9516.0,Jordan,MG,55.0,Dustin Brinkmann,Central
K44PIQTN,Vicki Laflamme,GTX Plus Basic,Rantouch,Won,2017-08-01,2017-09-26,1193.0,telecommunications,1994-01-01,1188.42,3015.0,United States,GTX,1096.0,Celia Rouche,West
4Q1A27SA,Vicki Laflamme,MG Advanced,Singletechno,Won,2017-08-01,2017-11-20,3597.0,retail,1996-01-01,2214.94,5374.0,United States,MG,3393.0,Celia Rouche,West
FOQK8G8Y,Zane Levy,GTX Basic,Sonron,Won,2017-08-01,2017-08-06,606.0,telecommunications,1999-01-01,1699.85,5108.0,United States,GTX,550.0,Summer Sewald,West
OEUK1UW5,Corliss Cosme,GTX Plus Basic,Condax,Won,2017-08-02,2017-11-09,1123.0,medical,2017-01-01,4.54,9.0,United States,GTX,1096.0,Cara Losch,East
RYYTO9Z5,Daniell Hammack,GTX Basic,Yearin,Won,2017-08-02,2017-11-01,592.0,retail,2005-01-01,2261.05,3851.0,United States,GTX,550.0,Rocco Neubert,East
R9VR53F3,Daniell Hammack,GTX Plus Pro,Umbrella Corporation,Won,2017-08-02,2017-08-14,6284.0,finance,1998-01-01,2022.14,5113.0,United States,GTX,5482.0,Rocco Neubert,East
D5H30X5X,Gladys Colclough,MG Special,Warephase,Lost,2017-08-02,2017-11-07,0.0,services,1997-01-01,2041.73,5276.0,United States,MG,55.0,Melvin Marxen,Central
FLXN0TBT,Hayden Neloms,MG Advanced,Labdrill,Lost,2017-08-02,2017-08-10,0.0,medical,1985-01-01,2741.37,9226.0,United States,MG,3393.0,Celia Rouche,West
R1X6U9CU,James Ascencio,GTX Plus Pro,Kan-code,Won,2017-08-02,2017-08-05,4231.0,software,1982-01-01,11698.03,34288.0,United States,GTX,5482.0,Summer Sewald,West
IT1XRUTD,Lajuana Vencill,GTX Plus Pro,Warephase,Lost,2017-08-02,2017-08-13,0.0,services,1997-01-01,2041.73,5276.0,United States,GTX,5482.0,Dustin Brinkmann,Central
VTSKKTQO,Lajuana Vencill,MG Advanced,Zumgoity,Lost,2017-08-02,2017-08-13,0.0,medical,1984-01-01,441.08,1210.0,United States,MG,3393.0,Dustin Brinkmann,Central
KIKG1BGV,Moses Frase,MG Advanced,Domzoom,Engaging,2017-08-02,,,entertainment,1998-01-01,217.87,551.0,United States,MG,3393.0,Dustin Brinkmann,Central
3Z2AMU5T,Reed Clapper,MG Advanced,Kinnamplus,Lost,2017-08-02,2017-11-23,0.0,retail,2004-01-01,702.72,1831.0,United States,MG,3393.0,Rocco Neubert,East
R0O1UYNW,Violet Mclelland,MG Special,Bluth Company,Won,2017-08-02,2017-08-10,53.0,technolgy,1993-01-01,1242.32,3027.0,United States,MG,55.0,Cara Losch,East
AZN2K0V9,Anna Snelling,MG Advanced,Ganjaflex,Engaging,2017-08-03,,,retail,1995-01-01,5158.71,17479.0,Japan,MG,3393.0,Dustin Brinkmann,Central
G44S6CLC,Anna Snelling,MG Special,Cancity,Won,2017-08-03,2017-08-16,52.0,retail,2001-01-01,718.62,2448.0,United States,MG,55.0,Dustin Brinkmann,Central
IMLB4653,Boris Faz,GTX Plus Basic,Gekko & Co,Won,2017-08-03,2017-08-22,938.0,retail,1990-01-01,2520.83,3502.0,United States,GTX,1096.0,Rocco Neubert,East
ZE6HA778,Darcel Schlecht,MG Advanced,Inity,Lost,2017-08-03,2017-08-08,0.0,marketing,1986-01-01,2403.58,8801.0,United States,MG,3393.0,Melvin Marxen,Central
6KPKOR79,Donn Cantrell,GTX Plus Basic,Bioplex,Won,2017-08-03,2017-09-13,1050.0,medical,1991-01-01,326.82,1016.0,United States,GTX,1096.0,Rocco Neubert,East
D42GA3LC,Donn Cantrell,MG Advanced,Vehement Capital Partners,Won,2017-08-03,2017-08-11,3440.0,finance,1993-01-01,646.1,883.0,United States,MG,3393.0,Rocco Neubert,East
TIPXNDS2,Gladys Colclough,MG Special,Betatech,Engaging,2017-08-03,,,medical,1986-01-01,647.18,1185.0,Kenya,MG,55.0,Melvin Marxen,Central
RD6Y5R4P,Kami Bicknell,MG Special,Cancity,Engaging,2017-08-03,,,retail,2001-01-01,718.62,2448.0,United States,MG,55.0,Summer Sewald,West
PBVC1VI7,Kary Hendrixson,GTX Plus Basic,Konex,Lost,2017-08-03,2017-11-09,0.0,technolgy,1980-01-01,7708.38,13756.0,United States,GTX,1096.0,Summer Sewald,West
LDQITW5C,Lajuana Vencill,MG Advanced,Acme Corporation,Engaging,2017-08-03,,,technolgy,1996-01-01,1100.04,2822.0,United States,MG,3393.0,Dustin Brinkmann,Central
0R5KAHNB,Moses Frase,MG Advanced,Umbrella Corporation,Engaging,2017-08-03,,,finance,1998-01-01,2022.14,5113.0,United States,MG,3393.0,Dustin Brinkmann,Central
ATMWAQL5,Niesha Huffines,GTX Plus Basic,Gogozoom,Engaging,2017-08-03,,,telecommunications,2007-01-01,86.68,187.0,United States,GTX,1096.0,Melvin Marxen,Central
U4BPFJC5,Niesha Huffines,GTX Plus Basic,Inity,Won,2017-08-03,2017-08-21,1126.0,marketing,1986-01-01,2403.58,8801.0,United States,GTX,1096.0,Melvin Marxen,Central
B28O6RVD,Rosie Papadopoulos,MG Advanced,Silis,Lost,2017-08-03,2017-08-20,0.0,medical,1994-01-01,2818.38,6290.0,United States,MG,3393.0,Cara Losch,East
O9MGYBG4,Rosie Papadopoulos,GTX Plus Basic,Silis,Won,2017-08-03,2017-12-02,965.0,medical,1994-01-01,2818.38,6290.0,United States,GTX,1096.0,Cara Losch,East
FLH1KDV2,Versie Hillebrand,GTX Basic,Hottechi,Won,2017-08-03,2017-11-01,534.0,technolgy,1997-01-01,8170.38,16499.0,Korea,GTX,550.0,Dustin Brinkmann,Central
NNH4EBG8,Vicki Laflamme,MG Special,Mathtouch,Engaging,2017-08-03,,,marketing,1984-01-01,3027.46,9516.0,Jordan,MG,55.0,Celia Rouche,West
GVSAAKF4,Wilburn Farren,MG Special,Massive Dynamic,Won,2017-08-03,2017-11-21,50.0,entertainment,1989-01-01,665.06,1095.0,United States,MG,55.0,Cara Losch,East
5UFU5IO4,Corliss Cosme,MG Special,Cancity,Engaging,2017-08-04,,,retail,2001-01-01,718.62,2448.0,United States,MG,55.0,Cara Losch,East
OB2PHGFR,Elease Gluck,MG Advanced,J-Texon,Won,2017-08-04,2017-11-04,3308.0,retail,1989-01-01,1388.67,3583.0,United States,MG,3393.0,Celia Rouche,West
Y2X0X0WQ,Gladys Colclough,MG Advanced,Finhigh,Won,2017-08-04,2017-12-07,3367.0,finance,2006-01-01,1102.43,1759.0,United States,MG,3393.0,Melvin Marxen,Central
DZ47F0UT,Kary Hendrixson,GTX Plus Basic,Labdrill,Lost,2017-08-04,2017-08-08,0.0,medical,1985-01-01,2741.37,9226.0,United States,GTX,1096.0,Summer Sewald,West
7WYZ9HMC,Kary Hendrixson,GTX Basic,Scotfind,Won,2017-08-04,2017-09-16,518.0,software,1996-01-01,6354.87,16780.0,United States,GTX,550.0,Summer Sewald,West
5VW9YVTU,Moses Frase,GTX Basic,Condax,Engaging,2017-08-04,,,medical,2017-01-01,4.54,9.0,United States,GTX,550.0,Dustin Brinkmann,Central
FUI9BIS3,Moses Frase,MG Advanced,Funholding,Engaging,2017-08-04,,,finance,1991-01-01,2819.5,7227.0,United States,MG,3393.0,Dustin Brinkmann,Central
49SUORYW,Niesha Huffines,GTX Plus Basic,Betasoloin,Engaging,2017-08-04,,,medical,1999-01-01,251.41,495.0,United States,GTX,1096.0,Melvin Marxen,Central
P0YQ3HNN,Reed Clapper,GTX Plus Basic,Kan-code,Won,2017-08-04,2017-09-11,1128.0,software,1982-01-01,11698.03,34288.0,United States,GTX,1096.0,Rocco Neubert,East
TGI9B9AD,Reed Clapper,GTX Plus Pro,Bioplex,Won,2017-08-04,2017-12-16,6318.0,medical,1991-01-01,326.82,1016.0,United States,GTX,5482.0,Rocco Neubert,East
WA58C7SV,Anna Snelling,MG Advanced,Cancity,Lost,2017-08-05,2017-11-26,0.0,retail,2001-01-01,718.62,2448.0,United States,MG,3393.0,Dustin Brinkmann,Central
D4ZMTQLE,Darcel Schlecht,GTX Plus Basic,Scottech,Won,2017-08-05,2017-12-20,1013.0,marketing,2012-01-01,45.39,100.0,United States,GTX,1096.0,Melvin Marxen,Central
QFXZT1TV,Donn Cantrell,GTX Basic,Yearin,Won,2017-08-05,2017-12-20,573.0,retail,2005-01-01,2261.05,3851.0,United States,GTX,550.0,Rocco Neubert,East
3Q8GSOKD,Donn Cantrell,GTX Basic,Zathunicon,Won,2017-08-05,2017-12-04,535.0,retail,2010-01-01,71.12,144.0,United States,GTX,550.0,Rocco Neubert,East
7DOGGIXI,Elease Gluck,MG Special,Bioplex,Engaging,2017-08-05,,,medical,1991-01-01,326.82,1016.0,United States,MG,55.0,Celia Rouche,West
7CC4DUSQ,Elease Gluck,MG Advanced,Fasehatice,Lost,2017-08-05,2017-11-29,0.0,retail,1990-01-01,4968.91,7523.0,United States,MG,3393.0,Celia Rouche,West
NY7Z4I06,Kary Hendrixson,GTX Plus Pro,Betasoloin,Engaging,2017-08-05,,,medical,1999-01-01,251.41,495.0,United States,GTX,5482.0,Summer Sewald,West
G2KW3DWD,Lajuana Vencill,GTX Plus Basic,Condax,Won,2017-08-05,2017-11-02,1080.0,medical,2017-01-01,4.54,9.0,United States,GTX,1096.0,Dustin Brinkmann,Central
IK72767Q,Marty Freudenburg,GTX Basic,Finhigh,Won,2017-08-05,2017-12-14,609.0,finance,2006-01-01,1102.43,1759.0,United States,GTX,550.0,Melvin Marxen,Central
9P180HVQ,Moses Frase,GTX Basic,Zencorporation,Engaging,2017-08-05,,,technolgy,2011-01-01,40.79,142.0,China,GTX,550.0,Dustin Brinkmann,Central
ACGLK2YE,Moses Frase,GTX Plus Basic,Treequote,Engaging,2017-08-05,,,telecommunications,1988-01-01,5266.09,8595.0,United States,GTX,1096.0,Dustin Brinkmann,Central
0F9GSZRO,Moses Frase,GTX Basic,Bioholding,Lost,2017-08-05,2017-11-11,0.0,medical,2012-01-01,587.34,1356.0,Philipines,GTX,550.0,Dustin Brinkmann,Central
BEELPVP0,Moses Frase,MG Special,Scottech,Lost,2017-08-05,2017-08-15,0.0,marketing,2012-01-01,45.39,100.0,United States,MG,55.0,Dustin Brinkmann,Central
2DOZJ7GT,Versie Hillebrand,MG Advanced,Gogozoom,Lost,2017-08-05,2017-11-08,0.0,telecommunications,2007-01-01,86.68,187.0,United States,MG,3393.0,Dustin Brinkmann,Central
1V1L46NV,Versie Hillebrand,GTX Basic,Rundofase,Won,2017-08-05,2017-11-09,563.0,technolgy,1983-01-01,1008.06,1238.0,United States,GTX,550.0,Dustin Brinkmann,Central
R9GI5SJ5,Vicki Laflamme,MG Advanced,Domzoom,Engaging,2017-08-05,,,entertainment,1998-01-01,217.87,551.0,United States,MG,3393.0,Celia Rouche,West
XNOQAL9G,Anna Snelling,MG Special,Betatech,Lost,2017-08-06,2017-11-29,0.0,medical,1986-01-01,647.18,1185.0,Kenya,MG,55.0,Dustin Brinkmann,Central
ZGK1AWBD,Boris Faz,MG Special,Vehement Capital Partners,Engaging,2017-08-06,,,finance,1993-01-01,646.1,883.0,United States,MG,55.0,Rocco Neubert,East
AV72Y65Y,Cecily Lampkin,MG Special,Streethex,Engaging,2017-08-06,,,retail,1988-01-01,1376.8,1165.0,Belgium,MG,55.0,Dustin Brinkmann,Central
2PP30ME4,Corliss Cosme,GTX Plus Basic,Konex,Lost,2017-08-06,2017-11-04,0.0,technolgy,1980-01-01,7708.38,13756.0,United States,GTX,1096.0,Cara Losch,East
UADVV91I,Corliss Cosme,MG Special,Bluth Company,Won,2017-08-06,2017-12-01,59.0,technolgy,1993-01-01,1242.32,3027.0,United States,MG,55.0,Cara Losch,East
E9PMCMA3,Corliss Cosme,MG Special,Donquadtech,Won,2017-08-06,2017-11-14,54.0,technolgy,1992-01-01,1712.68,3194.0,United States,MG,55.0,Cara Losch,East
EGW6AN01,Daniell Hammack,MG Advanced,Donquadtech,Lost,2017-08-06,2017-11-08,0.0,technolgy,1992-01-01,1712.68,3194.0,United States,MG,3393.0,Rocco Neubert,East
NI5XQR33,Darcel Schlecht,GTX Plus Basic,Cancity,Lost,2017-08-06,2017-08-14,0.0,retail,2001-01-01,718.62,2448.0,United States,GTX,1096.0,Melvin Marxen,Central
QYUZ3KVU,Donn Cantrell,MG Advanced,Mathtouch,Won,2017-08-06,2017-08-11,3114.0,marketing,1984-01-01,3027.46,9516.0,Jordan,MG,3393.0,Rocco Neubert,East
5TOZM59X,Elease Gluck,MG Special,Rantouch,Won,2017-08-06,2017-08-17,60.0,telecommunications,1994-01-01,1188.42,3015.0,United States,MG,55.0,Celia Rouche,West
XWOG5DC0,Garret Kinder,GTX Basic,Donware,Lost,2017-08-06,2017-11-08,0.0,marketing,1999-01-01,1197.44,2570.0,United States,GTX,550.0,Cara Losch,East
IQAFSIV4,Garret Kinder,GTX Basic,Kan-code,Won,2017-08-06,2017-08-27,422.0,software,1982-01-01,11698.03,34288.0,United States,GTX,550.0,Cara Losch,East
EETBBG75,Garret Kinder,MG Advanced,Konex,Won,2017-08-06,2017-09-20,3971.0,technolgy,1980-01-01,7708.38,13756.0,United States,MG,3393.0,Cara Losch,East
STYAF310,Kami Bicknell,GTX Plus Basic,Faxquote,Lost,2017-08-06,2017-11-04,0.0,telecommunications,1995-01-01,1825.82,5595.0,United States,GTX,1096.0,Summer Sewald,West
6W7QAH1B,Kami Bicknell,GTX Basic,Konex,Won,2017-08-06,2017-12-18,510.0,technolgy,1980-01-01,7708.38,13756.0,United States,GTX,550.0,Summer Sewald,West
KXLD5YKX,Kami Bicknell,MG Advanced,Scotfind,Won,2017-08-06,2017-11-19,4032.0,software,1996-01-01,6354.87,16780.0,United States,MG,3393.0,Summer Sewald,West
PDMZ1I99,Lajuana Vencill,MG Advanced,Globex Corporation,Engaging,2017-08-06,,,technolgy,2000-01-01,1223.72,2497.0,Norway,MG,3393.0,Dustin Brinkmann,Central
ESYGBBLP,Lajuana Vencill,GTX Basic,Dontechi,Lost,2017-08-06,2017-12-10,0.0,software,1982-01-01,4618.0,10083.0,United States,GTX,550.0,Dustin Brinkmann,Central
ZDSAVCDQ,Rosie Papadopoulos,MG Special,Plussunin,Won,2017-08-06,2017-08-12,52.0,retail,2003-01-01,1419.98,4018.0,United States,MG,55.0,Cara Losch,East
OSG9KZGB,Anna Snelling,GTX Plus Basic,Kan-code,Engaging,2017-08-07,,,software,1982-01-01,11698.03,34288.0,United States,GTX,1096.0,Dustin Brinkmann,Central
693K7IAT,Boris Faz,GTX Basic,Funholding,Engaging,2017-08-07,,,finance,1991-01-01,2819.5,7227.0,United States,GTX,550.0,Rocco Neubert,East
QRWC159J,Boris Faz,MG Advanced,Sumace,Lost,2017-08-07,2017-12-08,0.0,retail,2000-01-01,167.89,493.0,Romania,MG,3393.0,Rocco Neubert,East
TXPUCPT8,Cecily Lampkin,MG Advanced,Globex Corporation,Won,2017-08-07,2017-11-17,3684.0,technolgy,2000-01-01,1223.72,2497.0,Norway,MG,3393.0,Dustin Brinkmann,Central
2ZVWE5NE,Corliss Cosme,GTX Plus Basic,Sumace,Lost,2017-08-07,2017-12-19,0.0,retail,2000-01-01,167.89,493.0,Romania,GTX,1096.0,Cara Losch,East
4335LVQT,Corliss Cosme,GTX Plus Pro,Zotware,Won,2017-08-07,2017-11-19,4648.0,software,1979-01-01,4478.47,13809.0,United States,GTX,5482.0,Cara Losch,East
4XLLUO6J,Darcel Schlecht,GTX Plus Pro,Inity,Won,2017-08-07,2017-09-17,6360.0,marketing,1986-01-01,2403.58,8801.0,United States,GTX,5482.0,Melvin Marxen,Central
5R408EB5,Elease Gluck,GTX Plus Basic,Singletechno,Lost,2017-08-07,2017-12-19,0.0,retail,1996-01-01,2214.94,5374.0,United States,GTX,1096.0,Celia Rouche,West
JZ2VUXZQ,Hayden Neloms,GTX Plus Basic,Rantouch,Lost,2017-08-07,2017-08-26,0.0,telecommunications,1994-01-01,1188.42,3015.0,United States,GTX,1096.0,Celia Rouche,West
RB54V758,James Ascencio,MG Advanced,Sunnamplex,Won,2017-08-07,2017-08-17,3039.0,marketing,2008-01-01,894.37,1593.0,Poland,MG,3393.0,Summer Sewald,West
38C7HEG6,Jonathan Berthelot,GTX Plus Basic,Rundofase,Won,2017-08-07,2017-11-01,1080.0,technolgy,1983-01-01,1008.06,1238.0,United States,GTX,1096.0,Melvin Marxen,Central
FNXCNUR1,Kami Bicknell,GTX Plus Basic,Blackzim,Lost,2017-08-07,2017-11-24,0.0,retail,2009-01-01,497.11,1588.0,United States,GTX,1096.0,Summer Sewald,West
DSPMSOTB,Lajuana Vencill,MG Advanced,Globex Corporation,Won,2017-08-07,2017-12-13,3063.0,technolgy,2000-01-01,1223.72,2497.0,Norway,MG,3393.0,Dustin Brinkmann,Central
AOVU3VUJ,Markita Hansen,GTX Basic,Konex,Lost,2017-08-07,2017-11-17,0.0,technolgy,1980-01-01,7708.38,13756.0,United States,GTX,550.0,Celia Rouche,West
I6M40320,Niesha Huffines,GTX Plus Basic,Betatech,Engaging,2017-08-07,,,medical,1986-01-01,647.18,1185.0,Kenya,GTX,1096.0,Melvin Marxen,Central
6DUFMKIG,Vicki Laflamme,MG Special,J-Texon,Lost,2017-08-07,2017-08-13,0.0,retail,1989-01-01,1388.67,3583.0,United States,MG,55.0,Celia Rouche,West
R2DID6L7,Violet Mclelland,MG Special,Acme Corporation,Won,2017-08-07,2017-11-04,52.0,technolgy,1996-01-01,1100.04,2822.0,United States,MG,55.0,Cara Losch,East
WHS3UZHR,Violet Mclelland,MG Special,Bluth Company,Won,2017-08-07,2017-11-09,51.0,technolgy,1993-01-01,1242.32,3027.0,United States,MG,55.0,Cara Losch,East
RRQIGS7E,Anna Snelling,MG Special,dambase,Won,2017-08-08,2017-08-18,53.0,marketing,1995-01-01,2173.98,2928.0,United States,MG,55.0,Dustin Brinkmann,Central
1VFRN1GB,Cassey Cress,GTX Basic,Xx-zobam,Won,2017-08-08,2017-08-27,582.0,entertainment,1989-01-01,3838.39,8274.0,United States,GTX,550.0,Rocco Neubert,East
AHXFADIU,Cecily Lampkin,GTX Plus Pro,Cancity,Lost,2017-08-08,2017-11-01,0.0,retail,2001-01-01,718.62,2448.0,United States,GTX,5482.0,Dustin Brinkmann,Central
PWKFVQFA,Cecily Lampkin,MG Advanced,Warephase,Won,2017-08-08,2017-11-08,3354.0,services,1997-01-01,2041.73,5276.0,United States,MG,3393.0,Dustin Brinkmann,Central
8CAXVCDF,Daniell Hammack,MG Advanced,Donware,Lost,2017-08-08,2017-08-09,0.0,marketing,1999-01-01,1197.44,2570.0,United States,MG,3393.0,Rocco Neubert,East
0SIWRBDT,Daniell Hammack,GTX Plus Basic,Konex,Won,2017-08-08,2017-12-22,1135.0,technolgy,1980-01-01,7708.38,13756.0,United States,GTX,1096.0,Rocco Neubert,East
6IMKESNY,Jonathan Berthelot,GTX Plus Basic,Toughzap,Won,2017-08-08,2017-08-17,1085.0,retail,1995-01-01,332.43,799.0,United States,GTX,1096.0,Melvin Marxen,Central
CLRPASVW,Kami Bicknell,GTX Basic,Cancity,Engaging,2017-08-08,,,retail,2001-01-01,718.62,2448.0,United States,GTX,550.0,Summer Sewald,West
18N5WD04,Kary Hendrixson,MG Special,Singletechno,Lost,2017-08-08,2017-09-24,0.0,retail,1996-01-01,2214.94,5374.0,United States,MG,55.0,Summer Sewald,West
R26IBPEJ,Lajuana Vencill,GTX Basic,Finhigh,Lost,2017-08-08,2017-11-13,0.0,finance,2006-01-01,1102.43,1759.0,United States,GTX,550.0,Dustin Brinkmann,Central
TCBW39GW,Marty Freudenburg,GTX Plus Basic,Zumgoity,Won,2017-08-08,2017-11-07,1196.0,medical,1984-01-01,441.08,1210.0,United States,GTX,1096.0,Melvin Marxen,Central
F9QHNS68,Marty Freudenburg,GTX Plus Pro,Warephase,Won,2017-08-08,2017-08-19,5572.0,services,1997-01-01,2041.73,5276.0,United States,GTX,5482.0,Melvin Marxen,Central
7DA7E2K7,Maureen Marcano,MG Advanced,J-Texon,Won,2017-08-08,2017-11-06,3415.0,retail,1989-01-01,1388.67,3583.0,United States,MG,3393.0,Summer Sewald,West
GTH7MXLG,Versie Hillebrand,MG Special,Scottech,Lost,2017-08-08,2017-08-15,0.0,marketing,2012-01-01,45.39,100.0,United States,MG,55.0,Dustin Brinkmann,Central
2QISWUQ9,Cassey Cress,GTX Basic,Kinnamplus,Lost,2017-08-09,2017-12-05,0.0,retail,2004-01-01,702.72,1831.0,United States,GTX,550.0,Rocco Neubert,East
8CJ0DC9P,Daniell Hammack,GTX Plus Basic,Vehement Capital Partners,Lost,2017-08-09,2017-11-12,0.0,finance,1993-01-01,646.1,883.0,United States,GTX,1096.0,Rocco Neubert,East
S0WEFDP2,Daniell Hammack,GTX Plus Basic,Plussunin,Won,2017-08-09,2017-09-24,1176.0,retail,2003-01-01,1419.98,4018.0,United States,GTX,1096.0,Rocco Neubert,East
MUSSD9WD,Darcel Schlecht,GTX Plus Basic,Goodsilron,Engaging,2017-08-09,,,marketing,2000-01-01,2952.73,5107.0,United States,GTX,1096.0,Melvin Marxen,Central
N4JDVO8F,Elease Gluck,GTX Basic,Singletechno,Lost,2017-08-09,2017-08-12,0.0,retail,1996-01-01,2214.94,5374.0,United States,GTX,550.0,Celia Rouche,West
GXJF1O6U,Elease Gluck,MG Advanced,Cheers,Lost,2017-08-09,2017-11-18,0.0,entertainment,1993-01-01,4269.9,6472.0,United States,MG,3393.0,Celia Rouche,West
XMVJ5X59,Garret Kinder,MG Advanced,Plussunin,Won,2017-08-09,2017-11-07,2715.0,retail,2003-01-01,1419.98,4018.0,United States,MG,3393.0,Cara Losch,East
AJ3CFCFA,Hayden Neloms,GTX Plus Basic,Hatfan,Lost,2017-08-09,2017-11-19,0.0,services,1982-01-01,792.46,1299.0,United States,GTX,1096.0,Celia Rouche,West
SX73M3HS,James Ascencio,GTX Basic,Hottechi,Won,2017-08-09,2017-12-19,511.0,technolgy,1997-01-01,8170.38,16499.0,Korea,GTX,550.0,Summer Sewald,West
EVXPG3V5,Lajuana Vencill,GTX Basic,The New York Inquirer,Engaging,2017-08-09,,,medical,1996-01-01,439.21,792.0,United States,GTX,550.0,Dustin Brinkmann,Central
YDUL6H8V,Markita Hansen,GTX Plus Basic,Goodsilron,Won,2017-08-09,2017-12-08,1017.0,marketing,2000-01-01,2952.73,5107.0,United States,GTX,1096.0,Celia Rouche,West
FSNL204U,Marty Freudenburg,GTX Plus Pro,Hatfan,Engaging,2017-08-09,,,services,1982-01-01,792.46,1299.0,United States,GTX,5482.0,Melvin Marxen,Central
DY5RYWTV,Maureen Marcano,GTX Plus Basic,Labdrill,Lost,2017-08-09,2017-08-20,0.0,medical,1985-01-01,2741.37,9226.0,United States,GTX,1096.0,Summer Sewald,West
3F9NDPA0,Maureen Marcano,GTX Plus Basic,Konex,Won,2017-08-09,2017-08-10,1102.0,technolgy,1980-01-01,7708.38,13756.0,United States,GTX,1096.0,Summer Sewald,West
UMKU4ZGE,Maureen Marcano,MG Special,Kan-code,Won,2017-08-09,2017-12-04,67.0,software,1982-01-01,11698.03,34288.0,United States,MG,55.0,Summer Sewald,West
56SRDF1B,Moses Frase,MG Special,Genco Pura Olive Oil Company,Won,2017-08-09,2017-09-09,59.0,retail,2007-01-01,894.33,1635.0,Italy,MG,55.0,Dustin Brinkmann,Central
ID7F5VGK,Niesha Huffines,GTX Plus Pro,Domzoom,Lost,2017-08-09,2017-11-25,0.0,entertainment,1998-01-01,217.87,551.0,United States,GTX,5482.0,Melvin Marxen,Central
6UQTAD4C,Niesha Huffines,GTX Basic,Hottechi,Won,2017-08-09,2017-12-09,569.0,technolgy,1997-01-01,8170.38,16499.0,Korea,GTX,550.0,Melvin Marxen,Central
HT17GEXI,Reed Clapper,GTX Basic,Xx-zobam,Won,2017-08-09,2017-12-13,517.0,entertainment,1989-01-01,3838.39,8274.0,United States,GTX,550.0,Rocco Neubert,East
5Q2BP80H,Wilburn Farren,GTX Basic,Iselectrics,Lost,2017-08-09,2017-11-03,0.0,technolgy,2011-01-01,527.11,1428.0,United States,GTX,550.0,Cara Losch,East
JVKP9OCT,Boris Faz,GTX Plus Basic,Donware,Won,2017-08-10,2017-08-22,1171.0,marketing,1999-01-01,1197.44,2570.0,United States,GTX,1096.0,Rocco Neubert,East
COJKCSVG,Corliss Cosme,GTX Basic,Kinnamplus,Lost,2017-08-10,2017-08-22,0.0,retail,2004-01-01,702.72,1831.0,United States,GTX,550.0,Cara Losch,East
533RTCAL,Corliss Cosme,GTX Plus Basic,Donquadtech,Won,2017-08-10,2017-08-20,1143.0,technolgy,1992-01-01,1712.68,3194.0,United States,GTX,1096.0,Cara Losch,East
DNL2IICB,Darcel Schlecht,MG Advanced,Codehow,Lost,2017-08-10,2017-08-12,0.0,software,1998-01-01,2714.9,2641.0,United States,MG,3393.0,Melvin Marxen,Central
X7V78ZY0,Elease Gluck,MG Special,Scotfind,Won,2017-08-10,2017-08-16,49.0,software,1996-01-01,6354.87,16780.0,United States,MG,55.0,Celia Rouche,West
5GEBBVQQ,Garret Kinder,GTX Plus Pro,Bubba Gump,Lost,2017-08-10,2017-11-06,0.0,software,2002-01-01,987.39,2253.0,United States,GTX,5482.0,Cara Losch,East
DMN53GAI,Hayden Neloms,MG Advanced,J-Texon,Won,2017-08-10,2017-08-13,3511.0,retail,1989-01-01,1388.67,3583.0,United States,MG,3393.0,Celia Rouche,West
MBPJUJ7F,Jonathan Berthelot,GTX Basic,Plexzap,Engaging,2017-08-10,,,retail,2001-01-01,2437.85,4874.0,United States,GTX,550.0,Melvin Marxen,Central
J31SUXQJ,Marty Freudenburg,GTX Plus Pro,Sumace,Engaging,2017-08-10,,,retail,2000-01-01,167.89,493.0,Romania,GTX,5482.0,Melvin Marxen,Central
C23N9DE9,Marty Freudenburg,GTX Plus Basic,Codehow,Won,2017-08-10,2017-08-27,1108.0,software,1998-01-01,2714.9,2641.0,United States,GTX,1096.0,Melvin Marxen,Central
FW7QS11M,Maureen Marcano,MG Special,Golddex,Lost,2017-08-10,2017-11-07,0.0,finance,2008-01-01,52.5,165.0,United States,MG,55.0,Summer Sewald,West
ZRBHYBW9,Maureen Marcano,MG Special,Groovestreet,Lost,2017-08-10,2017-11-03,0.0,retail,2003-01-01,223.8,299.0,United States,MG,55.0,Summer Sewald,West
JLK580ND,Niesha Huffines,GTX Basic,Stanredtax,Lost,2017-08-10,2017-09-16,0.0,finance,1987-01-01,1698.2,3798.0,United States,GTX,550.0,Melvin Marxen,Central
GN9SQ77J,Niesha Huffines,GTX Plus Pro,Inity,Won,2017-08-10,2017-08-25,5671.0,marketing,1986-01-01,2403.58,8801.0,United States,GTX,5482.0,Melvin Marxen,Central
1S09GEOL,Rosie Papadopoulos,GTX Basic,Bubba Gump,Lost,2017-08-10,2017-09-09,0.0,software,2002-01-01,987.39,2253.0,United States,GTX,550.0,Cara Losch,East
W0TOD23Z,Versie Hillebrand,GTX Basic,Bioholding,Won,2017-08-10,2017-09-24,546.0,medical,2012-01-01,587.34,1356.0,Philipines,GTX,550.0,Dustin Brinkmann,Central
2SI35CTV,Vicki Laflamme,MG Special,Golddex,Won,2017-08-10,2017-12-06,57.0,finance,2008-01-01,52.5,165.0,United States,MG,55.0,Celia Rouche,West
58CZCKFN,Vicki Laflamme,MG Advanced,Doncon,Won,2017-08-10,2017-09-28,3195.0,technolgy,2010-01-01,587.72,1501.0,United States,MG,3393.0,Celia Rouche,West
3E6J4YRT,Violet Mclelland,GTX Basic,Zotware,Lost,2017-08-10,2017-11-06,0.0,software,1979-01-01,4478.47,13809.0,United States,GTX,550.0,Cara Losch,East
L4QYOBFW,Anna Snelling,MG Special,Globex Corporation,Lost,2017-08-11,2017-11-06,0.0,technolgy,2000-01-01,1223.72,2497.0,Norway,MG,55.0,Dustin Brinkmann,Central
DSC7UB3W,Anna Snelling,MG Special,Globex Corporation,Lost,2017-08-11,2017-08-23,0.0,technolgy,2000-01-01,1223.72,2497.0,Norway,MG,55.0,Dustin Brinkmann,Central
ZHXBOIJ6,Anna Snelling,MG Special,Dontechi,Won,2017-08-11,2017-08-18,46.0,software,1982-01-01,4618.0,10083.0,United States,MG,55.0,Dustin Brinkmann,Central
FBVCN3BA,Anna Snelling,MG Special,Streethex,Won,2017-08-11,2017-11-07,65.0,retail,1988-01-01,1376.8,1165.0,Belgium,MG,55.0,Dustin Brinkmann,Central
5MAXF8FK,Gladys Colclough,GTX Plus Pro,The New York Inquirer,Engaging,2017-08-11,,,medical,1996-01-01,439.21,792.0,United States,GTX,5482.0,Melvin Marxen,Central
KJGZN9D4,Jonathan Berthelot,GTX Basic,Rangreen,Won,2017-08-11,2017-11-11,526.0,technolgy,1987-01-01,2938.67,8775.0,Panama,GTX,550.0,Melvin Marxen,Central
ORJRH2SQ,Markita Hansen,GTX Plus Basic,Green-Plus,Won,2017-08-11,2017-08-14,1105.0,services,2003-01-01,692.19,1922.0,United States,GTX,1096.0,Celia Rouche,West
8CBTC1PX,Marty Freudenburg,MG Advanced,Streethex,Engaging,2017-08-11,,,retail,1988-01-01,1376.8,1165.0,Belgium,MG,3393.0,Melvin Marxen,Central
GFU8P2SC,Versie Hillebrand,MG Special,Bioholding,Lost,2017-08-11,2017-08-17,0.0,medical,2012-01-01,587.34,1356.0,Philipines,MG,55.0,Dustin Brinkmann,Central
SBCNMFUN,Vicki Laflamme,MG Special,Sunnamplex,Won,2017-08-11,2017-08-16,56.0,marketing,2008-01-01,894.37,1593.0,Poland,MG,55.0,Celia Rouche,West
JCIKEHD8,Violet Mclelland,GTX Plus Basic,Iselectrics,Lost,2017-08-11,2017-11-09,0.0,technolgy,2011-01-01,527.11,1428.0,United States,GTX,1096.0,Cara Losch,East
0PUDG8KY,Cassey Cress,GTX Basic,Zathunicon,Lost,2017-08-12,2017-08-24,0.0,retail,2010-01-01,71.12,144.0,United States,GTX,550.0,Rocco Neubert,East
0UB5IQXA,Cecily Lampkin,MG Special,Codehow,Won,2017-08-12,2017-11-23,65.0,software,1998-01-01,2714.9,2641.0,United States,MG,55.0,Dustin Brinkmann,Central
ASVOOKMY,Corliss Cosme,GTX Basic,Zathunicon,Won,2017-08-12,2017-09-03,524.0,retail,2010-01-01,71.12,144.0,United States,GTX,550.0,Cara Losch,East
HMWIP0F2,Darcel Schlecht,MG Special,Finjob,Engaging,2017-08-12,,,employment,1988-01-01,2059.9,3644.0,United States,MG,55.0,Melvin Marxen,Central
J6TNURHV,Darcel Schlecht,GTX Basic,Inity,Won,2017-08-12,2017-11-20,481.0,marketing,1986-01-01,2403.58,8801.0,United States,GTX,550.0,Melvin Marxen,Central
9PG07FPP,Darcel Schlecht,GTX Basic,Treequote,Won,2017-08-12,2017-11-11,520.0,telecommunications,1988-01-01,5266.09,8595.0,United States,GTX,550.0,Melvin Marxen,Central
A7YPY8KI,Elease Gluck,MG Special,Fasehatice,Won,2017-08-12,2017-08-21,53.0,retail,1990-01-01,4968.91,7523.0,United States,MG,55.0,Celia Rouche,West
IFTZ75Z9,Kary Hendrixson,GTX Plus Basic,Labdrill,Lost,2017-08-12,2017-12-03,0.0,medical,1985-01-01,2741.37,9226.0,United States,GTX,1096.0,Summer Sewald,West
E8QYYAGE,Lajuana Vencill,GTX Basic,Stanredtax,Lost,2017-08-12,2017-09-12,0.0,finance,1987-01-01,1698.2,3798.0,United States,GTX,550.0,Dustin Brinkmann,Central
O0L6JUYE,Marty Freudenburg,GTX Basic,Bluth Company,Engaging,2017-08-12,,,technolgy,1993-01-01,1242.32,3027.0,United States,GTX,550.0,Melvin Marxen,Central
XE0H6MOP,Maureen Marcano,GTX Basic,Hottechi,Won,2017-08-12,2017-09-22,559.0,technolgy,1997-01-01,8170.38,16499.0,Korea,GTX,550.0,Summer Sewald,West
44Q1W18Y,Moses Frase,MG Special,Zoomit,Engaging,2017-08-12,,,entertainment,1992-01-01,324.19,978.0,United States,MG,55.0,Dustin Brinkmann,Central
R0YCRJVQ,Moses Frase,MG Advanced,Isdom,Lost,2017-08-12,2017-08-17,0.0,medical,2002-01-01,3178.24,4540.0,United States,MG,3393.0,Dustin Brinkmann,Central
7ZN8YCH8,Versie Hillebrand,MG Special,Gekko & Co,Engaging,2017-08-12,,,retail,1990-01-01,2520.83,3502.0,United States,MG,55.0,Dustin Brinkmann,Central
3OA6FZUD,Versie Hillebrand,MG Advanced,Treequote,Won,2017-08-12,2017-11-29,3165.0,telecommunications,1988-01-01,5266.09,8595.0,United States,MG,3393.0,Dustin Brinkmann,Central
SUOT8GB6,Vicki Laflamme,MG Advanced,Blackzim,Won,2017-08-12,2017-11-14,3779.0,retail,2009-01-01,497.11,1588.0,United States,MG,3393.0,Celia Rouche,West
Q3TDGMAR,Violet Mclelland,MG Special,Donquadtech,Won,2017-08-12,2017-11-12,48.0,technolgy,1992-01-01,1712.68,3194.0,United States,MG,55.0,Cara Losch,East
HQ2QSZUP,Anna Snelling,MG Special,Streethex,Won,2017-08-13,2017-11-02,50.0,retail,1988-01-01,1376.8,1165.0,Belgium,MG,55.0,Dustin Brinkmann,Central
V01XCOAS,Boris Faz,MG Special,Umbrella Corporation,Lost,2017-08-13,2017-11-22,0.0,finance,1998-01-01,2022.14,5113.0,United States,MG,55.0,Rocco Neubert,East
O35V5CTW,Cassey Cress,MG Advanced,Xx-zobam,Lost,2017-08-13,2017-11-24,0.0,entertainment,1989-01-01,3838.39,8274.0,United States,MG,3393.0,Rocco Neubert,East
C205FMDE,Corliss Cosme,MG Special,Zencorporation,Won,2017-08-13,2017-09-01,59.0,technolgy,2011-01-01,40.79,142.0,China,MG,55.0,Cara Losch,East
8H0UQYXW,James Ascencio,MG Advanced,Kan-code,Won,2017-08-13,2017-11-07,3972.0,software,1982-01-01,11698.03,34288.0,United States,MG,3393.0,Summer Sewald,West
5CAP1055,Kary Hendrixson,GTX Plus Pro,Kan-code,Engaging,2017-08-13,,,software,1982-01-01,11698.03,34288.0,United States,GTX,5482.0,Summer Sewald,West
ZW2GDFKC,Kary Hendrixson,MG Special,J-Texon,Lost,2017-08-13,2017-08-24,0.0,retail,1989-01-01,1388.67,3583.0,United States,MG,55.0,Summer Sewald,West
96MOALT0,Kary Hendrixson,GTX Basic,Konex,Won,2017-08-13,2017-08-18,573.0,technolgy,1980-01-01,7708.38,13756.0,United States,GTX,550.0,Summer Sewald,West
PXNDLIL2,Lajuana Vencill,MG Special,Initech,Engaging,2017-08-13,,,telecommunications,1994-01-01,6395.05,20275.0,United States,MG,55.0,Dustin Brinkmann,Central
714B6OB2,Markita Hansen,GTX Plus Pro,Fasehatice,Lost,2017-08-13,2017-11-18,0.0,retail,1990-01-01,4968.91,7523.0,United States,GTX,5482.0,Celia Rouche,West
CYBWWANG,Marty Freudenburg,MG Special,Konmatfix,Lost,2017-08-13,2017-11-25,0.0,marketing,1985-01-01,375.43,1190.0,United States,MG,55.0,Melvin Marxen,Central
4BUQW2T0,Maureen Marcano,GTX Plus Basic,Cheers,Won,2017-08-13,2017-08-24,1130.0,entertainment,1993-01-01,4269.9,6472.0,United States,GTX,1096.0,Summer Sewald,West
TP4SDOPW,Reed Clapper,MG Advanced,Plussunin,Won,2017-08-13,2017-08-29,3732.0,retail,2003-01-01,1419.98,4018.0,United States,MG,3393.0,Rocco Neubert,East
BUZMB3Q4,Vicki Laflamme,MG Special,Finjob,Won,2017-08-13,2017-11-26,59.0,employment,1988-01-01,2059.9,3644.0,United States,MG,55.0,Celia Rouche,West
JTXYATXL,Zane Levy,GTX Basic,Konex,Won,2017-08-13,2017-11-15,510.0,technolgy,1980-01-01,7708.38,13756.0,United States,GTX,550.0,Summer Sewald,West
NSX4NR40,Anna Snelling,GTX Plus Pro,Bioholding,Engaging,2017-08-14,,,medical,2012-01-01,587.34,1356.0,Philipines,GTX,5482.0,Dustin Brinkmann,Central
DCOMI70R,Anna Snelling,GTX Plus Pro,Inity,Lost,2017-08-14,2017-08-20,0.0,marketing,1986-01-01,2403.58,8801.0,United States,GTX,5482.0,Dustin Brinkmann,Central
5OOZTQK7,Cassey Cress,MG Advanced,Ganjaflex,Lost,2017-08-14,2017-08-22,0.0,retail,1995-01-01,5158.71,17479.0,Japan,MG,3393.0,Rocco Neubert,East
P2PVED7R,Cassey Cress,GTX Plus Basic,Kan-code,Won,2017-08-14,2017-08-30,907.0,software,1982-01-01,11698.03,34288.0,United States,GTX,1096.0,Rocco Neubert,East
LFMMI05H,Cassey Cress,GTX Plus Pro,Acme Corporation,Won,2017-08-14,2017-12-21,5881.0,technolgy,1996-01-01,1100.04,2822.0,United States,GTX,5482.0,Rocco Neubert,East
99NDUEKO,Cecily Lampkin,GTX Plus Pro,Betatech,Lost,2017-08-14,2017-11-09,0.0,medical,1986-01-01,647.18,1185.0,Kenya,GTX,5482.0,Dustin Brinkmann,Central
YKMHSGNU,Hayden Neloms,MG Advanced,Y-corporation,Lost,2017-08-14,2017-11-29,0.0,employment,1983-01-01,2871.35,9561.0,United States,MG,3393.0,Celia Rouche,West
N0XWYRBU,Kami Bicknell,GTX Plus Pro,Goodsilron,Won,2017-08-14,2017-11-10,6186.0,marketing,2000-01-01,2952.73,5107.0,United States,GTX,5482.0,Summer Sewald,West
HY9VGF58,Kary Hendrixson,GTX Plus Basic,Plexzap,Won,2017-08-14,2017-08-24,1094.0,retail,2001-01-01,2437.85,4874.0,United States,GTX,1096.0,Summer Sewald,West
EZDMNAK8,Lajuana Vencill,MG Advanced,Plussunin,Engaging,2017-08-14,,,retail,2003-01-01,1419.98,4018.0,United States,MG,3393.0,Dustin Brinkmann,Central
I6PXHXST,Marty Freudenburg,MG Advanced,Singletechno,Engaging,2017-08-14,,,retail,1996-01-01,2214.94,5374.0,United States,MG,3393.0,Melvin Marxen,Central
EPC4NBJ5,Maureen Marcano,GTX Plus Basic,Golddex,Lost,2017-08-14,2017-08-28,0.0,finance,2008-01-01,52.5,165.0,United States,GTX,1096.0,Summer Sewald,West
MVU1OZVS,Versie Hillebrand,MG Special,Rangreen,Won,2017-08-14,2017-11-30,53.0,technolgy,1987-01-01,2938.67,8775.0,Panama,MG,55.0,Dustin Brinkmann,Central
E617EXPD,Vicki Laflamme,MG Advanced,Iselectrics,Engaging,2017-08-14,,,technolgy,2011-01-01,527.11,1428.0,United States,MG,3393.0,Celia Rouche,West
1BAF1ZYL,Vicki Laflamme,GTX Basic,Plexzap,Won,2017-08-14,2017-08-19,551.0,retail,2001-01-01,2437.85,4874.0,United States,GTX,550.0,Celia Rouche,West
UV45XZWJ,Zane Levy,MG Special,Blackzim,Lost,2017-08-14,2017-08-18,0.0,retail,2009-01-01,497.11,1588.0,United States,MG,55.0,Summer Sewald,West
3HTSMIGI,Anna Snelling,GTX Plus Basic,Betatech,Lost,2017-08-15,2017-09-27,0.0,medical,1986-01-01,647.18,1185.0,Kenya,GTX,1096.0,Dustin Brinkmann,Central
B5GG52AB,Anna Snelling,GTX Plus Pro,Inity,Lost,2017-08-15,2017-11-15,0.0,marketing,1986-01-01,2403.58,8801.0,United States,GTX,5482.0,Dustin Brinkmann,Central
MTBQF6FE,Anna Snelling,MG Special,Globex Corporation,Won,2017-08-15,2017-11-05,57.0,technolgy,2000-01-01,1223.72,2497.0,Norway,MG,55.0,Dustin Brinkmann,Central
3S3O03ZV,Cassey Cress,GTX Basic,Gekko & Co,Won,2017-08-15,2017-08-25,552.0,retail,1990-01-01,2520.83,3502.0,United States,GTX,550.0,Rocco Neubert,East
62TFLOG6,Corliss Cosme,MG Advanced,Condax,Lost,2017-08-15,2017-08-28,0.0,medical,2017-01-01,4.54,9.0,United States,MG,3393.0,Cara Losch,East
94JT388Y,Corliss Cosme,GTX Plus Pro,The New York Inquirer,Won,2017-08-15,2017-09-01,4520.0,medical,1996-01-01,439.21,792.0,United States,GTX,5482.0,Cara Losch,East
0R1F3OIN,Daniell Hammack,MG Advanced,Bioplex,Won,2017-08-15,2017-08-22,2682.0,medical,1991-01-01,326.82,1016.0,United States,MG,3393.0,Rocco Neubert,East
WDUOD19F,Darcel Schlecht,GTX Plus Basic,Dontechi,Lost,2017-08-15,2017-12-03,0.0,software,1982-01-01,4618.0,10083.0,United States,GTX,1096.0,Melvin Marxen,Central
ANZJNT1Q,Darcel Schlecht,GTX Plus Basic,Rundofase,Won,2017-08-15,2017-08-25,1104.0,technolgy,1983-01-01,1008.06,1238.0,United States,GTX,1096.0,Melvin Marxen,Central
WMJDLTEF,Donn Cantrell,GTX Basic,Ontomedia,Won,2017-08-15,2017-11-25,533.0,employment,1997-01-01,882.12,2769.0,United States,GTX,550.0,Rocco Neubert,East
3XUKEIQF,Donn Cantrell,GTX Plus Pro,Plussunin,Won,2017-08-15,2017-12-11,5454.0,retail,2003-01-01,1419.98,4018.0,United States,GTX,5482.0,Rocco Neubert,East
GBQ8OLNP,Gladys Colclough,GTX Plus Pro,Warephase,Lost,2017-08-15,2017-09-05,0.0,services,1997-01-01,2041.73,5276.0,United States,GTX,5482.0,Melvin Marxen,Central
3UOIHNKR,James Ascencio,GTX Plus Pro,Plusstrip,Won,2017-08-15,2017-09-03,5533.0,entertainment,2002-01-01,349.81,315.0,United States,GTX,5482.0,Summer Sewald,West
5WVY52IX,Jonathan Berthelot,MG Special,Statholdings,Won,2017-08-15,2017-11-12,57.0,employment,1997-01-01,291.27,586.0,United States,MG,55.0,Melvin Marxen,Central
3K3LQ0H5,Kami Bicknell,GTX Basic,Scotfind,Won,2017-08-15,2017-08-23,557.0,software,1996-01-01,6354.87,16780.0,United States,GTX,550.0,Summer Sewald,West
3THRXZLP,Markita Hansen,GTX Plus Basic,Scotfind,Lost,2017-08-15,2017-11-12,0.0,software,1996-01-01,6354.87,16780.0,United States,GTX,1096.0,Celia Rouche,West
H45TYGRR,Markita Hansen,MG Advanced,Fasehatice,Won,2017-08-15,2017-08-26,3271.0,retail,1990-01-01,4968.91,7523.0,United States,MG,3393.0,Celia Rouche,West
E4A92U26,Marty Freudenburg,GTX Plus Pro,Isdom,Lost,2017-08-15,2017-08-27,0.0,medical,2002-01-01,3178.24,4540.0,United States,GTX,5482.0,Melvin Marxen,Central
JNYA5ZHI,Moses Frase,MG Special,Codehow,Lost,2017-08-15,2017-11-10,0.0,software,1998-01-01,2714.9,2641.0,United States,MG,55.0,Dustin Brinkmann,Central
DCNA3CA1,Moses Frase,GTX Basic,Scottech,Won,2017-08-15,2017-12-18,716.0,marketing,2012-01-01,45.39,100.0,United States,GTX,550.0,Dustin Brinkmann,Central
484WREJQ,Reed Clapper,GTX Plus Basic,Zencorporation,Won,2017-08-15,2017-09-03,1024.0,technolgy,2011-01-01,40.79,142.0,China,GTX,1096.0,Rocco Neubert,East
2TI1UFAA,Rosie Papadopoulos,MG Special,Acme Corporation,Lost,2017-08-15,2017-11-17,0.0,technolgy,1996-01-01,1100.04,2822.0,United States,MG,55.0,Cara Losch,East
W1XRTUT2,Versie Hillebrand,MG Special,Finhigh,Engaging,2017-08-15,,,finance,2006-01-01,1102.43,1759.0,United States,MG,55.0,Dustin Brinkmann,Central
IDYA1X6O,Violet Mclelland,MG Special,Donquadtech,Won,2017-08-15,2017-11-23,55.0,technolgy,1992-01-01,1712.68,3194.0,United States,MG,55.0,Cara Losch,East
U83R2K8I,Anna Snelling,MG Special,Treequote,Won,2017-08-16,2017-08-29,53.0,telecommunications,1988-01-01,5266.09,8595.0,United States,MG,55.0,Dustin Brinkmann,Central
SU1NDYXR,Boris Faz,GTX Plus Basic,Stanredtax,Engaging,2017-08-16,,,finance,1987-01-01,1698.2,3798.0,United States,GTX,1096.0,Rocco Neubert,East
8BP0QGNP,Cassey Cress,GTX Basic,Zencorporation,Won,2017-08-16,2017-11-16,578.0,technolgy,2011-01-01,40.79,142.0,China,GTX,550.0,Rocco Neubert,East
BIH4D0JL,Kami Bicknell,GTX Basic,Blackzim,Won,2017-08-16,2017-08-23,557.0,retail,2009-01-01,497.11,1588.0,United States,GTX,550.0,Summer Sewald,West
M49ZMLGL,Kami Bicknell,MG Special,Finjob,Won,2017-08-16,2017-09-04,57.0,employment,1988-01-01,2059.9,3644.0,United States,MG,55.0,Summer Sewald,West
OQAXHZXD,Markita Hansen,GTX Basic,Kan-code,Lost,2017-08-16,2017-08-26,0.0,software,1982-01-01,11698.03,34288.0,United States,GTX,550.0,Celia Rouche,West
FRRJMFIJ,Rosie Papadopoulos,GTX Basic,Kan-code,Won,2017-08-16,2017-09-24,501.0,software,1982-01-01,11698.03,34288.0,United States,GTX,550.0,Cara Losch,East
QROXE17S,Versie Hillebrand,GTX Plus Basic,Rangreen,Won,2017-08-16,2017-08-29,1084.0,technolgy,1987-01-01,2938.67,8775.0,Panama,GTX,1096.0,Dustin Brinkmann,Central
H3ZR0CQW,Versie Hillebrand,MG Special,Dontechi,Won,2017-08-16,2017-09-02,56.0,software,1982-01-01,4618.0,10083.0,United States,MG,55.0,Dustin Brinkmann,Central
9LY4MLGO,Zane Levy,GTX Basic,Singletechno,Lost,2017-08-16,2017-11-13,0.0,retail,1996-01-01,2214.94,5374.0,United States,GTX,550.0,Summer Sewald,West
X2GXIKND,Anna Snelling,GTX Plus Pro,Hottechi,Won,2017-08-17,2017-11-22,5468.0,technolgy,1997-01-01,8170.38,16499.0,Korea,GTX,5482.0,Dustin Brinkmann,Central
SY61BAXZ,Cassey Cress,GTX Plus Basic,Rantouch,Engaging,2017-08-17,,,telecommunications,1994-01-01,1188.42,3015.0,United States,GTX,1096.0,Rocco Neubert,East
KP1L9SXH,Cassey Cress,GTX Basic,Zencorporation,Won,2017-08-17,2017-11-19,567.0,technolgy,2011-01-01,40.79,142.0,China,GTX,550.0,Rocco Neubert,East
84OTUTQX,Corliss Cosme,GTX Plus Basic,Gekko & Co,Lost,2017-08-17,2017-11-05,0.0,retail,1990-01-01,2520.83,3502.0,United States,GTX,1096.0,Cara Losch,East
DVAOMCYK,Darcel Schlecht,GTX Plus Basic,Dontechi,Won,2017-08-17,2017-11-19,1029.0,software,1982-01-01,4618.0,10083.0,United States,GTX,1096.0,Melvin Marxen,Central
9LJAADWH,Kary Hendrixson,GTX Basic,Fasehatice,Won,2017-08-17,2017-11-08,430.0,retail,1990-01-01,4968.91,7523.0,United States,GTX,550.0,Summer Sewald,West
P8GXMSXL,Moses Frase,MG Advanced,Ron-tech,Lost,2017-08-17,2017-08-28,0.0,medical,1992-01-01,3922.42,6837.0,United States,MG,3393.0,Dustin Brinkmann,Central
QJ1DIUN7,Rosalina Dieter,MG Special,Ganjaflex,Engaging,2017-08-17,,,retail,1995-01-01,5158.71,17479.0,Japan,MG,55.0,Celia Rouche,West
HIOHPBO1,Rosie Papadopoulos,MG Advanced,Kan-code,Won,2017-08-17,2017-09-04,3913.0,software,1982-01-01,11698.03,34288.0,United States,MG,3393.0,Cara Losch,East
ESU5NGML,Versie Hillebrand,GTX Basic,Zumgoity,Lost,2017-08-17,2017-08-24,0.0,medical,1984-01-01,441.08,1210.0,United States,GTX,550.0,Dustin Brinkmann,Central
7NDOEFEB,Versie Hillebrand,MG Special,Toughzap,Lost,2017-08-17,2017-08-20,0.0,retail,1995-01-01,332.43,799.0,United States,MG,55.0,Dustin Brinkmann,Central
H5SSSZ11,Vicki Laflamme,MG Advanced,Condax,Lost,2017-08-17,2017-08-18,0.0,medical,2017-01-01,4.54,9.0,United States,MG,3393.0,Celia Rouche,West
IZ8DDEIO,Vicki Laflamme,MG Advanced,Plexzap,Lost,2017-08-17,2017-11-11,0.0,retail,2001-01-01,2437.85,4874.0,United States,MG,3393.0,Celia Rouche,West
L4R7LDY1,Violet Mclelland,MG Special,Hatfan,Engaging,2017-08-17,,,services,1982-01-01,792.46,1299.0,United States,MG,55.0,Cara Losch,East
5A4Q7X1W,Zane Levy,GTX Basic,Hottechi,Won,2017-08-17,2017-09-03,655.0,technolgy,1997-01-01,8170.38,16499.0,Korea,GTX,550.0,Summer Sewald,West
UGXAZ29V,Zane Levy,MG Special,Groovestreet,Won,2017-08-17,2017-08-31,46.0,retail,2003-01-01,223.8,299.0,United States,MG,55.0,Summer Sewald,West
RMUIMYJU,Boris Faz,GTX Plus Pro,Acme Corporation,Lost,2017-08-18,2017-08-26,0.0,technolgy,1996-01-01,1100.04,2822.0,United States,GTX,5482.0,Rocco Neubert,East
CYIMFEWC,Cecily Lampkin,MG Advanced,dambase,Lost,2017-08-18,2017-08-24,0.0,marketing,1995-01-01,2173.98,2928.0,United States,MG,3393.0,Dustin Brinkmann,Central
DHVOS14H,Corliss Cosme,MG Advanced,Betasoloin,Lost,2017-08-18,2017-08-31,0.0,medical,1999-01-01,251.41,495.0,United States,MG,3393.0,Cara Losch,East
58CABL04,Corliss Cosme,GTX Plus Pro,Silis,Won,2017-08-18,2017-11-04,6372.0,medical,1994-01-01,2818.38,6290.0,United States,GTX,5482.0,Cara Losch,East
0WERZ67T,Darcel Schlecht,GTX Plus Basic,Warephase,Won,2017-08-18,2017-11-13,986.0,services,1997-01-01,2041.73,5276.0,United States,GTX,1096.0,Melvin Marxen,Central
ZA2MIHIM,Hayden Neloms,GTX Plus Pro,Green-Plus,Won,2017-08-18,2017-08-20,6529.0,services,2003-01-01,692.19,1922.0,United States,GTX,5482.0,Celia Rouche,West
0SSUR0IY,Kary Hendrixson,GTX Basic,Hottechi,Lost,2017-08-18,2017-11-14,0.0,technolgy,1997-01-01,8170.38,16499.0,Korea,GTX,550.0,Summer Sewald,West
1IY7Y42E,Kary Hendrixson,GTX Plus Pro,Condax,Won,2017-08-18,2017-11-14,4454.0,medical,2017-01-01,4.54,9.0,United States,GTX,5482.0,Summer Sewald,West
M0PGP5H2,Markita Hansen,GTX Plus Basic,Cheers,Won,2017-08-18,2017-09-14,1002.0,entertainment,1993-01-01,4269.9,6472.0,United States,GTX,1096.0,Celia Rouche,West
PJ21R88K,Markita Hansen,MG Special,Green-Plus,Won,2017-08-18,2017-11-04,63.0,services,2003-01-01,692.19,1922.0,United States,MG,55.0,Celia Rouche,West
E3L02XMN,Marty Freudenburg,GTX Basic,Ron-tech,Won,2017-08-18,2017-12-30,580.0,medical,1992-01-01,3922.42,6837.0,United States,GTX,550.0,Melvin Marxen,Central
PODXJ4SP,Maureen Marcano,GTX Basic,Donquadtech,Engaging,2017-08-18,,,technolgy,1992-01-01,1712.68,3194.0,United States,GTX,550.0,Summer Sewald,West
S3HMUXS1,Violet Mclelland,MG Special,Vehement Capital Partners,Won,2017-08-18,2017-12-07,49.0,finance,1993-01-01,646.1,883.0,United States,MG,55.0,Cara Losch,East
5HKITTHD,Boris Faz,GTX Plus Pro,Mathtouch,Won,2017-08-19,2017-12-03,5703.0,marketing,1984-01-01,3027.46,9516.0,Jordan,GTX,5482.0,Rocco Neubert,East
AZ8ACKLD,Cassey Cress,MG Special,Opentech,Lost,2017-08-19,2017-08-26,0.0,finance,1994-01-01,355.23,853.0,United States,MG,55.0,Rocco Neubert,East
ZN5CVY5V,Darcel Schlecht,GTX Basic,Finhigh,Lost,2017-08-19,2017-08-22,0.0,finance,2006-01-01,1102.43,1759.0,United States,GTX,550.0,Melvin Marxen,Central
G62CPKZO,Darcel Schlecht,MG Advanced,Dontechi,Lost,2017-08-19,2017-08-26,0.0,software,1982-01-01,4618.0,10083.0,United States,MG,3393.0,Melvin Marxen,Central
8N3GXBI5,Jonathan Berthelot,GTX Plus Basic,Funholding,Won,2017-08-19,2017-12-01,1148.0,finance,1991-01-01,2819.5,7227.0,United States,GTX,1096.0,Melvin Marxen,Central
IUKIZFB7,Kami Bicknell,GTX Basic,Singletechno,Lost,2017-08-19,2017-08-25,0.0,retail,1996-01-01,2214.94,5374.0,United States,GTX,550.0,Summer Sewald,West
TLJAFLON,Kary Hendrixson,GTX Basic,J-Texon,Lost,2017-08-19,2017-08-28,0.0,retail,1989-01-01,1388.67,3583.0,United States,GTX,550.0,Summer Sewald,West
9J2JZGFJ,Kary Hendrixson,GTX Plus Basic,Groovestreet,Lost,2017-08-19,2017-11-26,0.0,retail,2003-01-01,223.8,299.0,United States,GTX,1096.0,Summer Sewald,West
TXUDSYGY,Lajuana Vencill,MG Advanced,Rangreen,Won,2017-08-19,2017-11-02,3024.0,technolgy,1987-01-01,2938.67,8775.0,Panama,MG,3393.0,Dustin Brinkmann,Central
H7GXKD3O,Maureen Marcano,GTX Plus Basic,Kan-code,Engaging,2017-08-19,,,software,1982-01-01,11698.03,34288.0,United States,GTX,1096.0,Summer Sewald,West
H7P5O25G,Moses Frase,MG Advanced,Funholding,Lost,2017-08-19,2017-11-20,0.0,finance,1991-01-01,2819.5,7227.0,United States,MG,3393.0,Dustin Brinkmann,Central
SKU6MLKY,Rosie Papadopoulos,MG Special,Xx-zobam,Lost,2017-08-19,2017-11-11,0.0,entertainment,1989-01-01,3838.39,8274.0,United States,MG,55.0,Cara Losch,East
O8E9L7VK,Zane Levy,GTX Basic,Cheers,Lost,2017-08-19,2017-11-25,0.0,entertainment,1993-01-01,4269.9,6472.0,United States,GTX,550.0,Summer Sewald,West
2GVXOWDF,Cassey Cress,GTX Basic,Bluth Company,Won,2017-08-20,2017-09-11,566.0,technolgy,1993-01-01,1242.32,3027.0,United States,GTX,550.0,Rocco Neubert,East
R2DKRFDD,Cassey Cress,GTX Basic,Donquadtech,Won,2017-08-20,2017-11-02,578.0,technolgy,1992-01-01,1712.68,3194.0,United States,GTX,550.0,Rocco Neubert,East
F3FJ3DYK,Darcel Schlecht,GTX Basic,Toughzap,Won,2017-08-20,2017-08-30,620.0,retail,1995-01-01,332.43,799.0,United States,GTX,550.0,Melvin Marxen,Central
PVYIL0X4,Hayden Neloms,MG Advanced,Scotfind,Won,2017-08-20,2017-08-21,3448.0,software,1996-01-01,6354.87,16780.0,United States,MG,3393.0,Celia Rouche,West
KY42W3FG,James Ascencio,GTX Basic,Hatfan,Lost,2017-08-20,2017-11-28,0.0,services,1982-01-01,792.46,1299.0,United States,GTX,550.0,Summer Sewald,West
05915PPX,Kami Bicknell,MG Advanced,Xx-holding,Won,2017-08-20,2017-11-19,3517.0,finance,1993-01-01,7537.24,20293.0,United States,MG,3393.0,Summer Sewald,West
7P069DNF,Kary Hendrixson,GTX Plus Basic,Labdrill,Engaging,2017-08-20,,,medical,1985-01-01,2741.37,9226.0,United States,GTX,1096.0,Summer Sewald,West
P858PP0L,Moses Frase,MG Advanced,Stanredtax,Won,2017-08-20,2017-12-17,3894.0,finance,1987-01-01,1698.2,3798.0,United States,MG,3393.0,Dustin Brinkmann,Central
9D43V124,Vicki Laflamme,MG Special,Mathtouch,Engaging,2017-08-20,,,marketing,1984-01-01,3027.46,9516.0,Jordan,MG,55.0,Celia Rouche,West
O916VMU7,Vicki Laflamme,MG Advanced,Rantouch,Won,2017-08-20,2017-12-22,2833.0,telecommunications,1994-01-01,1188.42,3015.0,United States,MG,3393.0,Celia Rouche,West
0SPX7FIJ,Violet Mclelland,MG Advanced,Vehement Capital Partners,Lost,2017-08-20,2017-09-06,0.0,finance,1993-01-01,646.1,883.0,United States,MG,3393.0,Cara Losch,East
KEE51TPD,Anna Snelling,MG Special,Domzoom,Won,2017-08-21,2017-11-03,54.0,entertainment,1998-01-01,217.87,551.0,United States,MG,55.0,Dustin Brinkmann,Central
1VFT3UCK,Boris Faz,GTX Plus Basic,Condax,Engaging,2017-08-21,,,medical,2017-01-01,4.54,9.0,United States,GTX,1096.0,Rocco Neubert,East
8RR4WXXZ,Darcel Schlecht,GTX Plus Basic,Codehow,Lost,2017-08-21,2017-11-27,0.0,software,1998-01-01,2714.9,2641.0,United States,GTX,1096.0,Melvin Marxen,Central
IYU5CGUM,Darcel Schlecht,GTX Basic,Funholding,Won,2017-08-21,2017-11-12,509.0,finance,1991-01-01,2819.5,7227.0,United States,GTX,550.0,Melvin Marxen,Central
669805IQ,Gladys Colclough,MG Advanced,Treequote,Won,2017-08-21,2017-12-06,3436.0,telecommunications,1988-01-01,5266.09,8595.0,United States,MG,3393.0,Melvin Marxen,Central
A3JRUDX3,Hayden Neloms,MG Advanced,Plusstrip,Won,2017-08-21,2017-11-27,3514.0,entertainment,2002-01-01,349.81,315.0,United States,MG,3393.0,Celia Rouche,West
NY197B1A,Jonathan Berthelot,GTX Basic,Rangreen,Won,2017-08-21,2017-12-30,611.0,technolgy,1987-01-01,2938.67,8775.0,Panama,GTX,550.0,Melvin Marxen,Central
6AD8WNA2,Kary Hendrixson,MG Special,Doncon,Won,2017-08-21,2017-11-08,58.0,technolgy,2010-01-01,587.72,1501.0,United States,MG,55.0,Summer Sewald,West
TKENIGRA,Lajuana Vencill,MG Advanced,Finhigh,Lost,2017-08-21,2017-11-17,0.0,finance,2006-01-01,1102.43,1759.0,United States,MG,3393.0,Dustin Brinkmann,Central
R9ZOFUBX,Lajuana Vencill,GTX Basic,Streethex,Won,2017-08-21,2017-12-13,513.0,retail,1988-01-01,1376.8,1165.0,Belgium,GTX,550.0,Dustin Brinkmann,Central
8BZLOF0K,Markita Hansen,GTX Plus Basic,Newex,Lost,2017-08-21,2017-08-29,0.0,services,1991-01-01,1012.72,3492.0,Germany,GTX,1096.0,Celia Rouche,West
0VFBWUG5,Moses Frase,GTX Plus Basic,Codehow,Lost,2017-08-21,2017-11-03,0.0,software,1998-01-01,2714.9,2641.0,United States,GTX,1096.0,Dustin Brinkmann,Central
23J295J4,Rosalina Dieter,MG Special,Xx-holding,Engaging,2017-08-21,,,finance,1993-01-01,7537.24,20293.0,United States,MG,55.0,Celia Rouche,West
696VNI6G,Versie Hillebrand,MG Special,Treequote,Won,2017-08-21,2017-09-08,54.0,telecommunications,1988-01-01,5266.09,8595.0,United States,MG,55.0,Dustin Brinkmann,Central
1I1K838F,Vicki Laflamme,GTX Basic,Nam-zim,Won,2017-08-21,2017-12-23,547.0,services,1987-01-01,405.59,1179.0,Brazil,GTX,550.0,Celia Rouche,West
LHIM2BGF,Violet Mclelland,MG Advanced,Yearin,Lost,2017-08-21,2017-12-08,0.0,retail,2005-01-01,2261.05,3851.0,United States,MG,3393.0,Cara Losch,East
2O7MVJ1T,Violet Mclelland,GTX Basic,Ganjaflex,Won,2017-08-21,2017-08-26,592.0,retail,1995-01-01,5158.71,17479.0,Japan,GTX,550.0,Cara Losch,East
HDW4BXVN,Wilburn Farren,MG Advanced,The New York Inquirer,Lost,2017-08-21,2017-12-11,0.0,medical,1996-01-01,439.21,792.0,United States,MG,3393.0,Cara Losch,East
V9ORUWY8,Cassey Cress,MG Advanced,Ganjaflex,Lost,2017-08-22,2017-12-05,0.0,retail,1995-01-01,5158.71,17479.0,Japan,MG,3393.0,Rocco Neubert,East
NNLNVB7E,Corliss Cosme,GTX Plus Pro,The New York Inquirer,Won,2017-08-22,2017-11-06,5529.0,medical,1996-01-01,439.21,792.0,United States,GTX,5482.0,Cara Losch,East
4ELXMIIO,Donn Cantrell,GTX Basic,Umbrella Corporation,Lost,2017-08-22,2017-09-01,0.0,finance,1998-01-01,2022.14,5113.0,United States,GTX,550.0,Rocco Neubert,East
YVJ3V0ZI,James Ascencio,GTX Basic,Green-Plus,Won,2017-08-22,2017-12-20,476.0,services,2003-01-01,692.19,1922.0,United States,GTX,550.0,Summer Sewald,West
Q1CFR580,Markita Hansen,MG Special,Dalttechnology,Won,2017-08-22,2017-11-18,56.0,software,2013-01-01,98.79,96.0,United States,MG,55.0,Celia Rouche,West
4S6FW9VM,Marty Freudenburg,GTX Plus Pro,Isdom,Lost,2017-08-22,2017-08-31,0.0,medical,2002-01-01,3178.24,4540.0,United States,GTX,5482.0,Melvin Marxen,Central
PA3EXPCW,Maureen Marcano,GTX Plus Basic,Konex,Lost,2017-08-22,2017-12-01,0.0,technolgy,1980-01-01,7708.38,13756.0,United States,GTX,1096.0,Summer Sewald,West
MPVD0JVF,Maureen Marcano,GTX Basic,Singletechno,Won,2017-08-22,2017-11-30,601.0,retail,1996-01-01,2214.94,5374.0,United States,GTX,550.0,Summer Sewald,West
KZQGC4TA,Maureen Marcano,GTX Plus Basic,Doncon,Won,2017-08-22,2017-12-28,1005.0,technolgy,2010-01-01,587.72,1501.0,United States,GTX,1096.0,Summer Sewald,West
FKOA9EF9,Moses Frase,GTX Plus Pro,Warephase,Won,2017-08-22,2017-11-11,4731.0,services,1997-01-01,2041.73,5276.0,United States,GTX,5482.0,Dustin Brinkmann,Central
Y7TVYRAX,Reed Clapper,GTX Plus Pro,Bubba Gump,Lost,2017-08-22,2017-11-10,0.0,software,2002-01-01,987.39,2253.0,United States,GTX,5482.0,Rocco Neubert,East
KU7COUGK,Wilburn Farren,MG Advanced,The New York Inquirer,Won,2017-08-22,2017-12-22,2994.0,medical,1996-01-01,439.21,792.0,United States,MG,3393.0,Cara Losch,East
23K5J6JP,Anna Snelling,MG Advanced,Funholding,Lost,2017-08-23,2017-11-08,0.0,finance,1991-01-01,2819.5,7227.0,United States,MG,3393.0,Dustin Brinkmann,Central
X7DYUDEB,Anna Snelling,MG Special,Condax,Won,2017-08-23,2017-11-14,58.0,medical,2017-01-01,4.54,9.0,United States,MG,55.0,Dustin Brinkmann,Central
EMGB7S71,Cecily Lampkin,GTX Plus Basic,Betatech,Won,2017-08-23,2017-11-13,1074.0,medical,1986-01-01,647.18,1185.0,Kenya,GTX,1096.0,Dustin Brinkmann,Central
EWAMDI1N,Cecily Lampkin,MG Special,Isdom,Won,2017-08-23,2017-08-26,54.0,medical,2002-01-01,3178.24,4540.0,United States,MG,55.0,Dustin Brinkmann,Central
5D8MX6L9,Daniell Hammack,GTX Basic,Ganjaflex,Lost,2017-08-23,2017-11-01,0.0,retail,1995-01-01,5158.71,17479.0,Japan,GTX,550.0,Rocco Neubert,East
Q9BUCL60,Daniell Hammack,GTX Plus Basic,Ganjaflex,Won,2017-08-23,2017-12-03,1054.0,retail,1995-01-01,5158.71,17479.0,Japan,GTX,1096.0,Rocco Neubert,East
1397M445,Garret Kinder,MG Advanced,Plussunin,Lost,2017-08-23,2017-11-03,0.0,retail,2003-01-01,1419.98,4018.0,United States,MG,3393.0,Cara Losch,East
5IMH88MT,James Ascencio,GTX Basic,Labdrill,Won,2017-08-23,2017-11-29,508.0,medical,1985-01-01,2741.37,9226.0,United States,GTX,550.0,Summer Sewald,West
I86DM1B9,Jonathan Berthelot,MG Special,Gogozoom,Won,2017-08-23,2017-11-19,57.0,telecommunications,2007-01-01,86.68,187.0,United States,MG,55.0,Melvin Marxen,Central
YB4YJTK4,Kami Bicknell,GTX Basic,Lexiqvolax,Engaging,2017-08-23,,,medical,2004-01-01,1618.89,3889.0,United States,GTX,550.0,Summer Sewald,West
HTZD5YGO,Kary Hendrixson,GTX Plus Basic,J-Texon,Lost,2017-08-23,2017-09-13,0.0,retail,1989-01-01,1388.67,3583.0,United States,GTX,1096.0,Summer Sewald,West
NH44FYAA,Kary Hendrixson,MG Special,Sunnamplex,Won,2017-08-23,2017-08-25,62.0,marketing,2008-01-01,894.37,1593.0,Poland,MG,55.0,Summer Sewald,West
Z6AO7S3R,Lajuana Vencill,MG Advanced,Hottechi,Lost,2017-08-23,2017-11-07,0.0,technolgy,1997-01-01,8170.38,16499.0,Korea,MG,3393.0,Dustin Brinkmann,Central
8V3XDZ0D,Lajuana Vencill,GTX Basic,Inity,Won,2017-08-23,2017-11-21,528.0,marketing,1986-01-01,2403.58,8801.0,United States,GTX,550.0,Dustin Brinkmann,Central
18T73EHS,Maureen Marcano,GTX Plus Basic,Labdrill,Won,2017-08-23,2017-08-27,993.0,medical,1985-01-01,2741.37,9226.0,United States,GTX,1096.0,Summer Sewald,West
RKTTVMMP,Maureen Marcano,GTX Plus Basic,Y-corporation,Won,2017-08-23,2017-09-10,1121.0,employment,1983-01-01,2871.35,9561.0,United States,GTX,1096.0,Summer Sewald,West
UDXG59P0,Maureen Marcano,GTX Plus Pro,Faxquote,Won,2017-08-23,2017-12-03,5110.0,telecommunications,1995-01-01,1825.82,5595.0,United States,GTX,5482.0,Summer Sewald,West
VMOGUQA7,Moses Frase,MG Special,Conecom,Won,2017-08-23,2017-12-13,51.0,technolgy,2005-01-01,1520.66,1806.0,United States,MG,55.0,Dustin Brinkmann,Central
0L3VYSKY,Niesha Huffines,GTX Basic,Isdom,Lost,2017-08-23,2017-09-05,0.0,medical,2002-01-01,3178.24,4540.0,United States,GTX,550.0,Melvin Marxen,Central
PG5S1KYF,Rosie Papadopoulos,GTX Plus Pro,Kan-code,Lost,2017-08-23,2017-12-31,0.0,software,1982-01-01,11698.03,34288.0,United States,GTX,5482.0,Cara Losch,East
LVF6FP4A,Rosie Papadopoulos,MG Advanced,Silis,Lost,2017-08-23,2017-11-28,0.0,medical,1994-01-01,2818.38,6290.0,United States,MG,3393.0,Cara Losch,East
RGZHQ2MJ,Versie Hillebrand,MG Special,Zumgoity,Lost,2017-08-23,2017-09-05,0.0,medical,1984-01-01,441.08,1210.0,United States,MG,55.0,Dustin Brinkmann,Central
0XYUJ7HF,Vicki Laflamme,MG Special,Isdom,Engaging,2017-08-23,,,medical,2002-01-01,3178.24,4540.0,United States,MG,55.0,Celia Rouche,West
3THBBYXS,Violet Mclelland,GTX Basic,Ganjaflex,Won,2017-08-23,2017-12-08,542.0,retail,1995-01-01,5158.71,17479.0,Japan,GTX,550.0,Cara Losch,East
XHDAW1SQ,Violet Mclelland,GTX Basic,Yearin,Won,2017-08-23,2017-12-21,576.0,retail,2005-01-01,2261.05,3851.0,United States,GTX,550.0,Cara Losch,East
GIO029D3,Wilburn Farren,GTX Plus Pro,Donquadtech,Lost,2017-08-23,2017-08-31,0.0,technolgy,1992-01-01,1712.68,3194.0,United States,GTX,5482.0,Cara Losch,East
CN8X0DLA,Daniell Hammack,GTX Plus Basic,Stanredtax,Engaging,2017-08-24,,,finance,1987-01-01,1698.2,3798.0,United States,GTX,1096.0,Rocco Neubert,East
M9N3HWGC,James Ascencio,GTX Basic,Zoomit,Lost,2017-08-24,2017-12-24,0.0,entertainment,1992-01-01,324.19,978.0,United States,GTX,550.0,Summer Sewald,West
H56FMPGG,James Ascencio,GTX Basic,Hottechi,Won,2017-08-24,2017-08-30,551.0,technolgy,1997-01-01,8170.38,16499.0,Korea,GTX,550.0,Summer Sewald,West
IH4O3JXV,Kami Bicknell,GTX Basic,Singletechno,Won,2017-08-24,2017-09-10,597.0,retail,1996-01-01,2214.94,5374.0,United States,GTX,550.0,Summer Sewald,West
B6L071P2,Kary Hendrixson,GTX Plus Basic,Lexiqvolax,Won,2017-08-24,2017-11-13,948.0,medical,2004-01-01,1618.89,3889.0,United States,GTX,1096.0,Summer Sewald,West
3ISHFT20,Kary Hendrixson,MG Special,Zoomit,Won,2017-08-24,2017-12-18,62.0,entertainment,1992-01-01,324.19,978.0,United States,MG,55.0,Summer Sewald,West
OBFCOV33,Markita Hansen,MG Advanced,Scotfind,Won,2017-08-24,2017-12-08,4139.0,software,1996-01-01,6354.87,16780.0,United States,MG,3393.0,Celia Rouche,West
78OETKRD,Marty Freudenburg,GTX Plus Pro,dambase,Won,2017-08-24,2017-11-03,6322.0,marketing,1995-01-01,2173.98,2928.0,United States,GTX,5482.0,Melvin Marxen,Central
6IJNBKST,Maureen Marcano,GTX Basic,Konex,Lost,2017-08-24,2017-08-31,0.0,technolgy,1980-01-01,7708.38,13756.0,United States,GTX,550.0,Summer Sewald,West
RM4HCA1W,Niesha Huffines,MG Special,Finhigh,Lost,2017-08-24,2017-08-31,0.0,finance,2006-01-01,1102.43,1759.0,United States,MG,55.0,Melvin Marxen,Central
Y1FWLR93,Reed Clapper,GTX Plus Pro,Kan-code,Won,2017-08-24,2017-09-02,5415.0,software,1982-01-01,11698.03,34288.0,United States,GTX,5482.0,Rocco Neubert,East
ORUHS3Q2,Rosalina Dieter,GTX Basic,Sonron,Won,2017-08-24,2017-11-17,432.0,telecommunications,1999-01-01,1699.85,5108.0,United States,GTX,550.0,Celia Rouche,West
9RLSCMM9,Rosalina Dieter,MG Special,Condax,Won,2017-08-24,2017-08-30,53.0,medical,2017-01-01,4.54,9.0,United States,MG,55.0,Celia Rouche,West
3QS2B6IN,Versie Hillebrand,MG Special,Rundofase,Won,2017-08-24,2017-09-03,57.0,technolgy,1983-01-01,1008.06,1238.0,United States,MG,55.0,Dustin Brinkmann,Central
XCB9CPID,Versie Hillebrand,MG Special,Streethex,Won,2017-08-24,2017-12-09,56.0,retail,1988-01-01,1376.8,1165.0,Belgium,MG,55.0,Dustin Brinkmann,Central
7EJJ9KVZ,Violet Mclelland,MG Special,Donware,Won,2017-08-24,2017-09-03,55.0,marketing,1999-01-01,1197.44,2570.0,United States,MG,55.0,Cara Losch,East
M4MOGAS4,Violet Mclelland,MG Advanced,Acme Corporation,Won,2017-08-24,2017-08-25,3146.0,technolgy,1996-01-01,1100.04,2822.0,United States,MG,3393.0,Cara Losch,East
ZNU9YDS9,Anna Snelling,MG Special,Stanredtax,Won,2017-08-25,2017-11-03,67.0,finance,1987-01-01,1698.2,3798.0,United States,MG,55.0,Dustin Brinkmann,Central
V3VJRFBV,Cassey Cress,GTX Basic,Kan-code,Lost,2017-08-25,2017-11-03,0.0,software,1982-01-01,11698.03,34288.0,United States,GTX,550.0,Rocco Neubert,East
PDI7F0LR,Cassey Cress,MG Advanced,Ganjaflex,Won,2017-08-25,2017-12-04,2613.0,retail,1995-01-01,5158.71,17479.0,Japan,MG,3393.0,Rocco Neubert,East
KJ93MS4W,Corliss Cosme,GTX Plus Basic,Yearin,Won,2017-08-25,2017-11-02,977.0,retail,2005-01-01,2261.05,3851.0,United States,GTX,1096.0,Cara Losch,East
TWEVVI99,Daniell Hammack,GTX Plus Basic,Scottech,Engaging,2017-08-25,,,marketing,2012-01-01,45.39,100.0,United States,GTX,1096.0,Rocco Neubert,East
5R1XNYTM,Daniell Hammack,MG Advanced,Bubba Gump,Lost,2017-08-25,2017-11-25,0.0,software,2002-01-01,987.39,2253.0,United States,MG,3393.0,Rocco Neubert,East
RUN3Z87A,Donn Cantrell,GTX Plus Basic,Donquadtech,Lost,2017-08-25,2017-11-18,0.0,technolgy,1992-01-01,1712.68,3194.0,United States,GTX,1096.0,Rocco Neubert,East
9RGQ8HED,Garret Kinder,MG Special,Zotware,Won,2017-08-25,2017-12-29,54.0,software,1979-01-01,4478.47,13809.0,United States,MG,55.0,Cara Losch,East
RSSYISWE,Hayden Neloms,MG Advanced,Labdrill,Won,2017-08-25,2017-12-01,3331.0,medical,1985-01-01,2741.37,9226.0,United States,MG,3393.0,Celia Rouche,West
67ORNLJ3,Jonathan Berthelot,GTX Basic,Dontechi,Won,2017-08-25,2017-09-05,474.0,software,1982-01-01,4618.0,10083.0,United States,GTX,550.0,Melvin Marxen,Central
M28Z11DC,Kami Bicknell,GTX Plus Basic,Blackzim,Lost,2017-08-25,2017-08-31,0.0,retail,2009-01-01,497.11,1588.0,United States,GTX,1096.0,Summer Sewald,West
DIVKSHY7,Kami Bicknell,GTX Plus Basic,Condax,Won,2017-08-25,2017-11-13,994.0,medical,2017-01-01,4.54,9.0,United States,GTX,1096.0,Summer Sewald,West
RLTHGLLJ,Kami Bicknell,GTX Plus Pro,Singletechno,Won,2017-08-25,2017-11-23,4773.0,retail,1996-01-01,2214.94,5374.0,United States,GTX,5482.0,Summer Sewald,West
EC8A1L94,Lajuana Vencill,MG Special,dambase,Lost,2017-08-25,2017-11-25,0.0,marketing,1995-01-01,2173.98,2928.0,United States,MG,55.0,Dustin Brinkmann,Central
OO4Z7LB9,Niesha Huffines,GTX Plus Basic,Stanredtax,Lost,2017-08-25,2017-08-30,0.0,finance,1987-01-01,1698.2,3798.0,United States,GTX,1096.0,Melvin Marxen,Central
PWOX6RY8,Niesha Huffines,MG Special,Rangreen,Won,2017-08-25,2017-11-22,63.0,technolgy,1987-01-01,2938.67,8775.0,Panama,MG,55.0,Melvin Marxen,Central
0VG9PGMI,Rosalina Dieter,GTX Plus Pro,Hatfan,Won,2017-08-25,2017-09-13,6391.0,services,1982-01-01,792.46,1299.0,United States,GTX,5482.0,Celia Rouche,West
LKFYC5X3,Rosie Papadopoulos,MG Special,Donware,Won,2017-08-25,2017-12-15,58.0,marketing,1999-01-01,1197.44,2570.0,United States,MG,55.0,Cara Losch,East
984H5OG0,Versie Hillebrand,MG Special,Finhigh,Won,2017-08-25,2017-12-04,54.0,finance,2006-01-01,1102.43,1759.0,United States,MG,55.0,Dustin Brinkmann,Central
AB39AL3A,Vicki Laflamme,GTX Plus Pro,Plexzap,Lost,2017-08-25,2017-11-22,0.0,retail,2001-01-01,2437.85,4874.0,United States,GTX,5482.0,Celia Rouche,West
1SKGHPHL,Vicki Laflamme,GTX Plus Pro,Rantouch,Won,2017-08-25,2017-11-21,5129.0,telecommunications,1994-01-01,1188.42,3015.0,United States,GTX,5482.0,Celia Rouche,West
VGSH1TSW,Violet Mclelland,MG Special,Vehement Capital Partners,Engaging,2017-08-25,,,finance,1993-01-01,646.1,883.0,United States,MG,55.0,Cara Losch,East
YTMPHIQY,Violet Mclelland,MG Advanced,Ganjaflex,Lost,2017-08-25,2017-08-30,0.0,retail,1995-01-01,5158.71,17479.0,Japan,MG,3393.0,Cara Losch,East
WZ3FJA3V,Zane Levy,GTX Plus Basic,Labdrill,Engaging,2017-08-25,,,medical,1985-01-01,2741.37,9226.0,United States,GTX,1096.0,Summer Sewald,West
6HE07D76,Zane Levy,GTX Basic,Hatfan,Won,2017-08-25,2017-11-19,454.0,services,1982-01-01,792.46,1299.0,United States,GTX,550.0,Summer Sewald,West
64CTQ6C5,Anna Snelling,GTX Plus Pro,Bioholding,Won,2017-08-26,2017-11-02,6659.0,medical,2012-01-01,587.34,1356.0,Philipines,GTX,5482.0,Dustin Brinkmann,Central
5J4Z0RYC,Cassey Cress,GTX Basic,Bioplex,Won,2017-08-26,2017-09-08,572.0,medical,1991-01-01,326.82,1016.0,United States,GTX,550.0,Rocco Neubert,East
ERWWQ79N,Corliss Cosme,GTX Plus Basic,Bubba Gump,Won,2017-08-26,2017-11-19,1046.0,software,2002-01-01,987.39,2253.0,United States,GTX,1096.0,Cara Losch,East
08O63ECM,Donn Cantrell,MG Advanced,Gekko & Co,Won,2017-08-26,2017-12-01,3281.0,retail,1990-01-01,2520.83,3502.0,United States,MG,3393.0,Rocco Neubert,East
AMGF31TA,Gladys Colclough,MG Special,Statholdings,Lost,2017-08-26,2017-09-05,0.0,employment,1997-01-01,291.27,586.0,United States,MG,55.0,Melvin Marxen,Central
DUJ52ZYK,Hayden Neloms,MG Advanced,Singletechno,Won,2017-08-26,2017-09-10,3462.0,retail,1996-01-01,2214.94,5374.0,United States,MG,3393.0,Celia Rouche,West
N2C3ASJ9,James Ascencio,GTX Plus Pro,Scotfind,Won,2017-08-26,2017-09-06,6029.0,software,1996-01-01,6354.87,16780.0,United States,GTX,5482.0,Summer Sewald,West
059K86LU,Kami Bicknell,GTX Plus Pro,Labdrill,Engaging,2017-08-26,,,medical,1985-01-01,2741.37,9226.0,United States,GTX,5482.0,Summer Sewald,West
62WFO2I3,Kami Bicknell,GTX Basic,Finjob,Won,2017-08-26,2017-12-04,566.0,employment,1988-01-01,2059.9,3644.0,United States,GTX,550.0,Summer Sewald,West
ZTUJ5KQ8,Moses Frase,MG Special,Scottech,Lost,2017-08-26,2017-11-12,0.0,marketing,2012-01-01,45.39,100.0,United States,MG,55.0,Dustin Brinkmann,Central
ZQHJNTDK,Moses Frase,GTX Plus Basic,Isdom,Won,2017-08-26,2017-11-13,1042.0,medical,2002-01-01,3178.24,4540.0,United States,GTX,1096.0,Dustin Brinkmann,Central
K0IV66AV,Reed Clapper,GTX Basic,Betasoloin,Won,2017-08-26,2017-11-07,539.0,medical,1999-01-01,251.41,495.0,United States,GTX,550.0,Rocco Neubert,East
KJ4NAGS5,Rosalina Dieter,MG Special,Kan-code,Won,2017-08-26,2017-11-16,56.0,software,1982-01-01,11698.03,34288.0,United States,MG,55.0,Celia Rouche,West
70A4A2GV,Versie Hillebrand,MG Special,Gogozoom,Won,2017-08-26,2017-11-28,60.0,telecommunications,2007-01-01,86.68,187.0,United States,MG,55.0,Dustin Brinkmann,Central
6TND1V4T,Vicki Laflamme,MG Special,Scotfind,Lost,2017-08-26,2017-08-27,0.0,software,1996-01-01,6354.87,16780.0,United States,MG,55.0,Celia Rouche,West
43FW6W9O,Vicki Laflamme,MG Advanced,Sunnamplex,Won,2017-08-26,2017-11-04,3966.0,marketing,2008-01-01,894.37,1593.0,Poland,MG,3393.0,Celia Rouche,West
QB4FISNE,Violet Mclelland,MG Special,Bluth Company,Lost,2017-08-26,2017-08-27,0.0,technolgy,1993-01-01,1242.32,3027.0,United States,MG,55.0,Cara Losch,East
41S0S9KP,Wilburn Farren,GTX Basic,Umbrella Corporation,Won,2017-08-26,2017-11-23,471.0,finance,1998-01-01,2022.14,5113.0,United States,GTX,550.0,Cara Losch,East
JESVHYTG,Anna Snelling,GTX Basic,Cancity,Won,2017-08-27,2017-09-05,597.0,retail,2001-01-01,718.62,2448.0,United States,GTX,550.0,Dustin Brinkmann,Central
P3HO0L6P,Anna Snelling,MG Special,Condax,Won,2017-08-27,2017-11-14,53.0,medical,2017-01-01,4.54,9.0,United States,MG,55.0,Dustin Brinkmann,Central
6GDZDVTV,Anna Snelling,MG Special,Dontechi,Won,2017-08-27,2017-09-13,59.0,software,1982-01-01,4618.0,10083.0,United States,MG,55.0,Dustin Brinkmann,Central
OO9U4C0Y,Cassey Cress,GTX Plus Basic,Y-corporation,Engaging,2017-08-27,,,employment,1983-01-01,2871.35,9561.0,United States,GTX,1096.0,Rocco Neubert,East
Y5A5G2L5,Cassey Cress,GTX Basic,Bubba Gump,Won,2017-08-27,2017-12-08,606.0,software,2002-01-01,987.39,2253.0,United States,GTX,550.0,Rocco Neubert,East
WZN26QZQ,Corliss Cosme,GTX Plus Pro,Lexiqvolax,Engaging,2017-08-27,,,medical,2004-01-01,1618.89,3889.0,United States,GTX,5482.0,Cara Losch,East
PG4UQI8B,Donn Cantrell,GTX Plus Basic,Kan-code,Lost,2017-08-27,2017-11-20,0.0,software,1982-01-01,11698.03,34288.0,United States,GTX,1096.0,Rocco Neubert,East
BB46B5C7,Hayden Neloms,GTX Plus Basic,Zoomit,Lost,2017-08-27,2017-11-02,0.0,entertainment,1992-01-01,324.19,978.0,United States,GTX,1096.0,Celia Rouche,West
TPJNVDPH,Kami Bicknell,GTX Basic,Kan-code,Lost,2017-08-27,2017-11-16,0.0,software,1982-01-01,11698.03,34288.0,United States,GTX,550.0,Summer Sewald,West
FMMAQM87,Kami Bicknell,GTX Basic,Green-Plus,Won,2017-08-27,2017-09-09,596.0,services,2003-01-01,692.19,1922.0,United States,GTX,550.0,Summer Sewald,West
46UITTY6,Kary Hendrixson,GTX Basic,Singletechno,Won,2017-08-27,2017-11-04,545.0,retail,1996-01-01,2214.94,5374.0,United States,GTX,550.0,Summer Sewald,West
KK5YBPU6,Markita Hansen,GTX Basic,Labdrill,Won,2017-08-27,2017-08-29,548.0,medical,1985-01-01,2741.37,9226.0,United States,GTX,550.0,Celia Rouche,West
A7FCLQ42,Marty Freudenburg,MG Advanced,Finhigh,Lost,2017-08-27,2017-12-15,0.0,finance,2006-01-01,1102.43,1759.0,United States,MG,3393.0,Melvin Marxen,Central
G2C5RKTN,Reed Clapper,GTX Basic,Umbrella Corporation,Won,2017-08-27,2017-09-21,415.0,finance,1998-01-01,2022.14,5113.0,United States,GTX,550.0,Rocco Neubert,East
UJT04PL7,Zane Levy,GTX Basic,Plusstrip,Won,2017-08-27,2017-11-29,498.0,entertainment,2002-01-01,349.81,315.0,United States,GTX,550.0,Summer Sewald,West
DCIFTBM0,Boris Faz,GTX Basic,Condax,Won,2017-08-28,2017-12-21,489.0,medical,2017-01-01,4.54,9.0,United States,GTX,550.0,Rocco Neubert,East
BTZ06Z6O,Boris Faz,GTX Plus Basic,Ontomedia,Won,2017-08-28,2017-09-05,1022.0,employment,1997-01-01,882.12,2769.0,United States,GTX,1096.0,Rocco Neubert,East
S9CGS0IX,Corliss Cosme,GTX Plus Pro,Acme Corporation,Lost,2017-08-28,2017-11-07,0.0,technolgy,1996-01-01,1100.04,2822.0,United States,GTX,5482.0,Cara Losch,East
ZTYHMEQY,Darcel Schlecht,GTX Basic,Cancity,Won,2017-08-28,2017-09-11,525.0,retail,2001-01-01,718.62,2448.0,United States,GTX,550.0,Melvin Marxen,Central
IOTAHMQX,Darcel Schlecht,GTX Plus Basic,Codehow,Won,2017-08-28,2017-09-07,1252.0,software,1998-01-01,2714.9,2641.0,United States,GTX,1096.0,Melvin Marxen,Central
01DZ14Y0,Gladys Colclough,MG Advanced,dambase,Lost,2017-08-28,2017-11-25,0.0,marketing,1995-01-01,2173.98,2928.0,United States,MG,3393.0,Melvin Marxen,Central
1T91NEIV,Gladys Colclough,MG Special,Conecom,Won,2017-08-28,2017-09-11,63.0,technolgy,2005-01-01,1520.66,1806.0,United States,MG,55.0,Melvin Marxen,Central
41B62CUB,Hayden Neloms,MG Special,J-Texon,Lost,2017-08-28,2017-11-11,0.0,retail,1989-01-01,1388.67,3583.0,United States,MG,55.0,Celia Rouche,West
G0QOVMMS,Kami Bicknell,GTX Basic,Zoomit,Won,2017-08-28,2017-12-28,474.0,entertainment,1992-01-01,324.19,978.0,United States,GTX,550.0,Summer Sewald,West
FG79OR5X,Kami Bicknell,GTX Plus Basic,Xx-holding,Won,2017-08-28,2017-11-19,1132.0,finance,1993-01-01,7537.24,20293.0,United States,GTX,1096.0,Summer Sewald,West
QY4ZMI2F,Lajuana Vencill,GTX Plus Basic,Warephase,Lost,2017-08-28,2017-09-14,0.0,services,1997-01-01,2041.73,5276.0,United States,GTX,1096.0,Dustin Brinkmann,Central
VY0QPLGN,Lajuana Vencill,GTX Plus Basic,dambase,Won,2017-08-28,2017-11-12,1215.0,marketing,1995-01-01,2173.98,2928.0,United States,GTX,1096.0,Dustin Brinkmann,Central
XP1PQSPC,Markita Hansen,GTX Plus Basic,Kan-code,Won,2017-08-28,2017-09-27,1081.0,software,1982-01-01,11698.03,34288.0,United States,GTX,1096.0,Celia Rouche,West
K3KT8S1F,Markita Hansen,MG Special,Sonron,Won,2017-08-28,2017-11-07,49.0,telecommunications,1999-01-01,1699.85,5108.0,United States,MG,55.0,Celia Rouche,West
5CIT07UC,Maureen Marcano,GTX Basic,Hottechi,Won,2017-08-28,2017-09-14,653.0,technolgy,1997-01-01,8170.38,16499.0,Korea,GTX,550.0,Summer Sewald,West
VIZ9ZLVT,Moses Frase,GTX Plus Basic,Rundofase,Lost,2017-08-28,2017-11-30,0.0,technolgy,1983-01-01,1008.06,1238.0,United States,GTX,1096.0,Dustin Brinkmann,Central
9ZY0QQ8Q,Moses Frase,MG Advanced,Genco Pura Olive Oil Company,Lost,2017-08-28,2017-11-27,0.0,retail,2007-01-01,894.33,1635.0,Italy,MG,3393.0,Dustin Brinkmann,Central
0WGCUB3L,Niesha Huffines,GTX Plus Basic,Rundofase,Won,2017-08-28,2017-09-13,1105.0,technolgy,1983-01-01,1008.06,1238.0,United States,GTX,1096.0,Melvin Marxen,Central
QCN2DZQQ,Reed Clapper,GTX Plus Basic,The New York Inquirer,Won,2017-08-28,2017-09-21,948.0,medical,1996-01-01,439.21,792.0,United States,GTX,1096.0,Rocco Neubert,East
ZAY2J4I5,Vicki Laflamme,MG Advanced,Zoomit,Lost,2017-08-28,2017-09-10,0.0,entertainment,1992-01-01,324.19,978.0,United States,MG,3393.0,Celia Rouche,West
J25NMK6Q,Violet Mclelland,MG Special,Bluth Company,Lost,2017-08-28,2017-11-11,0.0,technolgy,1993-01-01,1242.32,3027.0,United States,MG,55.0,Cara Losch,East
DZHIAZ5H,Anna Snelling,GTX Plus Basic,Streethex,Lost,2017-08-29,2017-09-05,0.0,retail,1988-01-01,1376.8,1165.0,Belgium,GTX,1096.0,Dustin Brinkmann,Central
233HYDSP,Anna Snelling,MG Special,Gogozoom,Won,2017-08-29,2017-12-03,44.0,telecommunications,2007-01-01,86.68,187.0,United States,MG,55.0,Dustin Brinkmann,Central
7868JVH9,Cassey Cress,GTX Plus Basic,Rantouch,Engaging,2017-08-29,,,telecommunications,1994-01-01,1188.42,3015.0,United States,GTX,1096.0,Rocco Neubert,East
U68B4UQU,Cecily Lampkin,GTX Plus Pro,Treequote,Won,2017-08-29,2017-09-13,5096.0,telecommunications,1988-01-01,5266.09,8595.0,United States,GTX,5482.0,Dustin Brinkmann,Central
73EBDWP4,Cecily Lampkin,GTX Plus Pro,Warephase,Won,2017-08-29,2017-09-30,4994.0,services,1997-01-01,2041.73,5276.0,United States,GTX,5482.0,Dustin Brinkmann,Central
FQQ3XQNG,Corliss Cosme,GTX Plus Basic,Donquadtech,Won,2017-08-29,2017-12-01,1251.0,technolgy,1992-01-01,1712.68,3194.0,United States,GTX,1096.0,Cara Losch,East
C4KZVTYR,Donn Cantrell,GTX Basic,Gekko & Co,Won,2017-08-29,2017-11-11,602.0,retail,1990-01-01,2520.83,3502.0,United States,GTX,550.0,Rocco Neubert,East
HWXJWHGI,Donn Cantrell,GTX Basic,Sumace,Won,2017-08-29,2017-09-08,600.0,retail,2000-01-01,167.89,493.0,Romania,GTX,550.0,Rocco Neubert,East
W36MU0PW,Donn Cantrell,GTX Basic,Yearin,Won,2017-08-29,2017-09-09,595.0,retail,2005-01-01,2261.05,3851.0,United States,GTX,550.0,Rocco Neubert,East
OWEMO7RD,Elease Gluck,MG Special,Sonron,Lost,2017-08-29,2017-11-25,0.0,telecommunications,1999-01-01,1699.85,5108.0,United States,MG,55.0,Celia Rouche,West
DC2NI04U,Hayden Neloms,MG Advanced,Hottechi,Won,2017-08-29,2017-12-31,3064.0,technolgy,1997-01-01,8170.38,16499.0,Korea,MG,3393.0,Celia Rouche,West
RYNZ2WOK,Markita Hansen,MG Advanced,Iselectrics,Engaging,2017-08-29,,,technolgy,2011-01-01,527.11,1428.0,United States,MG,3393.0,Celia Rouche,West
BO2XRLBS,Moses Frase,MG Special,Ron-tech,Lost,2017-08-29,2017-11-16,0.0,medical,1992-01-01,3922.42,6837.0,United States,MG,55.0,Dustin Brinkmann,Central
V9YY2XIE,Niesha Huffines,MG Advanced,Zumgoity,Lost,2017-08-29,2017-11-28,0.0,medical,1984-01-01,441.08,1210.0,United States,MG,3393.0,Melvin Marxen,Central
J3K9EXW0,Reed Clapper,GTX Plus Pro,Acme Corporation,Won,2017-08-29,2017-12-25,5790.0,technolgy,1996-01-01,1100.04,2822.0,United States,GTX,5482.0,Rocco Neubert,East
GSPDR7BH,Versie Hillebrand,GTX Basic,Cancity,Won,2017-08-29,2017-11-02,672.0,retail,2001-01-01,718.62,2448.0,United States,GTX,550.0,Dustin Brinkmann,Central
MB0XTICR,Versie Hillebrand,MG Special,Bioholding,Won,2017-08-29,2017-12-08,62.0,medical,2012-01-01,587.34,1356.0,Philipines,MG,55.0,Dustin Brinkmann,Central
WIHGFD8B,Anna Snelling,MG Special,Funholding,Lost,2017-08-30,2017-11-19,0.0,finance,1991-01-01,2819.5,7227.0,United States,MG,55.0,Dustin Brinkmann,Central
O3Q5B86F,Anna Snelling,GTX Plus Basic,Warephase,Won,2017-08-30,2017-12-26,1118.0,services,1997-01-01,2041.73,5276.0,United States,GTX,1096.0,Dustin Brinkmann,Central
PE3P7M7S,Anna Snelling,MG Special,Statholdings,Won,2017-08-30,2017-09-08,55.0,employment,1997-01-01,291.27,586.0,United States,MG,55.0,Dustin Brinkmann,Central
G7NU2YCG,Cassey Cress,MG Special,Iselectrics,Won,2017-08-30,2017-09-08,57.0,technolgy,2011-01-01,527.11,1428.0,United States,MG,55.0,Rocco Neubert,East
R9RWFEEJ,Corliss Cosme,MG Special,Gekko & Co,Won,2017-08-30,2017-11-23,59.0,retail,1990-01-01,2520.83,3502.0,United States,MG,55.0,Cara Losch,East
WV2OG7C3,Daniell Hammack,MG Special,Xx-zobam,Lost,2017-08-30,2017-11-18,0.0,entertainment,1989-01-01,3838.39,8274.0,United States,MG,55.0,Rocco Neubert,East
YH6ST9KT,Darcel Schlecht,MG Special,Treequote,Lost,2017-08-30,2017-08-31,0.0,telecommunications,1988-01-01,5266.09,8595.0,United States,MG,55.0,Melvin Marxen,Central
CQELCLO0,Donn Cantrell,GTX Plus Basic,Zathunicon,Won,2017-08-30,2017-12-29,1166.0,retail,2010-01-01,71.12,144.0,United States,GTX,1096.0,Rocco Neubert,East
L351AATH,Gladys Colclough,GTX Plus Basic,Ron-tech,Lost,2017-08-30,2017-12-06,0.0,medical,1992-01-01,3922.42,6837.0,United States,GTX,1096.0,Melvin Marxen,Central
VBKF5FPB,Hayden Neloms,GTX Plus Basic,Dalttechnology,Won,2017-08-30,2017-09-06,1195.0,software,2013-01-01,98.79,96.0,United States,GTX,1096.0,Celia Rouche,West
68YAXBZN,James Ascencio,MG Special,Xx-holding,Lost,2017-08-30,2017-11-04,0.0,finance,1993-01-01,7537.24,20293.0,United States,MG,55.0,Summer Sewald,West
EFB0NFP3,Jonathan Berthelot,GTX Basic,Genco Pura Olive Oil Company,Won,2017-08-30,2017-12-23,551.0,retail,2007-01-01,894.33,1635.0,Italy,GTX,550.0,Melvin Marxen,Central
CB0NZYB2,Jonathan Berthelot,GTX Basic,Globex Corporation,Won,2017-08-30,2017-09-08,623.0,technolgy,2000-01-01,1223.72,2497.0,Norway,GTX,550.0,Melvin Marxen,Central
8838GIT9,Kary Hendrixson,MG Special,Plexzap,Lost,2017-08-30,2017-11-05,0.0,retail,2001-01-01,2437.85,4874.0,United States,MG,55.0,Summer Sewald,West
5DOARVYO,Lajuana Vencill,MG Special,Genco Pura Olive Oil Company,Lost,2017-08-30,2017-09-10,0.0,retail,2007-01-01,894.33,1635.0,Italy,MG,55.0,Dustin Brinkmann,Central
0N2VYY6Z,Markita Hansen,GTX Basic,Labdrill,Lost,2017-08-30,2017-09-19,0.0,medical,1985-01-01,2741.37,9226.0,United States,GTX,550.0,Celia Rouche,West
L40FW06K,Marty Freudenburg,GTX Basic,Condax,Won,2017-08-30,2017-12-22,555.0,medical,2017-01-01,4.54,9.0,United States,GTX,550.0,Melvin Marxen,Central
XXXM7BMA,Marty Freudenburg,MG Advanced,Dontechi,Won,2017-08-30,2017-11-14,3703.0,software,1982-01-01,4618.0,10083.0,United States,MG,3393.0,Melvin Marxen,Central
F7S1OPQS,Maureen Marcano,GTX Plus Basic,Scotfind,Won,2017-08-30,2017-12-13,942.0,software,1996-01-01,6354.87,16780.0,United States,GTX,1096.0,Summer Sewald,West
U5JFEXOI,Maureen Marcano,GTX Plus Pro,Groovestreet,Won,2017-08-30,2017-12-08,6489.0,retail,2003-01-01,223.8,299.0,United States,GTX,5482.0,Summer Sewald,West
9EICLJHY,Rosalina Dieter,MG Special,Sunnamplex,Won,2017-08-30,2017-11-17,63.0,marketing,2008-01-01,894.37,1593.0,Poland,MG,55.0,Celia Rouche,West
3CS2IXT0,Versie Hillebrand,MG Special,Conecom,Won,2017-08-30,2017-11-16,66.0,technolgy,2005-01-01,1520.66,1806.0,United States,MG,55.0,Dustin Brinkmann,Central
O9MHRAK6,Vicki Laflamme,GTX Basic,Finjob,Won,2017-08-30,2017-12-14,532.0,employment,1988-01-01,2059.9,3644.0,United States,GTX,550.0,Celia Rouche,West
KPW4J1CR,Zane Levy,GTX Basic,Dalttechnology,Won,2017-08-30,2017-12-21,503.0,software,2013-01-01,98.79,96.0,United States,GTX,550.0,Summer Sewald,West
KAPPUUYY,Anna Snelling,GTX Basic,Zumgoity,Won,2017-08-31,2017-11-24,594.0,medical,1984-01-01,441.08,1210.0,United States,GTX,550.0,Dustin Brinkmann,Central
GFBJXXI1,Cecily Lampkin,MG Special,Streethex,Lost,2017-08-31,2017-09-13,0.0,retail,1988-01-01,1376.8,1165.0,Belgium,MG,55.0,Dustin Brinkmann,Central
2HYR0Q4Y,Corliss Cosme,MG Advanced,Plussunin,Lost,2017-08-31,2017-11-13,0.0,retail,2003-01-01,1419.98,4018.0,United States,MG,3393.0,Cara Losch,East
XVM3UK16,Daniell Hammack,GTX Plus Pro,Mathtouch,Lost,2017-08-31,2017-11-06,0.0,marketing,1984-01-01,3027.46,9516.0,Jordan,GTX,5482.0,Rocco Neubert,East
CDAMI76Z,Darcel Schlecht,GTX Plus Pro,Finhigh,Won,2017-08-31,2017-09-10,5293.0,finance,2006-01-01,1102.43,1759.0,United States,GTX,5482.0,Melvin Marxen,Central
6M77EGH7,Donn Cantrell,MG Advanced,Ganjaflex,Won,2017-08-31,2017-11-26,4456.0,retail,1995-01-01,5158.71,17479.0,Japan,MG,3393.0,Rocco Neubert,East
9CLDDA0W,Hayden Neloms,GTX Plus Basic,Newex,Lost,2017-08-31,2017-11-18,0.0,services,1991-01-01,1012.72,3492.0,Germany,GTX,1096.0,Celia Rouche,West
GEFQNRF3,Jonathan Berthelot,GTX Basic,Globex Corporation,Won,2017-08-31,2017-12-20,525.0,technolgy,2000-01-01,1223.72,2497.0,Norway,GTX,550.0,Melvin Marxen,Central
XBPJ6M4K,Kary Hendrixson,GTX Basic,Finhigh,Engaging,2017-08-31,,,finance,2006-01-01,1102.43,1759.0,United States,GTX,550.0,Summer Sewald,West
PCQUKUM5,Marty Freudenburg,GTX Plus Pro,Dontechi,Won,2017-08-31,2017-09-16,4809.0,software,1982-01-01,4618.0,10083.0,United States,GTX,5482.0,Melvin Marxen,Central
MZ987882,Moses Frase,GTX Plus Basic,Warephase,Won,2017-08-31,2017-12-17,1374.0,services,1997-01-01,2041.73,5276.0,United States,GTX,1096.0,Dustin Brinkmann,Central
02EC1993,Moses Frase,MG Special,Scottech,Won,2017-08-31,2017-11-08,57.0,marketing,2012-01-01,45.39,100.0,United States,MG,55.0,Dustin Brinkmann,Central
UQCPNZO1,Versie Hillebrand,GTX Basic,Zumgoity,Won,2017-08-31,2017-09-15,552.0,medical,1984-01-01,441.08,1210.0,United States,GTX,550.0,Dustin Brinkmann,Central
0NP0XPLQ,Versie Hillebrand,MG Special,Toughzap,Won,2017-08-31,2017-09-03,59.0,retail,1995-01-01,332.43,799.0,United States,MG,55.0,Dustin Brinkmann,Central
S2WRH3QA,Versie Hillebrand,MG Advanced,Betatech,Won,2017-08-31,2017-09-30,4011.0,medical,1986-01-01,647.18,1185.0,Kenya,MG,3393.0,Dustin Brinkmann,Central
QJV1UWL5,Vicki Laflamme,MG Special,Rantouch,Won,2017-08-31,2017-12-20,54.0,telecommunications,1994-01-01,1188.42,3015.0,United States,MG,55.0,Celia Rouche,West
GNAX12Z6,Vicki Laflamme,MG Advanced,Green-Plus,Won,2017-08-31,2017-09-07,3337.0,services,2003-01-01,692.19,1922.0,United States,MG,3393.0,Celia Rouche,West
62NZ0THZ,Violet Mclelland,MG Special,Yearin,Won,2017-08-31,2017-09-22,60.0,retail,2005-01-01,2261.05,3851.0,United States,MG,55.0,Cara Losch,East
PSKWV2JJ,Zane Levy,GTX Plus Basic,Blackzim,Won,2017-08-31,2017-11-19,1011.0,retail,2009-01-01,497.11,1588.0,United States,GTX,1096.0,Summer Sewald,West
05HLE3JL,Anna Snelling,GTX Basic,Stanredtax,Won,2017-09-01,2017-12-03,514.0,finance,1987-01-01,1698.2,3798.0,United States,GTX,550.0,Dustin Brinkmann,Central
CAF97SA2,Anna Snelling,GTX Plus Basic,Streethex,Won,2017-09-01,2017-11-13,1060.0,retail,1988-01-01,1376.8,1165.0,Belgium,GTX,1096.0,Dustin Brinkmann,Central
AAFPTXEB,Anna Snelling,MG Special,Treequote,Won,2017-09-01,2017-11-08,58.0,telecommunications,1988-01-01,5266.09,8595.0,United States,MG,55.0,Dustin Brinkmann,Central
D74OAJB4,Cecily Lampkin,MG Advanced,Isdom,Lost,2017-09-01,2017-12-01,0.0,medical,2002-01-01,3178.24,4540.0,United States,MG,3393.0,Dustin Brinkmann,Central
A5SCVK7E,Corliss Cosme,GTX Plus Pro,Goodsilron,Engaging,2017-09-01,,,marketing,2000-01-01,2952.73,5107.0,United States,GTX,5482.0,Cara Losch,East
BTT2TM8O,Gladys Colclough,MG Advanced,Warephase,Won,2017-09-01,2017-11-06,3447.0,services,1997-01-01,2041.73,5276.0,United States,MG,3393.0,Melvin Marxen,Central
FYNL84HO,James Ascencio,GTX Plus Pro,Doncon,Won,2017-09-01,2017-11-13,6101.0,technolgy,2010-01-01,587.72,1501.0,United States,GTX,5482.0,Summer Sewald,West
ZBB9CDO4,Kami Bicknell,GTX Plus Basic,J-Texon,Won,2017-09-01,2017-09-18,1088.0,retail,1989-01-01,1388.67,3583.0,United States,GTX,1096.0,Summer Sewald,West
IV5UVG0R,Kami Bicknell,GTX Plus Pro,Sunnamplex,Won,2017-09-01,2017-09-17,5431.0,marketing,2008-01-01,894.37,1593.0,Poland,GTX,5482.0,Summer Sewald,West
TDHFX8SC,Kami Bicknell,MG Special,Hottechi,Won,2017-09-01,2017-12-13,50.0,technolgy,1997-01-01,8170.38,16499.0,Korea,MG,55.0,Summer Sewald,West
7OXU784Y,Kami Bicknell,MG Special,Konex,Won,2017-09-01,2017-11-25,62.0,technolgy,1980-01-01,7708.38,13756.0,United States,MG,55.0,Summer Sewald,West
MA6F51AR,Kary Hendrixson,MG Special,Zoomit,Won,2017-09-01,2017-11-29,57.0,entertainment,1992-01-01,324.19,978.0,United States,MG,55.0,Summer Sewald,West
WDT43Q6O,Niesha Huffines,GTX Plus Basic,Zumgoity,Won,2017-09-01,2017-09-14,1098.0,medical,1984-01-01,441.08,1210.0,United States,GTX,1096.0,Melvin Marxen,Central
XKYHE3OH,Rosie Papadopoulos,GTX Plus Basic,Umbrella Corporation,Won,2017-09-01,2017-11-16,975.0,finance,1998-01-01,2022.14,5113.0,United States,GTX,1096.0,Cara Losch,East
R65NL57V,Rosie Papadopoulos,MG Special,Plussunin,Won,2017-09-01,2017-11-05,56.0,retail,2003-01-01,1419.98,4018.0,United States,MG,55.0,Cara Losch,East
AKBRVLRZ,Versie Hillebrand,MG Special,Globex Corporation,Won,2017-09-01,2017-09-14,63.0,technolgy,2000-01-01,1223.72,2497.0,Norway,MG,55.0,Dustin Brinkmann,Central
8FZ7CWPP,Versie Hillebrand,MG Special,Isdom,Won,2017-09-01,2017-09-11,61.0,medical,2002-01-01,3178.24,4540.0,United States,MG,55.0,Dustin Brinkmann,Central
EQPGDVWK,Zane Levy,GTX Basic,Labdrill,Won,2017-09-01,2017-12-03,614.0,medical,1985-01-01,2741.37,9226.0,United States,GTX,550.0,Summer Sewald,West
I819UEG6,Anna Snelling,MG Special,Gogozoom,Lost,2017-09-02,2017-11-04,0.0,telecommunications,2007-01-01,86.68,187.0,United States,MG,55.0,Dustin Brinkmann,Central
6OD1J7MW,Elease Gluck,GTX Plus Pro,Plexzap,Engaging,2017-09-02,,,retail,2001-01-01,2437.85,4874.0,United States,GTX,5482.0,Celia Rouche,West
XO8TRDKK,Garret Kinder,MG Special,Acme Corporation,Won,2017-09-02,2017-09-17,57.0,technolgy,1996-01-01,1100.04,2822.0,United States,MG,55.0,Cara Losch,East
74YNCNQM,Gladys Colclough,MG Special,Domzoom,Won,2017-09-02,2017-12-04,58.0,entertainment,1998-01-01,217.87,551.0,United States,MG,55.0,Melvin Marxen,Central
I5QVV9C5,Hayden Neloms,GTX Plus Basic,Hatfan,Lost,2017-09-02,2017-12-20,0.0,services,1982-01-01,792.46,1299.0,United States,GTX,1096.0,Celia Rouche,West
SS0ZF7SG,Hayden Neloms,MG Advanced,Goodsilron,Won,2017-09-02,2017-12-15,3482.0,marketing,2000-01-01,2952.73,5107.0,United States,MG,3393.0,Celia Rouche,West
2GRNCODO,James Ascencio,GTX Plus Pro,Hatfan,Lost,2017-09-02,2017-11-05,0.0,services,1982-01-01,792.46,1299.0,United States,GTX,5482.0,Summer Sewald,West
2UNAJCGN,James Ascencio,GTX Plus Pro,Singletechno,Lost,2017-09-02,2017-11-11,0.0,retail,1996-01-01,2214.94,5374.0,United States,GTX,5482.0,Summer Sewald,West
ZP5Q4YUJ,James Ascencio,GTX Basic,Plusstrip,Won,2017-09-02,2017-11-24,529.0,entertainment,2002-01-01,349.81,315.0,United States,GTX,550.0,Summer Sewald,West
7XL4JYSB,Kary Hendrixson,MG Advanced,Blackzim,Lost,2017-09-02,2017-11-24,0.0,retail,2009-01-01,497.11,1588.0,United States,MG,3393.0,Summer Sewald,West
HEZ8H6MK,Kary Hendrixson,GTX Basic,Plusstrip,Won,2017-09-02,2017-11-08,505.0,entertainment,2002-01-01,349.81,315.0,United States,GTX,550.0,Summer Sewald,West
50AWO49B,Markita Hansen,GTX Basic,Sonron,Won,2017-09-02,2017-12-27,456.0,telecommunications,1999-01-01,1699.85,5108.0,United States,GTX,550.0,Celia Rouche,West
CID4Y877,Marty Freudenburg,GTX Plus Basic,Bioholding,Lost,2017-09-02,2017-12-13,0.0,medical,2012-01-01,587.34,1356.0,Philipines,GTX,1096.0,Melvin Marxen,Central
T20CPZ52,Marty Freudenburg,GTX Plus Basic,Stanredtax,Lost,2017-09-02,2017-11-29,0.0,finance,1987-01-01,1698.2,3798.0,United States,GTX,1096.0,Melvin Marxen,Central
HVF0VLJ3,Versie Hillebrand,GTX Basic,Globex Corporation,Lost,2017-09-02,2017-11-11,0.0,technolgy,2000-01-01,1223.72,2497.0,Norway,GTX,550.0,Dustin Brinkmann,Central
A86ZEF94,Versie Hillebrand,MG Special,Hottechi,Lost,2017-09-02,2017-11-30,0.0,technolgy,1997-01-01,8170.38,16499.0,Korea,MG,55.0,Dustin Brinkmann,Central
8OMML4E8,Vicki Laflamme,GTX Basic,Lexiqvolax,Won,2017-09-02,2017-09-16,555.0,medical,2004-01-01,1618.89,3889.0,United States,GTX,550.0,Celia Rouche,West
283Y9ULR,Vicki Laflamme,MG Special,Konex,Won,2017-09-02,2017-09-23,47.0,technolgy,1980-01-01,7708.38,13756.0,United States,MG,55.0,Celia Rouche,West
C0LNV4PU,Zane Levy,GTX Basic,Finjob,Won,2017-09-02,2017-12-04,585.0,employment,1988-01-01,2059.9,3644.0,United States,GTX,550.0,Summer Sewald,West
YB6UP71G,Anna Snelling,MG Special,Bioholding,Won,2017-09-03,2017-09-06,64.0,medical,2012-01-01,587.34,1356.0,Philipines,MG,55.0,Dustin Brinkmann,Central
A30VAQHM,Anna Snelling,MG Special,Inity,Won,2017-09-03,2017-11-21,58.0,marketing,1986-01-01,2403.58,8801.0,United States,MG,55.0,Dustin Brinkmann,Central
ZH2TBHVZ,Donn Cantrell,GTX Basic,Gekko & Co,Won,2017-09-03,2017-09-08,635.0,retail,1990-01-01,2520.83,3502.0,United States,GTX,550.0,Rocco Neubert,East
9868N4GB,Donn Cantrell,MG Advanced,Xx-zobam,Won,2017-09-03,2017-12-14,3595.0,entertainment,1989-01-01,3838.39,8274.0,United States,MG,3393.0,Rocco Neubert,East
GRYHHER0,Hayden Neloms,MG Special,Finhigh,Engaging,2017-09-03,,,finance,2006-01-01,1102.43,1759.0,United States,MG,55.0,Celia Rouche,West
4KVZVHNN,James Ascencio,GTX Basic,Hatfan,Won,2017-09-03,2017-09-14,524.0,services,1982-01-01,792.46,1299.0,United States,GTX,550.0,Summer Sewald,West
ULWQ61OZ,James Ascencio,MG Special,Nam-zim,Won,2017-09-03,2017-12-06,54.0,services,1987-01-01,405.59,1179.0,Brazil,MG,55.0,Summer Sewald,West
OPFBXGFV,Markita Hansen,MG Special,Scotfind,Won,2017-09-03,2017-12-12,50.0,software,1996-01-01,6354.87,16780.0,United States,MG,55.0,Celia Rouche,West
UCV49FYZ,Maureen Marcano,GTX Plus Pro,Nam-zim,Won,2017-09-03,2017-09-09,6656.0,services,1987-01-01,405.59,1179.0,Brazil,GTX,5482.0,Summer Sewald,West
1H2PVLZ3,Rosalina Dieter,GTK 500,Xx-holding,Won,2017-09-03,2017-11-10,26186.0,finance,1993-01-01,7537.24,20293.0,United States,GTK,26768.0,Celia Rouche,West
DV6WD759,Vicki Laflamme,MG Advanced,Newex,Won,2017-09-03,2017-09-14,4251.0,services,1991-01-01,1012.72,3492.0,Germany,MG,3393.0,Celia Rouche,West
SBC67V5T,Violet Mclelland,MG Special,Ganjaflex,Won,2017-09-03,2017-09-11,51.0,retail,1995-01-01,5158.71,17479.0,Japan,MG,55.0,Cara Losch,East
IDGLZJRX,Violet Mclelland,MG Special,Gekko & Co,Won,2017-09-03,2017-11-09,62.0,retail,1990-01-01,2520.83,3502.0,United States,MG,55.0,Cara Losch,East
VYG4BHEE,Zane Levy,GTX Basic,Golddex,Lost,2017-09-03,2017-11-01,0.0,finance,2008-01-01,52.5,165.0,United States,GTX,550.0,Summer Sewald,West
YFTW9Z69,Anna Snelling,MG Advanced,Stanredtax,Lost,2017-09-04,2017-11-12,0.0,finance,1987-01-01,1698.2,3798.0,United States,MG,3393.0,Dustin Brinkmann,Central
92IDH7MB,Anna Snelling,MG Special,Scottech,Won,2017-09-04,2017-11-21,58.0,marketing,2012-01-01,45.39,100.0,United States,MG,55.0,Dustin Brinkmann,Central
NR1JSUPQ,Boris Faz,GTX Plus Basic,Donware,Won,2017-09-04,2017-11-11,973.0,marketing,1999-01-01,1197.44,2570.0,United States,GTX,1096.0,Rocco Neubert,East
ZNOARPNW,Boris Faz,GTX Plus Pro,Kinnamplus,Won,2017-09-04,2017-09-13,4954.0,retail,2004-01-01,702.72,1831.0,United States,GTX,5482.0,Rocco Neubert,East
UAVOPRPV,Corliss Cosme,GTX Plus Pro,Xx-zobam,Won,2017-09-04,2017-12-26,4631.0,entertainment,1989-01-01,3838.39,8274.0,United States,GTX,5482.0,Cara Losch,East
VMUTS9GK,Daniell Hammack,GTX Plus Pro,Condax,Won,2017-09-04,2017-11-01,5807.0,medical,2017-01-01,4.54,9.0,United States,GTX,5482.0,Rocco Neubert,East
SZPU1DSR,Darcel Schlecht,GTX Plus Basic,Hottechi,Lost,2017-09-04,2017-11-30,0.0,technolgy,1997-01-01,8170.38,16499.0,Korea,GTX,1096.0,Melvin Marxen,Central
9EGLQG3N,Gladys Colclough,GTX Basic,Zumgoity,Won,2017-09-04,2017-12-14,640.0,medical,1984-01-01,441.08,1210.0,United States,GTX,550.0,Melvin Marxen,Central
BL23633Z,Gladys Colclough,MG Advanced,Konmatfix,Won,2017-09-04,2017-11-25,3830.0,marketing,1985-01-01,375.43,1190.0,United States,MG,3393.0,Melvin Marxen,Central
87G25M68,James Ascencio,GTX Plus Pro,Cheers,Won,2017-09-04,2017-12-28,5285.0,entertainment,1993-01-01,4269.9,6472.0,United States,GTX,5482.0,Summer Sewald,West
VJ1FT11H,Kami Bicknell,GTX Basic,Xx-holding,Lost,2017-09-04,2017-11-18,0.0,finance,1993-01-01,7537.24,20293.0,United States,GTX,550.0,Summer Sewald,West
TKI8MEZZ,Moses Frase,GTX Plus Basic,Domzoom,Won,2017-09-04,2017-12-31,975.0,entertainment,1998-01-01,217.87,551.0,United States,GTX,1096.0,Dustin Brinkmann,Central
QSHP9AHU,Moses Frase,GTX Plus Basic,Funholding,Won,2017-09-04,2017-12-13,847.0,finance,1991-01-01,2819.5,7227.0,United States,GTX,1096.0,Dustin Brinkmann,Central
MIDW7Q49,Niesha Huffines,MG Advanced,Rangreen,Won,2017-09-04,2017-12-15,2814.0,technolgy,1987-01-01,2938.67,8775.0,Panama,MG,3393.0,Melvin Marxen,Central
PW7QNSFG,Rosalina Dieter,MG Advanced,Lexiqvolax,Won,2017-09-04,2017-11-06,3275.0,medical,2004-01-01,1618.89,3889.0,United States,MG,3393.0,Celia Rouche,West
WGYE40NI,Versie Hillebrand,MG Special,Betatech,Won,2017-09-04,2017-12-26,41.0,medical,1986-01-01,647.18,1185.0,Kenya,MG,55.0,Dustin Brinkmann,Central
HLX6W646,Vicki Laflamme,GTX Plus Pro,Dalttechnology,Won,2017-09-04,2017-11-19,5185.0,software,2013-01-01,98.79,96.0,United States,GTX,5482.0,Celia Rouche,West
FYS6IZO4,Violet Mclelland,MG Special,Mathtouch,Won,2017-09-04,2017-11-07,59.0,marketing,1984-01-01,3027.46,9516.0,Jordan,MG,55.0,Cara Losch,East
7OSD4T24,Violet Mclelland,MG Special,Silis,Won,2017-09-04,2017-12-08,54.0,medical,1994-01-01,2818.38,6290.0,United States,MG,55.0,Cara Losch,East
H29A7E6X,Corliss Cosme,GTX Plus Basic,Iselectrics,Won,2017-09-05,2017-11-17,1076.0,technolgy,2011-01-01,527.11,1428.0,United States,GTX,1096.0,Cara Losch,East
IDN254QN,Daniell Hammack,GTX Basic,Plussunin,Won,2017-09-05,2017-11-20,490.0,retail,2003-01-01,1419.98,4018.0,United States,GTX,550.0,Rocco Neubert,East
W3U1N1RV,Darcel Schlecht,GTX Plus Pro,dambase,Lost,2017-09-05,2017-11-24,0.0,marketing,1995-01-01,2173.98,2928.0,United States,GTX,5482.0,Melvin Marxen,Central
073UCD9F,Gladys Colclough,MG Special,Betatech,Lost,2017-09-05,2017-12-10,0.0,medical,1986-01-01,647.18,1185.0,Kenya,MG,55.0,Melvin Marxen,Central
7GDSUY9K,Hayden Neloms,GTX Plus Pro,Konmatfix,Engaging,2017-09-05,,,marketing,1985-01-01,375.43,1190.0,United States,GTX,5482.0,Celia Rouche,West
DCZOTU5X,Kary Hendrixson,GTX Basic,Konex,Lost,2017-09-05,2017-11-13,0.0,technolgy,1980-01-01,7708.38,13756.0,United States,GTX,550.0,Summer Sewald,West
YGUOEIEG,Markita Hansen,GTX Plus Basic,Hottechi,Lost,2017-09-05,2017-11-06,0.0,technolgy,1997-01-01,8170.38,16499.0,Korea,GTX,1096.0,Celia Rouche,West
1UW6ILCH,Maureen Marcano,GTX Basic,Bioplex,Engaging,2017-09-05,,,medical,1991-01-01,326.82,1016.0,United States,GTX,550.0,Summer Sewald,West
CRL6IB5Z,Niesha Huffines,GTX Plus Basic,Rundofase,Lost,2017-09-05,2017-11-26,0.0,technolgy,1983-01-01,1008.06,1238.0,United States,GTX,1096.0,Melvin Marxen,Central
STVHD67J,Niesha Huffines,GTX Plus Basic,Dontechi,Won,2017-09-05,2017-09-16,1166.0,software,1982-01-01,4618.0,10083.0,United States,GTX,1096.0,Melvin Marxen,Central
I3TDKU30,Rosalina Dieter,MG Special,Nam-zim,Lost,2017-09-05,2017-09-14,0.0,services,1987-01-01,405.59,1179.0,Brazil,MG,55.0,Celia Rouche,West
YUVNXSSD,Versie Hillebrand,MG Special,Konmatfix,Lost,2017-09-05,2017-09-15,0.0,marketing,1985-01-01,375.43,1190.0,United States,MG,55.0,Dustin Brinkmann,Central
AZJXZFMR,Versie Hillebrand,MG Special,Rangreen,Lost,2017-09-05,2017-11-26,0.0,technolgy,1987-01-01,2938.67,8775.0,Panama,MG,55.0,Dustin Brinkmann,Central
2WPEOPIF,Vicki Laflamme,GTX Basic,Lexiqvolax,Won,2017-09-05,2017-12-04,491.0,medical,2004-01-01,1618.89,3889.0,United States,GTX,550.0,Celia Rouche,West
XMCRTC2K,Vicki Laflamme,GTX Plus Pro,Green-Plus,Won,2017-09-05,2017-11-07,5532.0,services,2003-01-01,692.19,1922.0,United States,GTX,5482.0,Celia Rouche,West
ZDVZB8PX,Vicki Laflamme,MG Advanced,Blackzim,Won,2017-09-05,2017-11-14,3930.0,retail,2009-01-01,497.11,1588.0,United States,MG,3393.0,Celia Rouche,West
5JS6JI3P,Vicki Laflamme,MG Advanced,Labdrill,Won,2017-09-05,2017-11-21,2689.0,medical,1985-01-01,2741.37,9226.0,United States,MG,3393.0,Celia Rouche,West
FH30JK3J,Cassey Cress,GTX Plus Basic,Ontomedia,Engaging,2017-09-06,,,employment,1997-01-01,882.12,2769.0,United States,GTX,1096.0,Rocco Neubert,East
S4YQYJPM,Darcel Schlecht,MG Special,Codehow,Won,2017-09-06,2017-09-13,48.0,software,1998-01-01,2714.9,2641.0,United States,MG,55.0,Melvin Marxen,Central
XAS0EL71,Donn Cantrell,MG Advanced,Xx-zobam,Won,2017-09-06,2017-09-20,3206.0,entertainment,1989-01-01,3838.39,8274.0,United States,MG,3393.0,Rocco Neubert,East
GQNM1QP8,Elease Gluck,MG Special,Labdrill,Won,2017-09-06,2017-11-29,61.0,medical,1985-01-01,2741.37,9226.0,United States,MG,55.0,Celia Rouche,West
9CK2HTJP,Garret Kinder,GTX Plus Basic,Acme Corporation,Lost,2017-09-06,2017-12-04,0.0,technolgy,1996-01-01,1100.04,2822.0,United States,GTX,1096.0,Cara Losch,East
X96KGPI8,Jonathan Berthelot,GTX Basic,Statholdings,Lost,2017-09-06,2017-11-19,0.0,employment,1997-01-01,291.27,586.0,United States,GTX,550.0,Melvin Marxen,Central
JJDL1F8R,Jonathan Berthelot,GTX Basic,Streethex,Won,2017-09-06,2017-11-07,532.0,retail,1988-01-01,1376.8,1165.0,Belgium,GTX,550.0,Melvin Marxen,Central
0J24X1Y0,Kami Bicknell,MG Special,Lexiqvolax,Won,2017-09-06,2017-09-15,56.0,medical,2004-01-01,1618.89,3889.0,United States,MG,55.0,Summer Sewald,West
OM8LELJW,Kary Hendrixson,GTX Basic,Iselectrics,Engaging,2017-09-06,,,technolgy,2011-01-01,527.11,1428.0,United States,GTX,550.0,Summer Sewald,West
SEYFLN8Y,Markita Hansen,GTX Plus Basic,Scotfind,Won,2017-09-06,2017-12-09,1182.0,software,1996-01-01,6354.87,16780.0,United States,GTX,1096.0,Celia Rouche,West
EID3MR9L,Marty Freudenburg,GTX Plus Pro,Funholding,Won,2017-09-06,2017-12-20,5788.0,finance,1991-01-01,2819.5,7227.0,United States,GTX,5482.0,Melvin Marxen,Central
ID2VJE8V,Versie Hillebrand,MG Special,Streethex,Lost,2017-09-06,2017-09-13,0.0,retail,1988-01-01,1376.8,1165.0,Belgium,MG,55.0,Dustin Brinkmann,Central
T3W0Z8KP,Versie Hillebrand,MG Special,Cancity,Won,2017-09-06,2017-09-12,61.0,retail,2001-01-01,718.62,2448.0,United States,MG,55.0,Dustin Brinkmann,Central
WOS93VI5,Wilburn Farren,GTX Plus Basic,Zathunicon,Won,2017-09-06,2017-12-06,1144.0,retail,2010-01-01,71.12,144.0,United States,GTX,1096.0,Cara Losch,East
95YT659K,Zane Levy,MG Special,Groovestreet,Engaging,2017-09-06,,,retail,2003-01-01,223.8,299.0,United States,MG,55.0,Summer Sewald,West
RKI7OEP9,Anna Snelling,MG Special,Statholdings,Lost,2017-09-07,2017-11-18,0.0,employment,1997-01-01,291.27,586.0,United States,MG,55.0,Dustin Brinkmann,Central
D9CS7EIY,Anna Snelling,GTX Plus Basic,Ron-tech,Won,2017-09-07,2017-12-12,1249.0,medical,1992-01-01,3922.42,6837.0,United States,GTX,1096.0,Dustin Brinkmann,Central
J1VGTXQS,Boris Faz,GTX Plus Basic,Sumace,Won,2017-09-07,2017-12-03,1106.0,retail,2000-01-01,167.89,493.0,Romania,GTX,1096.0,Rocco Neubert,East
T87FD71P,Cassey Cress,GTX Plus Basic,Bubba Gump,Won,2017-09-07,2017-11-18,1251.0,software,2002-01-01,987.39,2253.0,United States,GTX,1096.0,Rocco Neubert,East
AE306TJU,Corliss Cosme,MG Special,Umbrella Corporation,Won,2017-09-07,2017-09-17,54.0,finance,1998-01-01,2022.14,5113.0,United States,MG,55.0,Cara Losch,East
DPDUK8RG,Darcel Schlecht,MG Advanced,Codehow,Won,2017-09-07,2017-09-12,2969.0,software,1998-01-01,2714.9,2641.0,United States,MG,3393.0,Melvin Marxen,Central
AR35V2L2,Garret Kinder,GTX Basic,Sumace,Won,2017-09-07,2017-09-13,558.0,retail,2000-01-01,167.89,493.0,Romania,GTX,550.0,Cara Losch,East
9SU2A73Y,Jonathan Berthelot,GTX Basic,Betatech,Won,2017-09-07,2017-09-18,585.0,medical,1986-01-01,647.18,1185.0,Kenya,GTX,550.0,Melvin Marxen,Central
98R4AZA8,Kary Hendrixson,GTX Basic,Plexzap,Won,2017-09-07,2017-12-17,566.0,retail,2001-01-01,2437.85,4874.0,United States,GTX,550.0,Summer Sewald,West
S5NVSXEX,Moses Frase,GTX Plus Basic,Condax,Won,2017-09-07,2017-12-11,1033.0,medical,2017-01-01,4.54,9.0,United States,GTX,1096.0,Dustin Brinkmann,Central
C6F5DTFR,Niesha Huffines,GTX Basic,Dontechi,Won,2017-09-07,2017-12-19,587.0,software,1982-01-01,4618.0,10083.0,United States,GTX,550.0,Melvin Marxen,Central
R4X2MOO1,Reed Clapper,GTX Plus Pro,Silis,Lost,2017-09-07,2017-11-27,0.0,medical,1994-01-01,2818.38,6290.0,United States,GTX,5482.0,Rocco Neubert,East
QEZ2X87C,Rosalina Dieter,MG Special,Iselectrics,Engaging,2017-09-07,,,technolgy,2011-01-01,527.11,1428.0,United States,MG,55.0,Celia Rouche,West
8FULX0EA,Versie Hillebrand,MG Special,Funholding,Won,2017-09-07,2017-11-02,62.0,finance,1991-01-01,2819.5,7227.0,United States,MG,55.0,Dustin Brinkmann,Central
WA5NRVIG,Versie Hillebrand,MG Special,Konmatfix,Won,2017-09-07,2017-12-12,54.0,marketing,1985-01-01,375.43,1190.0,United States,MG,55.0,Dustin Brinkmann,Central
XO7D3NYR,Vicki Laflamme,GTX Basic,Condax,Won,2017-09-07,2017-11-03,499.0,medical,2017-01-01,4.54,9.0,United States,GTX,550.0,Celia Rouche,West
ZN8LHN9B,Wilburn Farren,GTX Plus Pro,Zotware,Lost,2017-09-07,2017-11-17,0.0,software,1979-01-01,4478.47,13809.0,United States,GTX,5482.0,Cara Losch,East
S8FODURJ,Zane Levy,GTX Basic,Nam-zim,Engaging,2017-09-07,,,services,1987-01-01,405.59,1179.0,Brazil,GTX,550.0,Summer Sewald,West
BFH34LVO,Zane Levy,GTX Basic,Faxquote,Won,2017-09-07,2017-11-26,458.0,telecommunications,1995-01-01,1825.82,5595.0,United States,GTX,550.0,Summer Sewald,West
QHVGK8DM,Zane Levy,MG Special,Condax,Won,2017-09-07,2017-11-30,61.0,medical,2017-01-01,4.54,9.0,United States,MG,55.0,Summer Sewald,West
BALJ5E9J,Anna Snelling,MG Special,Treequote,Lost,2017-09-08,2017-12-17,0.0,telecommunications,1988-01-01,5266.09,8595.0,United States,MG,55.0,Dustin Brinkmann,Central
3Y6REURA,Anna Snelling,GTX Plus Pro,Funholding,Won,2017-09-08,2017-09-24,5600.0,finance,1991-01-01,2819.5,7227.0,United States,GTX,5482.0,Dustin Brinkmann,Central
3UI5JBOA,Boris Faz,GTX Plus Pro,Umbrella Corporation,Lost,2017-09-08,2017-11-19,0.0,finance,1998-01-01,2022.14,5113.0,United States,GTX,5482.0,Rocco Neubert,East
8AKZH8QS,Boris Faz,GTX Plus Basic,Zotware,Won,2017-09-08,2017-12-17,1259.0,software,1979-01-01,4478.47,13809.0,United States,GTX,1096.0,Rocco Neubert,East
FAS1KT97,Boris Faz,GTX Plus Basic,Zotware,Won,2017-09-08,2017-09-14,1114.0,software,1979-01-01,4478.47,13809.0,United States,GTX,1096.0,Rocco Neubert,East
RAPX57I3,Boris Faz,MG Special,Kinnamplus,Won,2017-09-08,2017-11-25,57.0,retail,2004-01-01,702.72,1831.0,United States,MG,55.0,Rocco Neubert,East
UZ4JMG8Z,Cassey Cress,GTX Plus Basic,Donquadtech,Lost,2017-09-08,2017-11-25,0.0,technolgy,1992-01-01,1712.68,3194.0,United States,GTX,1096.0,Rocco Neubert,East
PV411N8I,Cecily Lampkin,MG Special,Scottech,Lost,2017-09-08,2017-11-17,0.0,marketing,2012-01-01,45.39,100.0,United States,MG,55.0,Dustin Brinkmann,Central
SSEOGPPI,Darcel Schlecht,MG Advanced,Funholding,Won,2017-09-08,2017-09-10,3346.0,finance,1991-01-01,2819.5,7227.0,United States,MG,3393.0,Melvin Marxen,Central
5MFY1D4C,Donn Cantrell,GTX Basic,Kan-code,Lost,2017-09-08,2017-09-18,0.0,software,1982-01-01,11698.03,34288.0,United States,GTX,550.0,Rocco Neubert,East
PQLMEIG0,Donn Cantrell,GTX Basic,Kan-code,Lost,2017-09-08,2017-09-22,0.0,software,1982-01-01,11698.03,34288.0,United States,GTX,550.0,Rocco Neubert,East
6CV2KEKP,Donn Cantrell,MG Advanced,Ontomedia,Lost,2017-09-08,2017-09-16,0.0,employment,1997-01-01,882.12,2769.0,United States,MG,3393.0,Rocco Neubert,East
FQD0IJBC,Elease Gluck,GTX Basic,Green-Plus,Lost,2017-09-08,2017-11-25,0.0,services,2003-01-01,692.19,1922.0,United States,GTX,550.0,Celia Rouche,West
E28C318S,James Ascencio,GTX Basic,Newex,Won,2017-09-08,2017-11-04,546.0,services,1991-01-01,1012.72,3492.0,Germany,GTX,550.0,Summer Sewald,West
6BUW3ZVC,Jonathan Berthelot,GTX Basic,Bioholding,Lost,2017-09-08,2017-11-04,0.0,medical,2012-01-01,587.34,1356.0,Philipines,GTX,550.0,Melvin Marxen,Central
ZW5XV2QY,Kami Bicknell,GTX Basic,Cheers,Lost,2017-09-08,2017-11-14,0.0,entertainment,1993-01-01,4269.9,6472.0,United States,GTX,550.0,Summer Sewald,West
MOSX49BG,Kami Bicknell,GTX Basic,Finjob,Won,2017-09-08,2017-11-24,596.0,employment,1988-01-01,2059.9,3644.0,United States,GTX,550.0,Summer Sewald,West
BDEP8ZEH,Kary Hendrixson,GTX Plus Basic,Sonron,Lost,2017-09-08,2017-12-21,0.0,telecommunications,1999-01-01,1699.85,5108.0,United States,GTX,1096.0,Summer Sewald,West
WSKZBAYI,Kary Hendrixson,GTX Plus Basic,Fasehatice,Won,2017-09-08,2017-12-08,1171.0,retail,1990-01-01,4968.91,7523.0,United States,GTX,1096.0,Summer Sewald,West
19H5KFIC,Marty Freudenburg,GTX Plus Basic,Globex Corporation,Won,2017-09-08,2017-12-03,1021.0,technolgy,2000-01-01,1223.72,2497.0,Norway,GTX,1096.0,Melvin Marxen,Central
7PCCI1U2,Reed Clapper,MG Advanced,Kan-code,Lost,2017-09-08,2017-11-17,0.0,software,1982-01-01,11698.03,34288.0,United States,MG,3393.0,Rocco Neubert,East
8XXD2LMP,Rosie Papadopoulos,GTX Plus Pro,Donquadtech,Lost,2017-09-08,2017-12-02,0.0,technolgy,1992-01-01,1712.68,3194.0,United States,GTX,5482.0,Cara Losch,East
USNQY75J,Zane Levy,MG Special,Fasehatice,Lost,2017-09-08,2017-11-04,0.0,retail,1990-01-01,4968.91,7523.0,United States,MG,55.0,Summer Sewald,West
EI7DU48C,Zane Levy,MG Advanced,Kan-code,Lost,2017-09-08,2017-12-14,0.0,software,1982-01-01,11698.03,34288.0,United States,MG,3393.0,Summer Sewald,West
UYJVA76O,Cassey Cress,GTX Plus Basic,Zathunicon,Lost,2017-09-09,2017-11-21,0.0,retail,2010-01-01,71.12,144.0,United States,GTX,1096.0,Rocco Neubert,East
DR2H05BG,Cecily Lampkin,GTX Basic,Bioholding,Won,2017-09-09,2017-09-22,600.0,medical,2012-01-01,587.34,1356.0,Philipines,GTX,550.0,Dustin Brinkmann,Central
TDVM9PDL,Donn Cantrell,GTX Basic,Ganjaflex,Won,2017-09-09,2017-12-26,547.0,retail,1995-01-01,5158.71,17479.0,Japan,GTX,550.0,Rocco Neubert,East
LBYGH8WS,Garret Kinder,GTX Plus Pro,Plussunin,Lost,2017-09-09,2017-09-27,0.0,retail,2003-01-01,1419.98,4018.0,United States,GTX,5482.0,Cara Losch,East
NJC4XMEN,James Ascencio,GTX Plus Basic,Initech,Engaging,2017-09-09,,,telecommunications,1994-01-01,6395.05,20275.0,United States,GTX,1096.0,Summer Sewald,West
OBCBK0XR,Kami Bicknell,MG Advanced,Faxquote,Lost,2017-09-09,2017-11-30,0.0,telecommunications,1995-01-01,1825.82,5595.0,United States,MG,3393.0,Summer Sewald,West
IX8AYR6F,Kami Bicknell,GTX Basic,Faxquote,Won,2017-09-09,2017-12-14,582.0,telecommunications,1995-01-01,1825.82,5595.0,United States,GTX,550.0,Summer Sewald,West
4LVXK5H1,Kami Bicknell,GTX Plus Basic,J-Texon,Won,2017-09-09,2017-09-25,1047.0,retail,1989-01-01,1388.67,3583.0,United States,GTX,1096.0,Summer Sewald,West
O5CWW9P3,Lajuana Vencill,MG Special,Funholding,Lost,2017-09-09,2017-11-21,0.0,finance,1991-01-01,2819.5,7227.0,United States,MG,55.0,Dustin Brinkmann,Central
2LOQKW1C,Niesha Huffines,GTX Basic,Domzoom,Won,2017-09-09,2017-09-24,568.0,entertainment,1998-01-01,217.87,551.0,United States,GTX,550.0,Melvin Marxen,Central
MA1LQG9S,Niesha Huffines,GTX Plus Pro,Inity,Won,2017-09-09,2017-11-27,6255.0,marketing,1986-01-01,2403.58,8801.0,United States,GTX,5482.0,Melvin Marxen,Central
JMQRT3TC,Versie Hillebrand,MG Special,Dontechi,Won,2017-09-09,2017-12-31,57.0,software,1982-01-01,4618.0,10083.0,United States,MG,55.0,Dustin Brinkmann,Central
XETHS437,Versie Hillebrand,MG Special,Rundofase,Won,2017-09-09,2017-12-07,53.0,technolgy,1983-01-01,1008.06,1238.0,United States,MG,55.0,Dustin Brinkmann,Central
6EYTZB6F,Versie Hillebrand,MG Advanced,Konmatfix,Won,2017-09-09,2017-12-12,3811.0,marketing,1985-01-01,375.43,1190.0,United States,MG,3393.0,Dustin Brinkmann,Central
DXY9EZ55,Vicki Laflamme,GTX Basic,Hottechi,Won,2017-09-09,2017-12-12,456.0,technolgy,1997-01-01,8170.38,16499.0,Korea,GTX,550.0,Celia Rouche,West
ITDTMROU,Cassey Cress,MG Advanced,Xx-zobam,Won,2017-09-10,2017-12-05,3371.0,entertainment,1989-01-01,3838.39,8274.0,United States,MG,3393.0,Rocco Neubert,East
IFO74RWI,Cecily Lampkin,GTX Plus Basic,Treequote,Won,2017-09-10,2017-11-29,1151.0,telecommunications,1988-01-01,5266.09,8595.0,United States,GTX,1096.0,Dustin Brinkmann,Central
4O6T16XI,Cecily Lampkin,MG Advanced,Scottech,Won,2017-09-10,2017-12-25,3748.0,marketing,2012-01-01,45.39,100.0,United States,MG,3393.0,Dustin Brinkmann,Central
SUPA1RHK,Corliss Cosme,GTX Plus Pro,Umbrella Corporation,Won,2017-09-10,2017-09-15,5717.0,finance,1998-01-01,2022.14,5113.0,United States,GTX,5482.0,Cara Losch,East
PERK5YXJ,Daniell Hammack,GTX Plus Basic,Iselectrics,Won,2017-09-10,2017-12-13,1111.0,technolgy,2011-01-01,527.11,1428.0,United States,GTX,1096.0,Rocco Neubert,East
MUUNQNG2,Darcel Schlecht,GTX Plus Basic,Bioholding,Won,2017-09-10,2017-09-17,1159.0,medical,2012-01-01,587.34,1356.0,Philipines,GTX,1096.0,Melvin Marxen,Central
J1SCD7QL,Darcel Schlecht,MG Advanced,Rangreen,Won,2017-09-10,2017-11-06,3251.0,technolgy,1987-01-01,2938.67,8775.0,Panama,MG,3393.0,Melvin Marxen,Central
9LILLW96,Garret Kinder,GTX Plus Pro,Bubba Gump,Lost,2017-09-10,2017-11-01,0.0,software,2002-01-01,987.39,2253.0,United States,GTX,5482.0,Cara Losch,East
R0DKB8FJ,Gladys Colclough,MG Advanced,Genco Pura Olive Oil Company,Lost,2017-09-10,2017-12-07,0.0,retail,2007-01-01,894.33,1635.0,Italy,MG,3393.0,Melvin Marxen,Central
S5R9O6TL,Gladys Colclough,GTX Plus Basic,Codehow,Won,2017-09-10,2017-12-18,1083.0,software,1998-01-01,2714.9,2641.0,United States,GTX,1096.0,Melvin Marxen,Central
N78A330G,Gladys Colclough,MG Special,Bioholding,Won,2017-09-10,2017-11-08,54.0,medical,2012-01-01,587.34,1356.0,Philipines,MG,55.0,Melvin Marxen,Central
ZHI12PI4,Hayden Neloms,MG Advanced,Blackzim,Won,2017-09-10,2017-12-29,3302.0,retail,2009-01-01,497.11,1588.0,United States,MG,3393.0,Celia Rouche,West
38ZR3URJ,James Ascencio,GTX Basic,Golddex,Won,2017-09-10,2017-11-25,552.0,finance,2008-01-01,52.5,165.0,United States,GTX,550.0,Summer Sewald,West
6DJ817MW,James Ascencio,GTX Basic,Singletechno,Won,2017-09-10,2017-11-16,468.0,retail,1996-01-01,2214.94,5374.0,United States,GTX,550.0,Summer Sewald,West
9HCLI5PO,Jonathan Berthelot,GTX Basic,dambase,Lost,2017-09-10,2017-11-17,0.0,marketing,1995-01-01,2173.98,2928.0,United States,GTX,550.0,Melvin Marxen,Central
PRY70ISY,Jonathan Berthelot,GTX Basic,Hottechi,Lost,2017-09-10,2017-12-04,0.0,technolgy,1997-01-01,8170.38,16499.0,Korea,GTX,550.0,Melvin Marxen,Central
CS2ZS0B4,Kami Bicknell,GTX Plus Pro,Rantouch,Lost,2017-09-10,2017-09-27,0.0,telecommunications,1994-01-01,1188.42,3015.0,United States,GTX,5482.0,Summer Sewald,West
3KLVZN6M,Kary Hendrixson,GTX Basic,Cheers,Won,2017-09-10,2017-12-05,538.0,entertainment,1993-01-01,4269.9,6472.0,United States,GTX,550.0,Summer Sewald,West
WGSLK719,Kary Hendrixson,MG Advanced,Y-corporation,Won,2017-09-10,2017-12-12,3021.0,employment,1983-01-01,2871.35,9561.0,United States,MG,3393.0,Summer Sewald,West
0MMDQ1OR,Lajuana Vencill,GTX Basic,Codehow,Won,2017-09-10,2017-11-12,511.0,software,1998-01-01,2714.9,2641.0,United States,GTX,550.0,Dustin Brinkmann,Central
SMQV0BRI,Maureen Marcano,GTX Plus Pro,Blackzim,Won,2017-09-10,2017-09-21,5832.0,retail,2009-01-01,497.11,1588.0,United States,GTX,5482.0,Summer Sewald,West
XT8HCGAD,Rosalina Dieter,MG Special,Bubba Gump,Engaging,2017-09-10,,,software,2002-01-01,987.39,2253.0,United States,MG,55.0,Celia Rouche,West
X56STCJP,Versie Hillebrand,GTX Plus Pro,Inity,Lost,2017-09-10,2017-09-30,0.0,marketing,1986-01-01,2403.58,8801.0,United States,GTX,5482.0,Dustin Brinkmann,Central
K214R7RK,Versie Hillebrand,MG Advanced,Conecom,Lost,2017-09-10,2017-11-24,0.0,technolgy,2005-01-01,1520.66,1806.0,United States,MG,3393.0,Dustin Brinkmann,Central
NR9UD54C,Versie Hillebrand,MG Special,Warephase,Won,2017-09-10,2017-11-27,50.0,services,1997-01-01,2041.73,5276.0,United States,MG,55.0,Dustin Brinkmann,Central
GTXI4PAR,Vicki Laflamme,MG Advanced,Scotfind,Lost,2017-09-10,2017-11-24,0.0,software,1996-01-01,6354.87,16780.0,United States,MG,3393.0,Celia Rouche,West
T94JAB4C,Vicki Laflamme,MG Special,Plexzap,Won,2017-09-10,2017-11-22,58.0,retail,2001-01-01,2437.85,4874.0,United States,MG,55.0,Celia Rouche,West
8YOOE8I5,Violet Mclelland,GTX Basic,Umbrella Corporation,Lost,2017-09-10,2017-11-24,0.0,finance,1998-01-01,2022.14,5113.0,United States,GTX,550.0,Cara Losch,East
8G2OTKLL,Violet Mclelland,MG Special,Mathtouch,Won,2017-09-10,2017-09-27,66.0,marketing,1984-01-01,3027.46,9516.0,Jordan,MG,55.0,Cara Losch,East
LW0Z6TMR,Anna Snelling,GTX Basic,Finhigh,Lost,2017-09-11,2017-09-13,0.0,finance,2006-01-01,1102.43,1759.0,United States,GTX,550.0,Dustin Brinkmann,Central
R3NAMX4P,Anna Snelling,GTX Plus Pro,Toughzap,Lost,2017-09-11,2017-11-14,0.0,retail,1995-01-01,332.43,799.0,United States,GTX,5482.0,Dustin Brinkmann,Central
VYJ20GOM,Anna Snelling,MG Special,Cancity,Won,2017-09-11,2017-11-17,44.0,retail,2001-01-01,718.62,2448.0,United States,MG,55.0,Dustin Brinkmann,Central
GIWI7CWJ,Boris Faz,GTX Plus Basic,Konex,Won,2017-09-11,2017-12-30,1140.0,technolgy,1980-01-01,7708.38,13756.0,United States,GTX,1096.0,Rocco Neubert,East
VTO3SNNX,Cassey Cress,GTX Plus Pro,Zencorporation,Won,2017-09-11,2017-09-21,5245.0,technolgy,2011-01-01,40.79,142.0,China,GTX,5482.0,Rocco Neubert,East
OVPNOM6O,Cecily Lampkin,GTX Plus Pro,Gogozoom,Won,2017-09-11,2017-12-04,5520.0,telecommunications,2007-01-01,86.68,187.0,United States,GTX,5482.0,Dustin Brinkmann,Central
6KM4E0V1,Darcel Schlecht,GTX Plus Pro,Inity,Lost,2017-09-11,2017-11-19,0.0,marketing,1986-01-01,2403.58,8801.0,United States,GTX,5482.0,Melvin Marxen,Central
BZPU6P5P,Garret Kinder,MG Special,Yearin,Lost,2017-09-11,2017-12-23,0.0,retail,2005-01-01,2261.05,3851.0,United States,MG,55.0,Cara Losch,East
ZCFAVNF3,Gladys Colclough,MG Special,Streethex,Won,2017-09-11,2017-09-20,53.0,retail,1988-01-01,1376.8,1165.0,Belgium,MG,55.0,Melvin Marxen,Central
RDMKSDT0,Kami Bicknell,GTX Plus Pro,Plusstrip,Won,2017-09-11,2017-12-10,4872.0,entertainment,2002-01-01,349.81,315.0,United States,GTX,5482.0,Summer Sewald,West
QPCY8RU0,Kary Hendrixson,GTX Basic,Doncon,Lost,2017-09-11,2017-11-24,0.0,technolgy,2010-01-01,587.72,1501.0,United States,GTX,550.0,Summer Sewald,West
Y93GK95W,Markita Hansen,MG Advanced,Hatfan,Won,2017-09-11,2017-09-21,3138.0,services,1982-01-01,792.46,1299.0,United States,MG,3393.0,Celia Rouche,West
ZPB5KNCD,Maureen Marcano,GTX Basic,Finjob,Lost,2017-09-11,2017-09-28,0.0,employment,1988-01-01,2059.9,3644.0,United States,GTX,550.0,Summer Sewald,West
ZDAJ4PFJ,Moses Frase,GTX Basic,Bioholding,Won,2017-09-11,2017-12-03,513.0,medical,2012-01-01,587.34,1356.0,Philipines,GTX,550.0,Dustin Brinkmann,Central
7VHJG9J1,Reed Clapper,GTX Plus Basic,Iselectrics,Lost,2017-09-11,2017-12-28,0.0,technolgy,2011-01-01,527.11,1428.0,United States,GTX,1096.0,Rocco Neubert,East
EHPG1PNC,Violet Mclelland,GTX Basic,Kan-code,Won,2017-09-11,2017-12-18,644.0,software,1982-01-01,11698.03,34288.0,United States,GTX,550.0,Cara Losch,East
RKOQZJZR,Zane Levy,GTX Plus Basic,J-Texon,Engaging,2017-09-11,,,retail,1989-01-01,1388.67,3583.0,United States,GTX,1096.0,Summer Sewald,West
1MTLDVU8,Zane Levy,GTX Basic,Newex,Won,2017-09-11,2017-09-19,560.0,services,1991-01-01,1012.72,3492.0,Germany,GTX,550.0,Summer Sewald,West
4Z7LYTKN,Anna Snelling,GTX Plus Pro,Treequote,Lost,2017-09-12,2017-12-06,0.0,telecommunications,1988-01-01,5266.09,8595.0,United States,GTX,5482.0,Dustin Brinkmann,Central
MX0QEMEB,Anna Snelling,MG Advanced,Statholdings,Lost,2017-09-12,2017-11-27,0.0,employment,1997-01-01,291.27,586.0,United States,MG,3393.0,Dustin Brinkmann,Central
Y25T06D2,Anna Snelling,GTX Plus Basic,dambase,Won,2017-09-12,2017-12-26,866.0,marketing,1995-01-01,2173.98,2928.0,United States,GTX,1096.0,Dustin Brinkmann,Central
JY5LPMSJ,Boris Faz,GTX Plus Basic,Plussunin,Lost,2017-09-12,2017-09-19,0.0,retail,2003-01-01,1419.98,4018.0,United States,GTX,1096.0,Rocco Neubert,East
YND6FAFG,Corliss Cosme,MG Special,Kan-code,Lost,2017-09-12,2017-12-01,0.0,software,1982-01-01,11698.03,34288.0,United States,MG,55.0,Cara Losch,East
WRSA8PVU,Darcel Schlecht,GTX Basic,Finhigh,Won,2017-09-12,2017-12-16,626.0,finance,2006-01-01,1102.43,1759.0,United States,GTX,550.0,Melvin Marxen,Central
ML5QMJPM,Garret Kinder,MG Advanced,Konex,Won,2017-09-12,2017-12-05,3497.0,technolgy,1980-01-01,7708.38,13756.0,United States,MG,3393.0,Cara Losch,East
EWEW7ZMQ,Garret Kinder,MG Advanced,Opentech,Won,2017-09-12,2017-11-16,3072.0,finance,1994-01-01,355.23,853.0,United States,MG,3393.0,Cara Losch,East
JY8W2PKW,Gladys Colclough,MG Advanced,Genco Pura Olive Oil Company,Lost,2017-09-12,2017-12-15,0.0,retail,2007-01-01,894.33,1635.0,Italy,MG,3393.0,Melvin Marxen,Central
JFBWABB1,Hayden Neloms,MG Advanced,Labdrill,Won,2017-09-12,2017-11-26,3473.0,medical,1985-01-01,2741.37,9226.0,United States,MG,3393.0,Celia Rouche,West
A0Z6FYRO,Jonathan Berthelot,GTX Basic,Conecom,Won,2017-09-12,2017-09-19,530.0,technolgy,2005-01-01,1520.66,1806.0,United States,GTX,550.0,Melvin Marxen,Central
51AC0Q99,Jonathan Berthelot,GTX Plus Basic,Gogozoom,Won,2017-09-12,2017-12-16,1066.0,telecommunications,2007-01-01,86.68,187.0,United States,GTX,1096.0,Melvin Marxen,Central
897MKBP9,Jonathan Berthelot,MG Special,Cancity,Won,2017-09-12,2017-12-18,64.0,retail,2001-01-01,718.62,2448.0,United States,MG,55.0,Melvin Marxen,Central
Y5IRSKVA,Jonathan Berthelot,MG Special,Rangreen,Won,2017-09-12,2017-12-25,59.0,technolgy,1987-01-01,2938.67,8775.0,Panama,MG,55.0,Melvin Marxen,Central
QS440NN9,Kary Hendrixson,GTX Plus Basic,Goodsilron,Won,2017-09-12,2017-11-30,1077.0,marketing,2000-01-01,2952.73,5107.0,United States,GTX,1096.0,Summer Sewald,West
1MZ8GDLF,Marty Freudenburg,MG Special,Betatech,Won,2017-09-12,2017-09-21,72.0,medical,1986-01-01,647.18,1185.0,Kenya,MG,55.0,Melvin Marxen,Central
64SDWSQH,Maureen Marcano,GTX Plus Pro,Kan-code,Won,2017-09-12,2017-09-20,4870.0,software,1982-01-01,11698.03,34288.0,United States,GTX,5482.0,Summer Sewald,West
XS7CNY5H,Reed Clapper,GTX Plus Basic,Initech,Lost,2017-09-12,2017-09-20,0.0,telecommunications,1994-01-01,6395.05,20275.0,United States,GTX,1096.0,Rocco Neubert,East
2MH79C2B,Versie Hillebrand,MG Special,Konmatfix,Won,2017-09-12,2017-09-26,54.0,marketing,1985-01-01,375.43,1190.0,United States,MG,55.0,Dustin Brinkmann,Central
3YZFYEMI,Versie Hillebrand,MG Special,Toughzap,Won,2017-09-12,2017-12-09,50.0,retail,1995-01-01,332.43,799.0,United States,MG,55.0,Dustin Brinkmann,Central
I35REHYN,Vicki Laflamme,GTX Basic,Genco Pura Olive Oil Company,Engaging,2017-09-12,,,retail,2007-01-01,894.33,1635.0,Italy,GTX,550.0,Celia Rouche,West
Y3AAS62P,Vicki Laflamme,GTX Plus Basic,Zoomit,Engaging,2017-09-12,,,entertainment,1992-01-01,324.19,978.0,United States,GTX,1096.0,Celia Rouche,West
BPPV8ZSB,Vicki Laflamme,MG Special,Xx-holding,Lost,2017-09-12,2017-11-01,0.0,finance,1993-01-01,7537.24,20293.0,United States,MG,55.0,Celia Rouche,West
DRJG2FVR,Violet Mclelland,GTX Plus Pro,Initech,Lost,2017-09-12,2017-09-15,0.0,telecommunications,1994-01-01,6395.05,20275.0,United States,GTX,5482.0,Cara Losch,East
SWXO4J19,Zane Levy,GTX Plus Basic,Konex,Won,2017-09-12,2017-11-20,1029.0,technolgy,1980-01-01,7708.38,13756.0,United States,GTX,1096.0,Summer Sewald,West
07DPEL0B,Anna Snelling,GTX Basic,Cancity,Won,2017-09-13,2017-11-25,629.0,retail,2001-01-01,718.62,2448.0,United States,GTX,550.0,Dustin Brinkmann,Central
7GDRCAJR,Cassey Cress,GTX Basic,Iselectrics,Won,2017-09-13,2017-09-24,600.0,technolgy,2011-01-01,527.11,1428.0,United States,GTX,550.0,Rocco Neubert,East
EJ8YBRD3,Corliss Cosme,GTX Basic,Konex,Lost,2017-09-13,2017-11-03,0.0,technolgy,1980-01-01,7708.38,13756.0,United States,GTX,550.0,Cara Losch,East
M3IFAMV2,Donn Cantrell,MG Advanced,Ontomedia,Lost,2017-09-13,2017-11-29,0.0,employment,1997-01-01,882.12,2769.0,United States,MG,3393.0,Rocco Neubert,East
65AT4VFM,Elease Gluck,MG Special,Dalttechnology,Lost,2017-09-13,2017-09-19,0.0,software,2013-01-01,98.79,96.0,United States,MG,55.0,Celia Rouche,West
J9V49YC3,Kary Hendrixson,GTX Plus Pro,Labdrill,Won,2017-09-13,2017-12-12,5158.0,medical,1985-01-01,2741.37,9226.0,United States,GTX,5482.0,Summer Sewald,West
H3ZS0FBT,Marty Freudenburg,GTX Basic,Cancity,Won,2017-09-13,2017-11-21,477.0,retail,2001-01-01,718.62,2448.0,United States,GTX,550.0,Melvin Marxen,Central
GIIHTQGY,Maureen Marcano,GTX Plus Pro,Lexiqvolax,Won,2017-09-13,2017-11-16,4972.0,medical,2004-01-01,1618.89,3889.0,United States,GTX,5482.0,Summer Sewald,West
0LTBCZHI,Niesha Huffines,MG Advanced,Treequote,Won,2017-09-13,2017-11-30,3902.0,telecommunications,1988-01-01,5266.09,8595.0,United States,MG,3393.0,Melvin Marxen,Central
8U0BUWUQ,Reed Clapper,GTX Plus Basic,Plussunin,Won,2017-09-13,2017-12-14,1176.0,retail,2003-01-01,1419.98,4018.0,United States,GTX,1096.0,Rocco Neubert,East
86GSJWQW,Rosalina Dieter,MG Special,Golddex,Won,2017-09-13,2017-11-30,54.0,finance,2008-01-01,52.5,165.0,United States,MG,55.0,Celia Rouche,West
B7BT5DB8,Vicki Laflamme,MG Special,Dalttechnology,Won,2017-09-13,2017-11-29,51.0,software,2013-01-01,98.79,96.0,United States,MG,55.0,Celia Rouche,West
NJTWATVH,Zane Levy,GTX Basic,Labdrill,Won,2017-09-13,2017-09-21,518.0,medical,1985-01-01,2741.37,9226.0,United States,GTX,550.0,Summer Sewald,West
ZLIQCT7V,Zane Levy,GTX Basic,Sonron,Won,2017-09-13,2017-12-06,505.0,telecommunications,1999-01-01,1699.85,5108.0,United States,GTX,550.0,Summer Sewald,West
0U0GUDIX,Anna Snelling,GTX Plus Pro,Stanredtax,Won,2017-09-14,2017-09-18,5421.0,finance,1987-01-01,1698.2,3798.0,United States,GTX,5482.0,Dustin Brinkmann,Central
GBRQN296,Donn Cantrell,MG Advanced,Ontomedia,Won,2017-09-14,2017-12-17,3331.0,employment,1997-01-01,882.12,2769.0,United States,MG,3393.0,Rocco Neubert,East
RBHXB5V5,Hayden Neloms,MG Special,Zoomit,Lost,2017-09-14,2017-11-27,0.0,entertainment,1992-01-01,324.19,978.0,United States,MG,55.0,Celia Rouche,West
59O0CDJE,James Ascencio,GTX Basic,Newex,Won,2017-09-14,2017-12-20,504.0,services,1991-01-01,1012.72,3492.0,Germany,GTX,550.0,Summer Sewald,West
RU9Y6GR1,James Ascencio,GTX Plus Basic,Plexzap,Won,2017-09-14,2017-12-10,1117.0,retail,2001-01-01,2437.85,4874.0,United States,GTX,1096.0,Summer Sewald,West
Y9NTV3K5,Kami Bicknell,MG Advanced,Labdrill,Won,2017-09-14,2017-09-23,3596.0,medical,1985-01-01,2741.37,9226.0,United States,MG,3393.0,Summer Sewald,West
DT8SWPLT,Lajuana Vencill,GTX Basic,dambase,Won,2017-09-14,2017-12-12,545.0,marketing,1995-01-01,2173.98,2928.0,United States,GTX,550.0,Dustin Brinkmann,Central
URRBXP0V,Lajuana Vencill,MG Advanced,Rangreen,Won,2017-09-14,2017-11-08,3362.0,technolgy,1987-01-01,2938.67,8775.0,Panama,MG,3393.0,Dustin Brinkmann,Central
CNAQ6R7T,Marty Freudenburg,GTX Plus Basic,Bioholding,Won,2017-09-14,2017-12-14,1086.0,medical,2012-01-01,587.34,1356.0,Philipines,GTX,1096.0,Melvin Marxen,Central
FBYWCLLS,Reed Clapper,GTX Basic,Acme Corporation,Lost,2017-09-14,2017-09-28,0.0,technolgy,1996-01-01,1100.04,2822.0,United States,GTX,550.0,Rocco Neubert,East
8EQRW9H5,Versie Hillebrand,MG Special,Konmatfix,Lost,2017-09-14,2017-11-29,0.0,marketing,1985-01-01,375.43,1190.0,United States,MG,55.0,Dustin Brinkmann,Central
77JIGDNZ,Daniell Hammack,GTX Plus Basic,Bubba Gump,Lost,2017-09-15,2017-12-07,0.0,software,2002-01-01,987.39,2253.0,United States,GTX,1096.0,Rocco Neubert,East
DK6L8Y0Y,Daniell Hammack,GTX Plus Basic,Vehement Capital Partners,Won,2017-09-15,2017-09-29,1221.0,finance,1993-01-01,646.1,883.0,United States,GTX,1096.0,Rocco Neubert,East
KA6SVT1C,Darcel Schlecht,MG Advanced,Toughzap,Lost,2017-09-15,2017-11-16,0.0,retail,1995-01-01,332.43,799.0,United States,MG,3393.0,Melvin Marxen,Central
8ARRIREI,Darcel Schlecht,GTX Plus Pro,Warephase,Won,2017-09-15,2017-12-09,5669.0,services,1997-01-01,2041.73,5276.0,United States,GTX,5482.0,Melvin Marxen,Central
W3LRLMKP,Gladys Colclough,GTX Plus Pro,Finhigh,Won,2017-09-15,2017-12-19,5385.0,finance,2006-01-01,1102.43,1759.0,United States,GTX,5482.0,Melvin Marxen,Central
HQKUH8XA,Markita Hansen,GTX Basic,Hottechi,Lost,2017-09-15,2017-12-27,0.0,technolgy,1997-01-01,8170.38,16499.0,Korea,GTX,550.0,Celia Rouche,West
6R6T68GL,Markita Hansen,MG Special,Zoomit,Won,2017-09-15,2017-12-09,48.0,entertainment,1992-01-01,324.19,978.0,United States,MG,55.0,Celia Rouche,West
PGT70Q4T,Markita Hansen,MG Advanced,Plexzap,Won,2017-09-15,2017-12-01,3663.0,retail,2001-01-01,2437.85,4874.0,United States,MG,3393.0,Celia Rouche,West
V6RULHFZ,Vicki Laflamme,MG Special,Fasehatice,Lost,2017-09-15,2017-12-30,0.0,retail,1990-01-01,4968.91,7523.0,United States,MG,55.0,Celia Rouche,West
GRYWAPXY,Zane Levy,MG Advanced,Rantouch,Won,2017-09-15,2017-11-07,2712.0,telecommunications,1994-01-01,1188.42,3015.0,United States,MG,3393.0,Summer Sewald,West
ZIEI8JM3,Anna Snelling,MG Special,Ron-tech,Won,2017-09-16,2017-12-07,65.0,medical,1992-01-01,3922.42,6837.0,United States,MG,55.0,Dustin Brinkmann,Central
QDYFLOZW,Anna Snelling,MG Special,Statholdings,Won,2017-09-16,2017-09-23,55.0,employment,1997-01-01,291.27,586.0,United States,MG,55.0,Dustin Brinkmann,Central
55YURJ2E,Anna Snelling,MG Special,Streethex,Won,2017-09-16,2017-12-30,58.0,retail,1988-01-01,1376.8,1165.0,Belgium,MG,55.0,Dustin Brinkmann,Central
1PORK6E3,Cassey Cress,GTX Basic,Ontomedia,Won,2017-09-16,2017-09-27,512.0,employment,1997-01-01,882.12,2769.0,United States,GTX,550.0,Rocco Neubert,East
ENDKZ399,Corliss Cosme,GTX Plus Pro,Kan-code,Won,2017-09-16,2017-09-24,5820.0,software,1982-01-01,11698.03,34288.0,United States,GTX,5482.0,Cara Losch,East
VSNI41WQ,Daniell Hammack,GTX Plus Pro,Donware,Lost,2017-09-16,2017-11-30,0.0,marketing,1999-01-01,1197.44,2570.0,United States,GTX,5482.0,Rocco Neubert,East
87KZX1UX,Darcel Schlecht,GTX Plus Basic,Codehow,Won,2017-09-16,2017-11-25,1179.0,software,1998-01-01,2714.9,2641.0,United States,GTX,1096.0,Melvin Marxen,Central
PLRBC69J,Darcel Schlecht,GTX Plus Basic,Rangreen,Won,2017-09-16,2017-09-26,1153.0,technolgy,1987-01-01,2938.67,8775.0,Panama,GTX,1096.0,Melvin Marxen,Central
RZB6Q4FX,Donn Cantrell,GTX Plus Basic,Ganjaflex,Won,2017-09-16,2017-09-21,892.0,retail,1995-01-01,5158.71,17479.0,Japan,GTX,1096.0,Rocco Neubert,East
ASK5U1TD,Donn Cantrell,GTX Plus Basic,Zathunicon,Won,2017-09-16,2017-11-22,1231.0,retail,2010-01-01,71.12,144.0,United States,GTX,1096.0,Rocco Neubert,East
T49Q4GWU,Donn Cantrell,MG Advanced,Plussunin,Won,2017-09-16,2017-12-25,3091.0,retail,2003-01-01,1419.98,4018.0,United States,MG,3393.0,Rocco Neubert,East
JJ17IHID,Garret Kinder,GTX Basic,Xx-zobam,Won,2017-09-16,2017-11-24,547.0,entertainment,1989-01-01,3838.39,8274.0,United States,GTX,550.0,Cara Losch,East
311WKUHC,James Ascencio,MG Special,Labdrill,Lost,2017-09-16,2017-11-13,0.0,medical,1985-01-01,2741.37,9226.0,United States,MG,55.0,Summer Sewald,West
JG1CD65M,James Ascencio,GTX Plus Pro,Goodsilron,Won,2017-09-16,2017-09-18,5919.0,marketing,2000-01-01,2952.73,5107.0,United States,GTX,5482.0,Summer Sewald,West
YIK15TLW,James Ascencio,GTX Plus Pro,Groovestreet,Won,2017-09-16,2017-11-10,5745.0,retail,2003-01-01,223.8,299.0,United States,GTX,5482.0,Summer Sewald,West
RYJPSM6D,Jonathan Berthelot,GTX Basic,Stanredtax,Lost,2017-09-16,2017-11-19,0.0,finance,1987-01-01,1698.2,3798.0,United States,GTX,550.0,Melvin Marxen,Central
ZQK0JTVN,Jonathan Berthelot,GTX Basic,Streethex,Lost,2017-09-16,2017-11-26,0.0,retail,1988-01-01,1376.8,1165.0,Belgium,GTX,550.0,Melvin Marxen,Central
JZD1QDWA,Lajuana Vencill,MG Advanced,Cancity,Lost,2017-09-16,2017-12-06,0.0,retail,2001-01-01,718.62,2448.0,United States,MG,3393.0,Dustin Brinkmann,Central
LOSUVU4T,Markita Hansen,GTX Plus Pro,Konex,Lost,2017-09-16,2017-12-09,0.0,technolgy,1980-01-01,7708.38,13756.0,United States,GTX,5482.0,Celia Rouche,West
85LVQ6PB,Markita Hansen,GTX Plus Basic,Singletechno,Won,2017-09-16,2017-12-15,1252.0,retail,1996-01-01,2214.94,5374.0,United States,GTX,1096.0,Celia Rouche,West
02ILGBRB,Moses Frase,MG Special,dambase,Lost,2017-09-16,2017-11-21,0.0,marketing,1995-01-01,2173.98,2928.0,United States,MG,55.0,Dustin Brinkmann,Central
ZFIT4XWO,Moses Frase,MG Advanced,Stanredtax,Won,2017-09-16,2017-12-05,3039.0,finance,1987-01-01,1698.2,3798.0,United States,MG,3393.0,Dustin Brinkmann,Central
XH69FGJJ,Niesha Huffines,GTX Basic,Treequote,Won,2017-09-16,2017-11-19,637.0,telecommunications,1988-01-01,5266.09,8595.0,United States,GTX,550.0,Melvin Marxen,Central
JU2PPGP6,Reed Clapper,GTX Basic,Acme Corporation,Lost,2017-09-16,2017-09-26,0.0,technolgy,1996-01-01,1100.04,2822.0,United States,GTX,550.0,Rocco Neubert,East
I2DLJ6C3,Rosie Papadopoulos,MG Special,Gekko & Co,Won,2017-09-16,2017-11-27,51.0,retail,1990-01-01,2520.83,3502.0,United States,MG,55.0,Cara Losch,East
VEZ8OX88,Vicki Laflamme,GTX Basic,Plexzap,Lost,2017-09-16,2017-11-19,0.0,retail,2001-01-01,2437.85,4874.0,United States,GTX,550.0,Celia Rouche,West
M3QL68T6,Vicki Laflamme,GTX Basic,Plexzap,Won,2017-09-16,2017-12-04,595.0,retail,2001-01-01,2437.85,4874.0,United States,GTX,550.0,Celia Rouche,West
Q3K6K5V9,Vicki Laflamme,MG Special,Zoomit,Won,2017-09-16,2017-12-26,52.0,entertainment,1992-01-01,324.19,978.0,United States,MG,55.0,Celia Rouche,West
NFT2Z7MM,Zane Levy,GTX Plus Basic,Dalttechnology,Lost,2017-09-16,2017-11-18,0.0,software,2013-01-01,98.79,96.0,United States,GTX,1096.0,Summer Sewald,West
YC2GBK89,Zane Levy,GTX Plus Basic,Hatfan,Lost,2017-09-16,2017-11-12,0.0,services,1982-01-01,792.46,1299.0,United States,GTX,1096.0,Summer Sewald,West
U008ILBM,Zane Levy,GTX Plus Basic,Plusstrip,Lost,2017-09-16,2017-11-26,0.0,entertainment,2002-01-01,349.81,315.0,United States,GTX,1096.0,Summer Sewald,West
41HHBQRT,Cassey Cress,GTX Basic,Xx-zobam,Lost,2017-09-17,2017-12-13,0.0,entertainment,1989-01-01,3838.39,8274.0,United States,GTX,550.0,Rocco Neubert,East
T6BHNN1O,Cecily Lampkin,MG Special,Betatech,Lost,2017-09-17,2017-11-13,0.0,medical,1986-01-01,647.18,1185.0,Kenya,MG,55.0,Dustin Brinkmann,Central
F8F6MA24,Corliss Cosme,GTX Basic,Sumace,Won,2017-09-17,2017-12-19,538.0,retail,2000-01-01,167.89,493.0,Romania,GTX,550.0,Cara Losch,East
L7CFCOR6,Darcel Schlecht,GTX Plus Pro,Conecom,Won,2017-09-17,2017-11-28,5668.0,technolgy,2005-01-01,1520.66,1806.0,United States,GTX,5482.0,Melvin Marxen,Central
U7L0IZLB,James Ascencio,GTX Plus Pro,Sunnamplex,Lost,2017-09-17,2017-11-26,0.0,marketing,2008-01-01,894.37,1593.0,Poland,GTX,5482.0,Summer Sewald,West
THNEGVH2,Kary Hendrixson,GTX Plus Basic,Lexiqvolax,Won,2017-09-17,2017-11-14,948.0,medical,2004-01-01,1618.89,3889.0,United States,GTX,1096.0,Summer Sewald,West
D1ANNMSO,Lajuana Vencill,GTX Basic,Rundofase,Won,2017-09-17,2017-11-19,487.0,technolgy,1983-01-01,1008.06,1238.0,United States,GTX,550.0,Dustin Brinkmann,Central
LMVQ6B9P,Lajuana Vencill,GTX Plus Basic,Funholding,Won,2017-09-17,2017-11-18,1072.0,finance,1991-01-01,2819.5,7227.0,United States,GTX,1096.0,Dustin Brinkmann,Central
OQBVGILR,Markita Hansen,MG Special,Singletechno,Won,2017-09-17,2017-12-16,56.0,retail,1996-01-01,2214.94,5374.0,United States,MG,55.0,Celia Rouche,West
8LA72RM8,Maureen Marcano,MG Advanced,Donware,Engaging,2017-09-17,,,marketing,1999-01-01,1197.44,2570.0,United States,MG,3393.0,Summer Sewald,West
7AH7F190,Reed Clapper,GTX Basic,Betasoloin,Lost,2017-09-17,2017-11-27,0.0,medical,1999-01-01,251.41,495.0,United States,GTX,550.0,Rocco Neubert,East
ME0LMBYL,Reed Clapper,GTX Plus Basic,Initech,Lost,2017-09-17,2017-12-21,0.0,telecommunications,1994-01-01,6395.05,20275.0,United States,GTX,1096.0,Rocco Neubert,East
KODTODAA,Reed Clapper,GTX Plus Pro,Betasoloin,Lost,2017-09-17,2017-11-12,0.0,medical,1999-01-01,251.41,495.0,United States,GTX,5482.0,Rocco Neubert,East
9F407X6U,Rosalina Dieter,MG Special,Konex,Won,2017-09-17,2017-12-02,49.0,technolgy,1980-01-01,7708.38,13756.0,United States,MG,55.0,Celia Rouche,West
P4PKECH7,Darcel Schlecht,GTX Basic,Gogozoom,Lost,2017-09-18,2017-09-24,0.0,telecommunications,2007-01-01,86.68,187.0,United States,GTX,550.0,Melvin Marxen,Central
D40ALWGC,Donn Cantrell,GTX Plus Pro,Mathtouch,Lost,2017-09-18,2017-09-28,0.0,marketing,1984-01-01,3027.46,9516.0,Jordan,GTX,5482.0,Rocco Neubert,East
524QUXI2,Donn Cantrell,GTX Plus Pro,Xx-zobam,Lost,2017-09-18,2017-11-26,0.0,entertainment,1989-01-01,3838.39,8274.0,United States,GTX,5482.0,Rocco Neubert,East
8W35TVOQ,Hayden Neloms,MG Advanced,Faxquote,Won,2017-09-18,2017-12-02,2918.0,telecommunications,1995-01-01,1825.82,5595.0,United States,MG,3393.0,Celia Rouche,West
3D6LLPA1,Jonathan Berthelot,GTX Plus Basic,Funholding,Lost,2017-09-18,2017-12-05,0.0,finance,1991-01-01,2819.5,7227.0,United States,GTX,1096.0,Melvin Marxen,Central
OU42AWAE,Kami Bicknell,GTX Basic,Hatfan,Won,2017-09-18,2017-11-22,531.0,services,1982-01-01,792.46,1299.0,United States,GTX,550.0,Summer Sewald,West
OJOJPNL6,Kary Hendrixson,GTX Plus Pro,Singletechno,Lost,2017-09-18,2017-11-21,0.0,retail,1996-01-01,2214.94,5374.0,United States,GTX,5482.0,Summer Sewald,West
MENKE9IV,Kary Hendrixson,GTX Basic,Singletechno,Won,2017-09-18,2017-11-30,526.0,retail,1996-01-01,2214.94,5374.0,United States,GTX,550.0,Summer Sewald,West
PXSDIDXO,Lajuana Vencill,GTX Basic,Ron-tech,Lost,2017-09-18,2017-11-11,0.0,medical,1992-01-01,3922.42,6837.0,United States,GTX,550.0,Dustin Brinkmann,Central
5PIJNVMB,Lajuana Vencill,GTX Basic,Konmatfix,Won,2017-09-18,2017-11-17,485.0,marketing,1985-01-01,375.43,1190.0,United States,GTX,550.0,Dustin Brinkmann,Central
ZLFKHXXI,Moses Frase,GTX Basic,Rundofase,Won,2017-09-18,2017-12-25,520.0,technolgy,1983-01-01,1008.06,1238.0,United States,GTX,550.0,Dustin Brinkmann,Central
WIDRX5N6,Niesha Huffines,GTX Plus Basic,Dontechi,Won,2017-09-18,2017-12-23,1020.0,software,1982-01-01,4618.0,10083.0,United States,GTX,1096.0,Melvin Marxen,Central
HJLKGIH4,Reed Clapper,GTX Plus Basic,Mathtouch,Lost,2017-09-18,2017-12-04,0.0,marketing,1984-01-01,3027.46,9516.0,Jordan,GTX,1096.0,Rocco Neubert,East
DF6A63B7,Reed Clapper,MG Advanced,Yearin,Lost,2017-09-18,2017-12-20,0.0,retail,2005-01-01,2261.05,3851.0,United States,MG,3393.0,Rocco Neubert,East
KDQL1O1A,Vicki Laflamme,GTX Basic,Dalttechnology,Lost,2017-09-18,2017-11-05,0.0,software,2013-01-01,98.79,96.0,United States,GTX,550.0,Celia Rouche,West
01XZ9CRY,Zane Levy,GTX Plus Pro,Initech,Engaging,2017-09-18,,,telecommunications,1994-01-01,6395.05,20275.0,United States,GTX,5482.0,Summer Sewald,West
HJY0TQ7X,Zane Levy,MG Special,Toughzap,Engaging,2017-09-18,,,retail,1995-01-01,332.43,799.0,United States,MG,55.0,Summer Sewald,West
75HKH8PS,Anna Snelling,GTX Plus Basic,Funholding,Lost,2017-09-19,2017-09-30,0.0,finance,1991-01-01,2819.5,7227.0,United States,GTX,1096.0,Dustin Brinkmann,Central
NK2CHYT1,Cecily Lampkin,GTX Plus Basic,Ron-tech,Lost,2017-09-19,2017-11-08,0.0,medical,1992-01-01,3922.42,6837.0,United States,GTX,1096.0,Dustin Brinkmann,Central
8598PVIX,Elease Gluck,MG Special,Groovestreet,Won,2017-09-19,2017-11-11,53.0,retail,2003-01-01,223.8,299.0,United States,MG,55.0,Celia Rouche,West
BKMYW792,Kami Bicknell,MG Advanced,Nam-zim,Lost,2017-09-19,2017-11-27,0.0,services,1987-01-01,405.59,1179.0,Brazil,MG,3393.0,Summer Sewald,West
3IBBBGM4,Kary Hendrixson,GTX Basic,Fasehatice,Won,2017-09-19,2017-11-18,555.0,retail,1990-01-01,4968.91,7523.0,United States,GTX,550.0,Summer Sewald,West
T32P6LSX,Lajuana Vencill,GTX Basic,Rangreen,Won,2017-09-19,2017-12-16,492.0,technolgy,1987-01-01,2938.67,8775.0,Panama,GTX,550.0,Dustin Brinkmann,Central
B944EMXZ,Marty Freudenburg,GTX Plus Basic,Codehow,Lost,2017-09-19,2017-11-23,0.0,software,1998-01-01,2714.9,2641.0,United States,GTX,1096.0,Melvin Marxen,Central
DOY7VMYB,Marty Freudenburg,GTX Plus Basic,Warephase,Lost,2017-09-19,2017-11-10,0.0,services,1997-01-01,2041.73,5276.0,United States,GTX,1096.0,Melvin Marxen,Central
QXWLE549,Marty Freudenburg,GTX Basic,Gogozoom,Won,2017-09-19,2017-11-17,574.0,telecommunications,2007-01-01,86.68,187.0,United States,GTX,550.0,Melvin Marxen,Central
D3O1PCMO,Niesha Huffines,MG Advanced,Condax,Won,2017-09-19,2017-12-04,3079.0,medical,2017-01-01,4.54,9.0,United States,MG,3393.0,Melvin Marxen,Central
KUH39HQ7,Versie Hillebrand,MG Special,Rangreen,Lost,2017-09-19,2017-09-22,0.0,technolgy,1987-01-01,2938.67,8775.0,Panama,MG,55.0,Dustin Brinkmann,Central
RW6QS352,Versie Hillebrand,GTX Plus Pro,Statholdings,Won,2017-09-19,2017-12-31,6000.0,employment,1997-01-01,291.27,586.0,United States,GTX,5482.0,Dustin Brinkmann,Central
1374WYJG,Violet Mclelland,MG Advanced,Kan-code,Won,2017-09-19,2017-12-31,3248.0,software,1982-01-01,11698.03,34288.0,United States,MG,3393.0,Cara Losch,East
1T8R8X79,Zane Levy,MG Advanced,Nam-zim,Won,2017-09-19,2017-11-19,4249.0,services,1987-01-01,405.59,1179.0,Brazil,MG,3393.0,Summer Sewald,West
PSMWYTMB,Boris Faz,MG Advanced,Toughzap,Engaging,2017-09-20,,,retail,1995-01-01,332.43,799.0,United States,MG,3393.0,Rocco Neubert,East
0ZXS3AIR,Boris Faz,GTX Basic,Betasoloin,Won,2017-09-20,2017-12-26,563.0,medical,1999-01-01,251.41,495.0,United States,GTX,550.0,Rocco Neubert,East
6C2CJX31,Donn Cantrell,GTX Plus Basic,Kan-code,Lost,2017-09-20,2017-12-23,0.0,software,1982-01-01,11698.03,34288.0,United States,GTX,1096.0,Rocco Neubert,East
VQQR3OUI,Elease Gluck,MG Special,Doncon,Won,2017-09-20,2017-12-31,41.0,technolgy,2010-01-01,587.72,1501.0,United States,MG,55.0,Celia Rouche,West
UWYFOEMO,Hayden Neloms,MG Special,Dalttechnology,Won,2017-09-20,2017-09-26,59.0,software,2013-01-01,98.79,96.0,United States,MG,55.0,Celia Rouche,West
ZXNHUYCM,James Ascencio,GTX Plus Pro,Goodsilron,Lost,2017-09-20,2017-10-01,0.0,marketing,2000-01-01,2952.73,5107.0,United States,GTX,5482.0,Summer Sewald,West
KHG4UMKP,James Ascencio,MG Special,Blackzim,Won,2017-09-20,2017-11-24,58.0,retail,2009-01-01,497.11,1588.0,United States,MG,55.0,Summer Sewald,West
TEM0I59X,Kami Bicknell,GTX Plus Pro,Lexiqvolax,Won,2017-09-20,2017-12-09,4906.0,medical,2004-01-01,1618.89,3889.0,United States,GTX,5482.0,Summer Sewald,West
1WPZ1MCO,Markita Hansen,GTX Basic,Goodsilron,Won,2017-09-20,2017-09-29,587.0,marketing,2000-01-01,2952.73,5107.0,United States,GTX,550.0,Celia Rouche,West
VTVYSUZG,Moses Frase,MG Advanced,Cancity,Won,2017-09-20,2017-12-28,3627.0,retail,2001-01-01,718.62,2448.0,United States,MG,3393.0,Dustin Brinkmann,Central
61IKUAZI,Rosalina Dieter,GTX Plus Basic,Dalttechnology,Engaging,2017-09-20,,,software,2013-01-01,98.79,96.0,United States,GTX,1096.0,Celia Rouche,West
6ZSAKAHX,Rosalina Dieter,GTX Plus Basic,Plexzap,Won,2017-09-20,2017-12-22,920.0,retail,2001-01-01,2437.85,4874.0,United States,GTX,1096.0,Celia Rouche,West
D9MZMDOL,Vicki Laflamme,MG Special,Zumgoity,Engaging,2017-09-20,,,medical,1984-01-01,441.08,1210.0,United States,MG,55.0,Celia Rouche,West
7TIWLFZD,Vicki Laflamme,GTX Basic,Golddex,Won,2017-09-20,2017-10-01,552.0,finance,2008-01-01,52.5,165.0,United States,GTX,550.0,Celia Rouche,West
HXRF96S3,Vicki Laflamme,MG Special,Labdrill,Won,2017-09-20,2017-12-15,54.0,medical,1985-01-01,2741.37,9226.0,United States,MG,55.0,Celia Rouche,West
WTEAOER0,Violet Mclelland,GTX Basic,Bubba Gump,Won,2017-09-20,2017-12-14,472.0,software,2002-01-01,987.39,2253.0,United States,GTX,550.0,Cara Losch,East
T8LSQO2S,Wilburn Farren,GTX Plus Pro,Xx-zobam,Lost,2017-09-20,2017-11-24,0.0,entertainment,1989-01-01,3838.39,8274.0,United States,GTX,5482.0,Cara Losch,East
ABMOVF1A,Anna Snelling,MG Special,Toughzap,Won,2017-09-21,2017-09-30,66.0,retail,1995-01-01,332.43,799.0,United States,MG,55.0,Dustin Brinkmann,Central
J0WKJLR6,Cassey Cress,GTX Plus Basic,Massive Dynamic,Won,2017-09-21,2017-11-21,1039.0,entertainment,1989-01-01,665.06,1095.0,United States,GTX,1096.0,Rocco Neubert,East
B1D3HP8V,Corliss Cosme,GTX Plus Basic,Plussunin,Lost,2017-09-21,2017-11-22,0.0,retail,2003-01-01,1419.98,4018.0,United States,GTX,1096.0,Cara Losch,East
OAMR9KPA,Corliss Cosme,GTX Basic,Bluth Company,Won,2017-09-21,2017-12-21,550.0,technolgy,1993-01-01,1242.32,3027.0,United States,GTX,550.0,Cara Losch,East
DHJ8KOUV,Gladys Colclough,GTX Plus Pro,Condax,Won,2017-09-21,2017-12-05,5138.0,medical,2017-01-01,4.54,9.0,United States,GTX,5482.0,Melvin Marxen,Central
JYNYK957,James Ascencio,MG Advanced,Labdrill,Won,2017-09-21,2017-12-02,3063.0,medical,1985-01-01,2741.37,9226.0,United States,MG,3393.0,Summer Sewald,West
NOLWR5EX,Kami Bicknell,GTX Plus Basic,Sunnamplex,Lost,2017-09-21,2017-10-02,0.0,marketing,2008-01-01,894.37,1593.0,Poland,GTX,1096.0,Summer Sewald,West
BUHR2X8U,Kary Hendrixson,GTX Basic,Green-Plus,Won,2017-09-21,2017-12-30,613.0,services,2003-01-01,692.19,1922.0,United States,GTX,550.0,Summer Sewald,West
MLV2QDU6,Lajuana Vencill,GTX Plus Pro,Condax,Won,2017-09-21,2017-11-26,5160.0,medical,2017-01-01,4.54,9.0,United States,GTX,5482.0,Dustin Brinkmann,Central
V7T9ZP6C,Markita Hansen,GTX Basic,J-Texon,Won,2017-09-21,2017-10-01,566.0,retail,1989-01-01,1388.67,3583.0,United States,GTX,550.0,Celia Rouche,West
WYS1XI44,Marty Freudenburg,MG Special,Warephase,Won,2017-09-21,2017-09-27,68.0,services,1997-01-01,2041.73,5276.0,United States,MG,55.0,Melvin Marxen,Central
C3HN12Z8,Maureen Marcano,GTX Basic,Kan-code,Lost,2017-09-21,2017-10-03,0.0,software,1982-01-01,11698.03,34288.0,United States,GTX,550.0,Summer Sewald,West
4PLSG7A3,Versie Hillebrand,MG Special,dambase,Won,2017-09-21,2017-12-12,61.0,marketing,1995-01-01,2173.98,2928.0,United States,MG,55.0,Dustin Brinkmann,Central
ZD772DU8,Vicki Laflamme,MG Special,Groovestreet,Lost,2017-09-21,2017-12-03,0.0,retail,2003-01-01,223.8,299.0,United States,MG,55.0,Celia Rouche,West
2KVQ5Z4M,Wilburn Farren,MG Advanced,Xx-zobam,Lost,2017-09-21,2017-11-29,0.0,entertainment,1989-01-01,3838.39,8274.0,United States,MG,3393.0,Cara Losch,East
U6LLSWEN,Cassey Cress,GTX Plus Basic,Plussunin,Lost,2017-09-22,2017-11-27,0.0,retail,2003-01-01,1419.98,4018.0,United States,GTX,1096.0,Rocco Neubert,East
RVQTWBKE,Cassey Cress,GTX Plus Pro,Donware,Lost,2017-09-22,2017-11-24,0.0,marketing,1999-01-01,1197.44,2570.0,United States,GTX,5482.0,Rocco Neubert,East
BWPBMVQH,Corliss Cosme,GTX Basic,Zotware,Lost,2017-09-22,2017-11-29,0.0,software,1979-01-01,4478.47,13809.0,United States,GTX,550.0,Cara Losch,East
55ZNV61S,Donn Cantrell,GTX Basic,Bioplex,Lost,2017-09-22,2017-10-04,0.0,medical,1991-01-01,326.82,1016.0,United States,GTX,550.0,Rocco Neubert,East
1LHU0876,Elease Gluck,MG Advanced,Labdrill,Engaging,2017-09-22,,,medical,1985-01-01,2741.37,9226.0,United States,MG,3393.0,Celia Rouche,West
V929BUUS,Gladys Colclough,GTX Plus Basic,Isdom,Lost,2017-09-22,2017-12-21,0.0,medical,2002-01-01,3178.24,4540.0,United States,GTX,1096.0,Melvin Marxen,Central
4MFY8UXP,Gladys Colclough,MG Advanced,Ron-tech,Won,2017-09-22,2017-12-14,3772.0,medical,1992-01-01,3922.42,6837.0,United States,MG,3393.0,Melvin Marxen,Central
EBJMZ5VE,James Ascencio,GTX Plus Pro,Cheers,Won,2017-09-22,2017-10-02,5784.0,entertainment,1993-01-01,4269.9,6472.0,United States,GTX,5482.0,Summer Sewald,West
9XF2B7RS,Kami Bicknell,GTX Basic,Fasehatice,Won,2017-09-22,2017-09-28,675.0,retail,1990-01-01,4968.91,7523.0,United States,GTX,550.0,Summer Sewald,West
WHV85GOQ,Kary Hendrixson,GTX Basic,Sonron,Lost,2017-09-22,2017-11-28,0.0,telecommunications,1999-01-01,1699.85,5108.0,United States,GTX,550.0,Summer Sewald,West
MXJAH0R5,Maureen Marcano,MG Special,Plusstrip,Lost,2017-09-22,2017-11-28,0.0,entertainment,2002-01-01,349.81,315.0,United States,MG,55.0,Summer Sewald,West
OXW7DBDT,Rosalina Dieter,GTX Plus Basic,Doncon,Lost,2017-09-22,2017-11-02,0.0,technolgy,2010-01-01,587.72,1501.0,United States,GTX,1096.0,Celia Rouche,West
W5EGDYPK,Rosalina Dieter,MG Special,Newex,Won,2017-09-22,2017-10-01,55.0,services,1991-01-01,1012.72,3492.0,Germany,MG,55.0,Celia Rouche,West
C13104YM,Versie Hillebrand,MG Special,Toughzap,Lost,2017-09-22,2017-12-16,0.0,retail,1995-01-01,332.43,799.0,United States,MG,55.0,Dustin Brinkmann,Central
1GA3AFTX,Versie Hillebrand,MG Advanced,Rangreen,Lost,2017-09-22,2017-12-12,0.0,technolgy,1987-01-01,2938.67,8775.0,Panama,MG,3393.0,Dustin Brinkmann,Central
389D515R,Versie Hillebrand,GTX Plus Pro,Inity,Won,2017-09-22,2017-10-01,5775.0,marketing,1986-01-01,2403.58,8801.0,United States,GTX,5482.0,Dustin Brinkmann,Central
2751GWVC,Vicki Laflamme,GTX Basic,Hottechi,Won,2017-09-22,2017-11-18,651.0,technolgy,1997-01-01,8170.38,16499.0,Korea,GTX,550.0,Celia Rouche,West
0UFUDIYT,Vicki Laflamme,GTX Basic,Scotfind,Won,2017-09-22,2017-11-22,570.0,software,1996-01-01,6354.87,16780.0,United States,GTX,550.0,Celia Rouche,West
Y3QBGJLM,Vicki Laflamme,MG Special,Blackzim,Won,2017-09-22,2017-12-30,54.0,retail,2009-01-01,497.11,1588.0,United States,MG,55.0,Celia Rouche,West
O7U4I96P,Vicki Laflamme,MG Special,Scotfind,Won,2017-09-22,2017-09-29,47.0,software,1996-01-01,6354.87,16780.0,United States,MG,55.0,Celia Rouche,West
Q0R3ZBNT,Wilburn Farren,MG Special,Silis,Won,2017-09-22,2017-11-08,56.0,medical,1994-01-01,2818.38,6290.0,United States,MG,55.0,Cara Losch,East
FGUWP1NF,Boris Faz,GTX Plus Basic,Vehement Capital Partners,Lost,2017-09-23,2017-10-05,0.0,finance,1993-01-01,646.1,883.0,United States,GTX,1096.0,Rocco Neubert,East
ODINSHYF,Gladys Colclough,MG Special,Bioholding,Lost,2017-09-23,2017-10-01,0.0,medical,2012-01-01,587.34,1356.0,Philipines,MG,55.0,Melvin Marxen,Central
0TICPBMF,Gladys Colclough,GTX Plus Basic,Conecom,Won,2017-09-23,2017-09-27,1047.0,technolgy,2005-01-01,1520.66,1806.0,United States,GTX,1096.0,Melvin Marxen,Central
9F2MDA5R,Hayden Neloms,MG Advanced,Finjob,Won,2017-09-23,2017-09-25,3197.0,employment,1988-01-01,2059.9,3644.0,United States,MG,3393.0,Celia Rouche,West
JUKJ3RAB,Jonathan Berthelot,GTX Plus Basic,Inity,Lost,2017-09-23,2017-10-05,0.0,marketing,1986-01-01,2403.58,8801.0,United States,GTX,1096.0,Melvin Marxen,Central
YD3D41E0,Jonathan Berthelot,GTX Plus Basic,Zumgoity,Won,2017-09-23,2017-10-02,1127.0,medical,1984-01-01,441.08,1210.0,United States,GTX,1096.0,Melvin Marxen,Central
RX8711KI,Kami Bicknell,GTX Basic,Plexzap,Won,2017-09-23,2017-12-24,468.0,retail,2001-01-01,2437.85,4874.0,United States,GTX,550.0,Summer Sewald,West
F3BJAMUL,Kami Bicknell,MG Special,Rantouch,Won,2017-09-23,2017-11-19,55.0,telecommunications,1994-01-01,1188.42,3015.0,United States,MG,55.0,Summer Sewald,West
HZS2YVRN,Kary Hendrixson,MG Special,Finjob,Won,2017-09-23,2017-10-01,57.0,employment,1988-01-01,2059.9,3644.0,United States,MG,55.0,Summer Sewald,West
W3B077GY,Lajuana Vencill,MG Special,Zumgoity,Lost,2017-09-23,2017-11-07,0.0,medical,1984-01-01,441.08,1210.0,United States,MG,55.0,Dustin Brinkmann,Central
MGR0TSPK,Lajuana Vencill,GTX Plus Basic,Rangreen,Won,2017-09-23,2017-11-27,946.0,technolgy,1987-01-01,2938.67,8775.0,Panama,GTX,1096.0,Dustin Brinkmann,Central
TEF07JM6,Markita Hansen,GTX Basic,Xx-holding,Lost,2017-09-23,2017-10-02,0.0,finance,1993-01-01,7537.24,20293.0,United States,GTX,550.0,Celia Rouche,West
N8SVXI48,Maureen Marcano,GTX Basic,Zoomit,Lost,2017-09-23,2017-11-14,0.0,entertainment,1992-01-01,324.19,978.0,United States,GTX,550.0,Summer Sewald,West
VG1WQW88,Maureen Marcano,MG Special,Golddex,Lost,2017-09-23,2017-11-06,0.0,finance,2008-01-01,52.5,165.0,United States,MG,55.0,Summer Sewald,West
MEKVHSCB,Moses Frase,MG Special,Dontechi,Lost,2017-09-23,2017-11-27,0.0,software,1982-01-01,4618.0,10083.0,United States,MG,55.0,Dustin Brinkmann,Central
600FP406,Violet Mclelland,MG Special,Bioplex,Won,2017-09-23,2017-10-02,60.0,medical,1991-01-01,326.82,1016.0,United States,MG,55.0,Cara Losch,East
2EFTTOAV,Zane Levy,GTX Plus Pro,Green-Plus,Won,2017-09-23,2017-10-01,5865.0,services,2003-01-01,692.19,1922.0,United States,GTX,5482.0,Summer Sewald,West
DDXFIBEY,Anna Snelling,GTX Plus Pro,Treequote,Lost,2017-09-24,2017-11-23,0.0,telecommunications,1988-01-01,5266.09,8595.0,United States,GTX,5482.0,Dustin Brinkmann,Central
5BRWXIU3,Anna Snelling,MG Special,Codehow,Lost,2017-09-24,2017-11-27,0.0,software,1998-01-01,2714.9,2641.0,United States,MG,55.0,Dustin Brinkmann,Central
WN9ZY701,Boris Faz,GTX Plus Basic,Kan-code,Lost,2017-09-24,2017-12-14,0.0,software,1982-01-01,11698.03,34288.0,United States,GTX,1096.0,Rocco Neubert,East
DA8D04ED,Cecily Lampkin,MG Advanced,Globex Corporation,Lost,2017-09-24,2017-10-04,0.0,technolgy,2000-01-01,1223.72,2497.0,Norway,MG,3393.0,Dustin Brinkmann,Central
WLQC2XK4,Cecily Lampkin,MG Special,Rundofase,Won,2017-09-24,2017-10-02,54.0,technolgy,1983-01-01,1008.06,1238.0,United States,MG,55.0,Dustin Brinkmann,Central
CNLE5EJ2,Daniell Hammack,GTX Plus Pro,Konex,Won,2017-09-24,2017-10-05,5378.0,technolgy,1980-01-01,7708.38,13756.0,United States,GTX,5482.0,Rocco Neubert,East
2UNDAQZ2,Darcel Schlecht,GTX Plus Basic,Domzoom,Lost,2017-09-24,2017-10-04,0.0,entertainment,1998-01-01,217.87,551.0,United States,GTX,1096.0,Melvin Marxen,Central
R2E45IQ8,Darcel Schlecht,GTX Plus Pro,Conecom,Won,2017-09-24,2017-10-03,5144.0,technolgy,2005-01-01,1520.66,1806.0,United States,GTX,5482.0,Melvin Marxen,Central
UX0H8B3W,Donn Cantrell,GTX Plus Pro,Donware,Lost,2017-09-24,2017-11-16,0.0,marketing,1999-01-01,1197.44,2570.0,United States,GTX,5482.0,Rocco Neubert,East
VM0A3057,James Ascencio,GTX Plus Pro,Plusstrip,Won,2017-09-24,2017-10-03,5527.0,entertainment,2002-01-01,349.81,315.0,United States,GTX,5482.0,Summer Sewald,West
DX9CCI9C,Kary Hendrixson,MG Advanced,Nam-zim,Lost,2017-09-24,2017-12-19,0.0,services,1987-01-01,405.59,1179.0,Brazil,MG,3393.0,Summer Sewald,West
8SE1W979,Lajuana Vencill,GTX Basic,Hottechi,Lost,2017-09-24,2017-10-02,0.0,technolgy,1997-01-01,8170.38,16499.0,Korea,GTX,550.0,Dustin Brinkmann,Central
L6AOARQ9,Lajuana Vencill,GTX Basic,dambase,Won,2017-09-24,2017-12-21,452.0,marketing,1995-01-01,2173.98,2928.0,United States,GTX,550.0,Dustin Brinkmann,Central
I83GQQHA,Markita Hansen,MG Advanced,Kan-code,Lost,2017-09-24,2017-10-05,0.0,software,1982-01-01,11698.03,34288.0,United States,MG,3393.0,Celia Rouche,West
10984DDU,Moses Frase,GTX Plus Pro,Toughzap,Won,2017-09-24,2017-12-28,7300.0,retail,1995-01-01,332.43,799.0,United States,GTX,5482.0,Dustin Brinkmann,Central
JQVW0KJV,Versie Hillebrand,MG Special,Genco Pura Olive Oil Company,Lost,2017-09-24,2017-11-09,0.0,retail,2007-01-01,894.33,1635.0,Italy,MG,55.0,Dustin Brinkmann,Central
UWZHNMR4,Vicki Laflamme,GTX Plus Pro,Blackzim,Won,2017-09-24,2017-11-26,5196.0,retail,2009-01-01,497.11,1588.0,United States,GTX,5482.0,Celia Rouche,West
TRET6F45,Vicki Laflamme,GTX Plus Pro,Faxquote,Won,2017-09-24,2017-12-26,5624.0,telecommunications,1995-01-01,1825.82,5595.0,United States,GTX,5482.0,Celia Rouche,West
8DDC9RLE,Vicki Laflamme,MG Advanced,J-Texon,Won,2017-09-24,2017-12-15,4110.0,retail,1989-01-01,1388.67,3583.0,United States,MG,3393.0,Celia Rouche,West
TFGYLK6C,Anna Snelling,GTX Basic,Inity,Lost,2017-09-25,2017-10-04,0.0,marketing,1986-01-01,2403.58,8801.0,United States,GTX,550.0,Dustin Brinkmann,Central
4YXXI2OI,Anna Snelling,MG Special,Codehow,Won,2017-09-25,2017-12-18,53.0,software,1998-01-01,2714.9,2641.0,United States,MG,55.0,Dustin Brinkmann,Central
KPF0GREK,Cassey Cress,MG Advanced,Plussunin,Won,2017-09-25,2017-12-09,3329.0,retail,2003-01-01,1419.98,4018.0,United States,MG,3393.0,Rocco Neubert,East
HEG2JK9Y,Daniell Hammack,GTX Plus Basic,Kinnamplus,Lost,2017-09-25,2017-10-03,0.0,retail,2004-01-01,702.72,1831.0,United States,GTX,1096.0,Rocco Neubert,East
1ZCAL93A,Darcel Schlecht,GTX Plus Pro,Hottechi,Lost,2017-09-25,2017-10-04,0.0,technolgy,1997-01-01,8170.38,16499.0,Korea,GTX,5482.0,Melvin Marxen,Central
5NW6HK74,Elease Gluck,MG Special,Doncon,Lost,2017-09-25,2017-10-04,0.0,technolgy,2010-01-01,587.72,1501.0,United States,MG,55.0,Celia Rouche,West
EJVD09HQ,James Ascencio,MG Special,Betasoloin,Engaging,2017-09-25,,,medical,1999-01-01,251.41,495.0,United States,MG,55.0,Summer Sewald,West
7WFASDCZ,Jonathan Berthelot,GTX Basic,Gogozoom,Lost,2017-09-25,2017-10-03,0.0,telecommunications,2007-01-01,86.68,187.0,United States,GTX,550.0,Melvin Marxen,Central
7XNX75LI,Jonathan Berthelot,GTX Plus Pro,Dontechi,Lost,2017-09-25,2017-12-08,0.0,software,1982-01-01,4618.0,10083.0,United States,GTX,5482.0,Melvin Marxen,Central
RAUWH0GP,Kami Bicknell,GTX Plus Pro,Labdrill,Won,2017-09-25,2017-11-27,6105.0,medical,1985-01-01,2741.37,9226.0,United States,GTX,5482.0,Summer Sewald,West
I86I0TJG,Kary Hendrixson,GTX Basic,Xx-holding,Won,2017-09-25,2017-11-13,549.0,finance,1993-01-01,7537.24,20293.0,United States,GTX,550.0,Summer Sewald,West
9NH8ACMQ,Marty Freudenburg,GTX Plus Basic,Dontechi,Lost,2017-09-25,2017-10-04,0.0,software,1982-01-01,4618.0,10083.0,United States,GTX,1096.0,Melvin Marxen,Central
86KARIC1,Maureen Marcano,GTX Basic,Y-corporation,Lost,2017-09-25,2017-10-03,0.0,employment,1983-01-01,2871.35,9561.0,United States,GTX,550.0,Summer Sewald,West
N2SLAOZR,Moses Frase,GTX Basic,Finhigh,Lost,2017-09-25,2017-10-04,0.0,finance,2006-01-01,1102.43,1759.0,United States,GTX,550.0,Dustin Brinkmann,Central
02TUKBP3,Moses Frase,MG Special,Zumgoity,Lost,2017-09-25,2017-11-30,0.0,medical,1984-01-01,441.08,1210.0,United States,MG,55.0,Dustin Brinkmann,Central
KU0YOR3J,Niesha Huffines,GTX Plus Basic,Zumgoity,Won,2017-09-25,2017-10-04,1189.0,medical,1984-01-01,441.08,1210.0,United States,GTX,1096.0,Melvin Marxen,Central
BRGJCWO1,Niesha Huffines,MG Special,Hottechi,Won,2017-09-25,2017-11-28,51.0,technolgy,1997-01-01,8170.38,16499.0,Korea,MG,55.0,Melvin Marxen,Central
IEIZU3TY,Reed Clapper,GTX Plus Basic,Mathtouch,Lost,2017-09-25,2017-12-24,0.0,marketing,1984-01-01,3027.46,9516.0,Jordan,GTX,1096.0,Rocco Neubert,East
35KZ6QTP,Rosalina Dieter,MG Advanced,Xx-holding,Lost,2017-09-25,2017-10-03,0.0,finance,1993-01-01,7537.24,20293.0,United States,MG,3393.0,Celia Rouche,West
V5ZP09PO,Versie Hillebrand,GTX Plus Basic,Dontechi,Lost,2017-09-25,2017-10-03,0.0,software,1982-01-01,4618.0,10083.0,United States,GTX,1096.0,Dustin Brinkmann,Central
VKB9RFJT,Versie Hillebrand,MG Special,Condax,Won,2017-09-25,2017-11-20,55.0,medical,2017-01-01,4.54,9.0,United States,MG,55.0,Dustin Brinkmann,Central
Y9HHGGOQ,Versie Hillebrand,MG Special,dambase,Won,2017-09-25,2017-10-04,53.0,marketing,1995-01-01,2173.98,2928.0,United States,MG,55.0,Dustin Brinkmann,Central
H3AEZ2BZ,Vicki Laflamme,MG Special,Plusstrip,Lost,2017-09-25,2017-10-05,0.0,entertainment,2002-01-01,349.81,315.0,United States,MG,55.0,Celia Rouche,West
LUXAXNBV,Wilburn Farren,GTX Plus Pro,Donquadtech,Won,2017-09-25,2017-12-09,5960.0,technolgy,1992-01-01,1712.68,3194.0,United States,GTX,5482.0,Cara Losch,East
0XBMBVFP,Zane Levy,MG Advanced,Groovestreet,Won,2017-09-25,2017-10-04,3438.0,retail,2003-01-01,223.8,299.0,United States,MG,3393.0,Summer Sewald,West
8KIMVD15,Anna Snelling,MG Special,Cancity,Lost,2017-09-26,2017-10-06,0.0,retail,2001-01-01,718.62,2448.0,United States,MG,55.0,Dustin Brinkmann,Central
Q06QD8ZW,Anna Snelling,MG Special,Globex Corporation,Won,2017-09-26,2017-11-03,54.0,technolgy,2000-01-01,1223.72,2497.0,Norway,MG,55.0,Dustin Brinkmann,Central
0SD3OBQI,Boris Faz,GTX Plus Basic,Konex,Lost,2017-09-26,2017-11-06,0.0,technolgy,1980-01-01,7708.38,13756.0,United States,GTX,1096.0,Rocco Neubert,East
YKZFQT7K,Cassey Cress,GTX Basic,Kinnamplus,Lost,2017-09-26,2017-10-05,0.0,retail,2004-01-01,702.72,1831.0,United States,GTX,550.0,Rocco Neubert,East
I25J5M7W,Cassey Cress,MG Advanced,Iselectrics,Lost,2017-09-26,2017-09-28,0.0,technolgy,2011-01-01,527.11,1428.0,United States,MG,3393.0,Rocco Neubert,East
B2Z4BB5U,Cecily Lampkin,GTX Plus Pro,Toughzap,Lost,2017-09-26,2017-10-06,0.0,retail,1995-01-01,332.43,799.0,United States,GTX,5482.0,Dustin Brinkmann,Central
87ZXBDQS,Cecily Lampkin,MG Special,Isdom,Lost,2017-09-26,2017-10-07,0.0,medical,2002-01-01,3178.24,4540.0,United States,MG,55.0,Dustin Brinkmann,Central
3LYVAV6P,Cecily Lampkin,MG Special,Statholdings,Won,2017-09-26,2017-10-03,55.0,employment,1997-01-01,291.27,586.0,United States,MG,55.0,Dustin Brinkmann,Central
7I2O2ZCR,Corliss Cosme,GTX Plus Basic,Xx-zobam,Lost,2017-09-26,2017-11-19,0.0,entertainment,1989-01-01,3838.39,8274.0,United States,GTX,1096.0,Cara Losch,East
SUX7JFN7,Daniell Hammack,GTX Plus Basic,Konex,Lost,2017-09-26,2017-11-19,0.0,technolgy,1980-01-01,7708.38,13756.0,United States,GTX,1096.0,Rocco Neubert,East
61ON3Y6O,Darcel Schlecht,MG Special,Streethex,Lost,2017-09-26,2017-10-02,0.0,retail,1988-01-01,1376.8,1165.0,Belgium,MG,55.0,Melvin Marxen,Central
LN0DF2XI,Elease Gluck,MG Special,Sonron,Won,2017-09-26,2017-11-27,48.0,telecommunications,1999-01-01,1699.85,5108.0,United States,MG,55.0,Celia Rouche,West
ZNE0DAIF,Hayden Neloms,GTX Plus Basic,Hottechi,Lost,2017-09-26,2017-11-24,0.0,technolgy,1997-01-01,8170.38,16499.0,Korea,GTX,1096.0,Celia Rouche,West
DTCHPCBB,Hayden Neloms,MG Advanced,Finjob,Won,2017-09-26,2017-12-14,3553.0,employment,1988-01-01,2059.9,3644.0,United States,MG,3393.0,Celia Rouche,West
YID2GAED,James Ascencio,GTX Plus Pro,Xx-holding,Lost,2017-09-26,2017-10-04,0.0,finance,1993-01-01,7537.24,20293.0,United States,GTX,5482.0,Summer Sewald,West
MC3OSDV0,Kary Hendrixson,MG Special,Sunnamplex,Won,2017-09-26,2017-10-02,65.0,marketing,2008-01-01,894.37,1593.0,Poland,MG,55.0,Summer Sewald,West
C7DOYN5Y,Lajuana Vencill,GTX Basic,Rangreen,Won,2017-09-26,2017-12-25,585.0,technolgy,1987-01-01,2938.67,8775.0,Panama,GTX,550.0,Dustin Brinkmann,Central
K79T6VNV,Markita Hansen,MG Special,Plexzap,Lost,2017-09-26,2017-10-03,0.0,retail,2001-01-01,2437.85,4874.0,United States,MG,55.0,Celia Rouche,West
DX8R6PA4,Marty Freudenburg,GTX Plus Basic,Domzoom,Lost,2017-09-26,2017-10-03,0.0,entertainment,1998-01-01,217.87,551.0,United States,GTX,1096.0,Melvin Marxen,Central
FZDD9758,Marty Freudenburg,MG Advanced,Cancity,Lost,2017-09-26,2017-10-07,0.0,retail,2001-01-01,718.62,2448.0,United States,MG,3393.0,Melvin Marxen,Central
0SIFT5DE,Marty Freudenburg,MG Advanced,Rangreen,Lost,2017-09-26,2017-10-04,0.0,technolgy,1987-01-01,2938.67,8775.0,Panama,MG,3393.0,Melvin Marxen,Central
MZSCFJZS,Marty Freudenburg,GTX Plus Pro,Konmatfix,Won,2017-09-26,2017-10-07,5708.0,marketing,1985-01-01,375.43,1190.0,United States,GTX,5482.0,Melvin Marxen,Central
D6X5T9D4,Maureen Marcano,MG Special,Hottechi,Lost,2017-09-26,2017-10-05,0.0,technolgy,1997-01-01,8170.38,16499.0,Korea,MG,55.0,Summer Sewald,West
69Z30MBF,Moses Frase,GTX Basic,Bioholding,Won,2017-09-26,2017-11-15,571.0,medical,2012-01-01,587.34,1356.0,Philipines,GTX,550.0,Dustin Brinkmann,Central
SH0BSL0Z,Moses Frase,GTX Basic,Scottech,Won,2017-09-26,2017-12-24,619.0,marketing,2012-01-01,45.39,100.0,United States,GTX,550.0,Dustin Brinkmann,Central
Q5E0NILP,Reed Clapper,MG Advanced,Donware,Won,2017-09-26,2017-10-03,2984.0,marketing,1999-01-01,1197.44,2570.0,United States,MG,3393.0,Rocco Neubert,East
RFTDQJ0U,Rosie Papadopoulos,GTX Basic,Bioplex,Won,2017-09-26,2017-10-01,558.0,medical,1991-01-01,326.82,1016.0,United States,GTX,550.0,Cara Losch,East
76NU9866,Rosie Papadopoulos,MG Special,Condax,Won,2017-09-26,2017-12-02,57.0,medical,2017-01-01,4.54,9.0,United States,MG,55.0,Cara Losch,East
13O8NTOT,Violet Mclelland,MG Special,Initech,Won,2017-09-26,2017-11-30,61.0,telecommunications,1994-01-01,6395.05,20275.0,United States,MG,55.0,Cara Losch,East
AS3IYIRO,Anna Snelling,GTX Basic,Hottechi,Won,2017-09-27,2017-12-26,543.0,technolgy,1997-01-01,8170.38,16499.0,Korea,GTX,550.0,Dustin Brinkmann,Central
QK98E62R,Cassey Cress,GTX Plus Pro,Ganjaflex,Won,2017-09-27,2017-12-29,5301.0,retail,1995-01-01,5158.71,17479.0,Japan,GTX,5482.0,Rocco Neubert,East
F9THW1PW,Corliss Cosme,GTX Basic,Kinnamplus,Won,2017-09-27,2017-10-05,495.0,retail,2004-01-01,702.72,1831.0,United States,GTX,550.0,Cara Losch,East
LQJISQSD,Corliss Cosme,GTX Plus Basic,Bioplex,Won,2017-09-27,2017-10-05,955.0,medical,1991-01-01,326.82,1016.0,United States,GTX,1096.0,Cara Losch,East
84SZ58S9,Daniell Hammack,GTX Plus Basic,Iselectrics,Won,2017-09-27,2017-10-04,1225.0,technolgy,2011-01-01,527.11,1428.0,United States,GTX,1096.0,Rocco Neubert,East
6BSKCQCX,Darcel Schlecht,GTX Basic,Conecom,Won,2017-09-27,2017-12-25,608.0,technolgy,2005-01-01,1520.66,1806.0,United States,GTX,550.0,Melvin Marxen,Central
6XP6FVMN,Elease Gluck,MG Advanced,Green-Plus,Won,2017-09-27,2017-12-18,3772.0,services,2003-01-01,692.19,1922.0,United States,MG,3393.0,Celia Rouche,West
NDMEB0VG,Garret Kinder,MG Advanced,Kan-code,Lost,2017-09-27,2017-10-05,0.0,software,1982-01-01,11698.03,34288.0,United States,MG,3393.0,Cara Losch,East
IGFQGZDK,Gladys Colclough,GTX Basic,Bioholding,Won,2017-09-27,2017-12-08,540.0,medical,2012-01-01,587.34,1356.0,Philipines,GTX,550.0,Melvin Marxen,Central
Y2DLFFN6,Gladys Colclough,MG Advanced,Cancity,Won,2017-09-27,2017-09-30,2800.0,retail,2001-01-01,718.62,2448.0,United States,MG,3393.0,Melvin Marxen,Central
I6UCM2J9,Gladys Colclough,MG Advanced,Stanredtax,Won,2017-09-27,2017-10-05,3250.0,finance,1987-01-01,1698.2,3798.0,United States,MG,3393.0,Melvin Marxen,Central
PT0I4XSM,Hayden Neloms,GTX Plus Basic,Plexzap,Won,2017-09-27,2017-10-07,1232.0,retail,2001-01-01,2437.85,4874.0,United States,GTX,1096.0,Celia Rouche,West
X718EF6Y,Hayden Neloms,MG Advanced,Hatfan,Won,2017-09-27,2017-10-04,2811.0,services,1982-01-01,792.46,1299.0,United States,MG,3393.0,Celia Rouche,West
VUAFV8SS,James Ascencio,GTX Plus Basic,Lexiqvolax,Won,2017-09-27,2017-12-07,1178.0,medical,2004-01-01,1618.89,3889.0,United States,GTX,1096.0,Summer Sewald,West
9PH1EWCH,Kami Bicknell,MG Advanced,Cheers,Lost,2017-09-27,2017-12-03,0.0,entertainment,1993-01-01,4269.9,6472.0,United States,MG,3393.0,Summer Sewald,West
THPCTGNI,Lajuana Vencill,GTX Plus Pro,Inity,Lost,2017-09-27,2017-10-02,0.0,marketing,1986-01-01,2403.58,8801.0,United States,GTX,5482.0,Dustin Brinkmann,Central
XR4PPDOB,Lajuana Vencill,GTX Basic,Condax,Won,2017-09-27,2017-12-18,507.0,medical,2017-01-01,4.54,9.0,United States,GTX,550.0,Dustin Brinkmann,Central
EK06CNRW,Lajuana Vencill,MG Advanced,Bioholding,Won,2017-09-27,2017-10-06,3681.0,medical,2012-01-01,587.34,1356.0,Philipines,MG,3393.0,Dustin Brinkmann,Central
Q25T8PKX,Markita Hansen,GTX Plus Basic,Doncon,Lost,2017-09-27,2017-10-01,0.0,technolgy,2010-01-01,587.72,1501.0,United States,GTX,1096.0,Celia Rouche,West
V86S5LWV,Marty Freudenburg,GTX Plus Basic,Dontechi,Lost,2017-09-27,2017-10-02,0.0,software,1982-01-01,4618.0,10083.0,United States,GTX,1096.0,Melvin Marxen,Central
K8Y7CK9T,Marty Freudenburg,GTX Plus Pro,Treequote,Won,2017-09-27,2017-10-05,5280.0,telecommunications,1988-01-01,5266.09,8595.0,United States,GTX,5482.0,Melvin Marxen,Central
1LY8CAXD,Rosalina Dieter,GTK 500,Betasoloin,Engaging,2017-09-27,,,medical,1999-01-01,251.41,495.0,United States,GTK,26768.0,Celia Rouche,West
ADS3CQ4B,Rosalina Dieter,MG Special,Finjob,Won,2017-09-27,2017-11-27,50.0,employment,1988-01-01,2059.9,3644.0,United States,MG,55.0,Celia Rouche,West
9UBU6UW4,Versie Hillebrand,MG Special,Genco Pura Olive Oil Company,Won,2017-09-27,2017-09-29,59.0,retail,2007-01-01,894.33,1635.0,Italy,MG,55.0,Dustin Brinkmann,Central
ZP9HW0LH,Vicki Laflamme,MG Advanced,Kan-code,Won,2017-09-27,2017-10-03,3794.0,software,1982-01-01,11698.03,34288.0,United States,MG,3393.0,Celia Rouche,West
WV41OJHX,Wilburn Farren,MG Advanced,Ganjaflex,Won,2017-09-27,2017-10-03,3786.0,retail,1995-01-01,5158.71,17479.0,Japan,MG,3393.0,Cara Losch,East
FTUJY4FP,Cassey Cress,GTX Plus Basic,Condax,Lost,2017-09-28,2017-10-07,0.0,medical,2017-01-01,4.54,9.0,United States,GTX,1096.0,Rocco Neubert,East
ORBIW519,Donn Cantrell,MG Advanced,Plussunin,Lost,2017-09-28,2017-12-19,0.0,retail,2003-01-01,1419.98,4018.0,United States,MG,3393.0,Rocco Neubert,East
792JYPG1,Donn Cantrell,MG Advanced,Konex,Won,2017-09-28,2017-10-08,3557.0,technolgy,1980-01-01,7708.38,13756.0,United States,MG,3393.0,Rocco Neubert,East
Y6Q7Z0SO,Elease Gluck,MG Special,Green-Plus,Won,2017-09-28,2017-10-08,63.0,services,2003-01-01,692.19,1922.0,United States,MG,55.0,Celia Rouche,West
9IM813OI,Gladys Colclough,GTX Basic,Conecom,Lost,2017-09-28,2017-11-11,0.0,technolgy,2005-01-01,1520.66,1806.0,United States,GTX,550.0,Melvin Marxen,Central
GXY3QZ2V,Lajuana Vencill,MG Advanced,Scottech,Won,2017-09-28,2017-10-06,3704.0,marketing,2012-01-01,45.39,100.0,United States,MG,3393.0,Dustin Brinkmann,Central
IVX52FRZ,Marty Freudenburg,GTX Plus Basic,Gogozoom,Lost,2017-09-28,2017-11-03,0.0,telecommunications,2007-01-01,86.68,187.0,United States,GTX,1096.0,Melvin Marxen,Central
2CN1G52G,Marty Freudenburg,MG Advanced,Hottechi,Lost,2017-09-28,2017-10-03,0.0,technolgy,1997-01-01,8170.38,16499.0,Korea,MG,3393.0,Melvin Marxen,Central
OR0PEAIV,Marty Freudenburg,GTX Plus Basic,Ron-tech,Won,2017-09-28,2017-11-30,1133.0,medical,1992-01-01,3922.42,6837.0,United States,GTX,1096.0,Melvin Marxen,Central
EGOU8GB1,Maureen Marcano,GTX Plus Basic,Konex,Won,2017-09-28,2017-12-09,1292.0,technolgy,1980-01-01,7708.38,13756.0,United States,GTX,1096.0,Summer Sewald,West
IIKN6Q8E,Rosalina Dieter,MG Advanced,Plusstrip,Won,2017-09-28,2017-12-04,3278.0,entertainment,2002-01-01,349.81,315.0,United States,MG,3393.0,Celia Rouche,West
VTX8GPN8,Versie Hillebrand,MG Special,Codehow,Won,2017-09-28,2017-10-05,55.0,software,1998-01-01,2714.9,2641.0,United States,MG,55.0,Dustin Brinkmann,Central
DVGY4X7E,Vicki Laflamme,GTX Basic,Finjob,Won,2017-09-28,2017-12-23,498.0,employment,1988-01-01,2059.9,3644.0,United States,GTX,550.0,Celia Rouche,West
W9LAIASV,Vicki Laflamme,MG Special,Sunnamplex,Won,2017-09-28,2017-12-30,55.0,marketing,2008-01-01,894.37,1593.0,Poland,MG,55.0,Celia Rouche,West
1JFYPP8R,Zane Levy,GTX Basic,Cheers,Won,2017-09-28,2017-10-05,571.0,entertainment,1993-01-01,4269.9,6472.0,United States,GTX,550.0,Summer Sewald,West
K25Z2KKH,Darcel Schlecht,GTX Plus Basic,Streethex,Lost,2017-09-29,2017-10-05,0.0,retail,1988-01-01,1376.8,1165.0,Belgium,GTX,1096.0,Melvin Marxen,Central
U3F5X6BB,Donn Cantrell,MG Special,Bioplex,Lost,2017-09-29,2017-12-07,0.0,medical,1991-01-01,326.82,1016.0,United States,MG,55.0,Rocco Neubert,East
9TMPRT6R,Garret Kinder,GTX Basic,Vehement Capital Partners,Lost,2017-09-29,2017-10-03,0.0,finance,1993-01-01,646.1,883.0,United States,GTX,550.0,Cara Losch,East
CE81S7UN,Garret Kinder,MG Advanced,Zotware,Lost,2017-09-29,2017-10-08,0.0,software,1979-01-01,4478.47,13809.0,United States,MG,3393.0,Cara Losch,East
LEPH90QI,Gladys Colclough,GTX Plus Pro,Isdom,Won,2017-09-29,2017-10-09,5689.0,medical,2002-01-01,3178.24,4540.0,United States,GTX,5482.0,Melvin Marxen,Central
X1QNN2DG,James Ascencio,GTX Basic,Rantouch,Lost,2017-09-29,2017-10-08,0.0,telecommunications,1994-01-01,1188.42,3015.0,United States,GTX,550.0,Summer Sewald,West
J8G6HTCM,James Ascencio,MG Special,Lexiqvolax,Lost,2017-09-29,2017-10-11,0.0,medical,2004-01-01,1618.89,3889.0,United States,MG,55.0,Summer Sewald,West
94P229FH,Lajuana Vencill,MG Special,Dontechi,Won,2017-09-29,2017-12-30,52.0,software,1982-01-01,4618.0,10083.0,United States,MG,55.0,Dustin Brinkmann,Central
Q6F9JWTY,Lajuana Vencill,MG Advanced,Rangreen,Won,2017-09-29,2017-12-10,3131.0,technolgy,1987-01-01,2938.67,8775.0,Panama,MG,3393.0,Dustin Brinkmann,Central
75JW1GRR,Markita Hansen,GTX Plus Basic,Konex,Lost,2017-09-29,2017-10-09,0.0,technolgy,1980-01-01,7708.38,13756.0,United States,GTX,1096.0,Celia Rouche,West
P7X2J5DO,Markita Hansen,GTX Plus Pro,Singletechno,Lost,2017-09-29,2017-10-06,0.0,retail,1996-01-01,2214.94,5374.0,United States,GTX,5482.0,Celia Rouche,West
LKBDKJLM,Markita Hansen,MG Special,Blackzim,Lost,2017-09-29,2017-11-27,0.0,retail,2009-01-01,497.11,1588.0,United States,MG,55.0,Celia Rouche,West
9OT0018Y,Markita Hansen,MG Advanced,Goodsilron,Lost,2017-09-29,2017-10-10,0.0,marketing,2000-01-01,2952.73,5107.0,United States,MG,3393.0,Celia Rouche,West
I6RH33SU,Marty Freudenburg,MG Advanced,Toughzap,Won,2017-09-29,2017-10-05,3957.0,retail,1995-01-01,332.43,799.0,United States,MG,3393.0,Melvin Marxen,Central
STCU1IXE,Niesha Huffines,GTX Basic,Treequote,Won,2017-09-29,2017-12-30,523.0,telecommunications,1988-01-01,5266.09,8595.0,United States,GTX,550.0,Melvin Marxen,Central
E3CR358L,Niesha Huffines,GTX Plus Basic,Treequote,Won,2017-09-29,2017-12-21,1156.0,telecommunications,1988-01-01,5266.09,8595.0,United States,GTX,1096.0,Melvin Marxen,Central
1B2WYHTY,Rosalina Dieter,MG Advanced,Plexzap,Won,2017-09-29,2017-11-30,3509.0,retail,2001-01-01,2437.85,4874.0,United States,MG,3393.0,Celia Rouche,West
LB5622YN,Versie Hillebrand,MG Special,Hottechi,Lost,2017-09-29,2017-10-08,0.0,technolgy,1997-01-01,8170.38,16499.0,Korea,MG,55.0,Dustin Brinkmann,Central
HIX9V4W1,Versie Hillebrand,MG Advanced,Dontechi,Lost,2017-09-29,2017-10-03,0.0,software,1982-01-01,4618.0,10083.0,United States,MG,3393.0,Dustin Brinkmann,Central
XQ6FMG3L,Vicki Laflamme,GTX Basic,Lexiqvolax,Lost,2017-09-29,2017-10-06,0.0,medical,2004-01-01,1618.89,3889.0,United States,GTX,550.0,Celia Rouche,West
W40IER4O,Vicki Laflamme,MG Special,Sonron,Won,2017-09-29,2017-12-08,59.0,telecommunications,1999-01-01,1699.85,5108.0,United States,MG,55.0,Celia Rouche,West
88PIK8A6,Violet Mclelland,MG Special,Kinnamplus,Lost,2017-09-29,2017-10-08,0.0,retail,2004-01-01,702.72,1831.0,United States,MG,55.0,Cara Losch,East
6K31TYOR,Zane Levy,GTX Basic,J-Texon,Won,2017-09-29,2017-10-05,502.0,retail,1989-01-01,1388.67,3583.0,United States,GTX,550.0,Summer Sewald,West
H29XGJ5H,Anna Snelling,GTX Basic,Rangreen,Lost,2017-09-30,2017-12-04,0.0,technolgy,1987-01-01,2938.67,8775.0,Panama,GTX,550.0,Dustin Brinkmann,Central
FSBZ3KOY,Anna Snelling,GTX Plus Pro,Toughzap,Lost,2017-09-30,2017-10-01,0.0,retail,1995-01-01,332.43,799.0,United States,GTX,5482.0,Dustin Brinkmann,Central
T4SSD24J,Boris Faz,GTX Basic,Silis,Won,2017-09-30,2017-12-05,541.0,medical,1994-01-01,2818.38,6290.0,United States,GTX,550.0,Rocco Neubert,East
ZDB6D35R,Cassey Cress,GTX Plus Pro,Ontomedia,Won,2017-09-30,2017-12-19,5026.0,employment,1997-01-01,882.12,2769.0,United States,GTX,5482.0,Rocco Neubert,East
8RVTZBQO,Cecily Lampkin,MG Advanced,Dontechi,Won,2017-09-30,2017-10-10,3148.0,software,1982-01-01,4618.0,10083.0,United States,MG,3393.0,Dustin Brinkmann,Central
CMM4A6NJ,Darcel Schlecht,GTX Plus Basic,Isdom,Lost,2017-09-30,2017-10-06,0.0,medical,2002-01-01,3178.24,4540.0,United States,GTX,1096.0,Melvin Marxen,Central
IHOTG9ZQ,Darcel Schlecht,MG Advanced,Rundofase,Won,2017-09-30,2017-10-09,3006.0,technolgy,1983-01-01,1008.06,1238.0,United States,MG,3393.0,Melvin Marxen,Central
O2BF1KAT,Garret Kinder,MG Special,Mathtouch,Lost,2017-09-30,2017-12-19,0.0,marketing,1984-01-01,3027.46,9516.0,Jordan,MG,55.0,Cara Losch,East
CXY4CXX1,Gladys Colclough,MG Special,Condax,Lost,2017-09-30,2017-10-07,0.0,medical,2017-01-01,4.54,9.0,United States,MG,55.0,Melvin Marxen,Central
IIOVCSHC,Hayden Neloms,MG Advanced,Xx-holding,Won,2017-09-30,2017-12-10,2927.0,finance,1993-01-01,7537.24,20293.0,United States,MG,3393.0,Celia Rouche,West
3E09X4S2,Kary Hendrixson,GTX Basic,Rantouch,Lost,2017-09-30,2017-10-08,0.0,telecommunications,1994-01-01,1188.42,3015.0,United States,GTX,550.0,Summer Sewald,West
6BATTRKM,Lajuana Vencill,GTX Basic,Finhigh,Lost,2017-09-30,2017-10-07,0.0,finance,2006-01-01,1102.43,1759.0,United States,GTX,550.0,Dustin Brinkmann,Central
GCWTH2MD,Lajuana Vencill,MG Advanced,Isdom,Lost,2017-09-30,2017-12-20,0.0,medical,2002-01-01,3178.24,4540.0,United States,MG,3393.0,Dustin Brinkmann,Central
C563WHG1,Lajuana Vencill,GTX Plus Pro,Betatech,Won,2017-09-30,2017-10-11,6156.0,medical,1986-01-01,647.18,1185.0,Kenya,GTX,5482.0,Dustin Brinkmann,Central
X8P0Q1EU,Maureen Marcano,MG Special,Scotfind,Won,2017-09-30,2017-12-06,59.0,software,1996-01-01,6354.87,16780.0,United States,MG,55.0,Summer Sewald,West
PBGB323I,Moses Frase,GTX Basic,Cancity,Won,2017-09-30,2017-10-07,549.0,retail,2001-01-01,718.62,2448.0,United States,GTX,550.0,Dustin Brinkmann,Central
V5THS9V8,Niesha Huffines,GTX Plus Basic,Isdom,Won,2017-09-30,2017-11-27,1117.0,medical,2002-01-01,3178.24,4540.0,United States,GTX,1096.0,Melvin Marxen,Central
579RHB6S,Versie Hillebrand,MG Special,Stanredtax,Won,2017-09-30,2017-10-08,57.0,finance,1987-01-01,1698.2,3798.0,United States,MG,55.0,Dustin Brinkmann,Central
4SOUOUKH,Vicki Laflamme,GTX Plus Pro,Treequote,Engaging,2017-09-30,,,telecommunications,1988-01-01,5266.09,8595.0,United States,GTX,5482.0,Celia Rouche,West
9HWUTUXQ,Vicki Laflamme,GTX Basic,Lexiqvolax,Lost,2017-09-30,2017-10-09,0.0,medical,2004-01-01,1618.89,3889.0,United States,GTX,550.0,Celia Rouche,West
T58F1T8V,Violet Mclelland,MG Special,Acme Corporation,Lost,2017-09-30,2017-10-08,0.0,technolgy,1996-01-01,1100.04,2822.0,United States,MG,55.0,Cara Losch,East
U3UT9B1U,Violet Mclelland,MG Special,Silis,Won,2017-09-30,2017-12-24,55.0,medical,1994-01-01,2818.38,6290.0,United States,MG,55.0,Cara Losch,East
HY7D36UC,Violet Mclelland,MG Special,Umbrella Corporation,Won,2017-09-30,2017-12-22,63.0,finance,1998-01-01,2022.14,5113.0,United States,MG,55.0,Cara Losch,East
9YVTJF6C,Zane Levy,GTX Plus Basic,Rantouch,Won,2017-09-30,2017-10-08,1108.0,telecommunications,1994-01-01,1188.42,3015.0,United States,GTX,1096.0,Summer Sewald,West
JGZVNKMT,Zane Levy,GTX Plus Basic,Y-corporation,Won,2017-09-30,2017-12-10,944.0,employment,1983-01-01,2871.35,9561.0,United States,GTX,1096.0,Summer Sewald,West
5B3BKUMD,Anna Snelling,GTX Basic,Finhigh,Lost,2017-10-01,2017-10-11,0.0,finance,2006-01-01,1102.43,1759.0,United States,GTX,550.0,Dustin Brinkmann,Central
MGHWZSN2,Boris Faz,MG Advanced,The New York Inquirer,Lost,2017-10-01,2017-10-06,0.0,medical,1996-01-01,439.21,792.0,United States,MG,3393.0,Rocco Neubert,East
EM1BA4EK,Cassey Cress,GTX Basic,Scotfind,Engaging,2017-10-01,,,software,1996-01-01,6354.87,16780.0,United States,GTX,550.0,Rocco Neubert,East
GWOOPZE8,Cassey Cress,GTX Plus Basic,Cheers,Engaging,2017-10-01,,,entertainment,1993-01-01,4269.9,6472.0,United States,GTX,1096.0,Rocco Neubert,East
84N2YHUB,Cassey Cress,GTX Basic,Konex,Lost,2017-10-01,2017-12-01,0.0,technolgy,1980-01-01,7708.38,13756.0,United States,GTX,550.0,Rocco Neubert,East
IFVL4WL5,Cecily Lampkin,GTX Plus Pro,Streethex,Won,2017-10-01,2017-12-10,3704.0,retail,1988-01-01,1376.8,1165.0,Belgium,GTX,5482.0,Dustin Brinkmann,Central
8EPT4HEV,Corliss Cosme,GTX Plus Pro,Konex,Lost,2017-10-01,2017-10-07,0.0,technolgy,1980-01-01,7708.38,13756.0,United States,GTX,5482.0,Cara Losch,East
HZNNKQ0T,Corliss Cosme,GTX Plus Basic,Donquadtech,Won,2017-10-01,2017-10-03,1076.0,technolgy,1992-01-01,1712.68,3194.0,United States,GTX,1096.0,Cara Losch,East
Z6ETLZQU,Corliss Cosme,GTX Plus Pro,Mathtouch,Won,2017-10-01,2017-12-18,5528.0,marketing,1984-01-01,3027.46,9516.0,Jordan,GTX,5482.0,Cara Losch,East
GXIVJQPG,Daniell Hammack,GTX Plus Basic,Xx-zobam,Engaging,2017-10-01,,,entertainment,1989-01-01,3838.39,8274.0,United States,GTX,1096.0,Rocco Neubert,East
7MSQSYWR,Daniell Hammack,GTX Plus Basic,Initech,Lost,2017-10-01,2017-10-10,0.0,telecommunications,1994-01-01,6395.05,20275.0,United States,GTX,1096.0,Rocco Neubert,East
JGZ3F67I,Donn Cantrell,GTX Basic,Kinnamplus,Lost,2017-10-01,2017-10-07,0.0,retail,2004-01-01,702.72,1831.0,United States,GTX,550.0,Rocco Neubert,East
FHCSKQ4K,Donn Cantrell,GTX Plus Pro,Bluth Company,Won,2017-10-01,2017-12-30,5270.0,technolgy,1993-01-01,1242.32,3027.0,United States,GTX,5482.0,Rocco Neubert,East
TU58PHME,Garret Kinder,GTX Plus Pro,Sumace,Lost,2017-10-01,2017-11-17,0.0,retail,2000-01-01,167.89,493.0,Romania,GTX,5482.0,Cara Losch,East
9ZVX7NVU,Hayden Neloms,GTX Plus Basic,Xx-holding,Lost,2017-10-01,2017-10-08,0.0,finance,1993-01-01,7537.24,20293.0,United States,GTX,1096.0,Celia Rouche,West
I4OJHXIN,Hayden Neloms,MG Advanced,Cheers,Won,2017-10-01,2017-10-05,3169.0,entertainment,1993-01-01,4269.9,6472.0,United States,MG,3393.0,Celia Rouche,West
NE300YJ0,Jonathan Berthelot,GTX Basic,Treequote,Won,2017-10-01,2017-11-24,571.0,telecommunications,1988-01-01,5266.09,8595.0,United States,GTX,550.0,Melvin Marxen,Central
TYLSS719,Kami Bicknell,GTX Basic,Goodsilron,Lost,2017-10-01,2017-12-03,0.0,marketing,2000-01-01,2952.73,5107.0,United States,GTX,550.0,Summer Sewald,West
M3SQPUB1,Kami Bicknell,GTX Plus Pro,Green-Plus,Won,2017-10-01,2017-10-13,6304.0,services,2003-01-01,692.19,1922.0,United States,GTX,5482.0,Summer Sewald,West
MG1YUTUE,Markita Hansen,MG Special,Acme Corporation,Engaging,2017-10-01,,,technolgy,1996-01-01,1100.04,2822.0,United States,MG,55.0,Celia Rouche,West
PEIZDYXE,Markita Hansen,GTX Basic,Cheers,Lost,2017-10-01,2017-10-02,0.0,entertainment,1993-01-01,4269.9,6472.0,United States,GTX,550.0,Celia Rouche,West
XRRMX8K6,Marty Freudenburg,GTX Basic,Statholdings,Lost,2017-10-01,2017-10-12,0.0,employment,1997-01-01,291.27,586.0,United States,GTX,550.0,Melvin Marxen,Central
AQH7ORZZ,Reed Clapper,MG Special,Bluth Company,Won,2017-10-01,2017-12-18,62.0,technolgy,1993-01-01,1242.32,3027.0,United States,MG,55.0,Rocco Neubert,East
GLG1IOHT,Rosalina Dieter,MG Special,J-Texon,Won,2017-10-01,2017-10-08,51.0,retail,1989-01-01,1388.67,3583.0,United States,MG,55.0,Celia Rouche,West
F5OETS8V,Vicki Laflamme,GTX Basic,Golddex,Won,2017-10-01,2017-12-18,544.0,finance,2008-01-01,52.5,165.0,United States,GTX,550.0,Celia Rouche,West
CU7KT53A,Vicki Laflamme,MG Advanced,Goodsilron,Won,2017-10-01,2017-12-16,2941.0,marketing,2000-01-01,2952.73,5107.0,United States,MG,3393.0,Celia Rouche,West
0BYU67KG,Wilburn Farren,MG Advanced,Ganjaflex,Lost,2017-10-01,2017-12-13,0.0,retail,1995-01-01,5158.71,17479.0,Japan,MG,3393.0,Cara Losch,East
SLXPTSGS,Wilburn Farren,MG Special,Condax,Won,2017-10-01,2017-10-11,44.0,medical,2017-01-01,4.54,9.0,United States,MG,55.0,Cara Losch,East
FZGGKS2D,Zane Levy,GTX Plus Pro,Doncon,Won,2017-10-01,2017-12-23,4910.0,technolgy,2010-01-01,587.72,1501.0,United States,GTX,5482.0,Summer Sewald,West
6HDTZCCM,Anna Snelling,GTX Plus Pro,Warephase,Lost,2017-10-02,2017-10-14,0.0,services,1997-01-01,2041.73,5276.0,United States,GTX,5482.0,Dustin Brinkmann,Central
XUEHL04Z,Boris Faz,GTX Plus Basic,Konex,Lost,2017-10-02,2017-10-04,0.0,technolgy,1980-01-01,7708.38,13756.0,United States,GTX,1096.0,Rocco Neubert,East
CTZ5I5R5,Cassey Cress,GTX Plus Pro,Bioplex,Won,2017-10-02,2017-12-05,5469.0,medical,1991-01-01,326.82,1016.0,United States,GTX,5482.0,Rocco Neubert,East
988QUSNK,Cecily Lampkin,MG Advanced,Scottech,Lost,2017-10-02,2017-10-03,0.0,marketing,2012-01-01,45.39,100.0,United States,MG,3393.0,Dustin Brinkmann,Central
2P0VIX4N,Cecily Lampkin,MG Advanced,Treequote,Lost,2017-10-02,2017-12-20,0.0,telecommunications,1988-01-01,5266.09,8595.0,United States,MG,3393.0,Dustin Brinkmann,Central
TAPH7KQO,Cecily Lampkin,GTX Basic,Zumgoity,Won,2017-10-02,2017-12-07,568.0,medical,1984-01-01,441.08,1210.0,United States,GTX,550.0,Dustin Brinkmann,Central
TWGFQS8L,Darcel Schlecht,GTX Plus Basic,Cancity,Lost,2017-10-02,2017-10-12,0.0,retail,2001-01-01,718.62,2448.0,United States,GTX,1096.0,Melvin Marxen,Central
MRPSU52W,Darcel Schlecht,MG Advanced,Genco Pura Olive Oil Company,Lost,2017-10-02,2017-10-09,0.0,retail,2007-01-01,894.33,1635.0,Italy,MG,3393.0,Melvin Marxen,Central
UKXRWZ3P,Darcel Schlecht,GTX Plus Pro,Codehow,Won,2017-10-02,2017-10-04,5263.0,software,1998-01-01,2714.9,2641.0,United States,GTX,5482.0,Melvin Marxen,Central
2IYQ5ALK,Jonathan Berthelot,GTX Basic,Warephase,Lost,2017-10-02,2017-10-07,0.0,services,1997-01-01,2041.73,5276.0,United States,GTX,550.0,Melvin Marxen,Central
K4GL9NDX,Jonathan Berthelot,GTX Plus Basic,dambase,Lost,2017-10-02,2017-12-17,0.0,marketing,1995-01-01,2173.98,2928.0,United States,GTX,1096.0,Melvin Marxen,Central
OFKWBRP7,Jonathan Berthelot,GTX Plus Basic,Dontechi,Lost,2017-10-02,2017-10-10,0.0,software,1982-01-01,4618.0,10083.0,United States,GTX,1096.0,Melvin Marxen,Central
1AGL4X1J,Jonathan Berthelot,GTX Plus Basic,Isdom,Lost,2017-10-02,2017-12-18,0.0,medical,2002-01-01,3178.24,4540.0,United States,GTX,1096.0,Melvin Marxen,Central
VSN0PA06,Kami Bicknell,GTX Plus Basic,Sunnamplex,Won,2017-10-02,2017-10-03,1048.0,marketing,2008-01-01,894.37,1593.0,Poland,GTX,1096.0,Summer Sewald,West
FQODPHUL,Kary Hendrixson,GTX Basic,Hatfan,Won,2017-10-02,2017-11-04,631.0,services,1982-01-01,792.46,1299.0,United States,GTX,550.0,Summer Sewald,West
KRUY5G5I,Lajuana Vencill,MG Advanced,Hottechi,Lost,2017-10-02,2017-10-13,0.0,technolgy,1997-01-01,8170.38,16499.0,Korea,MG,3393.0,Dustin Brinkmann,Central
SCYV3JPO,Lajuana Vencill,GTX Basic,Betatech,Won,2017-10-02,2017-10-12,536.0,medical,1986-01-01,647.18,1185.0,Kenya,GTX,550.0,Dustin Brinkmann,Central
T91ZAQRH,Lajuana Vencill,GTX Plus Basic,Genco Pura Olive Oil Company,Won,2017-10-02,2017-12-18,1127.0,retail,2007-01-01,894.33,1635.0,Italy,GTX,1096.0,Dustin Brinkmann,Central
R293SULP,Marty Freudenburg,GTX Plus Basic,Ron-tech,Lost,2017-10-02,2017-10-04,0.0,medical,1992-01-01,3922.42,6837.0,United States,GTX,1096.0,Melvin Marxen,Central
UDKH3AM0,Marty Freudenburg,MG Special,Cancity,Won,2017-10-02,2017-10-09,56.0,retail,2001-01-01,718.62,2448.0,United States,MG,55.0,Melvin Marxen,Central
I4T9W7NQ,Maureen Marcano,GTX Basic,Hottechi,Lost,2017-10-02,2017-12-15,0.0,technolgy,1997-01-01,8170.38,16499.0,Korea,GTX,550.0,Summer Sewald,West
2GQAAHG6,Reed Clapper,MG Advanced,Konex,Won,2017-10-02,2017-10-12,3670.0,technolgy,1980-01-01,7708.38,13756.0,United States,MG,3393.0,Rocco Neubert,East
7OGPA4I3,Reed Clapper,MG Advanced,Umbrella Corporation,Won,2017-10-02,2017-10-12,3482.0,finance,1998-01-01,2022.14,5113.0,United States,MG,3393.0,Rocco Neubert,East
54XJLU62,Rosie Papadopoulos,GTX Plus Basic,Gekko & Co,Lost,2017-10-02,2017-10-12,0.0,retail,1990-01-01,2520.83,3502.0,United States,GTX,1096.0,Cara Losch,East
XSSK506P,Versie Hillebrand,MG Special,Funholding,Lost,2017-10-02,2017-10-04,0.0,finance,1991-01-01,2819.5,7227.0,United States,MG,55.0,Dustin Brinkmann,Central
AJKE7ACY,Violet Mclelland,MG Special,Kinnamplus,Won,2017-10-02,2017-10-11,50.0,retail,2004-01-01,702.72,1831.0,United States,MG,55.0,Cara Losch,East
JPPLGVUS,Violet Mclelland,MG Advanced,Massive Dynamic,Won,2017-10-02,2017-12-31,3629.0,entertainment,1989-01-01,665.06,1095.0,United States,MG,3393.0,Cara Losch,East
O7B3XCKF,Zane Levy,GTX Basic,Hottechi,Lost,2017-10-02,2017-10-03,0.0,technolgy,1997-01-01,8170.38,16499.0,Korea,GTX,550.0,Summer Sewald,West
OOB372R5,Zane Levy,GTX Basic,Condax,Won,2017-10-02,2017-10-12,544.0,medical,2017-01-01,4.54,9.0,United States,GTX,550.0,Summer Sewald,West
L67B6CU2,Anna Snelling,GTX Plus Pro,Rundofase,Lost,2017-10-03,2017-10-09,0.0,technolgy,1983-01-01,1008.06,1238.0,United States,GTX,5482.0,Dustin Brinkmann,Central
6V0QV9CU,Cecily Lampkin,MG Advanced,Stanredtax,Won,2017-10-03,2017-10-10,3415.0,finance,1987-01-01,1698.2,3798.0,United States,MG,3393.0,Dustin Brinkmann,Central
0MXZ36G7,Corliss Cosme,GTX Basic,Bubba Gump,Won,2017-10-03,2017-10-04,616.0,software,2002-01-01,987.39,2253.0,United States,GTX,550.0,Cara Losch,East
LMCHDMJX,Daniell Hammack,GTX Plus Basic,Donware,Won,2017-10-03,2017-10-08,1050.0,marketing,1999-01-01,1197.44,2570.0,United States,GTX,1096.0,Rocco Neubert,East
4HBU57OV,Darcel Schlecht,MG Special,Toughzap,Won,2017-10-03,2017-10-10,58.0,retail,1995-01-01,332.43,799.0,United States,MG,55.0,Melvin Marxen,Central
AOIM2Y7M,Donn Cantrell,MG Advanced,Zotware,Won,2017-10-03,2017-10-05,3858.0,software,1979-01-01,4478.47,13809.0,United States,MG,3393.0,Rocco Neubert,East
5KC100IN,Elease Gluck,MG Special,Condax,Lost,2017-10-03,2017-10-13,0.0,medical,2017-01-01,4.54,9.0,United States,MG,55.0,Celia Rouche,West
OOFWSKFF,Gladys Colclough,GTX Basic,Hottechi,Lost,2017-10-03,2017-10-04,0.0,technolgy,1997-01-01,8170.38,16499.0,Korea,GTX,550.0,Melvin Marxen,Central
LV7HHGM4,Gladys Colclough,GTX Plus Pro,Funholding,Lost,2017-10-03,2017-10-05,0.0,finance,1991-01-01,2819.5,7227.0,United States,GTX,5482.0,Melvin Marxen,Central
HBZEI375,Gladys Colclough,MG Advanced,Ron-tech,Lost,2017-10-03,2017-10-10,0.0,medical,1992-01-01,3922.42,6837.0,United States,MG,3393.0,Melvin Marxen,Central
GRQZZNQB,Gladys Colclough,MG Advanced,Inity,Won,2017-10-03,2017-11-08,3207.0,marketing,1986-01-01,2403.58,8801.0,United States,MG,3393.0,Melvin Marxen,Central
1D8XLZQ8,Hayden Neloms,MG Advanced,Konex,Won,2017-10-03,2017-11-21,3795.0,technolgy,1980-01-01,7708.38,13756.0,United States,MG,3393.0,Celia Rouche,West
CAX04DY1,Jonathan Berthelot,MG Special,Rundofase,Lost,2017-10-03,2017-11-16,0.0,technolgy,1983-01-01,1008.06,1238.0,United States,MG,55.0,Melvin Marxen,Central
ZVEH26GP,Kami Bicknell,GTX Plus Basic,J-Texon,Won,2017-10-03,2017-10-08,1028.0,retail,1989-01-01,1388.67,3583.0,United States,GTX,1096.0,Summer Sewald,West
G7QR0SCP,Kami Bicknell,MG Special,Doncon,Won,2017-10-03,2017-10-15,64.0,technolgy,2010-01-01,587.72,1501.0,United States,MG,55.0,Summer Sewald,West
CCCQGBSY,Reed Clapper,GTX Plus Basic,Bluth Company,Won,2017-10-03,2017-12-09,1284.0,technolgy,1993-01-01,1242.32,3027.0,United States,GTX,1096.0,Rocco Neubert,East
2CY7OS6A,Rosalina Dieter,MG Special,Y-corporation,Lost,2017-10-03,2017-10-06,0.0,employment,1983-01-01,2871.35,9561.0,United States,MG,55.0,Celia Rouche,West
FZKX09GE,Versie Hillebrand,MG Advanced,Rangreen,Won,2017-10-03,2017-10-09,3254.0,technolgy,1987-01-01,2938.67,8775.0,Panama,MG,3393.0,Dustin Brinkmann,Central
D4SJ5G2G,Violet Mclelland,MG Special,Xx-zobam,Lost,2017-10-03,2017-12-23,0.0,entertainment,1989-01-01,3838.39,8274.0,United States,MG,55.0,Cara Losch,East
NMF60XWK,Anna Snelling,MG Special,Cancity,Lost,2017-10-04,2017-10-13,0.0,retail,2001-01-01,718.62,2448.0,United States,MG,55.0,Dustin Brinkmann,Central
L6WEVHEN,Anna Snelling,MG Special,Gogozoom,Won,2017-10-04,2017-12-16,59.0,telecommunications,2007-01-01,86.68,187.0,United States,MG,55.0,Dustin Brinkmann,Central
EYWXCFXJ,Boris Faz,GTX Plus Pro,Bluth Company,Lost,2017-10-04,2017-11-01,0.0,technolgy,1993-01-01,1242.32,3027.0,United States,GTX,5482.0,Rocco Neubert,East
QC9B7V93,Boris Faz,MG Advanced,Acme Corporation,Lost,2017-10-04,2017-10-11,0.0,technolgy,1996-01-01,1100.04,2822.0,United States,MG,3393.0,Rocco Neubert,East
CPVW06O2,Boris Faz,MG Special,Bubba Gump,Won,2017-10-04,2017-10-11,54.0,software,2002-01-01,987.39,2253.0,United States,MG,55.0,Rocco Neubert,East
2KNVLXA4,Cassey Cress,GTX Plus Pro,Plussunin,Won,2017-10-04,2017-10-14,5989.0,retail,2003-01-01,1419.98,4018.0,United States,GTX,5482.0,Rocco Neubert,East
L7TT9ZL4,Darcel Schlecht,GTX Plus Pro,Finhigh,Won,2017-10-04,2017-12-21,4735.0,finance,2006-01-01,1102.43,1759.0,United States,GTX,5482.0,Melvin Marxen,Central
93OFIHMF,James Ascencio,GTX Plus Pro,Fasehatice,Won,2017-10-04,2017-12-05,4527.0,retail,1990-01-01,4968.91,7523.0,United States,GTX,5482.0,Summer Sewald,West
9E7VMZ1J,Jonathan Berthelot,GTX Basic,dambase,Lost,2017-10-04,2017-12-23,0.0,marketing,1995-01-01,2173.98,2928.0,United States,GTX,550.0,Melvin Marxen,Central
MK2YTCZN,Jonathan Berthelot,MG Special,Inity,Won,2017-10-04,2017-10-06,58.0,marketing,1986-01-01,2403.58,8801.0,United States,MG,55.0,Melvin Marxen,Central
MZTB3C70,Kary Hendrixson,GTX Basic,J-Texon,Lost,2017-10-04,2017-11-17,0.0,retail,1989-01-01,1388.67,3583.0,United States,GTX,550.0,Summer Sewald,West
LHG76MIU,Markita Hansen,MG Special,Rantouch,Won,2017-10-04,2017-12-03,62.0,telecommunications,1994-01-01,1188.42,3015.0,United States,MG,55.0,Celia Rouche,West
UZ9SEIZ9,Vicki Laflamme,MG Special,Nam-zim,Lost,2017-10-04,2017-10-13,0.0,services,1987-01-01,405.59,1179.0,Brazil,MG,55.0,Celia Rouche,West
KDY5FEUO,Vicki Laflamme,GTX Basic,Y-corporation,Won,2017-10-04,2017-12-20,496.0,employment,1983-01-01,2871.35,9561.0,United States,GTX,550.0,Celia Rouche,West
JAG873Y3,Anna Snelling,MG Special,Hottechi,Lost,2017-10-05,2017-10-12,0.0,technolgy,1997-01-01,8170.38,16499.0,Korea,MG,55.0,Dustin Brinkmann,Central
WQTR95J3,Cecily Lampkin,GTX Basic,Stanredtax,Won,2017-10-05,2017-10-11,622.0,finance,1987-01-01,1698.2,3798.0,United States,GTX,550.0,Dustin Brinkmann,Central
B9KFRY53,Darcel Schlecht,GTX Plus Basic,Rangreen,Won,2017-10-05,2017-10-10,1132.0,technolgy,1987-01-01,2938.67,8775.0,Panama,GTX,1096.0,Melvin Marxen,Central
ZRCY8P4P,Darcel Schlecht,GTX Plus Pro,Condax,Won,2017-10-05,2017-12-14,5422.0,medical,2017-01-01,4.54,9.0,United States,GTX,5482.0,Melvin Marxen,Central
HM4ZINFJ,Donn Cantrell,MG Advanced,Zathunicon,Lost,2017-10-05,2017-10-10,0.0,retail,2010-01-01,71.12,144.0,United States,MG,3393.0,Rocco Neubert,East
6WIQG92N,Elease Gluck,GTK 500,Konex,Lost,2017-10-05,2017-10-18,0.0,technolgy,1980-01-01,7708.38,13756.0,United States,GTK,26768.0,Celia Rouche,West
3JMB4J8E,Garret Kinder,GTX Plus Pro,Acme Corporation,Won,2017-10-05,2017-10-07,5331.0,technolgy,1996-01-01,1100.04,2822.0,United States,GTX,5482.0,Cara Losch,East
FTZ4VYH4,Hayden Neloms,MG Advanced,Scotfind,Lost,2017-10-05,2017-12-13,0.0,software,1996-01-01,6354.87,16780.0,United States,MG,3393.0,Celia Rouche,West
GEJKKFOL,James Ascencio,GTX Basic,Groovestreet,Lost,2017-10-05,2017-10-10,0.0,retail,2003-01-01,223.8,299.0,United States,GTX,550.0,Summer Sewald,West
NDAFT4KV,James Ascencio,GTX Plus Basic,Hatfan,Won,2017-10-05,2017-10-18,1132.0,services,1982-01-01,792.46,1299.0,United States,GTX,1096.0,Summer Sewald,West
BO1GBSM0,James Ascencio,GTX Plus Pro,Blackzim,Won,2017-10-05,2017-10-11,5004.0,retail,2009-01-01,497.11,1588.0,United States,GTX,5482.0,Summer Sewald,West
FSVEMKSG,Jonathan Berthelot,GTX Basic,Inity,Won,2017-10-05,2017-10-10,556.0,marketing,1986-01-01,2403.58,8801.0,United States,GTX,550.0,Melvin Marxen,Central
V0XQVHQV,Jonathan Berthelot,MG Special,Gogozoom,Won,2017-10-05,2017-10-12,53.0,telecommunications,2007-01-01,86.68,187.0,United States,MG,55.0,Melvin Marxen,Central
8T9ANK4E,Marty Freudenburg,GTX Basic,Warephase,Won,2017-10-05,2017-12-24,550.0,services,1997-01-01,2041.73,5276.0,United States,GTX,550.0,Melvin Marxen,Central
76WXMI88,Moses Frase,MG Special,Stanredtax,Won,2017-10-05,2017-12-28,50.0,finance,1987-01-01,1698.2,3798.0,United States,MG,55.0,Dustin Brinkmann,Central
ZH8XR8YT,Niesha Huffines,GTX Plus Basic,Dontechi,Lost,2017-10-05,2017-10-13,0.0,software,1982-01-01,4618.0,10083.0,United States,GTX,1096.0,Melvin Marxen,Central
PR9HQKA7,Niesha Huffines,GTX Plus Basic,Dontechi,Lost,2017-10-05,2017-10-15,0.0,software,1982-01-01,4618.0,10083.0,United States,GTX,1096.0,Melvin Marxen,Central
3DF5FIAM,Reed Clapper,MG Advanced,Umbrella Corporation,Won,2017-10-05,2017-12-17,3285.0,finance,1998-01-01,2022.14,5113.0,United States,MG,3393.0,Rocco Neubert,East
018KKT5I,Rosalina Dieter,GTX Basic,Faxquote,Lost,2017-10-05,2017-10-11,0.0,telecommunications,1995-01-01,1825.82,5595.0,United States,GTX,550.0,Celia Rouche,West
9AOPLD0O,Rosie Papadopoulos,MG Advanced,Umbrella Corporation,Won,2017-10-05,2017-10-11,3002.0,finance,1998-01-01,2022.14,5113.0,United States,MG,3393.0,Cara Losch,East
J54XWY0O,Versie Hillebrand,GTX Basic,Betatech,Lost,2017-10-05,2017-10-16,0.0,medical,1986-01-01,647.18,1185.0,Kenya,GTX,550.0,Dustin Brinkmann,Central
FJEL0TDN,Versie Hillebrand,MG Special,Conecom,Won,2017-10-05,2017-10-07,58.0,technolgy,2005-01-01,1520.66,1806.0,United States,MG,55.0,Dustin Brinkmann,Central
I5JTM3EK,Vicki Laflamme,MG Special,Zoomit,Lost,2017-10-05,2017-10-08,0.0,entertainment,1992-01-01,324.19,978.0,United States,MG,55.0,Celia Rouche,West
3Q5R6HAY,Vicki Laflamme,MG Advanced,Doncon,Won,2017-10-05,2017-10-08,3435.0,technolgy,2010-01-01,587.72,1501.0,United States,MG,3393.0,Celia Rouche,West
VOEOU1U6,Zane Levy,MG Special,Xx-holding,Lost,2017-10-05,2017-10-07,0.0,finance,1993-01-01,7537.24,20293.0,United States,MG,55.0,Summer Sewald,West
52IHI8JD,Anna Snelling,MG Special,Funholding,Lost,2017-10-06,2017-11-24,0.0,finance,1991-01-01,2819.5,7227.0,United States,MG,55.0,Dustin Brinkmann,Central
7QPQ40X9,Anna Snelling,MG Advanced,Ron-tech,Lost,2017-10-06,2017-10-08,0.0,medical,1992-01-01,3922.42,6837.0,United States,MG,3393.0,Dustin Brinkmann,Central
KFZ37330,Boris Faz,GTX Basic,Konex,Won,2017-10-06,2017-12-14,492.0,technolgy,1980-01-01,7708.38,13756.0,United States,GTX,550.0,Rocco Neubert,East
Y5C1Q7UR,Cassey Cress,MG Special,Zathunicon,Won,2017-10-06,2017-12-26,50.0,retail,2010-01-01,71.12,144.0,United States,MG,55.0,Rocco Neubert,East
VN0XOAB6,Cassey Cress,MG Advanced,Bubba Gump,Won,2017-10-06,2017-11-12,3333.0,software,2002-01-01,987.39,2253.0,United States,MG,3393.0,Rocco Neubert,East
MVZG0BSG,Corliss Cosme,GTX Plus Basic,Donware,Won,2017-10-06,2017-10-16,1095.0,marketing,1999-01-01,1197.44,2570.0,United States,GTX,1096.0,Cara Losch,East
EM1W738H,Darcel Schlecht,GTX Plus Pro,dambase,Won,2017-10-06,2017-11-22,5595.0,marketing,1995-01-01,2173.98,2928.0,United States,GTX,5482.0,Melvin Marxen,Central
M4NNI01I,Donn Cantrell,GTX Plus Basic,Yearin,Lost,2017-10-06,2017-10-16,0.0,retail,2005-01-01,2261.05,3851.0,United States,GTX,1096.0,Rocco Neubert,East
U3FTUG3T,Gladys Colclough,GTX Basic,Streethex,Won,2017-10-06,2017-11-20,415.0,retail,1988-01-01,1376.8,1165.0,Belgium,GTX,550.0,Melvin Marxen,Central
RS13M1ZP,Gladys Colclough,MG Advanced,Stanredtax,Won,2017-10-06,2017-10-08,3212.0,finance,1987-01-01,1698.2,3798.0,United States,MG,3393.0,Melvin Marxen,Central
10B65ZN9,James Ascencio,GTX Basic,Groovestreet,Won,2017-10-06,2017-12-31,457.0,retail,2003-01-01,223.8,299.0,United States,GTX,550.0,Summer Sewald,West
V4YBVSJ4,Jonathan Berthelot,GTX Plus Basic,Condax,Lost,2017-10-06,2017-10-17,0.0,medical,2017-01-01,4.54,9.0,United States,GTX,1096.0,Melvin Marxen,Central
LVMPJ8JN,Jonathan Berthelot,GTX Basic,Codehow,Won,2017-10-06,2017-12-31,546.0,software,1998-01-01,2714.9,2641.0,United States,GTX,550.0,Melvin Marxen,Central
OV0LOPAA,Lajuana Vencill,GTX Plus Basic,Statholdings,Lost,2017-10-06,2017-10-12,0.0,employment,1997-01-01,291.27,586.0,United States,GTX,1096.0,Dustin Brinkmann,Central
0ISX53T3,Lajuana Vencill,GTX Basic,Globex Corporation,Won,2017-10-06,2017-12-21,453.0,technolgy,2000-01-01,1223.72,2497.0,Norway,GTX,550.0,Dustin Brinkmann,Central
Q4KZSJ6Q,Moses Frase,GTX Basic,dambase,Won,2017-10-06,2017-10-07,510.0,marketing,1995-01-01,2173.98,2928.0,United States,GTX,550.0,Dustin Brinkmann,Central
1IABHXOP,Moses Frase,GTX Basic,Gogozoom,Won,2017-10-06,2017-10-14,552.0,telecommunications,2007-01-01,86.68,187.0,United States,GTX,550.0,Dustin Brinkmann,Central
2RE0MZGV,Reed Clapper,MG Advanced,Zencorporation,Won,2017-10-06,2017-10-07,3203.0,technolgy,2011-01-01,40.79,142.0,China,MG,3393.0,Rocco Neubert,East
JLKLRCFZ,Rosie Papadopoulos,GTX Plus Pro,The New York Inquirer,Won,2017-10-06,2017-10-14,6228.0,medical,1996-01-01,439.21,792.0,United States,GTX,5482.0,Cara Losch,East
2X9KWWCP,Versie Hillebrand,MG Special,dambase,Won,2017-10-06,2017-10-11,59.0,marketing,1995-01-01,2173.98,2928.0,United States,MG,55.0,Dustin Brinkmann,Central
GU4HXZ55,Zane Levy,GTX Plus Basic,Condax,Won,2017-10-06,2017-12-23,1129.0,medical,2017-01-01,4.54,9.0,United States,GTX,1096.0,Summer Sewald,West
JQK0EF45,Anna Snelling,GTX Plus Pro,Streethex,Won,2017-10-07,2017-10-13,5349.0,retail,1988-01-01,1376.8,1165.0,Belgium,GTX,5482.0,Dustin Brinkmann,Central
YUUD6GIT,Boris Faz,GTX Plus Basic,Umbrella Corporation,Won,2017-10-07,2017-11-19,1148.0,finance,1998-01-01,2022.14,5113.0,United States,GTX,1096.0,Rocco Neubert,East
FBDZ4LCK,Cassey Cress,GTX Basic,Zotware,Lost,2017-10-07,2017-10-08,0.0,software,1979-01-01,4478.47,13809.0,United States,GTX,550.0,Rocco Neubert,East
SQMPV6L6,Cecily Lampkin,MG Special,Toughzap,Won,2017-10-07,2017-10-19,52.0,retail,1995-01-01,332.43,799.0,United States,MG,55.0,Dustin Brinkmann,Central
N9ZBEJFI,Cecily Lampkin,MG Advanced,Finhigh,Won,2017-10-07,2017-12-28,3253.0,finance,2006-01-01,1102.43,1759.0,United States,MG,3393.0,Dustin Brinkmann,Central
EKXXH9IK,Daniell Hammack,GTX Plus Basic,Gekko & Co,Won,2017-10-07,2017-11-04,1267.0,retail,1990-01-01,2520.83,3502.0,United States,GTX,1096.0,Rocco Neubert,East
OC6ZMTK5,Daniell Hammack,GTX Plus Basic,Initech,Won,2017-10-07,2017-10-13,1096.0,telecommunications,1994-01-01,6395.05,20275.0,United States,GTX,1096.0,Rocco Neubert,East
M57LZE5F,Darcel Schlecht,MG Advanced,Hottechi,Lost,2017-10-07,2017-12-23,0.0,technolgy,1997-01-01,8170.38,16499.0,Korea,MG,3393.0,Melvin Marxen,Central
1XO519P4,Darcel Schlecht,MG Special,Genco Pura Olive Oil Company,Won,2017-10-07,2017-12-30,54.0,retail,2007-01-01,894.33,1635.0,Italy,MG,55.0,Melvin Marxen,Central
UBWO7HIV,Hayden Neloms,MG Advanced,Green-Plus,Won,2017-10-07,2017-12-13,3293.0,services,2003-01-01,692.19,1922.0,United States,MG,3393.0,Celia Rouche,West
GJX7YGIF,Kami Bicknell,GTX Basic,Plexzap,Lost,2017-10-07,2017-11-25,0.0,retail,2001-01-01,2437.85,4874.0,United States,GTX,550.0,Summer Sewald,West
MF6S92GQ,Kary Hendrixson,GTX Basic,Dalttechnology,Won,2017-10-07,2017-12-08,488.0,software,2013-01-01,98.79,96.0,United States,GTX,550.0,Summer Sewald,West
KTZDTM8W,Lajuana Vencill,GTX Basic,Globex Corporation,Won,2017-10-07,2017-10-13,594.0,technolgy,2000-01-01,1223.72,2497.0,Norway,GTX,550.0,Dustin Brinkmann,Central
SH0S5N6U,Markita Hansen,GTX Basic,Singletechno,Won,2017-10-07,2017-12-30,464.0,retail,1996-01-01,2214.94,5374.0,United States,GTX,550.0,Celia Rouche,West
M3306MKK,Markita Hansen,MG Special,Cheers,Won,2017-10-07,2017-12-13,53.0,entertainment,1993-01-01,4269.9,6472.0,United States,MG,55.0,Celia Rouche,West
5H27L6YI,Marty Freudenburg,GTX Plus Basic,Finhigh,Lost,2017-10-07,2017-10-15,0.0,finance,2006-01-01,1102.43,1759.0,United States,GTX,1096.0,Melvin Marxen,Central
FCEJCRKY,Marty Freudenburg,GTX Basic,Streethex,Won,2017-10-07,2017-10-08,661.0,retail,1988-01-01,1376.8,1165.0,Belgium,GTX,550.0,Melvin Marxen,Central
FTVBHHFC,Marty Freudenburg,GTX Plus Basic,Genco Pura Olive Oil Company,Won,2017-10-07,2017-10-14,1240.0,retail,2007-01-01,894.33,1635.0,Italy,GTX,1096.0,Melvin Marxen,Central
CXE6ORIJ,Marty Freudenburg,MG Advanced,Isdom,Won,2017-10-07,2017-12-20,2763.0,medical,2002-01-01,3178.24,4540.0,United States,MG,3393.0,Melvin Marxen,Central
QFIEJY21,Maureen Marcano,GTX Basic,Condax,Won,2017-10-07,2017-12-05,610.0,medical,2017-01-01,4.54,9.0,United States,GTX,550.0,Summer Sewald,West
4OUTIJAR,Maureen Marcano,MG Special,Hatfan,Won,2017-10-07,2017-12-14,59.0,services,1982-01-01,792.46,1299.0,United States,MG,55.0,Summer Sewald,West
R19OP4QL,Moses Frase,GTX Basic,Rangreen,Won,2017-10-07,2017-10-19,577.0,technolgy,1987-01-01,2938.67,8775.0,Panama,GTX,550.0,Dustin Brinkmann,Central
UU7QH2WX,Rosalina Dieter,MG Special,Kan-code,Lost,2017-10-07,2017-10-15,0.0,software,1982-01-01,11698.03,34288.0,United States,MG,55.0,Celia Rouche,West
O7WVUMZ5,Vicki Laflamme,GTX Plus Basic,Finjob,Won,2017-10-07,2017-10-09,1139.0,employment,1988-01-01,2059.9,3644.0,United States,GTX,1096.0,Celia Rouche,West
NRMFYPAD,Anna Snelling,GTX Plus Pro,Treequote,Won,2017-10-08,2017-12-30,6038.0,telecommunications,1988-01-01,5266.09,8595.0,United States,GTX,5482.0,Dustin Brinkmann,Central
MR49QBLO,Boris Faz,MG Advanced,Konex,Won,2017-10-08,2017-11-21,3264.0,technolgy,1980-01-01,7708.38,13756.0,United States,MG,3393.0,Rocco Neubert,East
V7C6RT5S,Cassey Cress,MG Advanced,Betasoloin,Won,2017-10-08,2017-10-17,3472.0,medical,1999-01-01,251.41,495.0,United States,MG,3393.0,Rocco Neubert,East
G1POINXI,Cecily Lampkin,GTX Plus Basic,Rangreen,Won,2017-10-08,2017-10-15,1186.0,technolgy,1987-01-01,2938.67,8775.0,Panama,GTX,1096.0,Dustin Brinkmann,Central
S181FZ0Y,Corliss Cosme,GTX Basic,Zotware,Lost,2017-10-08,2017-10-16,0.0,software,1979-01-01,4478.47,13809.0,United States,GTX,550.0,Cara Losch,East
0IAJNXTD,Darcel Schlecht,MG Special,Domzoom,Lost,2017-10-08,2017-10-10,0.0,entertainment,1998-01-01,217.87,551.0,United States,MG,55.0,Melvin Marxen,Central
RMQME3N0,Donn Cantrell,GTX Plus Basic,Massive Dynamic,Lost,2017-10-08,2017-11-21,0.0,entertainment,1989-01-01,665.06,1095.0,United States,GTX,1096.0,Rocco Neubert,East
G8C3GRPO,Garret Kinder,MG Advanced,Vehement Capital Partners,Won,2017-10-08,2017-10-20,2812.0,finance,1993-01-01,646.1,883.0,United States,MG,3393.0,Cara Losch,East
IY3U40F8,Gladys Colclough,GTX Plus Basic,Globex Corporation,Lost,2017-10-08,2017-10-14,0.0,technolgy,2000-01-01,1223.72,2497.0,Norway,GTX,1096.0,Melvin Marxen,Central
IEJHIQYI,Hayden Neloms,MG Advanced,Blackzim,Won,2017-10-08,2017-12-22,3517.0,retail,2009-01-01,497.11,1588.0,United States,MG,3393.0,Celia Rouche,West
DIGZWVHI,Kami Bicknell,GTX Basic,Sunnamplex,Lost,2017-10-08,2017-10-09,0.0,marketing,2008-01-01,894.37,1593.0,Poland,GTX,550.0,Summer Sewald,West
1ZT4IROS,Kami Bicknell,GTX Basic,Xx-holding,Won,2017-10-08,2017-10-10,608.0,finance,1993-01-01,7537.24,20293.0,United States,GTX,550.0,Summer Sewald,West
60QEB2FZ,Kary Hendrixson,GTX Plus Pro,Fasehatice,Won,2017-10-08,2017-10-16,4989.0,retail,1990-01-01,4968.91,7523.0,United States,GTX,5482.0,Summer Sewald,West
2T0GMDKK,Markita Hansen,GTX Plus Basic,Blackzim,Lost,2017-10-08,2017-10-10,0.0,retail,2009-01-01,497.11,1588.0,United States,GTX,1096.0,Celia Rouche,West
ZK6HTTBB,Markita Hansen,MG Special,Labdrill,Lost,2017-10-08,2017-10-14,0.0,medical,1985-01-01,2741.37,9226.0,United States,MG,55.0,Celia Rouche,West
V74YPMJ4,Rosalina Dieter,MG Special,Zoomit,Lost,2017-10-08,2017-10-20,0.0,entertainment,1992-01-01,324.19,978.0,United States,MG,55.0,Celia Rouche,West
8ZIX3LAF,Vicki Laflamme,MG Advanced,Newex,Won,2017-10-08,2017-10-09,3023.0,services,1991-01-01,1012.72,3492.0,Germany,MG,3393.0,Celia Rouche,West
IVMMNSJB,Anna Snelling,GTX Plus Pro,Conecom,Lost,2017-10-09,2017-10-17,0.0,technolgy,2005-01-01,1520.66,1806.0,United States,GTX,5482.0,Dustin Brinkmann,Central
H9M21153,Anna Snelling,MG Advanced,Ron-tech,Won,2017-10-09,2017-10-20,3100.0,medical,1992-01-01,3922.42,6837.0,United States,MG,3393.0,Dustin Brinkmann,Central
JV0KXH4X,Boris Faz,GTX Plus Pro,Donquadtech,Won,2017-10-09,2017-12-30,6406.0,technolgy,1992-01-01,1712.68,3194.0,United States,GTX,5482.0,Rocco Neubert,East
V9UM2K16,Corliss Cosme,GTX Plus Pro,Kinnamplus,Won,2017-10-09,2017-10-15,5711.0,retail,2004-01-01,702.72,1831.0,United States,GTX,5482.0,Cara Losch,East
SRV6TQ2E,Daniell Hammack,MG Special,Ontomedia,Won,2017-10-09,2017-10-18,58.0,employment,1997-01-01,882.12,2769.0,United States,MG,55.0,Rocco Neubert,East
B24YQ6LA,Garret Kinder,GTX Basic,Zotware,Won,2017-10-09,2017-10-10,552.0,software,1979-01-01,4478.47,13809.0,United States,GTX,550.0,Cara Losch,East
RYELEM60,Garret Kinder,MG Advanced,The New York Inquirer,Won,2017-10-09,2017-10-20,3215.0,medical,1996-01-01,439.21,792.0,United States,MG,3393.0,Cara Losch,East
RL26ZS8F,Gladys Colclough,GTX Basic,Konmatfix,Lost,2017-10-09,2017-11-27,0.0,marketing,1985-01-01,375.43,1190.0,United States,GTX,550.0,Melvin Marxen,Central
JKIAA2TF,James Ascencio,GTX Plus Basic,Finjob,Won,2017-10-09,2017-11-23,1112.0,employment,1988-01-01,2059.9,3644.0,United States,GTX,1096.0,Summer Sewald,West
HTK2UHC8,Jonathan Berthelot,GTX Basic,Stanredtax,Lost,2017-10-09,2017-10-21,0.0,finance,1987-01-01,1698.2,3798.0,United States,GTX,550.0,Melvin Marxen,Central
SPRK2YOB,Jonathan Berthelot,GTX Plus Basic,Warephase,Won,2017-10-09,2017-11-25,1190.0,services,1997-01-01,2041.73,5276.0,United States,GTX,1096.0,Melvin Marxen,Central
8F7VHV02,Kami Bicknell,GTX Basic,Finjob,Won,2017-10-09,2017-12-22,446.0,employment,1988-01-01,2059.9,3644.0,United States,GTX,550.0,Summer Sewald,West
7FGVY6GK,Kami Bicknell,GTX Basic,Konex,Won,2017-10-09,2017-10-10,565.0,technolgy,1980-01-01,7708.38,13756.0,United States,GTX,550.0,Summer Sewald,West
6IZZL97A,Kary Hendrixson,GTX Basic,Singletechno,Lost,2017-10-09,2017-10-18,0.0,retail,1996-01-01,2214.94,5374.0,United States,GTX,550.0,Summer Sewald,West
6U30UYDT,Marty Freudenburg,GTX Plus Basic,Genco Pura Olive Oil Company,Lost,2017-10-09,2017-11-30,0.0,retail,2007-01-01,894.33,1635.0,Italy,GTX,1096.0,Melvin Marxen,Central
ZXOHD0KE,Maureen Marcano,GTX Basic,Sunnamplex,Lost,2017-10-09,2017-10-19,0.0,marketing,2008-01-01,894.37,1593.0,Poland,GTX,550.0,Summer Sewald,West
77Q6KD0O,Niesha Huffines,GTX Basic,Statholdings,Lost,2017-10-09,2017-10-21,0.0,employment,1997-01-01,291.27,586.0,United States,GTX,550.0,Melvin Marxen,Central
JIH6P53I,Niesha Huffines,GTX Plus Basic,Stanredtax,Won,2017-10-09,2017-10-10,1129.0,finance,1987-01-01,1698.2,3798.0,United States,GTX,1096.0,Melvin Marxen,Central
WKTVP5WY,Rosalina Dieter,MG Special,Sunnamplex,Won,2017-10-09,2017-10-10,56.0,marketing,2008-01-01,894.37,1593.0,Poland,MG,55.0,Celia Rouche,West
10N0ZBYO,Rosalina Dieter,MG Advanced,Singletechno,Won,2017-10-09,2017-10-11,3435.0,retail,1996-01-01,2214.94,5374.0,United States,MG,3393.0,Celia Rouche,West
IUVAUQ6I,Versie Hillebrand,MG Advanced,Rangreen,Won,2017-10-09,2017-10-14,3860.0,technolgy,1987-01-01,2938.67,8775.0,Panama,MG,3393.0,Dustin Brinkmann,Central
YH5L64AP,Violet Mclelland,MG Special,Yearin,Lost,2017-10-09,2017-12-23,0.0,retail,2005-01-01,2261.05,3851.0,United States,MG,55.0,Cara Losch,East
A71ENBVA,Zane Levy,GTX Basic,Hottechi,Lost,2017-10-09,2017-10-17,0.0,technolgy,1997-01-01,8170.38,16499.0,Korea,GTX,550.0,Summer Sewald,West
4X8WU71C,Zane Levy,MG Advanced,Condax,Lost,2017-10-09,2017-10-11,0.0,medical,2017-01-01,4.54,9.0,United States,MG,3393.0,Summer Sewald,West
03H4RXBI,Zane Levy,GTX Basic,Y-corporation,Won,2017-10-09,2017-12-17,482.0,employment,1983-01-01,2871.35,9561.0,United States,GTX,550.0,Summer Sewald,West
MQVOQZL7,Anna Snelling,MG Special,Codehow,Lost,2017-10-10,2017-10-19,0.0,software,1998-01-01,2714.9,2641.0,United States,MG,55.0,Dustin Brinkmann,Central
OHD4TPKZ,Anna Snelling,GTX Plus Basic,Gogozoom,Won,2017-10-10,2017-10-11,1166.0,telecommunications,2007-01-01,86.68,187.0,United States,GTX,1096.0,Dustin Brinkmann,Central
V4PVZC5L,Boris Faz,MG Special,Kinnamplus,Lost,2017-10-10,2017-10-18,0.0,retail,2004-01-01,702.72,1831.0,United States,MG,55.0,Rocco Neubert,East
9G85W8XE,Corliss Cosme,GTX Plus Basic,Kan-code,Lost,2017-10-10,2017-10-15,0.0,software,1982-01-01,11698.03,34288.0,United States,GTX,1096.0,Cara Losch,East
S6DXPVLA,Daniell Hammack,GTX Plus Basic,Yearin,Lost,2017-10-10,2017-11-13,0.0,retail,2005-01-01,2261.05,3851.0,United States,GTX,1096.0,Rocco Neubert,East
H41YA4SB,Darcel Schlecht,GTX Plus Basic,Toughzap,Lost,2017-10-10,2017-12-26,0.0,retail,1995-01-01,332.43,799.0,United States,GTX,1096.0,Melvin Marxen,Central
XSQOEHEA,Hayden Neloms,MG Advanced,Lexiqvolax,Lost,2017-10-10,2017-10-15,0.0,medical,2004-01-01,1618.89,3889.0,United States,MG,3393.0,Celia Rouche,West
GQT2DFWZ,Jonathan Berthelot,MG Advanced,Treequote,Won,2017-10-10,2017-10-20,3892.0,telecommunications,1988-01-01,5266.09,8595.0,United States,MG,3393.0,Melvin Marxen,Central
IQ9GMTBR,Kami Bicknell,GTX Basic,Dalttechnology,Won,2017-10-10,2017-10-11,473.0,software,2013-01-01,98.79,96.0,United States,GTX,550.0,Summer Sewald,West
ZR8H455M,Kary Hendrixson,GTX Basic,Groovestreet,Lost,2017-10-10,2017-10-14,0.0,retail,2003-01-01,223.8,299.0,United States,GTX,550.0,Summer Sewald,West
3F2EMUQ7,Kary Hendrixson,GTX Plus Basic,Scotfind,Lost,2017-10-10,2017-10-11,0.0,software,1996-01-01,6354.87,16780.0,United States,GTX,1096.0,Summer Sewald,West
VB26KWQ6,Kary Hendrixson,GTX Basic,Faxquote,Won,2017-10-10,2017-11-20,511.0,telecommunications,1995-01-01,1825.82,5595.0,United States,GTX,550.0,Summer Sewald,West
7J1UD7ZW,Kary Hendrixson,GTX Basic,Hottechi,Won,2017-10-10,2017-10-12,509.0,technolgy,1997-01-01,8170.38,16499.0,Korea,GTX,550.0,Summer Sewald,West
VR6NO9FA,Kary Hendrixson,GTX Basic,Labdrill,Won,2017-10-10,2017-10-22,528.0,medical,1985-01-01,2741.37,9226.0,United States,GTX,550.0,Summer Sewald,West
O8QGRK5P,Kary Hendrixson,GTX Basic,Sunnamplex,Won,2017-10-10,2017-10-14,549.0,marketing,2008-01-01,894.37,1593.0,Poland,GTX,550.0,Summer Sewald,West
BOD1GBJU,Lajuana Vencill,GTX Basic,Rundofase,Lost,2017-10-10,2017-12-25,0.0,technolgy,1983-01-01,1008.06,1238.0,United States,GTX,550.0,Dustin Brinkmann,Central
TN3IRRND,Lajuana Vencill,MG Special,Gogozoom,Lost,2017-10-10,2017-10-19,0.0,telecommunications,2007-01-01,86.68,187.0,United States,MG,55.0,Dustin Brinkmann,Central
PR224V1P,Marty Freudenburg,GTX Basic,Scottech,Lost,2017-10-10,2017-10-19,0.0,marketing,2012-01-01,45.39,100.0,United States,GTX,550.0,Melvin Marxen,Central
60RDU2SZ,Marty Freudenburg,MG Advanced,Globex Corporation,Won,2017-10-10,2017-10-17,3578.0,technolgy,2000-01-01,1223.72,2497.0,Norway,MG,3393.0,Melvin Marxen,Central
X2I316HD,Moses Frase,GTX Basic,dambase,Won,2017-10-10,2017-12-29,523.0,marketing,1995-01-01,2173.98,2928.0,United States,GTX,550.0,Dustin Brinkmann,Central
77UHLYMA,Zane Levy,GTX Basic,Konex,Lost,2017-10-10,2017-10-11,0.0,technolgy,1980-01-01,7708.38,13756.0,United States,GTX,550.0,Summer Sewald,West
VR1XYM23,Zane Levy,GTX Basic,Blackzim,Won,2017-10-10,2017-12-23,551.0,retail,2009-01-01,497.11,1588.0,United States,GTX,550.0,Summer Sewald,West
TQ6BTW2Z,Zane Levy,GTX Basic,Faxquote,Won,2017-10-10,2017-10-18,545.0,telecommunications,1995-01-01,1825.82,5595.0,United States,GTX,550.0,Summer Sewald,West
IVSOSC0E,Zane Levy,GTX Plus Basic,Y-corporation,Won,2017-10-10,2017-10-15,1134.0,employment,1983-01-01,2871.35,9561.0,United States,GTX,1096.0,Summer Sewald,West
KI4LTBV6,Anna Snelling,MG Advanced,Statholdings,Lost,2017-10-11,2017-10-13,0.0,employment,1997-01-01,291.27,586.0,United States,MG,3393.0,Dustin Brinkmann,Central
4VZ0JIVZ,Anna Snelling,MG Advanced,Scottech,Won,2017-10-11,2017-10-16,3434.0,marketing,2012-01-01,45.39,100.0,United States,MG,3393.0,Dustin Brinkmann,Central
FNCXBWHQ,Boris Faz,GTX Basic,Condax,Won,2017-10-11,2017-12-27,505.0,medical,2017-01-01,4.54,9.0,United States,GTX,550.0,Rocco Neubert,East
Q306R9K4,Boris Faz,GTX Plus Basic,Ganjaflex,Won,2017-10-11,2017-10-21,1066.0,retail,1995-01-01,5158.71,17479.0,Japan,GTX,1096.0,Rocco Neubert,East
KHRY7J40,Cassey Cress,GTX Basic,Zathunicon,Won,2017-10-11,2017-11-12,580.0,retail,2010-01-01,71.12,144.0,United States,GTX,550.0,Rocco Neubert,East
46JP2TQB,Darcel Schlecht,GTX Plus Basic,Globex Corporation,Lost,2017-10-11,2017-10-19,0.0,technolgy,2000-01-01,1223.72,2497.0,Norway,GTX,1096.0,Melvin Marxen,Central
W48N7MRO,Darcel Schlecht,GTX Plus Pro,Rundofase,Lost,2017-10-11,2017-10-13,0.0,technolgy,1983-01-01,1008.06,1238.0,United States,GTX,5482.0,Melvin Marxen,Central
X4LSK4OE,Darcel Schlecht,GTX Plus Pro,Treequote,Won,2017-10-11,2017-11-03,6182.0,telecommunications,1988-01-01,5266.09,8595.0,United States,GTX,5482.0,Melvin Marxen,Central
0UOIGVEO,Donn Cantrell,MG Advanced,Gekko & Co,Won,2017-10-11,2017-10-20,3024.0,retail,1990-01-01,2520.83,3502.0,United States,MG,3393.0,Rocco Neubert,East
AK9OXW30,Garret Kinder,MG Special,Ganjaflex,Lost,2017-10-11,2017-10-12,0.0,retail,1995-01-01,5158.71,17479.0,Japan,MG,55.0,Cara Losch,East
CFGYG1EC,James Ascencio,GTX Basic,Green-Plus,Lost,2017-10-11,2017-10-13,0.0,services,2003-01-01,692.19,1922.0,United States,GTX,550.0,Summer Sewald,West
TS3P4VMD,James Ascencio,GTX Plus Pro,Goodsilron,Won,2017-10-11,2017-10-19,6751.0,marketing,2000-01-01,2952.73,5107.0,United States,GTX,5482.0,Summer Sewald,West
8PEB9FHX,James Ascencio,MG Special,Goodsilron,Won,2017-10-11,2017-10-18,54.0,marketing,2000-01-01,2952.73,5107.0,United States,MG,55.0,Summer Sewald,West
V1YT1LP1,Jonathan Berthelot,GTX Basic,Stanredtax,Won,2017-10-11,2017-12-25,592.0,finance,1987-01-01,1698.2,3798.0,United States,GTX,550.0,Melvin Marxen,Central
DTIZX4YN,Jonathan Berthelot,GTX Plus Basic,Cancity,Won,2017-10-11,2017-10-22,969.0,retail,2001-01-01,718.62,2448.0,United States,GTX,1096.0,Melvin Marxen,Central
KMBY0IGV,Kami Bicknell,MG Special,Dalttechnology,Won,2017-10-11,2017-10-12,48.0,software,2013-01-01,98.79,96.0,United States,MG,55.0,Summer Sewald,West
XULGG5K8,Kary Hendrixson,GTX Basic,Konex,Lost,2017-10-11,2017-10-13,0.0,technolgy,1980-01-01,7708.38,13756.0,United States,GTX,550.0,Summer Sewald,West
KP8ZZ3Y6,Kary Hendrixson,GTX Plus Basic,Labdrill,Lost,2017-10-11,2017-12-23,0.0,medical,1985-01-01,2741.37,9226.0,United States,GTX,1096.0,Summer Sewald,West
SBF5S7LF,Kary Hendrixson,GTX Plus Pro,Hatfan,Won,2017-10-11,2017-10-21,6555.0,services,1982-01-01,792.46,1299.0,United States,GTX,5482.0,Summer Sewald,West
YIA65LM2,Lajuana Vencill,MG Advanced,Treequote,Lost,2017-10-11,2017-10-19,0.0,telecommunications,1988-01-01,5266.09,8595.0,United States,MG,3393.0,Dustin Brinkmann,Central
TVBY6CND,Marty Freudenburg,GTX Plus Pro,Bioholding,Won,2017-10-11,2017-12-15,5271.0,medical,2012-01-01,587.34,1356.0,Philipines,GTX,5482.0,Melvin Marxen,Central
OHOWVHYX,Rosalina Dieter,MG Advanced,Zoomit,Engaging,2017-10-11,,,entertainment,1992-01-01,324.19,978.0,United States,MG,3393.0,Celia Rouche,West
EC9H6XHB,Rosie Papadopoulos,MG Special,Kan-code,Lost,2017-10-11,2017-11-22,0.0,software,1982-01-01,11698.03,34288.0,United States,MG,55.0,Cara Losch,East
47QKNXLO,Rosie Papadopoulos,GTX Basic,Yearin,Won,2017-10-11,2017-12-10,472.0,retail,2005-01-01,2261.05,3851.0,United States,GTX,550.0,Cara Losch,East
VW2PJALW,Versie Hillebrand,GTX Plus Pro,Cancity,Won,2017-10-11,2017-11-29,5211.0,retail,2001-01-01,718.62,2448.0,United States,GTX,5482.0,Dustin Brinkmann,Central
GVLIYD9A,Vicki Laflamme,GTX Basic,Y-corporation,Won,2017-10-11,2017-12-11,430.0,employment,1983-01-01,2871.35,9561.0,United States,GTX,550.0,Celia Rouche,West
F761DF0M,Zane Levy,GTX Basic,Silis,Engaging,2017-10-11,,,medical,1994-01-01,2818.38,6290.0,United States,GTX,550.0,Summer Sewald,West
II1GOQWL,Zane Levy,GTX Basic,Fasehatice,Lost,2017-10-11,2017-10-20,0.0,retail,1990-01-01,4968.91,7523.0,United States,GTX,550.0,Summer Sewald,West
QYYOVTHC,Boris Faz,GTX Plus Basic,Umbrella Corporation,Lost,2017-10-12,2017-10-19,0.0,finance,1998-01-01,2022.14,5113.0,United States,GTX,1096.0,Rocco Neubert,East
AADN7F5T,Darcel Schlecht,MG Special,Zumgoity,Lost,2017-10-12,2017-10-17,0.0,medical,1984-01-01,441.08,1210.0,United States,MG,55.0,Melvin Marxen,Central
U8CWFFRH,Jonathan Berthelot,MG Advanced,Ron-tech,Lost,2017-10-12,2017-10-13,0.0,medical,1992-01-01,3922.42,6837.0,United States,MG,3393.0,Melvin Marxen,Central
35HVN8Q3,Jonathan Berthelot,GTX Basic,Scottech,Won,2017-10-12,2017-10-21,528.0,marketing,2012-01-01,45.39,100.0,United States,GTX,550.0,Melvin Marxen,Central
UYZQCWAC,Jonathan Berthelot,MG Advanced,Conecom,Won,2017-10-12,2017-12-06,3203.0,technolgy,2005-01-01,1520.66,1806.0,United States,MG,3393.0,Melvin Marxen,Central
K0YFUK4X,Kami Bicknell,GTX Basic,Scotfind,Won,2017-10-12,2017-11-02,549.0,software,1996-01-01,6354.87,16780.0,United States,GTX,550.0,Summer Sewald,West
TUL0TZSR,Kary Hendrixson,GTX Basic,Dalttechnology,Won,2017-10-12,2017-10-23,594.0,software,2013-01-01,98.79,96.0,United States,GTX,550.0,Summer Sewald,West
LS2A22IA,Lajuana Vencill,GTX Basic,Globex Corporation,Lost,2017-10-12,2017-10-21,0.0,technolgy,2000-01-01,1223.72,2497.0,Norway,GTX,550.0,Dustin Brinkmann,Central
L5K0S1U3,Lajuana Vencill,GTX Basic,Globex Corporation,Lost,2017-10-12,2017-10-22,0.0,technolgy,2000-01-01,1223.72,2497.0,Norway,GTX,550.0,Dustin Brinkmann,Central
82LY53FE,Markita Hansen,GTX Basic,Labdrill,Won,2017-10-12,2017-11-01,529.0,medical,1985-01-01,2741.37,9226.0,United States,GTX,550.0,Celia Rouche,West
D00FIU21,Moses Frase,GTX Basic,Finhigh,Won,2017-10-12,2017-12-11,457.0,finance,2006-01-01,1102.43,1759.0,United States,GTX,550.0,Dustin Brinkmann,Central
C48I5WD9,Moses Frase,MG Advanced,Warephase,Won,2017-10-12,2017-10-13,3090.0,services,1997-01-01,2041.73,5276.0,United States,MG,3393.0,Dustin Brinkmann,Central
HG0N3NJ4,Reed Clapper,MG Special,Zencorporation,Won,2017-10-12,2017-10-14,53.0,technolgy,2011-01-01,40.79,142.0,China,MG,55.0,Rocco Neubert,East
5ZUKTSJV,Violet Mclelland,GTX Plus Basic,Gekko & Co,Won,2017-10-12,2017-10-17,1004.0,retail,1990-01-01,2520.83,3502.0,United States,GTX,1096.0,Cara Losch,East
CD5B8P8U,Zane Levy,MG Advanced,Hottechi,Lost,2017-10-12,2017-10-19,0.0,technolgy,1997-01-01,8170.38,16499.0,Korea,MG,3393.0,Summer Sewald,West
MBYY3F5P,Zane Levy,GTX Basic,J-Texon,Won,2017-10-12,2017-10-21,696.0,retail,1989-01-01,1388.67,3583.0,United States,GTX,550.0,Summer Sewald,West
0V9YEQDU,Anna Snelling,MG Special,Treequote,Lost,2017-10-13,2017-10-22,0.0,telecommunications,1988-01-01,5266.09,8595.0,United States,MG,55.0,Dustin Brinkmann,Central
76GEYK0T,Cassey Cress,GTX Plus Basic,Opentech,Won,2017-10-13,2017-10-23,888.0,finance,1994-01-01,355.23,853.0,United States,GTX,1096.0,Rocco Neubert,East
0QUXNGR1,Cecily Lampkin,MG Advanced,Warephase,Lost,2017-10-13,2017-10-18,0.0,services,1997-01-01,2041.73,5276.0,United States,MG,3393.0,Dustin Brinkmann,Central
4N9E1F86,Corliss Cosme,GTX Plus Basic,Zathunicon,Lost,2017-10-13,2017-10-20,0.0,retail,2010-01-01,71.12,144.0,United States,GTX,1096.0,Cara Losch,East
895XMROB,Corliss Cosme,GTX Plus Pro,Yearin,Lost,2017-10-13,2017-11-21,0.0,retail,2005-01-01,2261.05,3851.0,United States,GTX,5482.0,Cara Losch,East
933OT3AE,Darcel Schlecht,MG Advanced,Ron-tech,Won,2017-10-13,2017-10-14,3475.0,medical,1992-01-01,3922.42,6837.0,United States,MG,3393.0,Melvin Marxen,Central
5HDKACI4,Donn Cantrell,GTX Basic,Initech,Lost,2017-10-13,2017-10-15,0.0,telecommunications,1994-01-01,6395.05,20275.0,United States,GTX,550.0,Rocco Neubert,East
GVEUKZ72,Donn Cantrell,MG Special,Donware,Lost,2017-10-13,2017-12-09,0.0,marketing,1999-01-01,1197.44,2570.0,United States,MG,55.0,Rocco Neubert,East
YHOVVBSP,Donn Cantrell,MG Advanced,Kan-code,Lost,2017-10-13,2017-12-10,0.0,software,1982-01-01,11698.03,34288.0,United States,MG,3393.0,Rocco Neubert,East
ZN6HXJ5F,Hayden Neloms,GTX Plus Basic,Rantouch,Lost,2017-10-13,2017-10-20,0.0,telecommunications,1994-01-01,1188.42,3015.0,United States,GTX,1096.0,Celia Rouche,West
3IQ19UZ2,Hayden Neloms,MG Advanced,Kan-code,Won,2017-10-13,2017-10-14,3250.0,software,1982-01-01,11698.03,34288.0,United States,MG,3393.0,Celia Rouche,West
R2CG5WED,James Ascencio,GTX Plus Pro,Singletechno,Lost,2017-10-13,2017-12-03,0.0,retail,1996-01-01,2214.94,5374.0,United States,GTX,5482.0,Summer Sewald,West
ORYORRQV,Kary Hendrixson,GTX Basic,Hottechi,Engaging,2017-10-13,,,technolgy,1997-01-01,8170.38,16499.0,Korea,GTX,550.0,Summer Sewald,West
GH0FU105,Markita Hansen,MG Advanced,Nam-zim,Lost,2017-10-13,2017-10-18,0.0,services,1987-01-01,405.59,1179.0,Brazil,MG,3393.0,Celia Rouche,West
NDIZ18GW,Maureen Marcano,MG Advanced,Cheers,Lost,2017-10-13,2017-10-25,0.0,entertainment,1993-01-01,4269.9,6472.0,United States,MG,3393.0,Summer Sewald,West
BRIOGGKC,Moses Frase,MG Advanced,Inity,Lost,2017-10-13,2017-11-29,0.0,marketing,1986-01-01,2403.58,8801.0,United States,MG,3393.0,Dustin Brinkmann,Central
GZYL4SG1,Moses Frase,GTX Plus Basic,Rangreen,Won,2017-10-13,2017-10-26,978.0,technolgy,1987-01-01,2938.67,8775.0,Panama,GTX,1096.0,Dustin Brinkmann,Central
7ZASHEBX,Reed Clapper,MG Special,Bubba Gump,Won,2017-10-13,2017-12-14,49.0,software,2002-01-01,987.39,2253.0,United States,MG,55.0,Rocco Neubert,East
WJ9JNMJ2,Versie Hillebrand,MG Special,Stanredtax,Won,2017-10-13,2017-10-24,49.0,finance,1987-01-01,1698.2,3798.0,United States,MG,55.0,Dustin Brinkmann,Central
N3OWNMD3,Vicki Laflamme,GTX Plus Pro,Xx-holding,Lost,2017-10-13,2017-10-22,0.0,finance,1993-01-01,7537.24,20293.0,United States,GTX,5482.0,Celia Rouche,West
8U3LICIW,Vicki Laflamme,GTX Basic,Hottechi,Won,2017-10-13,2017-12-10,563.0,technolgy,1997-01-01,8170.38,16499.0,Korea,GTX,550.0,Celia Rouche,West
JALBPRSF,Violet Mclelland,GTX Plus Basic,Umbrella Corporation,Lost,2017-10-13,2017-10-21,0.0,finance,1998-01-01,2022.14,5113.0,United States,GTX,1096.0,Cara Losch,East
0E1HHXGB,Violet Mclelland,MG Special,Donware,Lost,2017-10-13,2017-10-15,0.0,marketing,1999-01-01,1197.44,2570.0,United States,MG,55.0,Cara Losch,East
MJXPSHYT,Violet Mclelland,MG Special,Zencorporation,Won,2017-10-13,2017-10-24,53.0,technolgy,2011-01-01,40.79,142.0,China,MG,55.0,Cara Losch,East
AF8SULB0,Cecily Lampkin,GTX Plus Basic,Rangreen,Won,2017-10-14,2017-10-26,1168.0,technolgy,1987-01-01,2938.67,8775.0,Panama,GTX,1096.0,Dustin Brinkmann,Central
N8BM4XEP,Corliss Cosme,GTX Basic,The New York Inquirer,Won,2017-10-14,2017-11-17,560.0,medical,1996-01-01,439.21,792.0,United States,GTX,550.0,Cara Losch,East
FZGBRGHF,Daniell Hammack,GTX Plus Basic,Gekko & Co,Lost,2017-10-14,2017-12-30,0.0,retail,1990-01-01,2520.83,3502.0,United States,GTX,1096.0,Rocco Neubert,East
GRO3S3HV,Darcel Schlecht,MG Special,Bioholding,Lost,2017-10-14,2017-10-21,0.0,medical,2012-01-01,587.34,1356.0,Philipines,MG,55.0,Melvin Marxen,Central
R0S5FZ1G,Donn Cantrell,MG Special,Donware,Lost,2017-10-14,2017-11-01,0.0,marketing,1999-01-01,1197.44,2570.0,United States,MG,55.0,Rocco Neubert,East
G58GOO4N,Garret Kinder,GTX Basic,Opentech,Lost,2017-10-14,2017-10-18,0.0,finance,1994-01-01,355.23,853.0,United States,GTX,550.0,Cara Losch,East
JF0F2J5W,Garret Kinder,GTX Plus Basic,Donquadtech,Lost,2017-10-14,2017-10-15,0.0,technolgy,1992-01-01,1712.68,3194.0,United States,GTX,1096.0,Cara Losch,East
93AE6QM4,Hayden Neloms,GTX Plus Basic,Hatfan,Won,2017-10-14,2017-10-15,881.0,services,1982-01-01,792.46,1299.0,United States,GTX,1096.0,Celia Rouche,West
0YM4VJDP,James Ascencio,GTX Basic,Finjob,Lost,2017-10-14,2017-11-30,0.0,employment,1988-01-01,2059.9,3644.0,United States,GTX,550.0,Summer Sewald,West
ICD9OMSF,Jonathan Berthelot,GTX Basic,Conecom,Won,2017-10-14,2017-10-22,472.0,technolgy,2005-01-01,1520.66,1806.0,United States,GTX,550.0,Melvin Marxen,Central
IHJEX21Z,Kami Bicknell,GTX Basic,Newex,Won,2017-10-14,2017-12-03,562.0,services,1991-01-01,1012.72,3492.0,Germany,GTX,550.0,Summer Sewald,West
8JORJ1SS,Lajuana Vencill,GTX Basic,Conecom,Lost,2017-10-14,2017-10-20,0.0,technolgy,2005-01-01,1520.66,1806.0,United States,GTX,550.0,Dustin Brinkmann,Central
0NKINI7S,Lajuana Vencill,MG Special,Toughzap,Won,2017-10-14,2017-10-16,42.0,retail,1995-01-01,332.43,799.0,United States,MG,55.0,Dustin Brinkmann,Central
OB3OK8BQ,Marty Freudenburg,GTX Basic,Dontechi,Won,2017-10-14,2017-12-26,615.0,software,1982-01-01,4618.0,10083.0,United States,GTX,550.0,Melvin Marxen,Central
5S3RN7H2,Niesha Huffines,GTX Plus Basic,Ron-tech,Lost,2017-10-14,2017-12-31,0.0,medical,1992-01-01,3922.42,6837.0,United States,GTX,1096.0,Melvin Marxen,Central
6YCRJK5W,Rosalina Dieter,MG Advanced,Newex,Lost,2017-10-14,2017-10-23,0.0,services,1991-01-01,1012.72,3492.0,Germany,MG,3393.0,Celia Rouche,West
FDMK85GD,Versie Hillebrand,MG Special,Scottech,Won,2017-10-14,2017-10-22,58.0,marketing,2012-01-01,45.39,100.0,United States,MG,55.0,Dustin Brinkmann,Central
EVKQXZV6,Vicki Laflamme,MG Special,Green-Plus,Lost,2017-10-14,2017-11-01,0.0,services,2003-01-01,692.19,1922.0,United States,MG,55.0,Celia Rouche,West
IDO6PU1B,Zane Levy,GTX Plus Pro,Hatfan,Lost,2017-10-14,2017-10-23,0.0,services,1982-01-01,792.46,1299.0,United States,GTX,5482.0,Summer Sewald,West
9GSBUJMH,Anna Snelling,MG Special,Isdom,Lost,2017-10-15,2017-10-24,0.0,medical,2002-01-01,3178.24,4540.0,United States,MG,55.0,Dustin Brinkmann,Central
ECB42PGL,Cassey Cress,GTX Plus Pro,Zotware,Lost,2017-10-15,2017-10-24,0.0,software,1979-01-01,4478.47,13809.0,United States,GTX,5482.0,Rocco Neubert,East
PYIP2H5Z,Cecily Lampkin,MG Advanced,Streethex,Lost,2017-10-15,2017-10-16,0.0,retail,1988-01-01,1376.8,1165.0,Belgium,MG,3393.0,Dustin Brinkmann,Central
129P48QP,Daniell Hammack,GTX Plus Pro,Ganjaflex,Lost,2017-10-15,2017-10-25,0.0,retail,1995-01-01,5158.71,17479.0,Japan,GTX,5482.0,Rocco Neubert,East
IQRA0Q8C,Darcel Schlecht,GTX Plus Basic,Ron-tech,Won,2017-10-15,2017-10-16,1154.0,medical,1992-01-01,3922.42,6837.0,United States,GTX,1096.0,Melvin Marxen,Central
03R1VC7O,Donn Cantrell,GTX Plus Basic,Condax,Won,2017-10-15,2017-10-28,1062.0,medical,2017-01-01,4.54,9.0,United States,GTX,1096.0,Rocco Neubert,East
8EX2PGAY,Hayden Neloms,MG Special,Faxquote,Lost,2017-10-15,2017-10-21,0.0,telecommunications,1995-01-01,1825.82,5595.0,United States,MG,55.0,Celia Rouche,West
C0H6SU2X,Hayden Neloms,GTX Plus Basic,Groovestreet,Won,2017-10-15,2017-12-20,954.0,retail,2003-01-01,223.8,299.0,United States,GTX,1096.0,Celia Rouche,West
94JOUSW7,Kary Hendrixson,GTX Basic,Finjob,Lost,2017-10-15,2017-10-23,0.0,employment,1988-01-01,2059.9,3644.0,United States,GTX,550.0,Summer Sewald,West
9RC58SP0,Kary Hendrixson,GTX Basic,Konex,Lost,2017-10-15,2017-10-26,0.0,technolgy,1980-01-01,7708.38,13756.0,United States,GTX,550.0,Summer Sewald,West
XFNYWN7B,Kary Hendrixson,GTX Plus Basic,Xx-holding,Won,2017-10-15,2017-10-16,868.0,finance,1993-01-01,7537.24,20293.0,United States,GTX,1096.0,Summer Sewald,West
6NFIUDKS,Kary Hendrixson,GTX Plus Pro,Doncon,Won,2017-10-15,2017-11-26,5867.0,technolgy,2010-01-01,587.72,1501.0,United States,GTX,5482.0,Summer Sewald,West
SWKGC34P,Lajuana Vencill,MG Special,dambase,Lost,2017-10-15,2017-10-21,0.0,marketing,1995-01-01,2173.98,2928.0,United States,MG,55.0,Dustin Brinkmann,Central
C3Y94J5R,Marty Freudenburg,GTX Plus Pro,Globex Corporation,Lost,2017-10-15,2017-10-24,0.0,technolgy,2000-01-01,1223.72,2497.0,Norway,GTX,5482.0,Melvin Marxen,Central
LFM4SMIA,Moses Frase,GTX Plus Pro,Codehow,Won,2017-10-15,2017-10-23,5449.0,software,1998-01-01,2714.9,2641.0,United States,GTX,5482.0,Dustin Brinkmann,Central
MEXK5KU6,Reed Clapper,MG Advanced,The New York Inquirer,Lost,2017-10-15,2017-12-27,0.0,medical,1996-01-01,439.21,792.0,United States,MG,3393.0,Rocco Neubert,East
UDXS7H12,Reed Clapper,GTX Plus Pro,Initech,Won,2017-10-15,2017-11-28,4500.0,telecommunications,1994-01-01,6395.05,20275.0,United States,GTX,5482.0,Rocco Neubert,East
4G61Z1HD,Versie Hillebrand,MG Special,Inity,Lost,2017-10-15,2017-10-25,0.0,marketing,1986-01-01,2403.58,8801.0,United States,MG,55.0,Dustin Brinkmann,Central
X4KAK55N,Wilburn Farren,MG Special,Sumace,Won,2017-10-15,2017-10-23,51.0,retail,2000-01-01,167.89,493.0,Romania,MG,55.0,Cara Losch,East
AHOYDL01,Zane Levy,GTX Plus Pro,Dalttechnology,Won,2017-10-15,2017-10-23,6637.0,software,2013-01-01,98.79,96.0,United States,GTX,5482.0,Summer Sewald,West
R5ILWVDD,Anna Snelling,MG Special,Stanredtax,Won,2017-10-16,2017-12-13,57.0,finance,1987-01-01,1698.2,3798.0,United States,MG,55.0,Dustin Brinkmann,Central
J5WP57XS,Cecily Lampkin,GTX Plus Basic,Statholdings,Won,2017-10-16,2017-11-03,990.0,employment,1997-01-01,291.27,586.0,United States,GTX,1096.0,Dustin Brinkmann,Central
Z173R82Y,Daniell Hammack,GTX Plus Basic,Sumace,Won,2017-10-16,2017-12-25,1008.0,retail,2000-01-01,167.89,493.0,Romania,GTX,1096.0,Rocco Neubert,East
03X37HOO,Darcel Schlecht,MG Special,Zumgoity,Lost,2017-10-16,2017-10-17,0.0,medical,1984-01-01,441.08,1210.0,United States,MG,55.0,Melvin Marxen,Central
Y4SN1R3L,Darcel Schlecht,MG Advanced,Conecom,Won,2017-10-16,2017-10-17,3490.0,technolgy,2005-01-01,1520.66,1806.0,United States,MG,3393.0,Melvin Marxen,Central
CX3PZ8DP,Donn Cantrell,GTX Basic,Initech,Lost,2017-10-16,2017-10-26,0.0,telecommunications,1994-01-01,6395.05,20275.0,United States,GTX,550.0,Rocco Neubert,East
V7DY5VAP,Gladys Colclough,MG Special,Codehow,Lost,2017-10-16,2017-10-24,0.0,software,1998-01-01,2714.9,2641.0,United States,MG,55.0,Melvin Marxen,Central
JLB353E4,Hayden Neloms,MG Advanced,Cheers,Won,2017-10-16,2017-10-20,3744.0,entertainment,1993-01-01,4269.9,6472.0,United States,MG,3393.0,Celia Rouche,West
8U59BH8O,Kary Hendrixson,GTX Basic,Faxquote,Lost,2017-10-16,2017-10-26,0.0,telecommunications,1995-01-01,1825.82,5595.0,United States,GTX,550.0,Summer Sewald,West
BZR75SK1,Kary Hendrixson,GTX Basic,Singletechno,Lost,2017-10-16,2017-10-21,0.0,retail,1996-01-01,2214.94,5374.0,United States,GTX,550.0,Summer Sewald,West
48HBI36Y,Kary Hendrixson,GTX Basic,Nam-zim,Won,2017-10-16,2017-11-12,591.0,services,1987-01-01,405.59,1179.0,Brazil,GTX,550.0,Summer Sewald,West
ME7IZ1WY,Kary Hendrixson,MG Special,Dalttechnology,Won,2017-10-16,2017-10-24,48.0,software,2013-01-01,98.79,96.0,United States,MG,55.0,Summer Sewald,West
STC921ZX,Markita Hansen,GTX Plus Basic,Golddex,Won,2017-10-16,2017-10-23,1060.0,finance,2008-01-01,52.5,165.0,United States,GTX,1096.0,Celia Rouche,West
MJRDXH1B,Marty Freudenburg,GTX Plus Basic,Hottechi,Lost,2017-10-16,2017-10-21,0.0,technolgy,1997-01-01,8170.38,16499.0,Korea,GTX,1096.0,Melvin Marxen,Central
W2QJUK1Y,Moses Frase,GTX Basic,Betatech,Won,2017-10-16,2017-10-28,562.0,medical,1986-01-01,647.18,1185.0,Kenya,GTX,550.0,Dustin Brinkmann,Central
B05SO4C6,Niesha Huffines,GTX Plus Basic,Hottechi,Lost,2017-10-16,2017-11-19,0.0,technolgy,1997-01-01,8170.38,16499.0,Korea,GTX,1096.0,Melvin Marxen,Central
P570QB1D,Versie Hillebrand,MG Special,Isdom,Won,2017-10-16,2017-10-17,57.0,medical,2002-01-01,3178.24,4540.0,United States,MG,55.0,Dustin Brinkmann,Central
IWS4PKPP,Vicki Laflamme,GTX Basic,Green-Plus,Won,2017-10-16,2017-12-21,535.0,services,2003-01-01,692.19,1922.0,United States,GTX,550.0,Celia Rouche,West
0W8VWJDS,Vicki Laflamme,MG Special,Lexiqvolax,Won,2017-10-16,2017-10-18,56.0,medical,2004-01-01,1618.89,3889.0,United States,MG,55.0,Celia Rouche,West
5J9ELX2Y,Zane Levy,GTX Plus Pro,Goodsilron,Won,2017-10-16,2017-10-23,4942.0,marketing,2000-01-01,2952.73,5107.0,United States,GTX,5482.0,Summer Sewald,West
SQE6KE7V,Anna Snelling,MG Special,dambase,Won,2017-10-17,2017-10-23,55.0,marketing,1995-01-01,2173.98,2928.0,United States,MG,55.0,Dustin Brinkmann,Central
LH03MJX5,Boris Faz,GTX Plus Pro,Yearin,Lost,2017-10-17,2017-10-25,0.0,retail,2005-01-01,2261.05,3851.0,United States,GTX,5482.0,Rocco Neubert,East
KXTUVDLU,Corliss Cosme,MG Advanced,Plussunin,Lost,2017-10-17,2017-12-13,0.0,retail,2003-01-01,1419.98,4018.0,United States,MG,3393.0,Cara Losch,East
AZCY0HUP,Markita Hansen,GTX Basic,Hatfan,Lost,2017-10-17,2017-10-23,0.0,services,1982-01-01,792.46,1299.0,United States,GTX,550.0,Celia Rouche,West
7CMG05CY,Markita Hansen,MG Special,Goodsilron,Lost,2017-10-17,2017-10-26,0.0,marketing,2000-01-01,2952.73,5107.0,United States,MG,55.0,Celia Rouche,West
KDNNV952,Markita Hansen,MG Special,Nam-zim,Lost,2017-10-17,2017-10-26,0.0,services,1987-01-01,405.59,1179.0,Brazil,MG,55.0,Celia Rouche,West
1UPVYK3H,Marty Freudenburg,MG Special,dambase,Won,2017-10-17,2017-10-26,64.0,marketing,1995-01-01,2173.98,2928.0,United States,MG,55.0,Melvin Marxen,Central
MUODVNBC,Versie Hillebrand,MG Special,Betatech,Won,2017-10-17,2017-10-27,54.0,medical,1986-01-01,647.18,1185.0,Kenya,MG,55.0,Dustin Brinkmann,Central
02G0NJCN,Vicki Laflamme,MG Special,Xx-holding,Won,2017-10-17,2017-10-26,68.0,finance,1993-01-01,7537.24,20293.0,United States,MG,55.0,Celia Rouche,West
76V79SHZ,Violet Mclelland,GTX Plus Basic,Betasoloin,Lost,2017-10-17,2017-10-18,0.0,medical,1999-01-01,251.41,495.0,United States,GTX,1096.0,Cara Losch,East
7JMQM7XK,Violet Mclelland,MG Special,The New York Inquirer,Lost,2017-10-17,2017-10-18,0.0,medical,1996-01-01,439.21,792.0,United States,MG,55.0,Cara Losch,East
PIPQZ9SQ,Wilburn Farren,MG Special,Massive Dynamic,Lost,2017-10-17,2017-10-19,0.0,entertainment,1989-01-01,665.06,1095.0,United States,MG,55.0,Cara Losch,East
NXHAAD08,Zane Levy,GTX Plus Basic,Kan-code,Won,2017-10-17,2017-12-10,1129.0,software,1982-01-01,11698.03,34288.0,United States,GTX,1096.0,Summer Sewald,West
ABMVTEUH,Cassey Cress,MG Advanced,The New York Inquirer,Lost,2017-10-18,2017-10-19,0.0,medical,1996-01-01,439.21,792.0,United States,MG,3393.0,Rocco Neubert,East
9Q710H4R,Cecily Lampkin,GTX Plus Basic,Inity,Won,2017-10-18,2017-10-20,1200.0,marketing,1986-01-01,2403.58,8801.0,United States,GTX,1096.0,Dustin Brinkmann,Central
4QU2EXEY,Cecily Lampkin,MG Advanced,Globex Corporation,Won,2017-10-18,2017-12-19,3164.0,technolgy,2000-01-01,1223.72,2497.0,Norway,MG,3393.0,Dustin Brinkmann,Central
3MKAQ2YI,Corliss Cosme,GTX Plus Basic,Konex,Lost,2017-10-18,2017-10-25,0.0,technolgy,1980-01-01,7708.38,13756.0,United States,GTX,1096.0,Cara Losch,East
42CA70FG,Corliss Cosme,MG Advanced,Zotware,Won,2017-10-18,2017-10-26,3225.0,software,1979-01-01,4478.47,13809.0,United States,MG,3393.0,Cara Losch,East
R2C8A8SA,Daniell Hammack,GTX Plus Basic,Massive Dynamic,Lost,2017-10-18,2017-11-05,0.0,entertainment,1989-01-01,665.06,1095.0,United States,GTX,1096.0,Rocco Neubert,East
6QAWMSU2,Donn Cantrell,GTX Basic,Bluth Company,Lost,2017-10-18,2017-10-24,0.0,technolgy,1993-01-01,1242.32,3027.0,United States,GTX,550.0,Rocco Neubert,East
Z216TKEU,Elease Gluck,MG Special,Singletechno,Won,2017-10-18,2017-10-20,47.0,retail,1996-01-01,2214.94,5374.0,United States,MG,55.0,Celia Rouche,West
9EHFBSBG,Garret Kinder,GTX Plus Pro,Konex,Won,2017-10-18,2017-10-25,4751.0,technolgy,1980-01-01,7708.38,13756.0,United States,GTX,5482.0,Cara Losch,East
6SP45G3T,Gladys Colclough,MG Advanced,Konmatfix,Lost,2017-10-18,2017-10-24,0.0,marketing,1985-01-01,375.43,1190.0,United States,MG,3393.0,Melvin Marxen,Central
7U28UXIL,Hayden Neloms,MG Advanced,Green-Plus,Lost,2017-10-18,2017-10-19,0.0,services,2003-01-01,692.19,1922.0,United States,MG,3393.0,Celia Rouche,West
V2YD7XYV,Hayden Neloms,MG Special,Y-corporation,Won,2017-10-18,2017-12-20,51.0,employment,1983-01-01,2871.35,9561.0,United States,MG,55.0,Celia Rouche,West
1GVU0QTO,Hayden Neloms,MG Advanced,Singletechno,Won,2017-10-18,2017-10-22,3696.0,retail,1996-01-01,2214.94,5374.0,United States,MG,3393.0,Celia Rouche,West
IHBYI8IO,Kami Bicknell,MG Advanced,Groovestreet,Won,2017-10-18,2017-10-24,3536.0,retail,2003-01-01,223.8,299.0,United States,MG,3393.0,Summer Sewald,West
M5NUUVA4,Kary Hendrixson,GTX Basic,Dalttechnology,Lost,2017-10-18,2017-11-22,0.0,software,2013-01-01,98.79,96.0,United States,GTX,550.0,Summer Sewald,West
XKYQ16FS,Kary Hendrixson,MG Special,Nam-zim,Lost,2017-10-18,2017-11-05,0.0,services,1987-01-01,405.59,1179.0,Brazil,MG,55.0,Summer Sewald,West
VVM450RP,Kary Hendrixson,MG Special,Plusstrip,Won,2017-10-18,2017-12-17,59.0,entertainment,2002-01-01,349.81,315.0,United States,MG,55.0,Summer Sewald,West
60KWQS2V,Lajuana Vencill,GTX Basic,Funholding,Won,2017-10-18,2017-10-20,474.0,finance,1991-01-01,2819.5,7227.0,United States,GTX,550.0,Dustin Brinkmann,Central
1RND0S0B,Marty Freudenburg,MG Special,Bioholding,Won,2017-10-18,2017-10-30,43.0,medical,2012-01-01,587.34,1356.0,Philipines,MG,55.0,Melvin Marxen,Central
WI0LMD20,Marty Freudenburg,MG Special,Hottechi,Won,2017-10-18,2017-12-19,60.0,technolgy,1997-01-01,8170.38,16499.0,Korea,MG,55.0,Melvin Marxen,Central
4XPRCRX0,Niesha Huffines,GTX Basic,Treequote,Lost,2017-10-18,2017-10-29,0.0,telecommunications,1988-01-01,5266.09,8595.0,United States,GTX,550.0,Melvin Marxen,Central
5UEA6KVU,Niesha Huffines,GTX Basic,Ron-tech,Won,2017-10-18,2017-10-27,461.0,medical,1992-01-01,3922.42,6837.0,United States,GTX,550.0,Melvin Marxen,Central
GAUSPPYM,Reed Clapper,GTX Plus Basic,Xx-zobam,Lost,2017-10-18,2017-12-11,0.0,entertainment,1989-01-01,3838.39,8274.0,United States,GTX,1096.0,Rocco Neubert,East
3Y1LN6CQ,Reed Clapper,MG Special,Gekko & Co,Won,2017-10-18,2017-10-19,54.0,retail,1990-01-01,2520.83,3502.0,United States,MG,55.0,Rocco Neubert,East
W7GVI03S,Rosalina Dieter,MG Special,Plusstrip,Lost,2017-10-18,2017-12-02,0.0,entertainment,2002-01-01,349.81,315.0,United States,MG,55.0,Celia Rouche,West
7RFTN4WI,Rosie Papadopoulos,GTX Plus Basic,Umbrella Corporation,Lost,2017-10-18,2017-10-25,0.0,finance,1998-01-01,2022.14,5113.0,United States,GTX,1096.0,Cara Losch,East
K00YH5XA,Rosie Papadopoulos,MG Special,Initech,Lost,2017-10-18,2017-10-28,0.0,telecommunications,1994-01-01,6395.05,20275.0,United States,MG,55.0,Cara Losch,East
ZXIHEEV2,Vicki Laflamme,GTX Basic,Doncon,Lost,2017-10-18,2017-12-31,0.0,technolgy,2010-01-01,587.72,1501.0,United States,GTX,550.0,Celia Rouche,West
WPSHVGDZ,Vicki Laflamme,MG Advanced,Hottechi,Lost,2017-10-18,2017-10-24,0.0,technolgy,1997-01-01,8170.38,16499.0,Korea,MG,3393.0,Celia Rouche,West
DXAO9R8N,Vicki Laflamme,MG Advanced,Rantouch,Won,2017-10-18,2017-10-27,3363.0,telecommunications,1994-01-01,1188.42,3015.0,United States,MG,3393.0,Celia Rouche,West
PN0IWJ0N,Anna Snelling,GTX Plus Basic,Hottechi,Won,2017-10-19,2017-10-30,1089.0,technolgy,1997-01-01,8170.38,16499.0,Korea,GTX,1096.0,Dustin Brinkmann,Central
7FVUE0GY,Cassey Cress,GTX Plus Basic,Acme Corporation,Won,2017-10-19,2017-10-21,1096.0,technolgy,1996-01-01,1100.04,2822.0,United States,GTX,1096.0,Rocco Neubert,East
FAIFAGJM,Cecily Lampkin,MG Special,Ron-tech,Won,2017-10-19,2017-10-29,62.0,medical,1992-01-01,3922.42,6837.0,United States,MG,55.0,Dustin Brinkmann,Central
IKDFG91F,Corliss Cosme,MG Advanced,Kan-code,Lost,2017-10-19,2017-12-26,0.0,software,1982-01-01,11698.03,34288.0,United States,MG,3393.0,Cara Losch,East
BP3I9G0F,Corliss Cosme,GTX Plus Basic,Konex,Won,2017-10-19,2017-10-21,1105.0,technolgy,1980-01-01,7708.38,13756.0,United States,GTX,1096.0,Cara Losch,East
UUCSEHJX,Darcel Schlecht,GTX Plus Pro,Warephase,Won,2017-10-19,2017-10-27,6276.0,services,1997-01-01,2041.73,5276.0,United States,GTX,5482.0,Melvin Marxen,Central
CWVAO587,Garret Kinder,GTX Basic,Ontomedia,Lost,2017-10-19,2017-10-26,0.0,employment,1997-01-01,882.12,2769.0,United States,GTX,550.0,Cara Losch,East
YDZZNTEZ,Garret Kinder,MG Advanced,Opentech,Won,2017-10-19,2017-11-01,3422.0,finance,1994-01-01,355.23,853.0,United States,MG,3393.0,Cara Losch,East
O1DTVNH2,Gladys Colclough,MG Special,Hottechi,Lost,2017-10-19,2017-10-20,0.0,technolgy,1997-01-01,8170.38,16499.0,Korea,MG,55.0,Melvin Marxen,Central
ENL7MDL2,Hayden Neloms,GTX Plus Basic,Hottechi,Won,2017-10-19,2017-10-28,1226.0,technolgy,1997-01-01,8170.38,16499.0,Korea,GTX,1096.0,Celia Rouche,West
CLHPJZHP,Hayden Neloms,GTX Plus Pro,J-Texon,Won,2017-10-19,2017-10-25,4552.0,retail,1989-01-01,1388.67,3583.0,United States,GTX,5482.0,Celia Rouche,West
XO4ZYI3G,James Ascencio,GTX Plus Pro,Xx-holding,Won,2017-10-19,2017-10-26,5569.0,finance,1993-01-01,7537.24,20293.0,United States,GTX,5482.0,Summer Sewald,West
6Z6SRB1Y,Jonathan Berthelot,GTX Plus Pro,Hottechi,Lost,2017-10-19,2017-11-01,0.0,technolgy,1997-01-01,8170.38,16499.0,Korea,GTX,5482.0,Melvin Marxen,Central
FRSYEHJE,Lajuana Vencill,MG Advanced,Globex Corporation,Lost,2017-10-19,2017-10-21,0.0,technolgy,2000-01-01,1223.72,2497.0,Norway,MG,3393.0,Dustin Brinkmann,Central
MV4DK68W,Lajuana Vencill,GTX Basic,Ron-tech,Won,2017-10-19,2017-10-26,451.0,medical,1992-01-01,3922.42,6837.0,United States,GTX,550.0,Dustin Brinkmann,Central
I15B3BNW,Markita Hansen,MG Advanced,Plexzap,Lost,2017-10-19,2017-11-28,0.0,retail,2001-01-01,2437.85,4874.0,United States,MG,3393.0,Celia Rouche,West
1CT3EWJ8,Markita Hansen,GTX Basic,Goodsilron,Won,2017-10-19,2017-10-21,553.0,marketing,2000-01-01,2952.73,5107.0,United States,GTX,550.0,Celia Rouche,West
R6OM4EDE,Maureen Marcano,GTX Basic,Blackzim,Won,2017-10-19,2017-11-01,524.0,retail,2009-01-01,497.11,1588.0,United States,GTX,550.0,Summer Sewald,West
74Y43OFL,Reed Clapper,MG Advanced,Plussunin,Lost,2017-10-19,2017-10-21,0.0,retail,2003-01-01,1419.98,4018.0,United States,MG,3393.0,Rocco Neubert,East
OIOGIDI2,Versie Hillebrand,GTX Plus Basic,Ron-tech,Lost,2017-10-19,2017-10-31,0.0,medical,1992-01-01,3922.42,6837.0,United States,GTX,1096.0,Dustin Brinkmann,Central
SCN3BY47,Versie Hillebrand,MG Special,Inity,Won,2017-10-19,2017-10-27,53.0,marketing,1986-01-01,2403.58,8801.0,United States,MG,55.0,Dustin Brinkmann,Central
HFF39KOB,Versie Hillebrand,MG Advanced,Statholdings,Won,2017-10-19,2017-10-20,2749.0,employment,1997-01-01,291.27,586.0,United States,MG,3393.0,Dustin Brinkmann,Central
WA0NRLP7,Vicki Laflamme,GTX Plus Pro,Groovestreet,Won,2017-10-19,2017-10-20,5368.0,retail,2003-01-01,223.8,299.0,United States,GTX,5482.0,Celia Rouche,West
6OXOIJ4D,Wilburn Farren,MG Advanced,Condax,Won,2017-10-19,2017-12-16,3089.0,medical,2017-01-01,4.54,9.0,United States,MG,3393.0,Cara Losch,East
DTFLKV60,Anna Snelling,MG Advanced,Dontechi,Lost,2017-10-20,2017-10-21,0.0,software,1982-01-01,4618.0,10083.0,United States,MG,3393.0,Dustin Brinkmann,Central
RELG4CYQ,Anna Snelling,MG Special,Gogozoom,Won,2017-10-20,2017-10-30,54.0,telecommunications,2007-01-01,86.68,187.0,United States,MG,55.0,Dustin Brinkmann,Central
U289K4V3,Cecily Lampkin,MG Advanced,Warephase,Won,2017-10-20,2017-10-27,3848.0,services,1997-01-01,2041.73,5276.0,United States,MG,3393.0,Dustin Brinkmann,Central
CZC1J6FQ,Gladys Colclough,GTX Plus Pro,Cancity,Lost,2017-10-20,2017-10-24,0.0,retail,2001-01-01,718.62,2448.0,United States,GTX,5482.0,Melvin Marxen,Central
WSWJJ234,Gladys Colclough,MG Special,Genco Pura Olive Oil Company,Lost,2017-10-20,2017-10-22,0.0,retail,2007-01-01,894.33,1635.0,Italy,MG,55.0,Melvin Marxen,Central
MDBKYL2Q,Gladys Colclough,MG Special,Stanredtax,Won,2017-10-20,2017-10-30,60.0,finance,1987-01-01,1698.2,3798.0,United States,MG,55.0,Melvin Marxen,Central
M9EU34FE,Hayden Neloms,GTX Plus Pro,Hatfan,Won,2017-10-20,2017-10-21,6026.0,services,1982-01-01,792.46,1299.0,United States,GTX,5482.0,Celia Rouche,West
HCARIWPE,James Ascencio,GTX Plus Pro,Golddex,Lost,2017-10-20,2017-10-27,0.0,finance,2008-01-01,52.5,165.0,United States,GTX,5482.0,Summer Sewald,West
WGJB2VDU,James Ascencio,GTX Plus Pro,Newex,Won,2017-10-20,2017-12-25,5095.0,services,1991-01-01,1012.72,3492.0,Germany,GTX,5482.0,Summer Sewald,West
RYWETTBK,Kami Bicknell,GTX Basic,Fasehatice,Engaging,2017-10-20,,,retail,1990-01-01,4968.91,7523.0,United States,GTX,550.0,Summer Sewald,West
JSLSL3SU,Kami Bicknell,GTX Basic,Sunnamplex,Won,2017-10-20,2017-12-16,565.0,marketing,2008-01-01,894.37,1593.0,Poland,GTX,550.0,Summer Sewald,West
N1B45KIT,Maureen Marcano,GTX Plus Pro,Y-corporation,Won,2017-10-20,2017-12-22,5883.0,employment,1983-01-01,2871.35,9561.0,United States,GTX,5482.0,Summer Sewald,West
30UA0RS8,Niesha Huffines,GTX Plus Basic,Funholding,Won,2017-10-20,2017-12-12,1135.0,finance,1991-01-01,2819.5,7227.0,United States,GTX,1096.0,Melvin Marxen,Central
R1Z8J1JL,Reed Clapper,GTX Plus Basic,Konex,Won,2017-10-20,2017-12-21,903.0,technolgy,1980-01-01,7708.38,13756.0,United States,GTX,1096.0,Rocco Neubert,East
MJODFG6C,Vicki Laflamme,MG Special,Green-Plus,Lost,2017-10-20,2017-10-27,0.0,services,2003-01-01,692.19,1922.0,United States,MG,55.0,Celia Rouche,West
6D7N5SQ7,Vicki Laflamme,MG Special,Lexiqvolax,Lost,2017-10-20,2017-10-28,0.0,medical,2004-01-01,1618.89,3889.0,United States,MG,55.0,Celia Rouche,West
DQIKGS2U,Vicki Laflamme,MG Special,Dalttechnology,Won,2017-10-20,2017-11-03,48.0,software,2013-01-01,98.79,96.0,United States,MG,55.0,Celia Rouche,West
EZNAGRVB,Zane Levy,GTX Plus Pro,Hatfan,Won,2017-10-20,2017-10-30,5388.0,services,1982-01-01,792.46,1299.0,United States,GTX,5482.0,Summer Sewald,West
KIZOEC3M,Anna Snelling,GTX Plus Basic,dambase,Lost,2017-10-21,2017-10-23,0.0,marketing,1995-01-01,2173.98,2928.0,United States,GTX,1096.0,Dustin Brinkmann,Central
CO7T7H41,Anna Snelling,MG Special,Ron-tech,Lost,2017-10-21,2017-10-27,0.0,medical,1992-01-01,3922.42,6837.0,United States,MG,55.0,Dustin Brinkmann,Central
BMQYRJC7,Anna Snelling,GTX Plus Pro,Codehow,Won,2017-10-21,2017-12-16,5543.0,software,1998-01-01,2714.9,2641.0,United States,GTX,5482.0,Dustin Brinkmann,Central
6ALPIXB7,Cassey Cress,GTX Plus Basic,Donware,Lost,2017-10-21,2017-11-29,0.0,marketing,1999-01-01,1197.44,2570.0,United States,GTX,1096.0,Rocco Neubert,East
5NVTQW38,Cecily Lampkin,GTX Plus Basic,Streethex,Lost,2017-10-21,2017-10-28,0.0,retail,1988-01-01,1376.8,1165.0,Belgium,GTX,1096.0,Dustin Brinkmann,Central
IOUUN8LM,Cecily Lampkin,MG Advanced,Genco Pura Olive Oil Company,Lost,2017-10-21,2017-10-27,0.0,retail,2007-01-01,894.33,1635.0,Italy,MG,3393.0,Dustin Brinkmann,Central
KSYI5DDW,Darcel Schlecht,MG Special,Codehow,Won,2017-10-21,2017-11-07,55.0,software,1998-01-01,2714.9,2641.0,United States,MG,55.0,Melvin Marxen,Central
W4R2C7N9,Donn Cantrell,GTX Basic,Xx-zobam,Lost,2017-10-21,2017-10-30,0.0,entertainment,1989-01-01,3838.39,8274.0,United States,GTX,550.0,Rocco Neubert,East
KY1CESUN,Donn Cantrell,GTX Plus Pro,The New York Inquirer,Lost,2017-10-21,2017-10-29,0.0,medical,1996-01-01,439.21,792.0,United States,GTX,5482.0,Rocco Neubert,East
M4EHG2ZB,Gladys Colclough,MG Special,Konmatfix,Won,2017-10-21,2017-10-30,52.0,marketing,1985-01-01,375.43,1190.0,United States,MG,55.0,Melvin Marxen,Central
DLAMSRVT,Jonathan Berthelot,GTX Basic,Genco Pura Olive Oil Company,Lost,2017-10-21,2017-10-22,0.0,retail,2007-01-01,894.33,1635.0,Italy,GTX,550.0,Melvin Marxen,Central
PZNZD22T,Kami Bicknell,GTX Basic,Doncon,Lost,2017-10-21,2017-12-14,0.0,technolgy,2010-01-01,587.72,1501.0,United States,GTX,550.0,Summer Sewald,West
FVCN0HQ9,Kary Hendrixson,GTX Basic,Cheers,Lost,2017-10-21,2017-10-23,0.0,entertainment,1993-01-01,4269.9,6472.0,United States,GTX,550.0,Summer Sewald,West
A0FVQ8KO,Kary Hendrixson,GTX Basic,Labdrill,Won,2017-10-21,2017-10-27,575.0,medical,1985-01-01,2741.37,9226.0,United States,GTX,550.0,Summer Sewald,West
6KGX67OZ,Maureen Marcano,GTX Basic,Green-Plus,Lost,2017-10-21,2017-10-30,0.0,services,2003-01-01,692.19,1922.0,United States,GTX,550.0,Summer Sewald,West
BXXGLPD7,Niesha Huffines,MG Special,Domzoom,Lost,2017-10-21,2017-11-01,0.0,entertainment,1998-01-01,217.87,551.0,United States,MG,55.0,Melvin Marxen,Central
MHF6GSB6,Reed Clapper,MG Advanced,Plussunin,Won,2017-10-21,2017-10-29,3612.0,retail,2003-01-01,1419.98,4018.0,United States,MG,3393.0,Rocco Neubert,East
TFILI4TE,Violet Mclelland,MG Special,Zathunicon,Lost,2017-10-21,2017-10-25,0.0,retail,2010-01-01,71.12,144.0,United States,MG,55.0,Cara Losch,East
ZZ4X9VN3,Wilburn Farren,MG Advanced,Ganjaflex,Won,2017-10-21,2017-10-31,2995.0,retail,1995-01-01,5158.71,17479.0,Japan,MG,3393.0,Cara Losch,East
0J3UU8PZ,Boris Faz,GTX Basic,Zathunicon,Won,2017-10-22,2017-12-30,546.0,retail,2010-01-01,71.12,144.0,United States,GTX,550.0,Rocco Neubert,East
UYPF6FZ3,Boris Faz,GTX Plus Basic,Gekko & Co,Won,2017-10-22,2017-12-20,1184.0,retail,1990-01-01,2520.83,3502.0,United States,GTX,1096.0,Rocco Neubert,East
2HKRINHL,Cassey Cress,GTX Plus Pro,Plussunin,Won,2017-10-22,2017-10-24,5500.0,retail,2003-01-01,1419.98,4018.0,United States,GTX,5482.0,Rocco Neubert,East
G5JXIYRO,Cecily Lampkin,MG Advanced,Domzoom,Won,2017-10-22,2017-10-24,3616.0,entertainment,1998-01-01,217.87,551.0,United States,MG,3393.0,Dustin Brinkmann,Central
4MXSHU7X,Corliss Cosme,GTK 500,Kan-code,Lost,2017-10-22,2017-11-30,0.0,software,1982-01-01,11698.03,34288.0,United States,GTK,26768.0,Cara Losch,East
H4FIU51C,Daniell Hammack,MG Advanced,Mathtouch,Lost,2017-10-22,2017-10-26,0.0,marketing,1984-01-01,3027.46,9516.0,Jordan,MG,3393.0,Rocco Neubert,East
CC2ICRAG,Darcel Schlecht,GTX Plus Basic,Rundofase,Won,2017-10-22,2017-12-29,1087.0,technolgy,1983-01-01,1008.06,1238.0,United States,GTX,1096.0,Melvin Marxen,Central
9QX62IL2,Elease Gluck,GTX Basic,Finjob,Won,2017-10-22,2017-10-29,544.0,employment,1988-01-01,2059.9,3644.0,United States,GTX,550.0,Celia Rouche,West
3GRTE6VM,Elease Gluck,MG Advanced,Dalttechnology,Won,2017-10-22,2017-10-29,3082.0,software,2013-01-01,98.79,96.0,United States,MG,3393.0,Celia Rouche,West
E4BPOOL6,Elease Gluck,MG Advanced,Hottechi,Won,2017-10-22,2017-10-24,3450.0,technolgy,1997-01-01,8170.38,16499.0,Korea,MG,3393.0,Celia Rouche,West
VCQBM844,James Ascencio,MG Advanced,Cheers,Won,2017-10-22,2017-10-30,3294.0,entertainment,1993-01-01,4269.9,6472.0,United States,MG,3393.0,Summer Sewald,West
UE66OOQS,Jonathan Berthelot,GTX Plus Basic,Conecom,Lost,2017-10-22,2017-10-30,0.0,technolgy,2005-01-01,1520.66,1806.0,United States,GTX,1096.0,Melvin Marxen,Central
W5ABRRKC,Markita Hansen,GTX Plus Basic,Rantouch,Won,2017-10-22,2017-10-31,981.0,telecommunications,1994-01-01,1188.42,3015.0,United States,GTX,1096.0,Celia Rouche,West
Y8KI5ANO,Marty Freudenburg,GTX Plus Basic,Isdom,Lost,2017-10-22,2017-11-03,0.0,medical,2002-01-01,3178.24,4540.0,United States,GTX,1096.0,Melvin Marxen,Central
CTM8WFGW,Marty Freudenburg,GTX Plus Pro,Streethex,Won,2017-10-22,2017-10-23,6233.0,retail,1988-01-01,1376.8,1165.0,Belgium,GTX,5482.0,Melvin Marxen,Central
RFUJTKVO,Marty Freudenburg,MG Special,Domzoom,Won,2017-10-22,2017-11-28,55.0,entertainment,1998-01-01,217.87,551.0,United States,MG,55.0,Melvin Marxen,Central
ZMEKFXC5,Niesha Huffines,MG Special,Globex Corporation,Lost,2017-10-22,2017-10-28,0.0,technolgy,2000-01-01,1223.72,2497.0,Norway,MG,55.0,Melvin Marxen,Central
LO2BMO33,Niesha Huffines,GTX Plus Pro,Conecom,Won,2017-10-22,2017-12-10,6142.0,technolgy,2005-01-01,1520.66,1806.0,United States,GTX,5482.0,Melvin Marxen,Central
4ETFTKHJ,Rosalina Dieter,MG Special,Golddex,Lost,2017-10-22,2017-10-29,0.0,finance,2008-01-01,52.5,165.0,United States,MG,55.0,Celia Rouche,West
528YB7Q0,Rosie Papadopoulos,GTX Plus Basic,Umbrella Corporation,Lost,2017-10-22,2017-12-06,0.0,finance,1998-01-01,2022.14,5113.0,United States,GTX,1096.0,Cara Losch,East
S3V8Z52J,Cassey Cress,MG Advanced,Initech,Lost,2017-10-23,2017-10-25,0.0,telecommunications,1994-01-01,6395.05,20275.0,United States,MG,3393.0,Rocco Neubert,East
TTYSSNJH,Cassey Cress,GTX Plus Basic,Gekko & Co,Won,2017-10-23,2017-11-01,1027.0,retail,1990-01-01,2520.83,3502.0,United States,GTX,1096.0,Rocco Neubert,East
LROWI84G,Darcel Schlecht,GTX Plus Basic,Dontechi,Won,2017-10-23,2017-10-31,1237.0,software,1982-01-01,4618.0,10083.0,United States,GTX,1096.0,Melvin Marxen,Central
IQAP70OD,Darcel Schlecht,GTX Plus Basic,Streethex,Won,2017-10-23,2017-10-29,965.0,retail,1988-01-01,1376.8,1165.0,Belgium,GTX,1096.0,Melvin Marxen,Central
JL358E5T,Donn Cantrell,GTX Basic,Silis,Won,2017-10-23,2017-12-12,511.0,medical,1994-01-01,2818.38,6290.0,United States,GTX,550.0,Rocco Neubert,East
DHUG18WU,Elease Gluck,GTX Plus Pro,Sonron,Lost,2017-10-23,2017-10-30,0.0,telecommunications,1999-01-01,1699.85,5108.0,United States,GTX,5482.0,Celia Rouche,West
3MGMH9AE,Gladys Colclough,MG Advanced,Stanredtax,Lost,2017-10-23,2017-10-24,0.0,finance,1987-01-01,1698.2,3798.0,United States,MG,3393.0,Melvin Marxen,Central
JJGRAQ2K,Kary Hendrixson,GTX Plus Pro,Rangreen,Engaging,2017-10-23,,,technolgy,1987-01-01,2938.67,8775.0,Panama,GTX,5482.0,Summer Sewald,West
DMYP7REE,Marty Freudenburg,GTX Plus Basic,Funholding,Lost,2017-10-23,2017-11-19,0.0,finance,1991-01-01,2819.5,7227.0,United States,GTX,1096.0,Melvin Marxen,Central
1SKNSG2B,Marty Freudenburg,GTX Plus Pro,Treequote,Won,2017-10-23,2017-10-30,5516.0,telecommunications,1988-01-01,5266.09,8595.0,United States,GTX,5482.0,Melvin Marxen,Central
G6MUC5R6,Versie Hillebrand,GTX Plus Pro,Finhigh,Lost,2017-10-23,2017-11-06,0.0,finance,2006-01-01,1102.43,1759.0,United States,GTX,5482.0,Dustin Brinkmann,Central
CUJIRCWV,Vicki Laflamme,MG Special,Condax,Won,2017-10-23,2017-12-28,51.0,medical,2017-01-01,4.54,9.0,United States,MG,55.0,Celia Rouche,West
YSFFEUCQ,Zane Levy,GTX Plus Basic,Groovestreet,Lost,2017-10-23,2017-10-28,0.0,retail,2003-01-01,223.8,299.0,United States,GTX,1096.0,Summer Sewald,West
OX0NE27G,Zane Levy,GTX Plus Basic,Kan-code,Won,2017-10-23,2017-10-31,1195.0,software,1982-01-01,11698.03,34288.0,United States,GTX,1096.0,Summer Sewald,West
0B09WODM,Boris Faz,GTX Plus Basic,Mathtouch,Lost,2017-10-24,2017-10-26,0.0,marketing,1984-01-01,3027.46,9516.0,Jordan,GTX,1096.0,Rocco Neubert,East
FSC4A2HZ,Cassey Cress,GTX Plus Pro,Silis,Lost,2017-10-24,2017-10-25,0.0,medical,1994-01-01,2818.38,6290.0,United States,GTX,5482.0,Rocco Neubert,East
YT5GLR6D,Cassey Cress,MG Advanced,Kinnamplus,Won,2017-10-24,2017-11-02,3588.0,retail,2004-01-01,702.72,1831.0,United States,MG,3393.0,Rocco Neubert,East
KOPJOMQE,Daniell Hammack,GTX Plus Basic,Massive Dynamic,Lost,2017-10-24,2017-10-29,0.0,entertainment,1989-01-01,665.06,1095.0,United States,GTX,1096.0,Rocco Neubert,East
AS2BKSCT,Darcel Schlecht,GTX Plus Basic,Codehow,Lost,2017-10-24,2017-11-08,0.0,software,1998-01-01,2714.9,2641.0,United States,GTX,1096.0,Melvin Marxen,Central
L8POFR0T,James Ascencio,MG Advanced,Finjob,Won,2017-10-24,2017-12-31,3296.0,employment,1988-01-01,2059.9,3644.0,United States,MG,3393.0,Summer Sewald,West
RYF41KOV,Jonathan Berthelot,GTX Plus Basic,Domzoom,Lost,2017-10-24,2017-10-25,0.0,entertainment,1998-01-01,217.87,551.0,United States,GTX,1096.0,Melvin Marxen,Central
MV7NPCI9,Jonathan Berthelot,GTX Basic,Betatech,Won,2017-10-24,2017-10-29,519.0,medical,1986-01-01,647.18,1185.0,Kenya,GTX,550.0,Melvin Marxen,Central
TSN98FPQ,Jonathan Berthelot,GTX Plus Basic,Betatech,Won,2017-10-24,2017-10-25,1243.0,medical,1986-01-01,647.18,1185.0,Kenya,GTX,1096.0,Melvin Marxen,Central
SQW60VII,Kami Bicknell,MG Advanced,Fasehatice,Lost,2017-10-24,2017-10-26,0.0,retail,1990-01-01,4968.91,7523.0,United States,MG,3393.0,Summer Sewald,West
PGG2DUPO,Lajuana Vencill,GTX Plus Basic,Ron-tech,Won,2017-10-24,2017-10-31,1133.0,medical,1992-01-01,3922.42,6837.0,United States,GTX,1096.0,Dustin Brinkmann,Central
85U38YFD,Marty Freudenburg,GTX Basic,Hottechi,Lost,2017-10-24,2017-12-24,0.0,technolgy,1997-01-01,8170.38,16499.0,Korea,GTX,550.0,Melvin Marxen,Central
M7V7UJHZ,Marty Freudenburg,MG Advanced,Genco Pura Olive Oil Company,Lost,2017-10-24,2017-12-29,0.0,retail,2007-01-01,894.33,1635.0,Italy,MG,3393.0,Melvin Marxen,Central
S56NVD4M,Maureen Marcano,GTX Plus Pro,Dalttechnology,Won,2017-10-24,2017-11-10,4945.0,software,2013-01-01,98.79,96.0,United States,GTX,5482.0,Summer Sewald,West
Y34O7SKI,Versie Hillebrand,MG Advanced,Treequote,Lost,2017-10-24,2017-10-30,0.0,telecommunications,1988-01-01,5266.09,8595.0,United States,MG,3393.0,Dustin Brinkmann,Central
DSY9VD0O,Vicki Laflamme,GTX Basic,Cheers,Won,2017-10-24,2017-10-26,535.0,entertainment,1993-01-01,4269.9,6472.0,United States,GTX,550.0,Celia Rouche,West
6ZR7IUC4,Zane Levy,MG Advanced,Zoomit,Lost,2017-10-24,2017-11-07,0.0,entertainment,1992-01-01,324.19,978.0,United States,MG,3393.0,Summer Sewald,West
8W9YXI59,Anna Snelling,MG Special,Cancity,Won,2017-10-25,2017-11-26,59.0,retail,2001-01-01,718.62,2448.0,United States,MG,55.0,Dustin Brinkmann,Central
YEH9VQCD,Daniell Hammack,GTX Basic,Condax,Won,2017-10-25,2017-10-27,526.0,medical,2017-01-01,4.54,9.0,United States,GTX,550.0,Rocco Neubert,East
35GT4NM9,Donn Cantrell,GTX Basic,Acme Corporation,Won,2017-10-25,2017-11-05,586.0,technolgy,1996-01-01,1100.04,2822.0,United States,GTX,550.0,Rocco Neubert,East
MICIJ00A,Gladys Colclough,MG Advanced,Scottech,Lost,2017-10-25,2017-10-27,0.0,marketing,2012-01-01,45.39,100.0,United States,MG,3393.0,Melvin Marxen,Central
EMK9P63G,Markita Hansen,GTX Basic,Condax,Won,2017-10-25,2017-10-26,566.0,medical,2017-01-01,4.54,9.0,United States,GTX,550.0,Celia Rouche,West
7GWM1WT0,Moses Frase,GTX Basic,Hottechi,Won,2017-10-25,2017-12-30,537.0,technolgy,1997-01-01,8170.38,16499.0,Korea,GTX,550.0,Dustin Brinkmann,Central
U0XWF9TW,Violet Mclelland,MG Special,The New York Inquirer,Won,2017-10-25,2017-12-21,47.0,medical,1996-01-01,439.21,792.0,United States,MG,55.0,Cara Losch,East
E8L9I3QP,Zane Levy,GTX Basic,Condax,Won,2017-10-25,2017-11-03,447.0,medical,2017-01-01,4.54,9.0,United States,GTX,550.0,Summer Sewald,West
63S5SNBC,Anna Snelling,GTX Plus Basic,Domzoom,Won,2017-10-26,2017-10-27,1103.0,entertainment,1998-01-01,217.87,551.0,United States,GTX,1096.0,Dustin Brinkmann,Central
3PIPAOVU,Anna Snelling,MG Special,Finhigh,Won,2017-10-26,2017-12-28,57.0,finance,2006-01-01,1102.43,1759.0,United States,MG,55.0,Dustin Brinkmann,Central
UBU4E17W,Cassey Cress,GTX Basic,Betasoloin,Lost,2017-10-26,2017-11-06,0.0,medical,1999-01-01,251.41,495.0,United States,GTX,550.0,Rocco Neubert,East
99HAV7SY,Cecily Lampkin,GTX Plus Pro,Hottechi,Lost,2017-10-26,2017-11-24,0.0,technolgy,1997-01-01,8170.38,16499.0,Korea,GTX,5482.0,Dustin Brinkmann,Central
8UU0I29V,Elease Gluck,GTX Basic,Fasehatice,Won,2017-10-26,2017-10-28,504.0,retail,1990-01-01,4968.91,7523.0,United States,GTX,550.0,Celia Rouche,West
U2JI00ER,Marty Freudenburg,MG Advanced,Betatech,Won,2017-10-26,2017-10-27,3353.0,medical,1986-01-01,647.18,1185.0,Kenya,MG,3393.0,Melvin Marxen,Central
56D231XJ,Maureen Marcano,GTX Plus Pro,Kan-code,Lost,2017-10-26,2017-10-31,0.0,software,1982-01-01,11698.03,34288.0,United States,GTX,5482.0,Summer Sewald,West
O2CFE5KX,Maureen Marcano,MG Special,Fasehatice,Won,2017-10-26,2017-11-03,50.0,retail,1990-01-01,4968.91,7523.0,United States,MG,55.0,Summer Sewald,West
UCLGT98S,Niesha Huffines,GTX Basic,Conecom,Lost,2017-10-26,2017-10-30,0.0,technolgy,2005-01-01,1520.66,1806.0,United States,GTX,550.0,Melvin Marxen,Central
BZG9DI4Z,Vicki Laflamme,GTX Basic,Blackzim,Lost,2017-10-26,2017-10-28,0.0,retail,2009-01-01,497.11,1588.0,United States,GTX,550.0,Celia Rouche,West
E2R39451,Vicki Laflamme,GTX Basic,Groovestreet,Lost,2017-10-26,2017-10-27,0.0,retail,2003-01-01,223.8,299.0,United States,GTX,550.0,Celia Rouche,West
KHQR5AKG,Vicki Laflamme,MG Advanced,Sunnamplex,Lost,2017-10-26,2017-11-04,0.0,marketing,2008-01-01,894.37,1593.0,Poland,MG,3393.0,Celia Rouche,West
NMI79ZYT,Violet Mclelland,GTX Basic,Ganjaflex,Lost,2017-10-26,2017-10-31,0.0,retail,1995-01-01,5158.71,17479.0,Japan,GTX,550.0,Cara Losch,East
RU3HH59R,Violet Mclelland,GTX Basic,Zencorporation,Lost,2017-10-26,2017-10-28,0.0,technolgy,2011-01-01,40.79,142.0,China,GTX,550.0,Cara Losch,East
IE1N4OUS,Anna Snelling,GTX Plus Pro,Rundofase,Won,2017-10-27,2017-12-07,5269.0,technolgy,1983-01-01,1008.06,1238.0,United States,GTX,5482.0,Dustin Brinkmann,Central
FOFS0O2G,Cassey Cress,GTX Plus Pro,Xx-zobam,Lost,2017-10-27,2017-10-29,0.0,entertainment,1989-01-01,3838.39,8274.0,United States,GTX,5482.0,Rocco Neubert,East
66BQC4C9,Cecily Lampkin,MG Advanced,Conecom,Lost,2017-10-27,2017-11-07,0.0,technolgy,2005-01-01,1520.66,1806.0,United States,MG,3393.0,Dustin Brinkmann,Central
GXQJVJQT,Corliss Cosme,GTX Basic,Mathtouch,Won,2017-10-27,2017-10-29,601.0,marketing,1984-01-01,3027.46,9516.0,Jordan,GTX,550.0,Cara Losch,East
PP4ZY6TZ,Darcel Schlecht,GTK 500,Treequote,Lost,2017-10-27,2017-11-10,0.0,telecommunications,1988-01-01,5266.09,8595.0,United States,GTK,26768.0,Melvin Marxen,Central
7TOPAQ9Y,Darcel Schlecht,MG Special,Finhigh,Won,2017-10-27,2017-12-29,53.0,finance,2006-01-01,1102.43,1759.0,United States,MG,55.0,Melvin Marxen,Central
7NJS374V,Elease Gluck,MG Special,Groovestreet,Won,2017-10-27,2017-11-10,46.0,retail,2003-01-01,223.8,299.0,United States,MG,55.0,Celia Rouche,West
PJJMVZAL,Jonathan Berthelot,GTX Basic,Treequote,Won,2017-10-27,2017-10-29,538.0,telecommunications,1988-01-01,5266.09,8595.0,United States,GTX,550.0,Melvin Marxen,Central
MFYR7SSG,Kami Bicknell,MG Special,Plexzap,Won,2017-10-27,2017-12-15,53.0,retail,2001-01-01,2437.85,4874.0,United States,MG,55.0,Summer Sewald,West
F2F1LPTA,Lajuana Vencill,MG Advanced,Dontechi,Won,2017-10-27,2017-11-03,3296.0,software,1982-01-01,4618.0,10083.0,United States,MG,3393.0,Dustin Brinkmann,Central
QVP4LFVD,Markita Hansen,GTX Basic,Doncon,Lost,2017-10-27,2017-10-28,0.0,technolgy,2010-01-01,587.72,1501.0,United States,GTX,550.0,Celia Rouche,West
7FZMWZJT,Marty Freudenburg,MG Advanced,Isdom,Won,2017-10-27,2017-11-07,3561.0,medical,2002-01-01,3178.24,4540.0,United States,MG,3393.0,Melvin Marxen,Central
8THGVJ52,Maureen Marcano,GTX Plus Pro,Singletechno,Won,2017-10-27,2017-11-06,5655.0,retail,1996-01-01,2214.94,5374.0,United States,GTX,5482.0,Summer Sewald,West
M827K2PI,Moses Frase,GTX Basic,Domzoom,Won,2017-10-27,2017-12-14,656.0,entertainment,1998-01-01,217.87,551.0,United States,GTX,550.0,Dustin Brinkmann,Central
4ETZYSN3,Reed Clapper,MG Advanced,Donquadtech,Won,2017-10-27,2017-11-05,3258.0,technolgy,1992-01-01,1712.68,3194.0,United States,MG,3393.0,Rocco Neubert,East
SZDGWQLT,Rosalina Dieter,GTX Basic,Goodsilron,Won,2017-10-27,2017-11-12,577.0,marketing,2000-01-01,2952.73,5107.0,United States,GTX,550.0,Celia Rouche,West
YM5F751C,Versie Hillebrand,MG Special,Statholdings,Won,2017-10-27,2017-10-28,50.0,employment,1997-01-01,291.27,586.0,United States,MG,55.0,Dustin Brinkmann,Central
G7U0HP7Q,Vicki Laflamme,GTX Basic,Lexiqvolax,Lost,2017-10-27,2017-10-29,0.0,medical,2004-01-01,1618.89,3889.0,United States,GTX,550.0,Celia Rouche,West
FRNGLIYS,Anna Snelling,MG Special,dambase,Won,2017-10-28,2017-10-29,66.0,marketing,1995-01-01,2173.98,2928.0,United States,MG,55.0,Dustin Brinkmann,Central
OY08XJ2E,Corliss Cosme,GTX Plus Basic,Gekko & Co,Won,2017-10-28,2017-11-12,1079.0,retail,1990-01-01,2520.83,3502.0,United States,GTX,1096.0,Cara Losch,East
ZSZFPCYS,Darcel Schlecht,MG Advanced,Conecom,Lost,2017-10-28,2017-10-29,0.0,technolgy,2005-01-01,1520.66,1806.0,United States,MG,3393.0,Melvin Marxen,Central
BXCEXXP4,Donn Cantrell,MG Advanced,Donquadtech,Lost,2017-10-28,2017-11-03,0.0,technolgy,1992-01-01,1712.68,3194.0,United States,MG,3393.0,Rocco Neubert,East
H3K2E35I,Elease Gluck,GTK 500,Cheers,Won,2017-10-28,2017-10-29,27971.0,entertainment,1993-01-01,4269.9,6472.0,United States,GTK,26768.0,Celia Rouche,West
7EHJYKWE,Kary Hendrixson,GTX Basic,Xx-holding,Engaging,2017-10-28,,,finance,1993-01-01,7537.24,20293.0,United States,GTX,550.0,Summer Sewald,West
LB6S2ONR,Markita Hansen,GTX Basic,Y-corporation,Won,2017-10-28,2017-11-11,598.0,employment,1983-01-01,2871.35,9561.0,United States,GTX,550.0,Celia Rouche,West
6BRNE2DV,Versie Hillebrand,MG Special,Statholdings,Lost,2017-10-28,2017-10-29,0.0,employment,1997-01-01,291.27,586.0,United States,MG,55.0,Dustin Brinkmann,Central
VMGCRSWP,Violet Mclelland,MG Special,Bluth Company,Won,2017-10-28,2017-11-14,61.0,technolgy,1993-01-01,1242.32,3027.0,United States,MG,55.0,Cara Losch,East
4HJIT2B6,Zane Levy,GTX Basic,Rantouch,Lost,2017-10-28,2017-11-07,0.0,telecommunications,1994-01-01,1188.42,3015.0,United States,GTX,550.0,Summer Sewald,West
DJY7S9AI,Zane Levy,MG Advanced,Plusstrip,Won,2017-10-28,2017-11-12,3082.0,entertainment,2002-01-01,349.81,315.0,United States,MG,3393.0,Summer Sewald,West
X6MHLE33,Cassey Cress,GTX Basic,Gekko & Co,Lost,2017-10-29,2017-11-12,0.0,retail,1990-01-01,2520.83,3502.0,United States,GTX,550.0,Rocco Neubert,East
TLAWJR5V,Corliss Cosme,GTX Plus Pro,Ontomedia,Won,2017-10-29,2017-11-11,5646.0,employment,1997-01-01,882.12,2769.0,United States,GTX,5482.0,Cara Losch,East
SQ63LXS8,Darcel Schlecht,MG Advanced,Codehow,Lost,2017-10-29,2017-11-04,0.0,software,1998-01-01,2714.9,2641.0,United States,MG,3393.0,Melvin Marxen,Central
HMG6NWSR,Gladys Colclough,MG Advanced,Cancity,Won,2017-10-29,2017-12-30,2931.0,retail,2001-01-01,718.62,2448.0,United States,MG,3393.0,Melvin Marxen,Central
KNH4ZX85,Jonathan Berthelot,MG Special,Bioholding,Won,2017-10-29,2017-10-31,62.0,medical,2012-01-01,587.34,1356.0,Philipines,MG,55.0,Melvin Marxen,Central
FV7Y3ZPO,Rosie Papadopoulos,MG Advanced,Konex,Lost,2017-10-29,2017-11-03,0.0,technolgy,1980-01-01,7708.38,13756.0,United States,MG,3393.0,Cara Losch,East
0N11U6L3,Daniell Hammack,GTX Plus Basic,Acme Corporation,Engaging,2017-10-30,,,technolgy,1996-01-01,1100.04,2822.0,United States,GTX,1096.0,Rocco Neubert,East
005JS57S,Gladys Colclough,GTX Basic,Treequote,Won,2017-10-30,2017-11-11,539.0,telecommunications,1988-01-01,5266.09,8595.0,United States,GTX,550.0,Melvin Marxen,Central
TWDNQ9TX,Jonathan Berthelot,GTX Plus Basic,Rangreen,Won,2017-10-30,2017-10-31,973.0,technolgy,1987-01-01,2938.67,8775.0,Panama,GTX,1096.0,Melvin Marxen,Central
G289FPBV,Lajuana Vencill,MG Special,Statholdings,Lost,2017-10-30,2017-10-31,0.0,employment,1997-01-01,291.27,586.0,United States,MG,55.0,Dustin Brinkmann,Central
G9H0MWBL,Reed Clapper,GTX Plus Pro,Ganjaflex,Lost,2017-10-30,2017-10-31,0.0,retail,1995-01-01,5158.71,17479.0,Japan,GTX,5482.0,Rocco Neubert,East
P2YWZPES,Vicki Laflamme,GTX Basic,Konex,Won,2017-10-30,2017-11-04,622.0,technolgy,1980-01-01,7708.38,13756.0,United States,GTX,550.0,Celia Rouche,West
NPGETEDZ,Zane Levy,GTX Plus Basic,Sunnamplex,Lost,2017-10-30,2017-11-15,0.0,marketing,2008-01-01,894.37,1593.0,Poland,GTX,1096.0,Summer Sewald,West
J5I6Y4RN,Anna Snelling,MG Special,Isdom,Lost,2017-10-31,2017-11-10,0.0,medical,2002-01-01,3178.24,4540.0,United States,MG,55.0,Dustin Brinkmann,Central
XRMOUF1R,Boris Faz,MG Advanced,Condax,Won,2017-10-31,2017-11-07,4172.0,medical,2017-01-01,4.54,9.0,United States,MG,3393.0,Rocco Neubert,East
FAS4V07H,Cassey Cress,MG Advanced,Konex,Won,2017-10-31,2017-12-10,2695.0,technolgy,1980-01-01,7708.38,13756.0,United States,MG,3393.0,Rocco Neubert,East
8MQPNCCU,Donn Cantrell,GTX Basic,Ganjaflex,Won,2017-10-31,2017-11-09,486.0,retail,1995-01-01,5158.71,17479.0,Japan,GTX,550.0,Rocco Neubert,East
2DT70XCQ,Donn Cantrell,GTX Basic,Plussunin,Won,2017-10-31,2017-11-08,450.0,retail,2003-01-01,1419.98,4018.0,United States,GTX,550.0,Rocco Neubert,East
HYBR36NG,Elease Gluck,MG Special,Finjob,Lost,2017-10-31,2017-11-09,0.0,employment,1988-01-01,2059.9,3644.0,United States,MG,55.0,Celia Rouche,West
WXOL5HTS,Garret Kinder,GTX Plus Pro,Ontomedia,Won,2017-10-31,2017-11-08,6818.0,employment,1997-01-01,882.12,2769.0,United States,GTX,5482.0,Cara Losch,East
F15SU034,Gladys Colclough,MG Advanced,Condax,Won,2017-10-31,2017-12-21,3298.0,medical,2017-01-01,4.54,9.0,United States,MG,3393.0,Melvin Marxen,Central
KLBW3TOH,Kami Bicknell,GTX Plus Pro,Goodsilron,Won,2017-10-31,2017-11-09,5512.0,marketing,2000-01-01,2952.73,5107.0,United States,GTX,5482.0,Summer Sewald,West
ESNS1OS9,Kami Bicknell,GTX Plus Pro,Kan-code,Won,2017-10-31,2017-11-07,4742.0,software,1982-01-01,11698.03,34288.0,United States,GTX,5482.0,Summer Sewald,West
HDUZC4G9,Kary Hendrixson,GTX Basic,Y-corporation,Won,2017-10-31,2017-11-02,653.0,employment,1983-01-01,2871.35,9561.0,United States,GTX,550.0,Summer Sewald,West
1629C4UW,Lajuana Vencill,GTX Plus Basic,Conecom,Lost,2017-10-31,2017-11-10,0.0,technolgy,2005-01-01,1520.66,1806.0,United States,GTX,1096.0,Dustin Brinkmann,Central
0OXJ2HOP,Markita Hansen,MG Advanced,Dalttechnology,Won,2017-10-31,2017-11-11,4058.0,software,2013-01-01,98.79,96.0,United States,MG,3393.0,Celia Rouche,West
RCGBY4IA,Reed Clapper,GTX Basic,Condax,Won,2017-10-31,2017-11-01,553.0,medical,2017-01-01,4.54,9.0,United States,GTX,550.0,Rocco Neubert,East
8R0HTKUK,Rosie Papadopoulos,GTX Plus Pro,Xx-zobam,Lost,2017-10-31,2017-11-07,0.0,entertainment,1989-01-01,3838.39,8274.0,United States,GTX,5482.0,Cara Losch,East
W2ZRP2EC,Vicki Laflamme,MG Special,Kan-code,Lost,2017-10-31,2017-11-03,0.0,software,1982-01-01,11698.03,34288.0,United States,MG,55.0,Celia Rouche,West
AEH9XJ3T,Cassey Cress,GTX Plus Basic,Kan-code,Lost,2017-11-01,2017-11-13,0.0,software,1982-01-01,11698.03,34288.0,United States,GTX,1096.0,Rocco Neubert,East
X3DSI0TQ,Cecily Lampkin,GTX Plus Pro,Globex Corporation,Lost,2017-11-01,2017-11-15,0.0,technolgy,2000-01-01,1223.72,2497.0,Norway,GTX,5482.0,Dustin Brinkmann,Central
MG3X7625,Cecily Lampkin,GTX Plus Pro,Isdom,Won,2017-11-01,2017-12-22,5504.0,medical,2002-01-01,3178.24,4540.0,United States,GTX,5482.0,Dustin Brinkmann,Central
8JR8LXEU,Gladys Colclough,MG Special,Betatech,Won,2017-11-01,2017-11-05,53.0,medical,1986-01-01,647.18,1185.0,Kenya,MG,55.0,Melvin Marxen,Central
KMRR1P94,Jonathan Berthelot,GTX Basic,Treequote,Lost,2017-11-01,2017-11-17,0.0,telecommunications,1988-01-01,5266.09,8595.0,United States,GTX,550.0,Melvin Marxen,Central
JRCD2VQY,Kami Bicknell,MG Advanced,Fasehatice,Won,2017-11-01,2017-11-06,3064.0,retail,1990-01-01,4968.91,7523.0,United States,MG,3393.0,Summer Sewald,West
FXKBY5FR,Maureen Marcano,MG Advanced,Rantouch,Won,2017-11-01,2017-11-14,2866.0,telecommunications,1994-01-01,1188.42,3015.0,United States,MG,3393.0,Summer Sewald,West
8415S7ZV,Vicki Laflamme,GTX Basic,Goodsilron,Lost,2017-11-01,2017-11-06,0.0,marketing,2000-01-01,2952.73,5107.0,United States,GTX,550.0,Celia Rouche,West
UZ83LE9X,Vicki Laflamme,GTX Plus Pro,Xx-holding,Lost,2017-11-01,2017-11-10,0.0,finance,1993-01-01,7537.24,20293.0,United States,GTX,5482.0,Celia Rouche,West
GIDII30C,Vicki Laflamme,GTX Plus Basic,Lexiqvolax,Won,2017-11-01,2017-11-10,960.0,medical,2004-01-01,1618.89,3889.0,United States,GTX,1096.0,Celia Rouche,West
IVVBVNDH,Vicki Laflamme,MG Special,Nam-zim,Won,2017-11-01,2017-11-02,55.0,services,1987-01-01,405.59,1179.0,Brazil,MG,55.0,Celia Rouche,West
SSSTYFDY,Daniell Hammack,GTX Plus Basic,Condax,Lost,2017-11-02,2017-11-05,0.0,medical,2017-01-01,4.54,9.0,United States,GTX,1096.0,Rocco Neubert,East
VSMB0KJW,Donn Cantrell,GTX Basic,Bubba Gump,Won,2017-11-02,2017-11-28,532.0,software,2002-01-01,987.39,2253.0,United States,GTX,550.0,Rocco Neubert,East
UVS5WJRG,Jonathan Berthelot,GTX Basic,Cancity,Won,2017-11-02,2017-11-03,479.0,retail,2001-01-01,718.62,2448.0,United States,GTX,550.0,Melvin Marxen,Central
MOBO9N8H,Kami Bicknell,GTX Basic,Xx-holding,Lost,2017-11-02,2017-11-07,0.0,finance,1993-01-01,7537.24,20293.0,United States,GTX,550.0,Summer Sewald,West
0DYZ71WX,Reed Clapper,GTX Basic,Ganjaflex,Won,2017-11-02,2017-11-16,585.0,retail,1995-01-01,5158.71,17479.0,Japan,GTX,550.0,Rocco Neubert,East
Q1Q3D9BZ,Vicki Laflamme,GTX Basic,Sunnamplex,Lost,2017-11-02,2017-11-07,0.0,marketing,2008-01-01,894.37,1593.0,Poland,GTX,550.0,Celia Rouche,West
9KV5GM4U,Vicki Laflamme,GTX Basic,Sonron,Won,2017-11-02,2017-11-06,430.0,telecommunications,1999-01-01,1699.85,5108.0,United States,GTX,550.0,Celia Rouche,West
IIZV9WFC,Jonathan Berthelot,GTX Basic,Genco Pura Olive Oil Company,Won,2017-11-03,2017-12-02,577.0,retail,2007-01-01,894.33,1635.0,Italy,GTX,550.0,Melvin Marxen,Central
XSEG5T4H,Markita Hansen,GTX Plus Basic,Zoomit,Engaging,2017-11-03,,,entertainment,1992-01-01,324.19,978.0,United States,GTX,1096.0,Celia Rouche,West
RQ5FNR4O,Maureen Marcano,GTX Basic,Groovestreet,Won,2017-11-03,2017-11-18,662.0,retail,2003-01-01,223.8,299.0,United States,GTX,550.0,Summer Sewald,West
9BZBU2GY,Maureen Marcano,GTX Plus Pro,Plusstrip,Won,2017-11-03,2017-12-31,5091.0,entertainment,2002-01-01,349.81,315.0,United States,GTX,5482.0,Summer Sewald,West
1FMCUSFS,Boris Faz,GTX Plus Pro,Plussunin,Won,2017-11-04,2017-12-08,5737.0,retail,2003-01-01,1419.98,4018.0,United States,GTX,5482.0,Rocco Neubert,East
ZQSSHSL7,Cassey Cress,GTX Basic,Donquadtech,Won,2017-11-04,2017-11-06,583.0,technolgy,1992-01-01,1712.68,3194.0,United States,GTX,550.0,Rocco Neubert,East
62UFJ4IQ,James Ascencio,GTX Plus Pro,Sunnamplex,Won,2017-11-04,2017-11-10,5031.0,marketing,2008-01-01,894.37,1593.0,Poland,GTX,5482.0,Summer Sewald,West
M23VU0A9,Rosie Papadopoulos,GTX Plus Pro,Konex,Lost,2017-11-04,2017-11-14,0.0,technolgy,1980-01-01,7708.38,13756.0,United States,GTX,5482.0,Cara Losch,East
YAVTI45C,Zane Levy,GTX Basic,Fasehatice,Won,2017-11-04,2017-12-12,481.0,retail,1990-01-01,4968.91,7523.0,United States,GTX,550.0,Summer Sewald,West
XZUEXEUH,Anna Snelling,GTX Basic,Betatech,Won,2017-11-05,2017-11-09,480.0,medical,1986-01-01,647.18,1185.0,Kenya,GTX,550.0,Dustin Brinkmann,Central
MA56XGWR,Daniell Hammack,GTX Basic,Iselectrics,Engaging,2017-11-05,,,technolgy,2011-01-01,527.11,1428.0,United States,GTX,550.0,Rocco Neubert,East
6Z3EP424,Elease Gluck,MG Special,Nam-zim,Won,2017-11-05,2017-11-16,51.0,services,1987-01-01,405.59,1179.0,Brazil,MG,55.0,Celia Rouche,West
VPIXVUUE,Gladys Colclough,GTX Basic,Cancity,Lost,2017-11-05,2017-11-16,0.0,retail,2001-01-01,718.62,2448.0,United States,GTX,550.0,Melvin Marxen,Central
F98UFHM2,Gladys Colclough,MG Special,Gogozoom,Won,2017-11-05,2017-12-31,52.0,telecommunications,2007-01-01,86.68,187.0,United States,MG,55.0,Melvin Marxen,Central
JB7JEEI5,James Ascencio,GTX Plus Basic,Sunnamplex,Won,2017-11-05,2017-11-22,1218.0,marketing,2008-01-01,894.37,1593.0,Poland,GTX,1096.0,Summer Sewald,West
FQP39JQV,Kary Hendrixson,GTX Plus Pro,Plusstrip,Won,2017-11-05,2017-11-12,5681.0,entertainment,2002-01-01,349.81,315.0,United States,GTX,5482.0,Summer Sewald,West
PWW6TH3V,Marty Freudenburg,MG Advanced,Dontechi,Lost,2017-11-05,2017-11-17,0.0,software,1982-01-01,4618.0,10083.0,United States,MG,3393.0,Melvin Marxen,Central
KXEZ5B3Q,Reed Clapper,MG Special,Massive Dynamic,Lost,2017-11-05,2017-11-17,0.0,entertainment,1989-01-01,665.06,1095.0,United States,MG,55.0,Rocco Neubert,East
3UA6O3NG,Reed Clapper,GTX Plus Pro,Konex,Won,2017-11-05,2017-11-07,6767.0,technolgy,1980-01-01,7708.38,13756.0,United States,GTX,5482.0,Rocco Neubert,East
3ML02CAH,Versie Hillebrand,MG Special,Cancity,Won,2017-11-05,2017-11-11,61.0,retail,2001-01-01,718.62,2448.0,United States,MG,55.0,Dustin Brinkmann,Central
T7AHYN7O,Violet Mclelland,MG Special,Opentech,Lost,2017-11-05,2017-11-21,0.0,finance,1994-01-01,355.23,853.0,United States,MG,55.0,Cara Losch,East
9BMWYLQV,Zane Levy,MG Special,Scotfind,Won,2017-11-05,2017-11-17,62.0,software,1996-01-01,6354.87,16780.0,United States,MG,55.0,Summer Sewald,West
I5VHXAWW,Boris Faz,GTX Plus Pro,Bluth Company,Engaging,2017-11-06,,,technolgy,1993-01-01,1242.32,3027.0,United States,GTX,5482.0,Rocco Neubert,East
DP7QR35U,Elease Gluck,GTX Plus Basic,Faxquote,Lost,2017-11-06,2017-11-07,0.0,telecommunications,1995-01-01,1825.82,5595.0,United States,GTX,1096.0,Celia Rouche,West
VAD1MF34,Gladys Colclough,MG Special,Konmatfix,Won,2017-11-06,2017-12-19,48.0,marketing,1985-01-01,375.43,1190.0,United States,MG,55.0,Melvin Marxen,Central
J9PCNCUP,Kary Hendrixson,GTX Basic,Golddex,Engaging,2017-11-06,,,finance,2008-01-01,52.5,165.0,United States,GTX,550.0,Summer Sewald,West
WOD9UKMP,Cecily Lampkin,GTX Plus Basic,Stanredtax,Won,2017-11-07,2017-11-18,1059.0,finance,1987-01-01,1698.2,3798.0,United States,GTX,1096.0,Dustin Brinkmann,Central
JFIL5JU0,Lajuana Vencill,GTX Basic,dambase,Won,2017-11-07,2017-12-22,557.0,marketing,1995-01-01,2173.98,2928.0,United States,GTX,550.0,Dustin Brinkmann,Central
3GVL1I1G,Rosie Papadopoulos,MG Advanced,Bluth Company,Won,2017-11-07,2017-11-14,3426.0,technolgy,1993-01-01,1242.32,3027.0,United States,MG,3393.0,Cara Losch,East
72C58IRY,Cecily Lampkin,MG Advanced,Funholding,Won,2017-11-08,2017-11-26,2968.0,finance,1991-01-01,2819.5,7227.0,United States,MG,3393.0,Dustin Brinkmann,Central
MMIYELAE,Gladys Colclough,GTX Plus Basic,Genco Pura Olive Oil Company,Won,2017-11-08,2017-11-19,1071.0,retail,2007-01-01,894.33,1635.0,Italy,GTX,1096.0,Melvin Marxen,Central
X9MTGVJZ,Kami Bicknell,GTX Plus Pro,Sunnamplex,Lost,2017-11-08,2017-11-26,0.0,marketing,2008-01-01,894.37,1593.0,Poland,GTX,5482.0,Summer Sewald,West
N22XN5IM,Kami Bicknell,GTX Plus Basic,Plusstrip,Won,2017-11-08,2017-12-04,1082.0,entertainment,2002-01-01,349.81,315.0,United States,GTX,1096.0,Summer Sewald,West
OTQTFK48,Kary Hendrixson,GTX Plus Basic,Plexzap,Won,2017-11-08,2017-11-11,1203.0,retail,2001-01-01,2437.85,4874.0,United States,GTX,1096.0,Summer Sewald,West
URN9V0FK,Lajuana Vencill,MG Special,Konmatfix,Lost,2017-11-08,2017-12-30,0.0,marketing,1985-01-01,375.43,1190.0,United States,MG,55.0,Dustin Brinkmann,Central
K6TJSGUB,Marty Freudenburg,GTX Plus Basic,Warephase,Won,2017-11-08,2017-11-17,985.0,services,1997-01-01,2041.73,5276.0,United States,GTX,1096.0,Melvin Marxen,Central
CSXOYE1C,Niesha Huffines,GTX Plus Basic,Scottech,Won,2017-11-08,2017-11-20,1133.0,marketing,2012-01-01,45.39,100.0,United States,GTX,1096.0,Melvin Marxen,Central
4ATO2S4S,Violet Mclelland,MG Special,Bubba Gump,Won,2017-11-08,2017-12-27,56.0,software,2002-01-01,987.39,2253.0,United States,MG,55.0,Cara Losch,East
J0X7ZNDX,Donn Cantrell,GTX Basic,Zencorporation,Lost,2017-11-09,2017-11-13,0.0,technolgy,2011-01-01,40.79,142.0,China,GTX,550.0,Rocco Neubert,East
GCCBRJF8,Garret Kinder,GTX Plus Pro,Sumace,Won,2017-11-09,2017-11-27,4884.0,retail,2000-01-01,167.89,493.0,Romania,GTX,5482.0,Cara Losch,East
G7ZZG9DI,James Ascencio,GTX Basic,Kan-code,Won,2017-11-09,2017-11-22,443.0,software,1982-01-01,11698.03,34288.0,United States,GTX,550.0,Summer Sewald,West
TY9RBWLT,Kami Bicknell,GTX Basic,Goodsilron,Won,2017-11-09,2017-11-23,562.0,marketing,2000-01-01,2952.73,5107.0,United States,GTX,550.0,Summer Sewald,West
NNREN4Q5,Kami Bicknell,GTX Basic,Groovestreet,Won,2017-11-09,2017-11-21,437.0,retail,2003-01-01,223.8,299.0,United States,GTX,550.0,Summer Sewald,West
T0H5HATU,Kary Hendrixson,MG Advanced,Rantouch,Lost,2017-11-09,2017-11-23,0.0,telecommunications,1994-01-01,1188.42,3015.0,United States,MG,3393.0,Summer Sewald,West
49TIKZ5B,Kary Hendrixson,GTX Basic,Kan-code,Won,2017-11-09,2017-11-14,606.0,software,1982-01-01,11698.03,34288.0,United States,GTX,550.0,Summer Sewald,West
ZM1HKZRS,Markita Hansen,MG Special,Sonron,Won,2017-11-09,2017-12-10,56.0,telecommunications,1999-01-01,1699.85,5108.0,United States,MG,55.0,Celia Rouche,West
2FGV5XNE,Maureen Marcano,MG Advanced,Sunnamplex,Lost,2017-11-09,2017-11-27,0.0,marketing,2008-01-01,894.37,1593.0,Poland,MG,3393.0,Summer Sewald,West
04G3DK6T,Moses Frase,MG Special,Warephase,Won,2017-11-09,2017-11-21,54.0,services,1997-01-01,2041.73,5276.0,United States,MG,55.0,Dustin Brinkmann,Central
C3KQJVDU,Corliss Cosme,GTX Basic,Acme Corporation,Won,2017-11-10,2017-11-18,577.0,technolgy,1996-01-01,1100.04,2822.0,United States,GTX,550.0,Cara Losch,East
NZIJ3KKG,Daniell Hammack,GTX Plus Basic,Massive Dynamic,Lost,2017-11-10,2017-11-16,0.0,entertainment,1989-01-01,665.06,1095.0,United States,GTX,1096.0,Rocco Neubert,East
5C13TAA8,Kary Hendrixson,GTX Plus Pro,Lexiqvolax,Won,2017-11-10,2017-12-22,6299.0,medical,2004-01-01,1618.89,3889.0,United States,GTX,5482.0,Summer Sewald,West
ZSYWCL6R,Markita Hansen,GTK 500,Xx-holding,Lost,2017-11-10,2017-11-26,0.0,finance,1993-01-01,7537.24,20293.0,United States,GTK,26768.0,Celia Rouche,West
VNJQD4Z7,Reed Clapper,GTX Plus Pro,Zathunicon,Won,2017-11-10,2017-12-29,4659.0,retail,2010-01-01,71.12,144.0,United States,GTX,5482.0,Rocco Neubert,East
50OYB2YN,Corliss Cosme,GTX Plus Basic,Kinnamplus,Won,2017-11-11,2017-11-20,1180.0,retail,2004-01-01,702.72,1831.0,United States,GTX,1096.0,Cara Losch,East
C8BIQFEN,Darcel Schlecht,GTX Plus Pro,Betatech,Lost,2017-11-11,2017-11-14,0.0,medical,1986-01-01,647.18,1185.0,Kenya,GTX,5482.0,Melvin Marxen,Central
0TEEJ0WD,Donn Cantrell,GTX Plus Basic,Opentech,Lost,2017-11-11,2017-11-18,0.0,finance,1994-01-01,355.23,853.0,United States,GTX,1096.0,Rocco Neubert,East
T2G750N6,Jonathan Berthelot,MG Special,Treequote,Won,2017-11-11,2017-12-04,57.0,telecommunications,1988-01-01,5266.09,8595.0,United States,MG,55.0,Melvin Marxen,Central
6BCEXGTX,Marty Freudenburg,GTX Plus Pro,Toughzap,Lost,2017-11-11,2017-11-22,0.0,retail,1995-01-01,332.43,799.0,United States,GTX,5482.0,Melvin Marxen,Central
6ZFEAR57,Niesha Huffines,GTX Plus Basic,Genco Pura Olive Oil Company,Lost,2017-11-11,2017-11-22,0.0,retail,2007-01-01,894.33,1635.0,Italy,GTX,1096.0,Melvin Marxen,Central
Y1JFDUVB,Versie Hillebrand,MG Special,Codehow,Won,2017-11-11,2017-12-20,48.0,software,1998-01-01,2714.9,2641.0,United States,MG,55.0,Dustin Brinkmann,Central
7FCXBW1M,Violet Mclelland,MG Special,Bioplex,Won,2017-11-11,2017-11-13,51.0,medical,1991-01-01,326.82,1016.0,United States,MG,55.0,Cara Losch,East
83Y5850C,Anna Snelling,MG Special,Inity,Lost,2017-11-12,2017-11-25,0.0,marketing,1986-01-01,2403.58,8801.0,United States,MG,55.0,Dustin Brinkmann,Central
V1458D23,Corliss Cosme,GTX Plus Basic,Umbrella Corporation,Won,2017-11-12,2017-11-13,1138.0,finance,1998-01-01,2022.14,5113.0,United States,GTX,1096.0,Cara Losch,East
LJEAX51Q,Darcel Schlecht,MG Special,Streethex,Won,2017-11-12,2017-12-21,49.0,retail,1988-01-01,1376.8,1165.0,Belgium,MG,55.0,Melvin Marxen,Central
LDDQ5PN2,Garret Kinder,MG Advanced,Sumace,Lost,2017-11-12,2017-11-21,0.0,retail,2000-01-01,167.89,493.0,Romania,MG,3393.0,Cara Losch,East
WPJ0AS7T,Gladys Colclough,GTX Basic,Genco Pura Olive Oil Company,Won,2017-11-12,2017-12-28,650.0,retail,2007-01-01,894.33,1635.0,Italy,GTX,550.0,Melvin Marxen,Central
4J8IA9GL,Kary Hendrixson,GTX Basic,Lexiqvolax,Won,2017-11-12,2017-12-29,470.0,medical,2004-01-01,1618.89,3889.0,United States,GTX,550.0,Summer Sewald,West
76RZPT87,Lajuana Vencill,GTX Basic,Isdom,Won,2017-11-12,2017-12-31,567.0,medical,2002-01-01,3178.24,4540.0,United States,GTX,550.0,Dustin Brinkmann,Central
9E3UNPHY,Markita Hansen,MG Advanced,Newex,Won,2017-11-12,2017-12-25,3836.0,services,1991-01-01,1012.72,3492.0,Germany,MG,3393.0,Celia Rouche,West
CQ8UELF8,Marty Freudenburg,GTX Plus Pro,Rangreen,Won,2017-11-12,2017-11-14,5916.0,technolgy,1987-01-01,2938.67,8775.0,Panama,GTX,5482.0,Melvin Marxen,Central
4E5E9MYV,Maureen Marcano,GTX Plus Basic,Cheers,Won,2017-11-12,2017-11-22,938.0,entertainment,1993-01-01,4269.9,6472.0,United States,GTX,1096.0,Summer Sewald,West
24BCH90I,Maureen Marcano,GTX Plus Basic,Kan-code,Won,2017-11-12,2017-11-15,1124.0,software,1982-01-01,11698.03,34288.0,United States,GTX,1096.0,Summer Sewald,West
LWVZKYI0,Versie Hillebrand,MG Special,Gogozoom,Won,2017-11-12,2017-12-01,61.0,telecommunications,2007-01-01,86.68,187.0,United States,MG,55.0,Dustin Brinkmann,Central
1W2EEX4L,Vicki Laflamme,MG Special,Faxquote,Lost,2017-11-12,2017-12-24,0.0,telecommunications,1995-01-01,1825.82,5595.0,United States,MG,55.0,Celia Rouche,West
8977L373,Wilburn Farren,MG Advanced,Mathtouch,Won,2017-11-12,2017-11-19,4011.0,marketing,1984-01-01,3027.46,9516.0,Jordan,MG,3393.0,Cara Losch,East
66LD5EF0,Zane Levy,GTX Plus Basic,Hatfan,Lost,2017-11-12,2017-11-15,0.0,services,1982-01-01,792.46,1299.0,United States,GTX,1096.0,Summer Sewald,West
MTZQ55RH,Boris Faz,GTX Basic,Zotware,Won,2017-11-13,2017-11-24,493.0,software,1979-01-01,4478.47,13809.0,United States,GTX,550.0,Rocco Neubert,East
1V3O11ZD,Cassey Cress,GTX Basic,Kinnamplus,Lost,2017-11-13,2017-11-23,0.0,retail,2004-01-01,702.72,1831.0,United States,GTX,550.0,Rocco Neubert,East
AIBZQM42,Daniell Hammack,GTX Plus Basic,Kinnamplus,Won,2017-11-13,2017-11-20,1224.0,retail,2004-01-01,702.72,1831.0,United States,GTX,1096.0,Rocco Neubert,East
IZ5MV9YF,Jonathan Berthelot,GTX Basic,Isdom,Lost,2017-11-13,2017-11-21,0.0,medical,2002-01-01,3178.24,4540.0,United States,GTX,550.0,Melvin Marxen,Central
OHJX1K09,Kami Bicknell,GTX Basic,Konex,Lost,2017-11-13,2017-11-14,0.0,technolgy,1980-01-01,7708.38,13756.0,United States,GTX,550.0,Summer Sewald,West
MT45X396,Lajuana Vencill,GTX Basic,Streethex,Lost,2017-11-13,2017-11-19,0.0,retail,1988-01-01,1376.8,1165.0,Belgium,GTX,550.0,Dustin Brinkmann,Central
V8ELYA6F,Anna Snelling,GTX Plus Pro,Treequote,Won,2017-11-14,2017-11-15,5276.0,telecommunications,1988-01-01,5266.09,8595.0,United States,GTX,5482.0,Dustin Brinkmann,Central
NXXKM7C7,Daniell Hammack,GTX Plus Basic,Cancity,Engaging,2017-11-14,,,retail,2001-01-01,718.62,2448.0,United States,GTX,1096.0,Rocco Neubert,East
K98JFWRC,Garret Kinder,GTX Plus Pro,Bioplex,Lost,2017-11-14,2017-11-28,0.0,medical,1991-01-01,326.82,1016.0,United States,GTX,5482.0,Cara Losch,East
H6Q0LXVH,Gladys Colclough,GTX Plus Basic,Konmatfix,Lost,2017-11-14,2017-11-20,0.0,marketing,1985-01-01,375.43,1190.0,United States,GTX,1096.0,Melvin Marxen,Central
2BH5Q718,Hayden Neloms,MG Advanced,Scotfind,Lost,2017-11-14,2017-11-23,0.0,software,1996-01-01,6354.87,16780.0,United States,MG,3393.0,Celia Rouche,West
CSJKVMR9,James Ascencio,GTX Basic,Y-corporation,Lost,2017-11-14,2017-11-16,0.0,employment,1983-01-01,2871.35,9561.0,United States,GTX,550.0,Summer Sewald,West
N3YVDYY2,Marty Freudenburg,GTX Plus Basic,Ron-tech,Won,2017-11-14,2017-11-23,947.0,medical,1992-01-01,3922.42,6837.0,United States,GTX,1096.0,Melvin Marxen,Central
LRP5IXX5,Reed Clapper,GTX Plus Pro,Konex,Lost,2017-11-14,2017-11-23,0.0,technolgy,1980-01-01,7708.38,13756.0,United States,GTX,5482.0,Rocco Neubert,East
SH1NTXPV,Violet Mclelland,MG Advanced,Kinnamplus,Won,2017-11-14,2017-11-29,3342.0,retail,2004-01-01,702.72,1831.0,United States,MG,3393.0,Cara Losch,East
MKAKCFBQ,Boris Faz,GTX Plus Pro,Ganjaflex,Won,2017-11-15,2017-12-30,5610.0,retail,1995-01-01,5158.71,17479.0,Japan,GTX,5482.0,Rocco Neubert,East
9YH8LS5H,Cassey Cress,MG Advanced,Condax,Lost,2017-11-15,2017-12-15,0.0,medical,2017-01-01,4.54,9.0,United States,MG,3393.0,Rocco Neubert,East
RO8TURF5,Cassey Cress,GTX Basic,Donquadtech,Won,2017-11-15,2017-11-30,557.0,technolgy,1992-01-01,1712.68,3194.0,United States,GTX,550.0,Rocco Neubert,East
7XRWWM0X,Kami Bicknell,MG Special,Scotfind,Engaging,2017-11-15,,,software,1996-01-01,6354.87,16780.0,United States,MG,55.0,Summer Sewald,West
S9DDUFGP,Kary Hendrixson,GTX Basic,Konex,Lost,2017-11-15,2017-11-28,0.0,technolgy,1980-01-01,7708.38,13756.0,United States,GTX,550.0,Summer Sewald,West
B5OXRZTT,Zane Levy,GTX Basic,Kan-code,Won,2017-11-15,2017-11-25,530.0,software,1982-01-01,11698.03,34288.0,United States,GTX,550.0,Summer Sewald,West
FX1RWO67,Anna Snelling,MG Advanced,Hottechi,Won,2017-11-16,2017-12-31,3300.0,technolgy,1997-01-01,8170.38,16499.0,Korea,MG,3393.0,Dustin Brinkmann,Central
2AGA3ALY,Hayden Neloms,MG Advanced,Konex,Won,2017-11-16,2017-11-20,3664.0,technolgy,1980-01-01,7708.38,13756.0,United States,MG,3393.0,Celia Rouche,West
P8ZOY6HA,James Ascencio,GTX Plus Pro,Konex,Lost,2017-11-16,2017-11-20,0.0,technolgy,1980-01-01,7708.38,13756.0,United States,GTX,5482.0,Summer Sewald,West
PBGAZKMQ,Jonathan Berthelot,GTX Basic,Stanredtax,Won,2017-11-16,2017-11-22,575.0,finance,1987-01-01,1698.2,3798.0,United States,GTX,550.0,Melvin Marxen,Central
86MJT5KR,Markita Hansen,MG Special,Blackzim,Lost,2017-11-16,2017-11-23,0.0,retail,2009-01-01,497.11,1588.0,United States,MG,55.0,Celia Rouche,West
20NZO7TT,Maureen Marcano,MG Advanced,J-Texon,Won,2017-11-16,2017-12-01,3271.0,retail,1989-01-01,1388.67,3583.0,United States,MG,3393.0,Summer Sewald,West
6FR9YZH2,Moses Frase,GTX Plus Pro,Bioholding,Lost,2017-11-16,2017-11-17,0.0,medical,2012-01-01,587.34,1356.0,Philipines,GTX,5482.0,Dustin Brinkmann,Central
LCZGL74L,Niesha Huffines,GTX Plus Basic,Cancity,Lost,2017-11-16,2017-11-26,0.0,retail,2001-01-01,718.62,2448.0,United States,GTX,1096.0,Melvin Marxen,Central
6NWIZG2N,Reed Clapper,GTX Plus Basic,Mathtouch,Won,2017-11-16,2017-11-24,1035.0,marketing,1984-01-01,3027.46,9516.0,Jordan,GTX,1096.0,Rocco Neubert,East
IS2HLCEO,Boris Faz,MG Special,Plussunin,Lost,2017-11-17,2017-12-04,0.0,retail,2003-01-01,1419.98,4018.0,United States,MG,55.0,Rocco Neubert,East
90D20NZU,Darcel Schlecht,GTX Plus Pro,Inity,Won,2017-11-17,2017-11-24,4880.0,marketing,1986-01-01,2403.58,8801.0,United States,GTX,5482.0,Melvin Marxen,Central
P214KAH8,Donn Cantrell,MG Advanced,Yearin,Won,2017-11-17,2017-11-29,3644.0,retail,2005-01-01,2261.05,3851.0,United States,MG,3393.0,Rocco Neubert,East
HEMKK91Z,Elease Gluck,MG Advanced,Plusstrip,Won,2017-11-17,2017-12-13,3538.0,entertainment,2002-01-01,349.81,315.0,United States,MG,3393.0,Celia Rouche,West
R2JKKVOO,Kami Bicknell,GTX Plus Basic,Cheers,Lost,2017-11-17,2017-11-27,0.0,entertainment,1993-01-01,4269.9,6472.0,United States,GTX,1096.0,Summer Sewald,West
6LS93NXH,Kary Hendrixson,GTX Basic,Goodsilron,Lost,2017-11-17,2017-11-27,0.0,marketing,2000-01-01,2952.73,5107.0,United States,GTX,550.0,Summer Sewald,West
DH4WEPQ5,Versie Hillebrand,GTX Plus Pro,Domzoom,Won,2017-11-17,2017-11-18,5653.0,entertainment,1998-01-01,217.87,551.0,United States,GTX,5482.0,Dustin Brinkmann,Central
NJAOJJY9,Violet Mclelland,MG Special,Bioplex,Lost,2017-11-17,2017-11-25,0.0,medical,1991-01-01,326.82,1016.0,United States,MG,55.0,Cara Losch,East
VM6SAQYT,Violet Mclelland,MG Special,Donquadtech,Won,2017-11-17,2017-11-26,65.0,technolgy,1992-01-01,1712.68,3194.0,United States,MG,55.0,Cara Losch,East
E2LVAU2T,Zane Levy,GTX Basic,Newex,Won,2017-11-17,2017-12-05,497.0,services,1991-01-01,1012.72,3492.0,Germany,GTX,550.0,Summer Sewald,West
9Y43IDMY,Daniell Hammack,GTX Plus Basic,Opentech,Lost,2017-11-18,2017-12-06,0.0,finance,1994-01-01,355.23,853.0,United States,GTX,1096.0,Rocco Neubert,East
GB6C2UK5,Elease Gluck,GTK 500,Xx-holding,Won,2017-11-18,2017-12-04,29220.0,finance,1993-01-01,7537.24,20293.0,United States,GTK,26768.0,Celia Rouche,West
5S2JLJGL,Jonathan Berthelot,GTX Plus Basic,Funholding,Lost,2017-11-18,2017-11-30,0.0,finance,1991-01-01,2819.5,7227.0,United States,GTX,1096.0,Melvin Marxen,Central
820NH7ZA,Kami Bicknell,GTX Basic,Konex,Won,2017-11-18,2017-12-04,643.0,technolgy,1980-01-01,7708.38,13756.0,United States,GTX,550.0,Summer Sewald,West
PIPYDN8Y,Kary Hendrixson,GTX Basic,Scotfind,Lost,2017-11-18,2017-11-21,0.0,software,1996-01-01,6354.87,16780.0,United States,GTX,550.0,Summer Sewald,West
E3LNNM8H,Maureen Marcano,GTX Plus Pro,Blackzim,Lost,2017-11-18,2017-12-05,0.0,retail,2009-01-01,497.11,1588.0,United States,GTX,5482.0,Summer Sewald,West
UHYI2QB2,Moses Frase,MG Special,Funholding,Lost,2017-11-18,2017-11-28,0.0,finance,1991-01-01,2819.5,7227.0,United States,MG,55.0,Dustin Brinkmann,Central
5SJP2J1J,Boris Faz,GTX Plus Basic,Mathtouch,Won,2017-11-19,2017-11-20,886.0,marketing,1984-01-01,3027.46,9516.0,Jordan,GTX,1096.0,Rocco Neubert,East
R5V9DX5U,Cecily Lampkin,MG Advanced,Rangreen,Won,2017-11-19,2017-11-28,3206.0,technolgy,1987-01-01,2938.67,8775.0,Panama,MG,3393.0,Dustin Brinkmann,Central
PGCWLU4L,Daniell Hammack,GTX Basic,Gekko & Co,Won,2017-11-19,2017-11-20,678.0,retail,1990-01-01,2520.83,3502.0,United States,GTX,550.0,Rocco Neubert,East
RVI6ARFW,Darcel Schlecht,GTX Basic,Funholding,Won,2017-11-19,2017-11-20,549.0,finance,1991-01-01,2819.5,7227.0,United States,GTX,550.0,Melvin Marxen,Central
QVWPMJ8R,Donn Cantrell,GTX Plus Pro,Kan-code,Won,2017-11-19,2017-11-28,6540.0,software,1982-01-01,11698.03,34288.0,United States,GTX,5482.0,Rocco Neubert,East
7M7UED1P,Jonathan Berthelot,GTX Basic,Toughzap,Lost,2017-11-19,2017-11-21,0.0,retail,1995-01-01,332.43,799.0,United States,GTX,550.0,Melvin Marxen,Central
JW51LS6C,Maureen Marcano,MG Advanced,Lexiqvolax,Lost,2017-11-19,2017-12-04,0.0,medical,2004-01-01,1618.89,3889.0,United States,MG,3393.0,Summer Sewald,West
KU4GX1KD,Niesha Huffines,GTX Basic,Isdom,Won,2017-11-19,2017-11-28,662.0,medical,2002-01-01,3178.24,4540.0,United States,GTX,550.0,Melvin Marxen,Central
6MTK51P5,Anna Snelling,MG Special,Rundofase,Won,2017-11-20,2017-11-29,52.0,technolgy,1983-01-01,1008.06,1238.0,United States,MG,55.0,Dustin Brinkmann,Central
T58EDFV0,Kami Bicknell,GTX Basic,Goodsilron,Won,2017-11-20,2017-12-08,504.0,marketing,2000-01-01,2952.73,5107.0,United States,GTX,550.0,Summer Sewald,West
C09PGOZG,Kary Hendrixson,GTX Basic,Kan-code,Won,2017-11-20,2017-12-04,589.0,software,1982-01-01,11698.03,34288.0,United States,GTX,550.0,Summer Sewald,West
IG9RPWOZ,Moses Frase,GTX Plus Pro,Stanredtax,Won,2017-11-20,2017-12-09,5756.0,finance,1987-01-01,1698.2,3798.0,United States,GTX,5482.0,Dustin Brinkmann,Central
3GFZ7SN4,Moses Frase,MG Advanced,Streethex,Won,2017-11-20,2017-11-23,3161.0,retail,1988-01-01,1376.8,1165.0,Belgium,MG,3393.0,Dustin Brinkmann,Central
DC1E84LC,Wilburn Farren,GTX Plus Pro,Umbrella Corporation,Won,2017-11-20,2017-12-08,5209.0,finance,1998-01-01,2022.14,5113.0,United States,GTX,5482.0,Cara Losch,East
F0XGEQOE,Cassey Cress,MG Advanced,Kan-code,Lost,2017-11-21,2017-11-25,0.0,software,1982-01-01,11698.03,34288.0,United States,MG,3393.0,Rocco Neubert,East
EQIV6PMF,Cecily Lampkin,MG Special,dambase,Won,2017-11-21,2017-12-08,58.0,marketing,1995-01-01,2173.98,2928.0,United States,MG,55.0,Dustin Brinkmann,Central
SK3A12HI,Corliss Cosme,MG Special,Massive Dynamic,Won,2017-11-21,2017-12-21,57.0,entertainment,1989-01-01,665.06,1095.0,United States,MG,55.0,Cara Losch,East
Z7JCS0ZW,Gladys Colclough,GTX Plus Pro,Domzoom,Lost,2017-11-21,2017-11-24,0.0,entertainment,1998-01-01,217.87,551.0,United States,GTX,5482.0,Melvin Marxen,Central
9E3H6ONP,James Ascencio,GTX Plus Pro,Lexiqvolax,Won,2017-11-21,2017-11-25,6932.0,medical,2004-01-01,1618.89,3889.0,United States,GTX,5482.0,Summer Sewald,West
FVTCAFCL,Kary Hendrixson,GTX Basic,Newex,Won,2017-11-21,2017-12-22,597.0,services,1991-01-01,1012.72,3492.0,Germany,GTX,550.0,Summer Sewald,West
9TTQYYIW,Markita Hansen,MG Advanced,Green-Plus,Lost,2017-11-21,2017-11-27,0.0,services,2003-01-01,692.19,1922.0,United States,MG,3393.0,Celia Rouche,West
33JYWJ1X,Maureen Marcano,GTX Basic,Cheers,Won,2017-11-21,2017-12-29,619.0,entertainment,1993-01-01,4269.9,6472.0,United States,GTX,550.0,Summer Sewald,West
L11T0DYF,Vicki Laflamme,MG Advanced,Faxquote,Won,2017-11-21,2017-12-01,2590.0,telecommunications,1995-01-01,1825.82,5595.0,United States,MG,3393.0,Celia Rouche,West
WAEWV7YD,Cassey Cress,GTX Basic,Yearin,Won,2017-11-22,2017-12-07,609.0,retail,2005-01-01,2261.05,3851.0,United States,GTX,550.0,Rocco Neubert,East
FZH6NJAQ,Maureen Marcano,GTX Plus Basic,Rantouch,Lost,2017-11-22,2017-11-27,0.0,telecommunications,1994-01-01,1188.42,3015.0,United States,GTX,1096.0,Summer Sewald,West
U0XDMZK8,Violet Mclelland,MG Special,Kan-code,Won,2017-11-22,2017-12-05,47.0,software,1982-01-01,11698.03,34288.0,United States,MG,55.0,Cara Losch,East
J1G2SZKD,Zane Levy,GTX Basic,Goodsilron,Engaging,2017-11-22,,,marketing,2000-01-01,2952.73,5107.0,United States,GTX,550.0,Summer Sewald,West
BF9D3HVC,Corliss Cosme,GTX Basic,Donquadtech,Lost,2017-11-23,2017-12-02,0.0,technolgy,1992-01-01,1712.68,3194.0,United States,GTX,550.0,Cara Losch,East
YMWG4Z3S,Kary Hendrixson,GTX Plus Basic,Warephase,Engaging,2017-11-23,,,services,1997-01-01,2041.73,5276.0,United States,GTX,1096.0,Summer Sewald,West
6AT4VS58,Kary Hendrixson,GTX Basic,Sonron,Won,2017-11-23,2017-12-08,484.0,telecommunications,1999-01-01,1699.85,5108.0,United States,GTX,550.0,Summer Sewald,West
S5FBJ31P,Marty Freudenburg,MG Advanced,Ron-tech,Lost,2017-11-23,2017-11-25,0.0,medical,1992-01-01,3922.42,6837.0,United States,MG,3393.0,Melvin Marxen,Central
62JLAD45,Niesha Huffines,MG Special,Toughzap,Lost,2017-11-23,2017-11-28,0.0,retail,1995-01-01,332.43,799.0,United States,MG,55.0,Melvin Marxen,Central
Z7GJE1K0,Rosalina Dieter,MG Special,Dalttechnology,Won,2017-11-23,2017-12-07,49.0,software,2013-01-01,98.79,96.0,United States,MG,55.0,Celia Rouche,West
4ZQTMS3Z,Violet Mclelland,MG Special,Kan-code,Engaging,2017-11-23,,,software,1982-01-01,11698.03,34288.0,United States,MG,55.0,Cara Losch,East
N6ZLW0OG,Cassey Cress,GTX Plus Basic,Ganjaflex,Won,2017-11-24,2017-12-05,927.0,retail,1995-01-01,5158.71,17479.0,Japan,GTX,1096.0,Rocco Neubert,East
H7GFLCDH,Elease Gluck,MG Special,Blackzim,Won,2017-11-24,2017-12-18,62.0,retail,2009-01-01,497.11,1588.0,United States,MG,55.0,Celia Rouche,West
0QMOIDET,James Ascencio,GTX Plus Basic,Konex,Won,2017-11-24,2017-12-11,1049.0,technolgy,1980-01-01,7708.38,13756.0,United States,GTX,1096.0,Summer Sewald,West
33JWQH71,Kami Bicknell,GTX Plus Basic,Labdrill,Won,2017-11-24,2017-12-05,885.0,medical,1985-01-01,2741.37,9226.0,United States,GTX,1096.0,Summer Sewald,West
Z9WFXNX3,Markita Hansen,MG Advanced,Golddex,Lost,2017-11-24,2017-11-29,0.0,finance,2008-01-01,52.5,165.0,United States,MG,3393.0,Celia Rouche,West
7ACIXBSY,Violet Mclelland,MG Advanced,Gekko & Co,Won,2017-11-24,2017-12-05,3612.0,retail,1990-01-01,2520.83,3502.0,United States,MG,3393.0,Cara Losch,East
NBUHFAKW,Anna Snelling,MG Advanced,Genco Pura Olive Oil Company,Won,2017-11-25,2017-12-28,2477.0,retail,2007-01-01,894.33,1635.0,Italy,MG,3393.0,Dustin Brinkmann,Central
PJ3NGI1Y,Cassey Cress,MG Special,Donquadtech,Lost,2017-11-25,2017-12-10,0.0,technolgy,1992-01-01,1712.68,3194.0,United States,MG,55.0,Rocco Neubert,East
RDZ2FC3A,Darcel Schlecht,GTX Basic,Warephase,Won,2017-11-25,2017-12-11,537.0,services,1997-01-01,2041.73,5276.0,United States,GTX,550.0,Melvin Marxen,Central
R7GYOI0M,James Ascencio,GTX Plus Pro,Hatfan,Won,2017-11-25,2017-12-10,5547.0,services,1982-01-01,792.46,1299.0,United States,GTX,5482.0,Summer Sewald,West
Z1IF1M5M,Moses Frase,GTX Plus Basic,Konmatfix,Won,2017-11-25,2017-11-29,1001.0,marketing,1985-01-01,375.43,1190.0,United States,GTX,1096.0,Dustin Brinkmann,Central
B133ECHC,Vicki Laflamme,GTX Plus Pro,Kan-code,Lost,2017-11-25,2017-12-05,0.0,software,1982-01-01,11698.03,34288.0,United States,GTX,5482.0,Celia Rouche,West
P55UV5QW,Violet Mclelland,GTX Plus Basic,Yearin,Lost,2017-11-25,2017-11-29,0.0,retail,2005-01-01,2261.05,3851.0,United States,GTX,1096.0,Cara Losch,East
EBMBP7JQ,Anna Snelling,MG Advanced,dambase,Won,2017-11-26,2017-12-07,3844.0,marketing,1995-01-01,2173.98,2928.0,United States,MG,3393.0,Dustin Brinkmann,Central
MAUIC3DD,Corliss Cosme,GTX Plus Pro,Sumace,Lost,2017-11-26,2017-12-10,0.0,retail,2000-01-01,167.89,493.0,Romania,GTX,5482.0,Cara Losch,East
20048JO2,Corliss Cosme,GTX Plus Basic,Opentech,Won,2017-11-26,2017-12-14,1204.0,finance,1994-01-01,355.23,853.0,United States,GTX,1096.0,Cara Losch,East
U071YJYI,Darcel Schlecht,MG Advanced,Isdom,Lost,2017-11-26,2017-12-11,0.0,medical,2002-01-01,3178.24,4540.0,United States,MG,3393.0,Melvin Marxen,Central
Y3EVBV53,Gladys Colclough,GTX Basic,Stanredtax,Won,2017-11-26,2017-12-07,562.0,finance,1987-01-01,1698.2,3798.0,United States,GTX,550.0,Melvin Marxen,Central
JE63NRUA,Kami Bicknell,GTX Plus Basic,Faxquote,Lost,2017-11-26,2017-12-25,0.0,telecommunications,1995-01-01,1825.82,5595.0,United States,GTX,1096.0,Summer Sewald,West
YA8CL4UM,Kami Bicknell,GTX Basic,Sunnamplex,Won,2017-11-26,2017-12-01,460.0,marketing,2008-01-01,894.37,1593.0,Poland,GTX,550.0,Summer Sewald,West
43WRAJ1I,Versie Hillebrand,MG Special,Rundofase,Won,2017-11-26,2017-12-11,66.0,technolgy,1983-01-01,1008.06,1238.0,United States,MG,55.0,Dustin Brinkmann,Central
DA7BZMMO,Versie Hillebrand,MG Advanced,Cancity,Won,2017-11-26,2017-12-12,3309.0,retail,2001-01-01,718.62,2448.0,United States,MG,3393.0,Dustin Brinkmann,Central
6QRZCDL0,Violet Mclelland,MG Advanced,Massive Dynamic,Lost,2017-11-26,2017-11-27,0.0,entertainment,1989-01-01,665.06,1095.0,United States,MG,3393.0,Cara Losch,East
GLUYX9KN,Hayden Neloms,GTX Plus Basic,J-Texon,Won,2017-11-27,2017-12-12,1192.0,retail,1989-01-01,1388.67,3583.0,United States,GTX,1096.0,Celia Rouche,West
2DT6W3HA,Reed Clapper,MG Advanced,Bluth Company,Lost,2017-11-27,2017-12-12,0.0,technolgy,1993-01-01,1242.32,3027.0,United States,MG,3393.0,Rocco Neubert,East
L8XNQONA,Zane Levy,GTX Basic,Inity,Engaging,2017-11-27,,,marketing,1986-01-01,2403.58,8801.0,United States,GTX,550.0,Summer Sewald,West
WE03969I,Donn Cantrell,GTX Plus Basic,Gekko & Co,Won,2017-11-28,2017-12-09,1131.0,retail,1990-01-01,2520.83,3502.0,United States,GTX,1096.0,Rocco Neubert,East
3SOLZEZX,Hayden Neloms,GTX Plus Pro,Goodsilron,Won,2017-11-28,2017-12-12,5702.0,marketing,2000-01-01,2952.73,5107.0,United States,GTX,5482.0,Celia Rouche,West
MAA6TJMM,Kami Bicknell,GTX Basic,Cheers,Won,2017-11-28,2017-12-13,563.0,entertainment,1993-01-01,4269.9,6472.0,United States,GTX,550.0,Summer Sewald,West
0DY00J6O,Maureen Marcano,GTX Plus Pro,Xx-holding,Won,2017-11-28,2017-12-11,5886.0,finance,1993-01-01,7537.24,20293.0,United States,GTX,5482.0,Summer Sewald,West
U8IUBGTW,Niesha Huffines,GTX Basic,Domzoom,Lost,2017-11-28,2017-12-05,0.0,entertainment,1998-01-01,217.87,551.0,United States,GTX,550.0,Melvin Marxen,Central
EV0V1ZZA,Vicki Laflamme,MG Advanced,Hatfan,Lost,2017-11-28,2017-12-02,0.0,services,1982-01-01,792.46,1299.0,United States,MG,3393.0,Celia Rouche,West
RCDG00F7,Zane Levy,GTX Basic,Rantouch,Won,2017-11-28,2017-12-04,601.0,telecommunications,1994-01-01,1188.42,3015.0,United States,GTX,550.0,Summer Sewald,West
XAKK81WB,Elease Gluck,MG Special,Sonron,Won,2017-11-29,2017-12-18,58.0,telecommunications,1999-01-01,1699.85,5108.0,United States,MG,55.0,Celia Rouche,West
B6CHA7CX,Hayden Neloms,MG Special,Blackzim,Won,2017-11-29,2017-12-14,58.0,retail,2009-01-01,497.11,1588.0,United States,MG,55.0,Celia Rouche,West
V263VR1Y,Hayden Neloms,MG Advanced,Finjob,Won,2017-11-29,2017-12-14,3285.0,employment,1988-01-01,2059.9,3644.0,United States,MG,3393.0,Celia Rouche,West
A2PTJA6G,Reed Clapper,MG Advanced,Plussunin,Won,2017-11-29,2017-12-08,3494.0,retail,2003-01-01,1419.98,4018.0,United States,MG,3393.0,Rocco Neubert,East
GUDTJY0I,Darcel Schlecht,MG Advanced,Finhigh,Lost,2017-11-30,2017-12-14,0.0,finance,2006-01-01,1102.43,1759.0,United States,MG,3393.0,Melvin Marxen,Central
MDK5NQJA,Donn Cantrell,GTX Plus Pro,Initech,Won,2017-11-30,2017-12-14,5204.0,telecommunications,1994-01-01,6395.05,20275.0,United States,GTX,5482.0,Rocco Neubert,East
GB1K3Y4Y,Garret Kinder,GTX Basic,The New York Inquirer,Won,2017-11-30,2017-12-15,579.0,medical,1996-01-01,439.21,792.0,United States,GTX,550.0,Cara Losch,East
KKOU11ZD,Kary Hendrixson,GTX Plus Basic,Cheers,Won,2017-11-30,2017-12-14,1195.0,entertainment,1993-01-01,4269.9,6472.0,United States,GTX,1096.0,Summer Sewald,West
KHZ3IOKH,Lajuana Vencill,GTX Plus Pro,Streethex,Won,2017-11-30,2017-12-29,6340.0,retail,1988-01-01,1376.8,1165.0,Belgium,GTX,5482.0,Dustin Brinkmann,Central
Q34UWP01,Wilburn Farren,GTX Plus Basic,Zathunicon,Won,2017-11-30,2017-12-19,1179.0,retail,2010-01-01,71.12,144.0,United States,GTX,1096.0,Cara Losch,East
X70BM5FO,Anna Snelling,GTX Plus Basic,Condax,Won,2017-12-01,2017-12-22,1243.0,medical,2017-01-01,4.54,9.0,United States,GTX,1096.0,Dustin Brinkmann,Central
NCF02FA5,Elease Gluck,GTX Plus Basic,Zoomit,Won,2017-12-01,2017-12-15,953.0,entertainment,1992-01-01,324.19,978.0,United States,GTX,1096.0,Celia Rouche,West
XF54BYUH,Moses Frase,GTX Plus Pro,Genco Pura Olive Oil Company,Won,2017-12-01,2017-12-09,5619.0,retail,2007-01-01,894.33,1635.0,Italy,GTX,5482.0,Dustin Brinkmann,Central
23ZL97PN,Donn Cantrell,GTX Plus Basic,Betasoloin,Lost,2017-12-02,2017-12-12,0.0,medical,1999-01-01,251.41,495.0,United States,GTX,1096.0,Rocco Neubert,East
PVZ4YGQG,Donn Cantrell,GTX Plus Basic,Donware,Lost,2017-12-02,2017-12-11,0.0,marketing,1999-01-01,1197.44,2570.0,United States,GTX,1096.0,Rocco Neubert,East
7L89U5DU,Hayden Neloms,MG Advanced,Plexzap,Won,2017-12-02,2017-12-20,3547.0,retail,2001-01-01,2437.85,4874.0,United States,MG,3393.0,Celia Rouche,West
CXAEFADQ,Kary Hendrixson,GTX Plus Basic,Singletechno,Won,2017-12-02,2017-12-20,993.0,retail,1996-01-01,2214.94,5374.0,United States,GTX,1096.0,Summer Sewald,West
G6433A35,James Ascencio,MG Special,Doncon,Won,2017-12-03,2017-12-10,54.0,technolgy,2010-01-01,587.72,1501.0,United States,MG,55.0,Summer Sewald,West
1WVEAE8N,Jonathan Berthelot,GTX Plus Basic,Codehow,Lost,2017-12-03,2017-12-20,0.0,software,1998-01-01,2714.9,2641.0,United States,GTX,1096.0,Melvin Marxen,Central
TJJFAU52,Rosie Papadopoulos,MG Special,Initech,Won,2017-12-03,2017-12-24,58.0,telecommunications,1994-01-01,6395.05,20275.0,United States,MG,55.0,Cara Losch,East
JCJ5PJDH,Anna Snelling,MG Special,Hottechi,Won,2017-12-04,2017-12-13,57.0,technolgy,1997-01-01,8170.38,16499.0,Korea,MG,55.0,Dustin Brinkmann,Central
0RH9W4E2,Gladys Colclough,MG Special,Streethex,Lost,2017-12-04,2017-12-24,0.0,retail,1988-01-01,1376.8,1165.0,Belgium,MG,55.0,Melvin Marxen,Central
MG3ZJ8F3,Gladys Colclough,GTX Plus Basic,Inity,Won,2017-12-04,2017-12-11,1110.0,marketing,1986-01-01,2403.58,8801.0,United States,GTX,1096.0,Melvin Marxen,Central
R892OD1B,Versie Hillebrand,MG Special,Rundofase,Won,2017-12-04,2017-12-08,57.0,technolgy,1983-01-01,1008.06,1238.0,United States,MG,55.0,Dustin Brinkmann,Central
9WUYZLBE,Zane Levy,MG Special,Nam-zim,Won,2017-12-04,2017-12-15,64.0,services,1987-01-01,405.59,1179.0,Brazil,MG,55.0,Summer Sewald,West
RV7ERUUT,Boris Faz,GTX Plus Pro,Zotware,Won,2017-12-05,2017-12-07,5172.0,software,1979-01-01,4478.47,13809.0,United States,GTX,5482.0,Rocco Neubert,East
EY0JZ32S,Corliss Cosme,GTX Plus Basic,Zotware,Lost,2017-12-05,2017-12-27,0.0,software,1979-01-01,4478.47,13809.0,United States,GTX,1096.0,Cara Losch,East
CEYW89RW,Kary Hendrixson,GTX Basic,Golddex,Lost,2017-12-05,2017-12-25,0.0,finance,2008-01-01,52.5,165.0,United States,GTX,550.0,Summer Sewald,West
MBBBOMEV,Markita Hansen,MG Special,Faxquote,Lost,2017-12-05,2017-12-19,0.0,telecommunications,1995-01-01,1825.82,5595.0,United States,MG,55.0,Celia Rouche,West
I6FIZ2S5,Niesha Huffines,GTX Plus Pro,Funholding,Won,2017-12-05,2017-12-19,6141.0,finance,1991-01-01,2819.5,7227.0,United States,GTX,5482.0,Melvin Marxen,Central
7EYDG0CV,Anna Snelling,MG Special,Statholdings,Won,2017-12-06,2017-12-14,56.0,employment,1997-01-01,291.27,586.0,United States,MG,55.0,Dustin Brinkmann,Central
UFAABKQJ,Cecily Lampkin,GTX Basic,Dontechi,Won,2017-12-06,2017-12-12,515.0,software,1982-01-01,4618.0,10083.0,United States,GTX,550.0,Dustin Brinkmann,Central
7ZU2A8L1,Donn Cantrell,GTX Basic,Donware,Won,2017-12-06,2017-12-23,698.0,marketing,1999-01-01,1197.44,2570.0,United States,GTX,550.0,Rocco Neubert,East
O1HKZ4ZF,Donn Cantrell,GTX Basic,Yearin,Won,2017-12-06,2017-12-30,481.0,retail,2005-01-01,2261.05,3851.0,United States,GTX,550.0,Rocco Neubert,East
A2OLLGWZ,Versie Hillebrand,MG Special,Rangreen,Won,2017-12-06,2017-12-14,49.0,technolgy,1987-01-01,2938.67,8775.0,Panama,MG,55.0,Dustin Brinkmann,Central
WKIRY6KE,Kary Hendrixson,GTX Plus Basic,Xx-holding,Won,2017-12-07,2017-12-18,1111.0,finance,1993-01-01,7537.24,20293.0,United States,GTX,1096.0,Summer Sewald,West
EJYFAV40,Marty Freudenburg,GTX Plus Pro,Toughzap,Won,2017-12-07,2017-12-28,5862.0,retail,1995-01-01,332.43,799.0,United States,GTX,5482.0,Melvin Marxen,Central
8A1EB728,Rosalina Dieter,MG Special,J-Texon,Won,2017-12-07,2017-12-16,54.0,retail,1989-01-01,1388.67,3583.0,United States,MG,55.0,Celia Rouche,West
2KWQ6RAZ,Anna Snelling,MG Special,Cancity,Won,2017-12-08,2017-12-18,60.0,retail,2001-01-01,718.62,2448.0,United States,MG,55.0,Dustin Brinkmann,Central
YY4VFPND,Kary Hendrixson,GTX Plus Basic,Golddex,Won,2017-12-08,2017-12-29,1168.0,finance,2008-01-01,52.5,165.0,United States,GTX,1096.0,Summer Sewald,West
RYLBEZ4N,Violet Mclelland,MG Special,Gekko & Co,Won,2017-12-08,2017-12-18,48.0,retail,1990-01-01,2520.83,3502.0,United States,MG,55.0,Cara Losch,East
Y4UIUIEG,Cecily Lampkin,GTX Plus Basic,Cancity,Won,2017-12-09,2017-12-24,986.0,retail,2001-01-01,718.62,2448.0,United States,GTX,1096.0,Dustin Brinkmann,Central
1HG8VLHU,Cecily Lampkin,MG Advanced,Toughzap,Won,2017-12-09,2017-12-16,3843.0,retail,1995-01-01,332.43,799.0,United States,MG,3393.0,Dustin Brinkmann,Central
0OJE7J6C,Corliss Cosme,GTX Plus Pro,Gekko & Co,Won,2017-12-09,2017-12-17,5143.0,retail,1990-01-01,2520.83,3502.0,United States,GTX,5482.0,Cara Losch,East
OCVCCWPQ,Gladys Colclough,MG Special,Codehow,Won,2017-12-09,2017-12-24,52.0,software,1998-01-01,2714.9,2641.0,United States,MG,55.0,Melvin Marxen,Central
S2KBTW2O,James Ascencio,GTX Plus Pro,Scotfind,Won,2017-12-09,2017-12-23,5576.0,software,1996-01-01,6354.87,16780.0,United States,GTX,5482.0,Summer Sewald,West
QJ9H7Y8W,Kami Bicknell,MG Special,Sunnamplex,Won,2017-12-09,2017-12-18,59.0,marketing,2008-01-01,894.37,1593.0,Poland,MG,55.0,Summer Sewald,West
921APYA3,Markita Hansen,GTX Plus Basic,Lexiqvolax,Won,2017-12-09,2017-12-25,1192.0,medical,2004-01-01,1618.89,3889.0,United States,GTX,1096.0,Celia Rouche,West
CPC83NKN,Niesha Huffines,GTX Plus Basic,Conecom,Won,2017-12-09,2017-12-24,1047.0,technolgy,2005-01-01,1520.66,1806.0,United States,GTX,1096.0,Melvin Marxen,Central
TBS5Y874,Reed Clapper,GTX Plus Pro,Kan-code,Won,2017-12-09,2017-12-17,6456.0,software,1982-01-01,11698.03,34288.0,United States,GTX,5482.0,Rocco Neubert,East
JRSU8ALH,Anna Snelling,GTX Basic,Ron-tech,Lost,2017-12-10,2017-12-19,0.0,medical,1992-01-01,3922.42,6837.0,United States,GTX,550.0,Dustin Brinkmann,Central
E66UG7VC,Maureen Marcano,MG Special,Y-corporation,Won,2017-12-10,2017-12-25,55.0,employment,1983-01-01,2871.35,9561.0,United States,MG,55.0,Summer Sewald,West
7IAHPFT9,Vicki Laflamme,MG Advanced,Faxquote,Won,2017-12-10,2017-12-18,3078.0,telecommunications,1995-01-01,1825.82,5595.0,United States,MG,3393.0,Celia Rouche,West
FZWU2I30,Zane Levy,GTX Plus Pro,The New York Inquirer,Engaging,2017-12-10,,,medical,1996-01-01,439.21,792.0,United States,GTX,5482.0,Summer Sewald,West
04AOWMXV,Anna Snelling,GTX Basic,Codehow,Won,2017-12-11,2017-12-28,537.0,software,1998-01-01,2714.9,2641.0,United States,GTX,550.0,Dustin Brinkmann,Central
XZ9YR78K,Gladys Colclough,GTX Plus Basic,Hottechi,Won,2017-12-11,2017-12-18,1220.0,technolgy,1997-01-01,8170.38,16499.0,Korea,GTX,1096.0,Melvin Marxen,Central
WZKN6PO4,Markita Hansen,MG Special,Finjob,Won,2017-12-11,2017-12-21,53.0,employment,1988-01-01,2059.9,3644.0,United States,MG,55.0,Celia Rouche,West
WQSUMJRZ,Versie Hillebrand,MG Special,Scottech,Won,2017-12-11,2017-12-18,60.0,marketing,2012-01-01,45.39,100.0,United States,MG,55.0,Dustin Brinkmann,Central
1RIO9PCD,Vicki Laflamme,GTX Basic,Hottechi,Won,2017-12-11,2017-12-29,494.0,technolgy,1997-01-01,8170.38,16499.0,Korea,GTX,550.0,Celia Rouche,West
TQV7CO87,Jonathan Berthelot,GTX Basic,Genco Pura Olive Oil Company,Won,2017-12-12,2017-12-18,480.0,retail,2007-01-01,894.33,1635.0,Italy,GTX,550.0,Melvin Marxen,Central
3FJPGYD7,Kami Bicknell,GTX Basic,Cheers,Lost,2017-12-12,2017-12-29,0.0,entertainment,1993-01-01,4269.9,6472.0,United States,GTX,550.0,Summer Sewald,West
9AQFU718,Lajuana Vencill,GTX Basic,Toughzap,Lost,2017-12-12,2017-12-15,0.0,retail,1995-01-01,332.43,799.0,United States,GTX,550.0,Dustin Brinkmann,Central
AUJE7IZR,Maureen Marcano,GTX Plus Basic,Hottechi,Won,2017-12-12,2017-12-26,1075.0,technolgy,1997-01-01,8170.38,16499.0,Korea,GTX,1096.0,Summer Sewald,West
LE3XYXEF,Reed Clapper,GTX Plus Basic,Ganjaflex,Lost,2017-12-12,2017-12-25,0.0,retail,1995-01-01,5158.71,17479.0,Japan,GTX,1096.0,Rocco Neubert,East
PM2BF2KB,Cassey Cress,GTX Plus Basic,Xx-holding,Engaging,2017-12-13,,,finance,1993-01-01,7537.24,20293.0,United States,GTX,1096.0,Rocco Neubert,East
TVU1PQEL,Jonathan Berthelot,GTX Plus Basic,Conecom,Won,2017-12-13,2017-12-28,1166.0,technolgy,2005-01-01,1520.66,1806.0,United States,GTX,1096.0,Melvin Marxen,Central
3RGNKYWW,Kary Hendrixson,GTX Plus Basic,Hatfan,Won,2017-12-13,2017-12-26,921.0,services,1982-01-01,792.46,1299.0,United States,GTX,1096.0,Summer Sewald,West
K9KGXL2E,Markita Hansen,MG Advanced,Lexiqvolax,Engaging,2017-12-13,,,medical,2004-01-01,1618.89,3889.0,United States,MG,3393.0,Celia Rouche,West
HNCSYU4T,Markita Hansen,MG Advanced,Faxquote,Won,2017-12-13,2017-12-27,3442.0,telecommunications,1995-01-01,1825.82,5595.0,United States,MG,3393.0,Celia Rouche,West
1PXQZ40I,Versie Hillebrand,MG Advanced,Zumgoity,Won,2017-12-13,2017-12-27,3735.0,medical,1984-01-01,441.08,1210.0,United States,MG,3393.0,Dustin Brinkmann,Central
FYAVINLC,Vicki Laflamme,MG Special,Finjob,Won,2017-12-13,2017-12-17,50.0,employment,1988-01-01,2059.9,3644.0,United States,MG,55.0,Celia Rouche,West
R4BO7K5M,Kary Hendrixson,GTX Basic,Cheers,Lost,2017-12-14,2017-12-29,0.0,entertainment,1993-01-01,4269.9,6472.0,United States,GTX,550.0,Summer Sewald,West
X4XN0M8A,Kary Hendrixson,MG Special,Hatfan,Won,2017-12-14,2017-12-30,44.0,services,1982-01-01,792.46,1299.0,United States,MG,55.0,Summer Sewald,West
M4MAVN65,Vicki Laflamme,MG Special,Doncon,Lost,2017-12-14,2017-12-22,0.0,technolgy,2010-01-01,587.72,1501.0,United States,MG,55.0,Celia Rouche,West
USJ0JACE,Violet Mclelland,GTX Plus Basic,Massive Dynamic,Won,2017-12-14,2017-12-16,960.0,entertainment,1989-01-01,665.06,1095.0,United States,GTX,1096.0,Cara Losch,East
2SMQAWOA,Boris Faz,GTX Plus Pro,Zotware,Won,2017-12-15,2017-12-30,6469.0,software,1979-01-01,4478.47,13809.0,United States,GTX,5482.0,Rocco Neubert,East
TOJ902PF,Daniell Hammack,GTX Plus Basic,Bioholding,Engaging,2017-12-15,,,medical,2012-01-01,587.34,1356.0,Philipines,GTX,1096.0,Rocco Neubert,East
JAYXM4QB,Maureen Marcano,GTX Plus Basic,Cheers,Won,2017-12-15,2017-12-19,914.0,entertainment,1993-01-01,4269.9,6472.0,United States,GTX,1096.0,Summer Sewald,West
NW5CPPIV,Versie Hillebrand,MG Advanced,Funholding,Lost,2017-12-15,2017-12-26,0.0,finance,1991-01-01,2819.5,7227.0,United States,MG,3393.0,Dustin Brinkmann,Central
J5BCAQ1Z,Zane Levy,GTX Basic,Bioplex,Engaging,2017-12-15,,,medical,1991-01-01,326.82,1016.0,United States,GTX,550.0,Summer Sewald,West
8LFA54EQ,Rosalina Dieter,MG Special,Newex,Lost,2017-12-16,2017-12-21,0.0,services,1991-01-01,1012.72,3492.0,Germany,MG,55.0,Celia Rouche,West
19MLD9YF,Rosalina Dieter,MG Advanced,J-Texon,Won,2017-12-16,2017-12-24,3379.0,retail,1989-01-01,1388.67,3583.0,United States,MG,3393.0,Celia Rouche,West
PLQ50D2O,Anna Snelling,MG Advanced,Domzoom,Won,2017-12-17,2017-12-26,3240.0,entertainment,1998-01-01,217.87,551.0,United States,MG,3393.0,Dustin Brinkmann,Central
3VPQNW5Y,James Ascencio,GTX Plus Basic,Cheers,Won,2017-12-17,2017-12-31,1007.0,entertainment,1993-01-01,4269.9,6472.0,United States,GTX,1096.0,Summer Sewald,West
FXYOCA0G,Markita Hansen,MG Special,J-Texon,Won,2017-12-17,2017-12-28,54.0,retail,1989-01-01,1388.67,3583.0,United States,MG,55.0,Celia Rouche,West
SK30SEKS,Rosalina Dieter,MG Special,Golddex,Won,2017-12-17,2017-12-25,49.0,finance,2008-01-01,52.5,165.0,United States,MG,55.0,Celia Rouche,West
Q30OVFCZ,Vicki Laflamme,GTX Plus Basic,Sonron,Lost,2017-12-17,2017-12-31,0.0,telecommunications,1999-01-01,1699.85,5108.0,United States,GTX,1096.0,Celia Rouche,West
T1GPPZXH,Violet Mclelland,MG Special,Konex,Won,2017-12-17,2017-12-24,55.0,technolgy,1980-01-01,7708.38,13756.0,United States,MG,55.0,Cara Losch,East
6SNUFVQP,Anna Snelling,MG Special,Rundofase,Won,2017-12-18,2017-12-31,54.0,technolgy,1983-01-01,1008.06,1238.0,United States,MG,55.0,Dustin Brinkmann,Central
ZFXYBJEY,Wilburn Farren,MG Advanced,Zotware,Won,2017-12-18,2017-12-24,3155.0,software,1979-01-01,4478.47,13809.0,United States,MG,3393.0,Cara Losch,East
5XADPM6R,Versie Hillebrand,MG Special,Bioholding,Won,2017-12-19,2017-12-28,58.0,medical,2012-01-01,587.34,1356.0,Philipines,MG,55.0,Dustin Brinkmann,Central
CNL7PCYU,Donn Cantrell,MG Advanced,Xx-zobam,Lost,2017-12-20,2017-12-28,0.0,entertainment,1989-01-01,3838.39,8274.0,United States,MG,3393.0,Rocco Neubert,East
HB740BLB,Hayden Neloms,MG Special,Silis,Engaging,2017-12-20,,,medical,1994-01-01,2818.38,6290.0,United States,MG,55.0,Celia Rouche,West
B50N6RL3,Gladys Colclough,MG Advanced,Genco Pura Olive Oil Company,Won,2017-12-21,2017-12-30,3494.0,retail,2007-01-01,894.33,1635.0,Italy,MG,3393.0,Melvin Marxen,Central
HLXSEMXV,Kami Bicknell,MG Special,Doncon,Won,2017-12-21,2017-12-28,50.0,technolgy,2010-01-01,587.72,1501.0,United States,MG,55.0,Summer Sewald,West
MPMG4JTY,Vicki Laflamme,MG Special,Hottechi,Won,2017-12-21,2017-12-28,61.0,technolgy,1997-01-01,8170.38,16499.0,Korea,MG,55.0,Celia Rouche,West
8QJHJXY0,Kary Hendrixson,MG Special,Sunnamplex,Lost,2017-12-22,2017-12-31,0.0,marketing,2008-01-01,894.37,1593.0,Poland,MG,55.0,Summer Sewald,West
MSN4ZNU6,Violet Mclelland,MG Advanced,Betasoloin,Won,2017-12-22,2017-12-28,3673.0,medical,1999-01-01,251.41,495.0,United States,MG,3393.0,Cara Losch,East
3MXS2HRE,Cassey Cress,GTX Basic,Ganjaflex,Won,2017-12-23,2017-12-31,576.0,retail,1995-01-01,5158.71,17479.0,Japan,GTX,550.0,Rocco Neubert,East
1YBATFAY,James Ascencio,GTX Basic,Singletechno,Won,2017-12-24,2017-12-26,538.0,retail,1996-01-01,2214.94,5374.0,United States,GTX,550.0,Summer Sewald,West
2EBLR9N8,Lajuana Vencill,GTX Basic,Conecom,Won,2017-12-24,2017-12-26,622.0,technolgy,2005-01-01,1520.66,1806.0,United States,GTX,550.0,Dustin Brinkmann,Central
VDGA4KXA,Violet Mclelland,GTX Plus Basic,Bluth Company,Won,2017-12-24,2017-12-30,1093.0,technolgy,1993-01-01,1242.32,3027.0,United States,GTX,1096.0,Cara Losch,East
YJTQSZ9D,Gladys Colclough,GTX Plus Basic,Inity,Won,2017-12-27,2017-12-30,1052.0,marketing,1986-01-01,2403.58,8801.0,United States,GTX,1096.0,Melvin Marxen,Central
RB8GDYFY,Gladys Colclough,MG Special,Betatech,Won,2017-12-27,2017-12-29,67.0,medical,1986-01-01,647.18,1185.0,Kenya,MG,55.0,Melvin Marxen,Central
6CWZFOHJ,Anna Snelling,GTX Basic,Green-Plus,Prospecting,,,,services,2003-01-01,692.19,1922.0,United States,GTX,550.0,Dustin Brinkmann,Central
Q9UWOC28,Anna Snelling,GTX Plus Basic,Plusstrip,Prospecting,,,,entertainment,2002-01-01,349.81,315.0,United States,GTX,1096.0,Dustin Brinkmann,Central
YL29KX3L,Anna Snelling,GTX Plus Basic,Zumgoity,Prospecting,,,,medical,1984-01-01,441.08,1210.0,United States,GTX,1096.0,Dustin Brinkmann,Central
9PDR4X2R,Anna Snelling,GTX Plus Pro,Hatfan,Prospecting,,,,services,1982-01-01,792.46,1299.0,United States,GTX,5482.0,Dustin Brinkmann,Central
9P9ISECL,Anna Snelling,GTX Plus Pro,Sumace,Prospecting,,,,retail,2000-01-01,167.89,493.0,Romania,GTX,5482.0,Dustin Brinkmann,Central
5C59O9GU,Anna Snelling,MG Special,Conecom,Prospecting,,,,technolgy,2005-01-01,1520.66,1806.0,United States,MG,55.0,Dustin Brinkmann,Central
ZQRBJVZF,Anna Snelling,MG Special,Dontechi,Prospecting,,,,software,1982-01-01,4618.0,10083.0,United States,MG,55.0,Dustin Brinkmann,Central
I93XL6Q9,Anna Snelling,MG Special,Finhigh,Prospecting,,,,finance,2006-01-01,1102.43,1759.0,United States,MG,55.0,Dustin Brinkmann,Central
UMD1BA4S,Anna Snelling,MG Special,Ganjaflex,Prospecting,,,,retail,1995-01-01,5158.71,17479.0,Japan,MG,55.0,Dustin Brinkmann,Central
E6DGJSDW,Anna Snelling,MG Special,Green-Plus,Prospecting,,,,services,2003-01-01,692.19,1922.0,United States,MG,55.0,Dustin Brinkmann,Central
JHNDPI2N,Anna Snelling,MG Special,J-Texon,Prospecting,,,,retail,1989-01-01,1388.67,3583.0,United States,MG,55.0,Dustin Brinkmann,Central
GI94RTL5,Anna Snelling,MG Special,Labdrill,Prospecting,,,,medical,1985-01-01,2741.37,9226.0,United States,MG,55.0,Dustin Brinkmann,Central
10ALJD82,Anna Snelling,MG Special,Nam-zim,Prospecting,,,,services,1987-01-01,405.59,1179.0,Brazil,MG,55.0,Dustin Brinkmann,Central
Z89NKUC7,Anna Snelling,MG Special,Plussunin,Prospecting,,,,retail,2003-01-01,1419.98,4018.0,United States,MG,55.0,Dustin Brinkmann,Central
47P0HBNM,Anna Snelling,MG Special,Plussunin,Prospecting,,,,retail,2003-01-01,1419.98,4018.0,United States,MG,55.0,Dustin Brinkmann,Central
4H8GZ075,Anna Snelling,MG Special,Scotfind,Prospecting,,,,software,1996-01-01,6354.87,16780.0,United States,MG,55.0,Dustin Brinkmann,Central
UDAUS3DF,Anna Snelling,MG Special,Sonron,Prospecting,,,,telecommunications,1999-01-01,1699.85,5108.0,United States,MG,55.0,Dustin Brinkmann,Central
F4W7Z1UU,Anna Snelling,MG Special,Vehement Capital Partners,Prospecting,,,,finance,1993-01-01,646.1,883.0,United States,MG,55.0,Dustin Brinkmann,Central
DW5BQ220,Anna Snelling,MG Special,Zoomit,Prospecting,,,,entertainment,1992-01-01,324.19,978.0,United States,MG,55.0,Dustin Brinkmann,Central
WTD6O2OR,Anna Snelling,MG Advanced,Betasoloin,Prospecting,,,,medical,1999-01-01,251.41,495.0,United States,MG,3393.0,Dustin Brinkmann,Central
OEG8QG42,Anna Snelling,MG Advanced,Bioplex,Prospecting,,,,medical,1991-01-01,326.82,1016.0,United States,MG,3393.0,Dustin Brinkmann,Central
BG0BLC6S,Anna Snelling,MG Advanced,Fasehatice,Prospecting,,,,retail,1990-01-01,4968.91,7523.0,United States,MG,3393.0,Dustin Brinkmann,Central
5Q2BX622,Anna Snelling,MG Advanced,Inity,Prospecting,,,,marketing,1986-01-01,2403.58,8801.0,United States,MG,3393.0,Dustin Brinkmann,Central
RSY2XLKK,Anna Snelling,MG Advanced,Streethex,Prospecting,,,,retail,1988-01-01,1376.8,1165.0,Belgium,MG,3393.0,Dustin Brinkmann,Central
38K5251H,Cecily Lampkin,GTX Basic,Fasehatice,Prospecting,,,,retail,1990-01-01,4968.91,7523.0,United States,GTX,550.0,Dustin Brinkmann,Central
2SZX9B7J,Cecily Lampkin,GTX Plus Pro,Sunnamplex,Prospecting,,,,marketing,2008-01-01,894.37,1593.0,Poland,GTX,5482.0,Dustin Brinkmann,Central
DS5HZHDA,Cecily Lampkin,MG Special,Betatech,Prospecting,,,,medical,1986-01-01,647.18,1185.0,Kenya,MG,55.0,Dustin Brinkmann,Central
TLZGG7G5,Cecily Lampkin,MG Special,Conecom,Prospecting,,,,technolgy,2005-01-01,1520.66,1806.0,United States,MG,55.0,Dustin Brinkmann,Central
8NI8O26G,Cecily Lampkin,MG Special,Goodsilron,Prospecting,,,,marketing,2000-01-01,2952.73,5107.0,United States,MG,55.0,Dustin Brinkmann,Central
9BM1CGBV,Cecily Lampkin,MG Special,Sumace,Prospecting,,,,retail,2000-01-01,167.89,493.0,Romania,MG,55.0,Dustin Brinkmann,Central
IAV71BEX,Cecily Lampkin,MG Advanced,Singletechno,Prospecting,,,,retail,1996-01-01,2214.94,5374.0,United States,MG,3393.0,Dustin Brinkmann,Central
LEJWV2Y5,Darcel Schlecht,GTX Basic,Donquadtech,Prospecting,,,,technolgy,1992-01-01,1712.68,3194.0,United States,GTX,550.0,Melvin Marxen,Central
CAONNFXN,Darcel Schlecht,GTX Basic,Kinnamplus,Prospecting,,,,retail,2004-01-01,702.72,1831.0,United States,GTX,550.0,Melvin Marxen,Central
R8V3ALA8,Darcel Schlecht,GTX Basic,Konmatfix,Prospecting,,,,marketing,1985-01-01,375.43,1190.0,United States,GTX,550.0,Melvin Marxen,Central
VAM56BG4,Darcel Schlecht,GTX Plus Basic,Acme Corporation,Prospecting,,,,technolgy,1996-01-01,1100.04,2822.0,United States,GTX,1096.0,Melvin Marxen,Central
ZTCQWF53,Darcel Schlecht,GTX Plus Basic,Faxquote,Prospecting,,,,telecommunications,1995-01-01,1825.82,5595.0,United States,GTX,1096.0,Melvin Marxen,Central
LKDSEQ2Q,Darcel Schlecht,GTX Plus Basic,Yearin,Prospecting,,,,retail,2005-01-01,2261.05,3851.0,United States,GTX,1096.0,Melvin Marxen,Central
XETF5BVH,Darcel Schlecht,GTX Plus Pro,Finjob,Prospecting,,,,employment,1988-01-01,2059.9,3644.0,United States,GTX,5482.0,Melvin Marxen,Central
FU2PQZR4,Darcel Schlecht,GTX Plus Pro,Green-Plus,Prospecting,,,,services,2003-01-01,692.19,1922.0,United States,GTX,5482.0,Melvin Marxen,Central
CVMNBKGH,Darcel Schlecht,GTX Plus Pro,Hatfan,Prospecting,,,,services,1982-01-01,792.46,1299.0,United States,GTX,5482.0,Melvin Marxen,Central
LZW4N9KF,Darcel Schlecht,GTX Plus Pro,Zathunicon,Prospecting,,,,retail,2010-01-01,71.12,144.0,United States,GTX,5482.0,Melvin Marxen,Central
EJUQOEY5,Darcel Schlecht,MG Advanced,Bubba Gump,Prospecting,,,,software,2002-01-01,987.39,2253.0,United States,MG,3393.0,Melvin Marxen,Central
9HA8VBAP,Darcel Schlecht,MG Advanced,Donquadtech,Prospecting,,,,technolgy,1992-01-01,1712.68,3194.0,United States,MG,3393.0,Melvin Marxen,Central
RJ21Q4HO,Gladys Colclough,GTX Basic,Hottechi,Prospecting,,,,technolgy,1997-01-01,8170.38,16499.0,Korea,GTX,550.0,Melvin Marxen,Central
TLJWMKEO,Gladys Colclough,GTX Plus Basic,Iselectrics,Prospecting,,,,technolgy,2011-01-01,527.11,1428.0,United States,GTX,1096.0,Melvin Marxen,Central
NXJNQ3Z9,Gladys Colclough,GTX Plus Basic,Plexzap,Prospecting,,,,retail,2001-01-01,2437.85,4874.0,United States,GTX,1096.0,Melvin Marxen,Central
9RGWSKNU,Gladys Colclough,GTX Plus Pro,Kan-code,Prospecting,,,,software,1982-01-01,11698.03,34288.0,United States,GTX,5482.0,Melvin Marxen,Central
49T7VKA7,Gladys Colclough,GTX Plus Pro,Plussunin,Prospecting,,,,retail,2003-01-01,1419.98,4018.0,United States,GTX,5482.0,Melvin Marxen,Central
BTDY3DHP,Gladys Colclough,GTX Plus Pro,Vehement Capital Partners,Prospecting,,,,finance,1993-01-01,646.1,883.0,United States,GTX,5482.0,Melvin Marxen,Central
P0B49XCI,Gladys Colclough,MG Special,Codehow,Prospecting,,,,software,1998-01-01,2714.9,2641.0,United States,MG,55.0,Melvin Marxen,Central
DOP1NORG,Gladys Colclough,MG Special,Plexzap,Prospecting,,,,retail,2001-01-01,2437.85,4874.0,United States,MG,55.0,Melvin Marxen,Central
BUOI3TBI,Gladys Colclough,MG Special,Rundofase,Prospecting,,,,technolgy,1983-01-01,1008.06,1238.0,United States,MG,55.0,Melvin Marxen,Central
F22C6LKO,Gladys Colclough,MG Special,The New York Inquirer,Prospecting,,,,medical,1996-01-01,439.21,792.0,United States,MG,55.0,Melvin Marxen,Central
D8ZJ6F45,Gladys Colclough,MG Special,Yearin,Prospecting,,,,retail,2005-01-01,2261.05,3851.0,United States,MG,55.0,Melvin Marxen,Central
J5IXJWVU,Gladys Colclough,MG Advanced,Cancity,Prospecting,,,,retail,2001-01-01,718.62,2448.0,United States,MG,3393.0,Melvin Marxen,Central
KFSKQ291,Gladys Colclough,MG Advanced,Plusstrip,Prospecting,,,,entertainment,2002-01-01,349.81,315.0,United States,MG,3393.0,Melvin Marxen,Central
ZT1234V3,Gladys Colclough,MG Advanced,Ron-tech,Prospecting,,,,medical,1992-01-01,3922.42,6837.0,United States,MG,3393.0,Melvin Marxen,Central
JQBN7PXK,Gladys Colclough,MG Advanced,Xx-zobam,Prospecting,,,,entertainment,1989-01-01,3838.39,8274.0,United States,MG,3393.0,Melvin Marxen,Central
TN4KM3D1,Jonathan Berthelot,GTX Basic,Bluth Company,Prospecting,,,,technolgy,1993-01-01,1242.32,3027.0,United States,GTX,550.0,Melvin Marxen,Central
OIIFWY81,Jonathan Berthelot,GTX Basic,Conecom,Prospecting,,,,technolgy,2005-01-01,1520.66,1806.0,United States,GTX,550.0,Melvin Marxen,Central
WE2CEE8A,Jonathan Berthelot,GTX Basic,Dontechi,Prospecting,,,,software,1982-01-01,4618.0,10083.0,United States,GTX,550.0,Melvin Marxen,Central
NT38RBZY,Jonathan Berthelot,GTX Basic,Gogozoom,Prospecting,,,,telecommunications,2007-01-01,86.68,187.0,United States,GTX,550.0,Melvin Marxen,Central
0XVL2UMH,Jonathan Berthelot,GTX Basic,Groovestreet,Prospecting,,,,retail,2003-01-01,223.8,299.0,United States,GTX,550.0,Melvin Marxen,Central
UFZFCBOS,Jonathan Berthelot,GTX Basic,Lexiqvolax,Prospecting,,,,medical,2004-01-01,1618.89,3889.0,United States,GTX,550.0,Melvin Marxen,Central
2BD1SDBX,Jonathan Berthelot,GTX Basic,Vehement Capital Partners,Prospecting,,,,finance,1993-01-01,646.1,883.0,United States,GTX,550.0,Melvin Marxen,Central
AE3YDLK3,Jonathan Berthelot,GTX Basic,Xx-zobam,Prospecting,,,,entertainment,1989-01-01,3838.39,8274.0,United States,GTX,550.0,Melvin Marxen,Central
C54CWZIT,Jonathan Berthelot,GTX Basic,Zencorporation,Prospecting,,,,technolgy,2011-01-01,40.79,142.0,China,GTX,550.0,Melvin Marxen,Central
ARBTXSEH,Jonathan Berthelot,GTX Plus Basic,Globex Corporation,Prospecting,,,,technolgy,2000-01-01,1223.72,2497.0,Norway,GTX,1096.0,Melvin Marxen,Central
P4D8H19O,Jonathan Berthelot,GTX Plus Basic,Isdom,Prospecting,,,,medical,2002-01-01,3178.24,4540.0,United States,GTX,1096.0,Melvin Marxen,Central
OAMIMSUU,Jonathan Berthelot,GTX Plus Pro,Cheers,Prospecting,,,,entertainment,1993-01-01,4269.9,6472.0,United States,GTX,5482.0,Melvin Marxen,Central
B26TNOGQ,Jonathan Berthelot,GTX Plus Pro,Silis,Prospecting,,,,medical,1994-01-01,2818.38,6290.0,United States,GTX,5482.0,Melvin Marxen,Central
URRD7VUB,Jonathan Berthelot,MG Special,Blackzim,Prospecting,,,,retail,2009-01-01,497.11,1588.0,United States,MG,55.0,Melvin Marxen,Central
11T4HX93,Jonathan Berthelot,MG Special,Bluth Company,Prospecting,,,,technolgy,1993-01-01,1242.32,3027.0,United States,MG,55.0,Melvin Marxen,Central
0KSK9O00,Lajuana Vencill,GTX Basic,Bluth Company,Prospecting,,,,technolgy,1993-01-01,1242.32,3027.0,United States,GTX,550.0,Dustin Brinkmann,Central
76WK0KFZ,Lajuana Vencill,GTX Basic,Konex,Prospecting,,,,technolgy,1980-01-01,7708.38,13756.0,United States,GTX,550.0,Dustin Brinkmann,Central
IMN2GUYV,Lajuana Vencill,GTX Basic,Statholdings,Prospecting,,,,employment,1997-01-01,291.27,586.0,United States,GTX,550.0,Dustin Brinkmann,Central
W2K1S9N3,Lajuana Vencill,GTX Plus Basic,Dalttechnology,Prospecting,,,,software,2013-01-01,98.79,96.0,United States,GTX,1096.0,Dustin Brinkmann,Central
JZ4QLP1W,Lajuana Vencill,MG Special,Bioplex,Prospecting,,,,medical,1991-01-01,326.82,1016.0,United States,MG,55.0,Dustin Brinkmann,Central
HSGGBG9J,Lajuana Vencill,MG Special,Codehow,Prospecting,,,,software,1998-01-01,2714.9,2641.0,United States,MG,55.0,Dustin Brinkmann,Central
ZKJIVMSG,Lajuana Vencill,MG Advanced,Finjob,Prospecting,,,,employment,1988-01-01,2059.9,3644.0,United States,MG,3393.0,Dustin Brinkmann,Central
3TMNC3GW,Lajuana Vencill,MG Advanced,Kinnamplus,Prospecting,,,,retail,2004-01-01,702.72,1831.0,United States,MG,3393.0,Dustin Brinkmann,Central
P25KLAD2,Lajuana Vencill,MG Advanced,Rangreen,Prospecting,,,,technolgy,1987-01-01,2938.67,8775.0,Panama,MG,3393.0,Dustin Brinkmann,Central
ETJR6FUL,Marty Freudenburg,GTX Basic,Plexzap,Prospecting,,,,retail,2001-01-01,2437.85,4874.0,United States,GTX,550.0,Melvin Marxen,Central
9CYYLZ11,Marty Freudenburg,GTX Basic,Stanredtax,Prospecting,,,,finance,1987-01-01,1698.2,3798.0,United States,GTX,550.0,Melvin Marxen,Central
RGW7PKJ6,Marty Freudenburg,GTX Basic,Xx-zobam,Prospecting,,,,entertainment,1989-01-01,3838.39,8274.0,United States,GTX,550.0,Melvin Marxen,Central
I43F0Z77,Marty Freudenburg,GTX Plus Basic,Betasoloin,Prospecting,,,,medical,1999-01-01,251.41,495.0,United States,GTX,1096.0,Melvin Marxen,Central
YYMKOAVY,Marty Freudenburg,GTX Plus Basic,Donquadtech,Prospecting,,,,technolgy,1992-01-01,1712.68,3194.0,United States,GTX,1096.0,Melvin Marxen,Central
0HR4TEU4,Marty Freudenburg,GTX Plus Basic,Plussunin,Prospecting,,,,retail,2003-01-01,1419.98,4018.0,United States,GTX,1096.0,Melvin Marxen,Central
O8JCYJSV,Marty Freudenburg,GTX Plus Basic,Silis,Prospecting,,,,medical,1994-01-01,2818.38,6290.0,United States,GTX,1096.0,Melvin Marxen,Central
FMRVHL9O,Marty Freudenburg,GTX Plus Basic,Toughzap,Prospecting,,,,retail,1995-01-01,332.43,799.0,United States,GTX,1096.0,Melvin Marxen,Central
YMI68O7S,Marty Freudenburg,GTX Plus Basic,Zumgoity,Prospecting,,,,medical,1984-01-01,441.08,1210.0,United States,GTX,1096.0,Melvin Marxen,Central
COGXUYLL,Marty Freudenburg,MG Special,Doncon,Prospecting,,,,technolgy,2010-01-01,587.72,1501.0,United States,MG,55.0,Melvin Marxen,Central
ZVO432VF,Marty Freudenburg,MG Special,Faxquote,Prospecting,,,,telecommunications,1995-01-01,1825.82,5595.0,United States,MG,55.0,Melvin Marxen,Central
1BB5LME9,Marty Freudenburg,MG Special,Globex Corporation,Prospecting,,,,technolgy,2000-01-01,1223.72,2497.0,Norway,MG,55.0,Melvin Marxen,Central
7WXPAXAV,Marty Freudenburg,MG Special,Rangreen,Prospecting,,,,technolgy,1987-01-01,2938.67,8775.0,Panama,MG,55.0,Melvin Marxen,Central
MI3MV7PU,Marty Freudenburg,MG Advanced,Acme Corporation,Prospecting,,,,technolgy,1996-01-01,1100.04,2822.0,United States,MG,3393.0,Melvin Marxen,Central
A8PVW8RI,Marty Freudenburg,MG Advanced,Condax,Prospecting,,,,medical,2017-01-01,4.54,9.0,United States,MG,3393.0,Melvin Marxen,Central
S4V0T890,Marty Freudenburg,MG Advanced,Finjob,Prospecting,,,,employment,1988-01-01,2059.9,3644.0,United States,MG,3393.0,Melvin Marxen,Central
AP74NF6M,Marty Freudenburg,MG Advanced,Iselectrics,Prospecting,,,,technolgy,2011-01-01,527.11,1428.0,United States,MG,3393.0,Melvin Marxen,Central
HKMMBDMW,Moses Frase,GTX Basic,Plusstrip,Prospecting,,,,entertainment,2002-01-01,349.81,315.0,United States,GTX,550.0,Dustin Brinkmann,Central
52V1RWCZ,Moses Frase,GTX Basic,Stanredtax,Prospecting,,,,finance,1987-01-01,1698.2,3798.0,United States,GTX,550.0,Dustin Brinkmann,Central
XS7L2AQE,Moses Frase,GTX Basic,Zencorporation,Prospecting,,,,technolgy,2011-01-01,40.79,142.0,China,GTX,550.0,Dustin Brinkmann,Central
CLPDG9BG,Moses Frase,MG Special,Yearin,Prospecting,,,,retail,2005-01-01,2261.05,3851.0,United States,MG,55.0,Dustin Brinkmann,Central
EL09RK8X,Moses Frase,MG Advanced,Dalttechnology,Prospecting,,,,software,2013-01-01,98.79,96.0,United States,MG,3393.0,Dustin Brinkmann,Central
Y9EBNML6,Moses Frase,MG Advanced,Donquadtech,Prospecting,,,,technolgy,1992-01-01,1712.68,3194.0,United States,MG,3393.0,Dustin Brinkmann,Central
9H2V1F1E,Moses Frase,MG Advanced,Funholding,Prospecting,,,,finance,1991-01-01,2819.5,7227.0,United States,MG,3393.0,Dustin Brinkmann,Central
MON9ZE47,Niesha Huffines,GTX Basic,Groovestreet,Prospecting,,,,retail,2003-01-01,223.8,299.0,United States,GTX,550.0,Melvin Marxen,Central
FJHKS2T2,Niesha Huffines,GTX Basic,Plussunin,Prospecting,,,,retail,2003-01-01,1419.98,4018.0,United States,GTX,550.0,Melvin Marxen,Central
MNCY3CKD,Niesha Huffines,GTX Plus Basic,Nam-zim,Prospecting,,,,services,1987-01-01,405.59,1179.0,Brazil,GTX,1096.0,Melvin Marxen,Central
E0S2ZL6X,Niesha Huffines,GTX Plus Basic,Streethex,Prospecting,,,,retail,1988-01-01,1376.8,1165.0,Belgium,GTX,1096.0,Melvin Marxen,Central
XT9QCG8T,Niesha Huffines,GTX Plus Basic,Zoomit,Prospecting,,,,entertainment,1992-01-01,324.19,978.0,United States,GTX,1096.0,Melvin Marxen,Central
DDHNCZMO,Niesha Huffines,GTX Plus Pro,Konex,Prospecting,,,,technolgy,1980-01-01,7708.38,13756.0,United States,GTX,5482.0,Melvin Marxen,Central
Z99W80UY,Niesha Huffines,GTX Plus Pro,Zencorporation,Prospecting,,,,technolgy,2011-01-01,40.79,142.0,China,GTX,5482.0,Melvin Marxen,Central
RKP2DVSU,Niesha Huffines,MG Special,Hottechi,Prospecting,,,,technolgy,1997-01-01,8170.38,16499.0,Korea,MG,55.0,Melvin Marxen,Central
T3T4OE0A,Niesha Huffines,MG Special,Konex,Prospecting,,,,technolgy,1980-01-01,7708.38,13756.0,United States,MG,55.0,Melvin Marxen,Central
YVFK9Q0W,Niesha Huffines,MG Advanced,Faxquote,Prospecting,,,,telecommunications,1995-01-01,1825.82,5595.0,United States,MG,3393.0,Melvin Marxen,Central
ZHPJ73Q6,Versie Hillebrand,GTX Basic,Inity,Prospecting,,,,marketing,1986-01-01,2403.58,8801.0,United States,GTX,550.0,Dustin Brinkmann,Central
2TI0MAKP,Versie Hillebrand,GTX Basic,Lexiqvolax,Prospecting,,,,medical,2004-01-01,1618.89,3889.0,United States,GTX,550.0,Dustin Brinkmann,Central
2G5ZMOYC,Versie Hillebrand,GTX Basic,Scottech,Prospecting,,,,marketing,2012-01-01,45.39,100.0,United States,GTX,550.0,Dustin Brinkmann,Central
C5B5WBY9,Versie Hillebrand,GTX Plus Basic,Sumace,Prospecting,,,,retail,2000-01-01,167.89,493.0,Romania,GTX,1096.0,Dustin Brinkmann,Central
JQ338VQC,Versie Hillebrand,MG Special,Blackzim,Prospecting,,,,retail,2009-01-01,497.11,1588.0,United States,MG,55.0,Dustin Brinkmann,Central
WJK0O5J9,Versie Hillebrand,MG Special,Doncon,Prospecting,,,,technolgy,2010-01-01,587.72,1501.0,United States,MG,55.0,Dustin Brinkmann,Central
W2149WNZ,Versie Hillebrand,MG Special,Golddex,Prospecting,,,,finance,2008-01-01,52.5,165.0,United States,MG,55.0,Dustin Brinkmann,Central
6WNENPQM,Versie Hillebrand,MG Special,Goodsilron,Prospecting,,,,marketing,2000-01-01,2952.73,5107.0,United States,MG,55.0,Dustin Brinkmann,Central
VW8CEV4C,Versie Hillebrand,MG Special,Konmatfix,Prospecting,,,,marketing,1985-01-01,375.43,1190.0,United States,MG,55.0,Dustin Brinkmann,Central
KLUS7RVS,Versie Hillebrand,MG Special,Opentech,Prospecting,,,,finance,1994-01-01,355.23,853.0,United States,MG,55.0,Dustin Brinkmann,Central
ROM4I2T0,Versie Hillebrand,MG Special,Rundofase,Prospecting,,,,technolgy,1983-01-01,1008.06,1238.0,United States,MG,55.0,Dustin Brinkmann,Central
FCNN6UY0,Versie Hillebrand,MG Advanced,Ganjaflex,Prospecting,,,,retail,1995-01-01,5158.71,17479.0,Japan,MG,3393.0,Dustin Brinkmann,Central
8M2O0Q8V,Versie Hillebrand,MG Advanced,Silis,Prospecting,,,,medical,1994-01-01,2818.38,6290.0,United States,MG,3393.0,Dustin Brinkmann,Central
